Year,Country_Raw,Deaths,New_Infections,ISO3,ISO_Raw,Incidence_Lower,Incidence_Upper,GDP_Per_Capita,ART_Coverage,Health_Exp,Population,ART_lag_2,Inf_lag_1,Pop_lag_1,Year_Index,Log_Pop,Log_GDP,Log_Inf_Rate_lag_1,Incidence_Rate
1990.0,AFG,100.0,100.0,AFG,AFG,100.0,200.0,174.930991430166,0.0,9.44339085,12045660.0,,,,0.0,16.304214987050493,5.170091824002358,,0.8301745192874446
1991.0,AFG,100.0,100.0,AFG,AFG,100.0,200.0,174.930991430166,0.0,9.44339085,12238879.0,,100.0,12045660.0,1.0,16.320128245886973,5.170091824002358,0.6044113280371514,0.8170682952254041
1992.0,AFG,100.0,100.0,AFG,AFG,100.0,500.0,174.930991430166,0.0,9.44339085,13278974.0,0.0,100.0,12238879.0,2.0,16.401692439991784,5.170091824002358,0.5972243755130636,0.7530702296728647
1993.0,AFG,100.0,200.0,AFG,AFG,100.0,500.0,174.930991430166,0.0,9.44339085,14943172.0,0.0,100.0,13278974.0,3.0,16.519765031063496,5.170091824002358,0.561368667699572,1.3384039212022723
1994.0,AFG,100.0,200.0,AFG,AFG,100.0,500.0,174.930991430166,0.0,9.44339085,16250794.0,0.0,200.0,14943172.0,4.0,16.603652327084795,5.170091824002358,0.8494686116875405,1.2307090964293805
1995.0,AFG,100.0,200.0,AFG,AFG,100.0,500.0,174.930991430166,0.0,9.44339085,17065836.0,0.0,200.0,16250794.0,5.0,16.652589128282113,5.170091824002358,0.8023195153885606,1.1719320401297657
1996.0,AFG,100.0,200.0,AFG,AFG,100.0,500.0,174.930991430166,0.0,9.44339085,17763266.0,0.0,200.0,17065836.0,6.0,16.692643175017825,5.170091824002358,0.7756171125074822,1.125919073665845
1997.0,AFG,100.0,200.0,AFG,AFG,100.0,500.0,174.930991430166,0.0,9.44339085,18452091.0,0.0,200.0,17763266.0,7.0,16.730688255362406,5.170091824002358,0.7542042141274574,1.0838879994684614
1998.0,AFG,100.0,500.0,AFG,AFG,200.0,500.0,174.930991430166,0.0,9.44339085,19159996.0,0.0,200.0,18452091.0,8.0,16.7683351217387,5.170091824002358,0.7342353793895504,2.6096038850947565
1999.0,AFG,100.0,500.0,AFG,AFG,200.0,500.0,174.930991430166,0.0,9.44339085,19887785.0,0.0,500.0,19159996.0,9.0,16.805616282135176,5.170091824002358,1.2835980392037625,2.5141060203536996
2000.0,AFG,100.0,500.0,AFG,AFG,200.0,620.0,174.930991430166,0.0,9.44339085,20130327.0,0.0,500.0,19887785.0,10.0,16.81773804189536,5.170091824002358,1.256785160156018,2.4838145947654007
2001.0,AFG,100.0,500.0,AFG,AFG,200.0,700.0,138.706821676113,0.0,9.44339085,20284307.0,0.0,500.0,20130327.0,11.0,16.825358090864352,4.9395460959663104,1.248127841376004,2.464959734636239
2002.0,AFG,100.0,500.0,AFG,AFG,200.0,780.0,178.954088379235,0.0,9.44339085,21378117.0,0.0,500.0,20284307.0,12.0,16.877878386717132,5.192701753795908,1.242701011978745,2.338840226199529
2003.0,AFG,200.0,500.0,AFG,AFG,200.0,950.0,198.871115728727,0.0,8.94125843,22733049.0,0.0,500.0,21378117.0,13.0,16.939330326735984,5.297672737462982,1.20562350902284,2.19944099887349
2004.0,AFG,200.0,500.0,AFG,AFG,200.0,1000.0,221.763653873013,0.0,9.80847359,23560654.0,0.0,500.0,22733049.0,14.0,16.975088675275803,5.406111361320887,1.1629761066939466,2.122182177116136
2005.0,AFG,200.0,500.0,AFG,AFG,200.0,1100.0,254.184249149336,0.0,9.94828892,24404567.0,0.0,500.0,23560654.0,15.0,17.01028084488006,5.541985829931637,1.1385321730865394,2.048796850196113
2006.0,AFG,200.0,500.0,AFG,AFG,200.0,1300.0,274.218553561575,0.0,10.62276554,25424094.0,0.0,500.0,24404567.0,16.0,17.051207865045694,5.617565522251692,1.1147470374479167,1.9666384178724323
2007.0,AFG,200.0,520.0,AFG,AFG,500.0,1600.0,376.223152003876,0.0,9.90467453,25909852.0,0.0,500.0,25424094.0,17.0,17.070133840441702,5.932836927464993,1.087429465959177,2.006958588570865
2008.0,AFG,200.0,540.0,AFG,AFG,500.0,1700.0,381.73323802844,0.0,10.25649548,26482622.0,0.0,520.0,25909852.0,18.0,17.091999302258,5.9473382400541785,1.1009291322357602,2.039073019280342
2009.0,AFG,200.0,570.0,AFG,AFG,500.0,1900.0,452.053705477043,1.0,9.81848717,27466101.0,0.0,540.0,26482622.0,19.0,17.12846311133932,6.116010673592889,1.1115525410498663,2.0752854582454203
2010.0,AFG,500.0,610.0,AFG,AFG,500.0,2200.0,560.621505463146,1.0,8.56967163,28284089.0,0.0,570.0,27466101.0,20.0,17.15780997835667,6.330828145182043,1.1233977288995927,2.1566895790774807
2011.0,AFG,500.0,670.0,AFG,AFG,500.0,2500.0,606.694676337726,3.0,8.56190777,29347708.0,1.0,610.0,28284089.0,21.0,17.194725009195857,6.409672578756921,1.1495238769230114,2.2829721489664543
2012.0,AFG,500.0,680.0,AFG,AFG,500.0,2600.0,651.417134470046,3.0,7.89716864,30560034.0,1.0,670.0,29347708.0,22.0,17.23520363482742,6.480684134151277,1.1887491550739233,2.225128414451371
2013.0,AFG,500.0,790.0,AFG,AFG,500.0,3200.0,637.087099117099,4.0,8.80596447,31622704.0,3.0,680.0,30560034.0,23.0,17.26938590158588,6.4584747930192385,1.1709727678895367,2.4982050870792074
2014.0,AFG,500.0,870.0,AFG,AFG,500.0,3500.0,625.054941813938,5.0,9.52887821,32792523.0,3.0,790.0,31622704.0,24.0,17.30571109005108,6.439438133724786,1.2522500046888443,2.653043805138141
2015.0,AFG,500.0,950.0,AFG,AFG,500.0,3900.0,565.569730408751,5.0,10.10534763,33831764.0,4.0,870.0,32792523.0,25.0,17.33691068246577,6.339600162758528,1.2955607392928874,2.8080120208925554
1990.0,AGO,1800.0,8500.0,AGO,AGO,5400.0,13000.0,965.866840464665,0.0,1.68525279,11626360.0,,,,0.0,16.268785491842298,6.874060782211866,,73.10972651801596
1991.0,AGO,2300.0,9700.0,AGO,AGO,6300.0,14000.0,881.919488130062,0.0,1.68525279,12023529.0,,8500.0,11626360.0,1.0,16.30237603799103,6.783234016526164,4.30554678573943,80.67514953388478
1992.0,AGO,2800.0,11000.0,AGO,AGO,7800.0,15000.0,668.706017459877,0.0,1.68525279,12423712.0,0.0,9700.0,12023529.0,2.0,16.33511746260186,6.506838836182307,4.4027497883257976,88.54036539159955
1993.0,AGO,3400.0,12000.0,AGO,AGO,9000.0,16000.0,449.727894936295,0.0,1.68525279,12827135.0,0.0,11000.0,12423712.0,3.0,16.367073406901117,6.110863820251489,4.494689533568392,93.55167775189082
1994.0,AGO,4100.0,14000.0,AGO,AGO,10000.0,18000.0,334.973590276074,0.0,1.68525279,13249764.0,0.0,12000.0,12827135.0,4.0,16.399490298917126,5.817032556505206,4.549146539546618,105.6622593428834
1995.0,AGO,4800.0,15000.0,AGO,AGO,12000.0,20000.0,404.29481849612,0.0,1.68525279,13699778.0,0.0,14000.0,13249764.0,5.0,16.432890186287498,6.004614749185703,4.669667387611555,109.49082532578265
1996.0,AGO,5600.0,16000.0,AGO,AGO,13000.0,21000.0,531.115366543271,0.0,1.68525279,14170973.0,0.0,15000.0,13699778.0,6.0,16.466706275505636,6.276860320236771,4.704932488784783,112.9068554431654
1997.0,AGO,6400.0,17000.0,AGO,AGO,13000.0,22000.0,521.70291489053,0.0,1.68525279,14660413.0,0.0,16000.0,14170973.0,7.0,16.500661425922274,6.259013262306598,4.735381056904981,115.9585340467557
1998.0,AGO,7300.0,18000.0,AGO,AGO,15000.0,23000.0,429.188126933192,0.0,1.68525279,15159370.0,0.0,17000.0,14660413.0,8.0,16.534129380586762,6.064222617506217,4.7618194621229515,118.73844361606055
1999.0,AGO,8200.0,19000.0,AGO,AGO,16000.0,24000.0,392.725539027496,0.0,1.68525279,15667235.0,0.0,18000.0,15159370.0,9.0,16.56708214694399,5.975654065105351,4.785309727384173,121.2721964022369
2000.0,AGO,9200.0,20000.0,AGO,AGO,17000.0,24000.0,563.733795571487,0.0,1.68525279,16194869.0,0.0,19000.0,15667235.0,10.0,16.60020502163852,6.336354461835948,4.8062496775364005,123.49590478317548
2001.0,AGO,10000.0,21000.0,AGO,AGO,18000.0,26000.0,533.586202412447,0.0,3.95882654,16747208.0,0.0,20000.0,16194869.0,11.0,16.633742115774435,6.281492994191896,4.824272822055938,125.39403582973353
2002.0,AGO,11000.0,22000.0,AGO,AGO,19000.0,27000.0,999.065855956628,0.0,2.9398222,17327699.0,0.0,21000.0,16747208.0,12.0,16.66781687734258,6.907821132770357,4.839404295708166,126.96434766093294
2003.0,AGO,12000.0,24000.0,AGO,AGO,20000.0,28000.0,1133.66331960414,0.0,3.10680342,17943712.0,0.0,22000.0,17327699.0,13.0,16.702750305120254,7.034091251200716,4.851751691222885,133.75158941472088
2004.0,AGO,13000.0,24000.0,AGO,AGO,21000.0,28000.0,1451.47117870872,0.0,3.46084046,18600423.0,0.0,24000.0,17943712.0,14.0,16.73869488036032,7.281021645987872,4.9034330050050405,129.02932368796127
2005.0,AGO,14000.0,26000.0,AGO,AGO,22000.0,29000.0,2145.88621098663,0.0,2.54726577,19291161.0,0.0,24000.0,18600423.0,15.0,16.775157569695963,7.671773797399585,4.867759991849681,134.77675086533154
2006.0,AGO,14000.0,25000.0,AGO,AGO,22000.0,29000.0,2930.44428606516,2.0,2.39833426,20015279.0,0.0,26000.0,19291161.0,16.0,16.812006489856998,7.9832505109584995,4.911011999181764,124.90457914676082
2007.0,AGO,15000.0,26000.0,AGO,AGO,22000.0,30000.0,3515.05678985496,3.0,2.65790844,20778561.0,0.0,25000.0,20015279.0,17.0,16.84943229195936,8.16509541051051,4.835524311689603,125.12897307951211
2008.0,AGO,15000.0,27000.0,AGO,AGO,23000.0,31000.0,4578.15526451058,5.0,2.97807598,21578655.0,2.0,26000.0,20778561.0,18.0,16.887215189623912,8.429269820033879,4.837304979303586,125.12364649233236
2009.0,AGO,15000.0,27000.0,AGO,AGO,24000.0,32000.0,3645.14846565169,7.0,3.30655909,22414773.0,3.0,27000.0,21578655.0,19.0,16.925230808373396,8.201426674555394,4.837262747138151,120.4562722986309
2010.0,AGO,16000.0,27000.0,AGO,AGO,23000.0,32000.0,4101.63715564669,9.0,2.36373854,23294825.0,5.0,27000.0,22414773.0,20.0,16.96374179086311,8.31938525461666,4.799554299224795,115.90557130178054
2011.0,AGO,16000.0,28000.0,AGO,AGO,24000.0,32000.0,5184.15269151846,10.0,2.35561895,24218352.0,7.0,27000.0,23294825.0,21.0,17.002621250834476,8.553554568931752,4.761366526040249,115.6148031872689
2012.0,AGO,17000.0,28000.0,AGO,AGO,24000.0,33000.0,5702.45306277434,12.0,2.13677311,25177394.0,9.0,28000.0,24218352.0,22.0,17.041457086387343,8.648827070886327,4.7588762228672,111.21087432638978
2013.0,AGO,16000.0,27000.0,AGO,AGO,23000.0,32000.0,5688.57916213471,17.0,2.4297719,26165620.0,10.0,28000.0,25177394.0,23.0,17.079956893284507,8.646391563424622,4.7203799075222745,103.18884092943335
2014.0,AGO,15000.0,27000.0,AGO,AGO,23000.0,31000.0,5649.68762467535,22.0,2.15680027,27160769.0,12.0,27000.0,26165620.0,24.0,17.11728417395056,8.639532520217582,4.646205030776681,99.40808376964584
2015.0,AGO,15000.0,26000.0,AGO,AGO,22000.0,31000.0,3641.72893920253,24.0,2.29966879,28157798.0,17.0,27000.0,27160769.0,25.0,17.15333489017392,8.20048838831182,4.609242719650342,92.33676582238427
1990.0,ALB,100.0,100.0,ALB,ALB,100.0,100.0,617.230435515505,0.0,5.87429667,3286542.0,,,,0.0,15.005346506156826,6.426861260960264,,3.04271176208915
1991.0,ALB,100.0,100.0,ALB,ALB,100.0,100.0,336.586994504629,0.0,5.87429667,3266790.0,,100.0,3286542.0,1.0,14.999318409362026,5.821823238592994,1.3969156950400283,3.0611089173163872
1992.0,ALB,100.0,100.0,ALB,ALB,100.0,100.0,200.852219772323,0.0,5.87429667,3247039.0,0.0,100.0,3266790.0,2.0,14.993254062100007,5.307535844376569,1.401456068663731,3.0797289468959255
1993.0,ALB,100.0,100.0,ALB,ALB,100.0,100.0,367.279225077581,0.0,5.87429667,3227287.0,0.0,100.0,3247039.0,3.0,14.987152404172706,5.908841414250984,1.4060305516248637,3.098577845726147
1994.0,ALB,100.0,100.0,ALB,ALB,100.0,100.0,586.416135130865,0.0,5.87429667,3207536.0,0.0,100.0,3227287.0,4.0,14.98101359910341,6.375733487115325,1.4106400466419637,3.1176579156087416
1995.0,ALB,100.0,100.0,ALB,ALB,100.0,100.0,911.320465445326,0.0,5.87429667,3187784.0,0.0,100.0,3207536.0,5.0,14.97483656251904,6.815991315901885,1.4152845346375043,3.1369754036032553
1996.0,ALB,100.0,100.0,ALB,ALB,100.0,100.0,1020.97618050188,0.0,5.87429667,3168033.0,0.0,100.0,3187784.0,6.0,14.968621448528866,6.929493463742415,1.4199649419946567,3.156532776015906
1997.0,ALB,100.0,100.0,ALB,ALB,100.0,100.0,728.545523729675,0.0,5.87429667,3148281.0,0.0,100.0,3168033.0,7.0,14.962367147559867,6.592421770031795,1.4246812594423148,3.176336546833018
1998.0,ALB,100.0,100.0,ALB,ALB,100.0,100.0,831.175344077295,0.0,5.87429667,3128530.0,0.0,100.0,3148281.0,8.0,14.956073803634608,6.72404316870943,1.4294344380497992,3.1963893585805474
1999.0,ALB,100.0,100.0,ALB,ALB,100.0,100.0,1056.34481153033,0.0,5.87429667,3108778.0,0.0,100.0,3128530.0,9.0,14.949740280894735,6.9635161498256215,1.4342244790270986,3.216698008027592
2000.0,ALB,100.0,100.0,ALB,ALB,100.0,100.0,1160.42047054038,0.0,5.87429667,3089027.0,0.0,100.0,3108778.0,10.0,14.9433667125553,7.057399078527736,1.4390523592116131,3.2372653265898936
2001.0,ALB,100.0,100.0,ALB,ALB,100.0,100.0,1326.41652388077,0.0,5.8561573,3060173.0,0.0,100.0,3089027.0,11.0,14.93398200827818,7.190989868939882,1.443918091017254,3.267789108654968
2002.0,ALB,100.0,100.0,ALB,ALB,100.0,100.0,1479.83884572006,0.0,5.59802675,3051010.0,0.0,100.0,3060173.0,12.0,14.930983241307333,7.300363993843398,1.4510959200010092,3.277603154365276
2003.0,ALB,100.0,100.0,ALB,ALB,100.0,100.0,1908.69900687608,0.0,5.84188986,3039616.0,0.0,100.0,3051010.0,13.0,14.927241749614419,7.554700920599384,1.4533928420668492,3.289889249168316
2004.0,ALB,100.0,100.0,ALB,ALB,100.0,100.0,2446.90949947798,4.0,5.82433939,3026939.0,0.0,100.0,3039616.0,14.0,14.92306243583516,7.802989673781348,1.4562609165620042,3.3036675004022213
2005.0,ALB,100.0,100.0,ALB,ALB,100.0,100.0,2741.72136549578,10.0,5.6621623,3011487.0,0.0,100.0,3026939.0,15.0,14.91794453467094,7.91670590557229,1.459467566251249,3.320618684390801
2006.0,ALB,100.0,100.0,ALB,ALB,100.0,100.0,3057.77257038113,11.0,5.56553745,2992547.0,4.0,100.0,3011487.0,16.0,14.911635422222425,8.025768993685482,1.463398605981228,3.3416350687223964
2007.0,ALB,100.0,100.0,ALB,ALB,100.0,100.0,3743.05529896187,13.0,5.85639858,2970017.0,10.0,100.0,2992547.0,17.0,14.904078234668225,8.227924607510275,1.4682510211073854,3.366984094703835
2008.0,ALB,100.0,100.0,ALB,ALB,100.0,100.0,4498.50486763601,17.0,5.44421673,2947314.0,11.0,100.0,2970017.0,18.0,14.896404805076802,8.411722640290511,1.4740726323405822,3.392919790697564
2009.0,ALB,100.0,100.0,ALB,ALB,100.0,100.0,4213.65007574693,20.0,5.75751925,2927519.0,13.0,100.0,2947314.0,19.0,14.889665864612283,8.346321848187078,1.4799941063925286,3.415861690393811
2010.0,ALB,100.0,100.0,ALB,ALB,100.0,200.0,4149.14469936847,20.0,6.16333199,2913021.0,17.0,100.0,2927519.0,20.0,14.884701244978409,8.330898479934596,1.4852029883742122,3.4328623102957376
2011.0,ALB,100.0,100.0,ALB,ALB,100.0,200.0,4465.70914328865,24.0,6.11026192,2905195.0,20.0,100.0,2913021.0,21.0,14.882011071660763,8.404407206917165,1.48904549511716,3.4421097379005543
2012.0,ALB,100.0,100.0,ALB,ALB,100.0,200.0,4280.93316338873,30.0,6.08504725,2860708.0,20.0,100.0,2905195.0,22.0,14.866579704607537,8.362159860290943,1.4911294297822448,3.495638142725507
2013.0,ALB,100.0,100.0,ALB,ALB,100.0,200.0,4542.92903556739,38.0,6.20897436,2816902.0,24.0,100.0,2860708.0,23.0,14.851148257470973,8.421547343106369,1.5031076250831197,3.5499992545001566
2014.0,ALB,100.0,100.0,ALB,ALB,100.0,200.0,4793.59751131525,39.0,6.35884142,2773767.0,30.0,100.0,2816902.0,24.0,14.835716882097046,8.475245044548405,1.5151270691167262,3.605205484094374
2015.0,ALB,100.0,200.0,ALB,ALB,100.0,200.0,4199.53912925398,43.0,6.38810158,2731293.0,38.0,100.0,2773767.0,25.0,14.8202856814092,8.342968160141583,1.5271872906649162,7.3225391783305565
1990.0,ARE,100.0,100.0,ARE,ARE,100.0,100.0,26709.9567949611,0.0,2.39504457,1898220.0,,,,0.0,14.456427162920567,10.192829127063368,,5.268093266323187
1991.0,ARE,100.0,100.0,ARE,ARE,100.0,100.0,25690.9151233865,0.0,2.39504457,2006626.0,,100.0,1898220.0,1.0,14.51196526263081,10.153931634751897,1.8354722041410787,4.9834896986284445
1992.0,ARE,100.0,100.0,ARE,ARE,100.0,100.0,25648.2807476605,0.0,2.39504457,2114730.0,0.0,100.0,2006626.0,2.0,14.56443770273887,10.152270809178878,1.789003959400211,4.728736056139554
1993.0,ARE,100.0,100.0,ARE,ARE,100.0,100.0,25032.8269272198,0.0,2.39504457,2222093.0,0.0,100.0,2114730.0,3.0,14.61396010249127,10.127983266355235,1.7454949228237557,4.500261690217286
1994.0,ARE,100.0,100.0,ARE,ARE,100.0,100.0,25472.6470660889,0.0,2.39504457,2328188.0,0.0,100.0,2222093.0,4.0,14.66060084058662,10.145399748381863,1.7047956711460377,4.295185783965899
1995.0,ARE,100.0,100.0,ARE,ARE,100.0,100.0,27003.1753753727,0.0,2.39504457,2434662.0,0.0,100.0,2328188.0,5.0,14.705318495829054,10.20374677656271,1.666798065116959,4.107346317476512
1996.0,ARE,100.0,100.0,ARE,ARE,100.0,100.0,28323.1586889615,0.0,2.39504457,2597564.0,0.0,100.0,2434662.0,6.0,14.770084640728017,10.251470383388419,1.6306799576781854,3.849760775865388
1997.0,ARE,100.0,100.0,ARE,ARE,100.0,100.0,27982.752550093,0.0,2.39504457,2817410.0,0.0,100.0,2597564.0,7.0,14.851328581173806,10.239379354669724,1.578929379169058,3.5493591632030834
1998.0,ARE,100.0,100.0,ARE,ARE,100.0,100.0,24889.4426807231,0.0,2.39504457,3040421.0,0.0,100.0,2817410.0,8.0,14.927506550636092,10.122239180688537,1.5149863797914473,3.2890181984665943
1999.0,ARE,100.0,100.0,ARE,ARE,100.0,100.0,25855.8379155488,0.0,2.39504457,3266009.0,0.0,100.0,3040421.0,9.0,14.999079308173172,10.16033036780179,1.4560578485816043,3.0618409196055487
2000.0,ARE,100.0,100.0,ARE,ARE,100.0,100.0,29865.5285002232,0.0,2.39504457,3493575.0,0.0,100.0,3266009.0,10.0,15.06643612518559,10.304493684175613,1.4016362993202878,2.8623974009431596
2001.0,ARE,100.0,100.0,ARE,ARE,100.0,100.0,27745.1684523079,21.0,2.48436403,3723590.0,0.0,100.0,3493575.0,11.0,15.130198814647764,10.23085303585081,1.3512880790084523,2.685580313622069
2002.0,ARE,100.0,100.0,ARE,ARE,100.0,100.0,27753.5810466782,23.0,2.71770859,3956826.0,0.0,100.0,3723590.0,12.0,15.190952746694137,10.231156188313099,1.3044279931943488,2.5272781770034873
2003.0,ARE,100.0,100.0,ARE,ARE,100.0,200.0,29659.5710296993,21.0,2.64634395,4192457.0,21.0,100.0,3956826.0,13.0,15.248797516216648,10.297573868025115,1.2605265188564256,2.3852361514977973
2004.0,ARE,100.0,100.0,ARE,ARE,100.0,200.0,33376.6880534412,21.0,2.46225643,4428967.0,23.0,100.0,4192457.0,14.0,15.303676931985729,10.415642933386382,1.2194236680365371,2.2578628379936
2005.0,ARE,100.0,100.0,ARE,ARE,100.0,100.0,38719.3138285388,21.0,2.3202107,4664790.0,21.0,100.0,4428967.0,15.0,15.355553375173157,10.564119646433566,1.1810714092302692,2.143719224230887
2006.0,ARE,100.0,100.0,ARE,ARE,100.0,100.0,44342.603055045,21.0,2.3254137,5009100.0,21.0,100.0,4664790.0,16.0,15.426766816205157,10.699723739567716,1.145406565308933,1.9963666127647683
2007.0,ARE,100.0,100.0,ARE,ARE,100.0,100.0,45854.7352436978,20.0,2.56602693,5624635.0,21.0,100.0,5009100.0,17.0,15.542666615060494,10.733255556965423,1.0974004255801635,1.777893143288409
2008.0,ARE,100.0,100.0,ARE,ARE,100.0,100.0,50054.1700685968,20.0,2.92857623,6302664.0,21.0,100.0,5624635.0,18.0,15.656482959125732,10.82088107748235,1.0216927782533962,1.5866306691900443
2009.0,ARE,100.0,100.0,ARE,ARE,100.0,100.0,37803.0663737818,22.0,4.05000162,6707058.0,20.0,100.0,6302664.0,19.0,15.71867096272601,10.540171951847768,0.950356128879941,1.4909666801748247
2010.0,ARE,100.0,100.0,ARE,ARE,100.0,100.0,44795.2846234991,23.0,3.74433136,6869838.0,20.0,100.0,6707058.0,20.0,15.742651083134474,10.709880482452805,0.9126708601066104,1.4556384007890726
2011.0,ARE,100.0,100.0,ARE,ARE,100.0,100.0,51921.8890746408,26.0,3.56666398,7104538.0,22.0,100.0,6869838.0,21.0,15.776244292768602,10.857514994564854,0.8983867684962812,1.4075510610260653
2012.0,ARE,100.0,100.0,ARE,ARE,100.0,100.0,53141.6251661086,33.0,3.33596373,7391448.0,23.0,100.0,7104538.0,22.0,15.815834214190641,10.880734619036572,0.8786100736141695,1.3529148821719372
2013.0,ARE,100.0,100.0,ARE,ARE,100.0,100.0,53247.2278745159,34.0,3.50222182,7693031.0,26.0,100.0,7391448.0,23.0,15.855825412070285,10.882719803666088,0.8556549349183519,1.2998777724930524
2014.0,ARE,100.0,100.0,ARE,ARE,100.0,100.0,52725.2307981936,24.0,3.53405499,8059440.0,33.0,100.0,7693031.0,24.0,15.90235463316085,10.87286834880507,0.8328559791286719,1.2407809971908719
2015.0,ARE,100.0,100.0,ARE,ARE,100.0,100.0,44910.3458860776,24.0,3.46609354,8505237.0,34.0,100.0,8059440.0,25.0,15.95619264938505,10.712445734149272,0.8068244645595739,1.1757461902590134
1990.0,ARG,500.0,5100.0,ARG,ARG,4400.0,5500.0,4315.33403111588,18.0,8.22001076,32755901.0,,,,0.0,17.3045936870206,8.370161717061666,,15.56971368303989
1991.0,ARG,670.0,5400.0,ARG,ARG,4700.0,6100.0,5709.24784079504,18.0,8.22001076,33230294.0,,5100.0,32755901.0,1.0,17.318972487718664,8.650017706400751,2.8075765520520015,16.250232393369735
1992.0,ARG,900.0,5500.0,ARG,ARG,4800.0,6200.0,6789.99611136495,18.0,8.22001076,33693527.0,18.0,5400.0,33230294.0,2.0,17.332816299722076,8.823352912497658,2.847825615466026,16.32361016998903
1993.0,ARG,1200.0,5600.0,ARG,ARG,4900.0,6200.0,6931.85596375876,18.0,8.22001076,34152717.0,18.0,5500.0,33693527.0,3.0,17.34635270157763,8.844027123269987,2.8520703207896307,16.396938492477773
1994.0,ARG,1400.0,5600.0,ARG,ARG,5000.0,6200.0,7437.56242327594,18.0,8.22001076,34613491.0,18.0,5600.0,34152717.0,4.0,17.359754077326315,8.914432886479267,2.8562942420315194,16.17866282253934
1995.0,ARG,1800.0,5700.0,ARG,ARG,5000.0,6200.0,7357.6162773788,18.0,8.22001076,35070020.0,18.0,5600.0,34613491.0,5.0,17.372857192404194,8.903627188256694,2.8436680801473853,16.25319860097029
1996.0,ARG,2100.0,5700.0,ARG,ARG,5000.0,6200.0,7663.21271287469,18.0,8.22001076,35513793.0,18.0,5700.0,35070020.0,6.0,17.385431714196653,8.944317074076954,2.8479975524312717,16.050101998398198
1997.0,ARG,2400.0,5700.0,ARG,ARG,5000.0,6100.0,8146.78710021431,18.0,8.22001076,35947791.0,18.0,5700.0,35513793.0,7.0,17.39757819379001,9.00550164792019,2.8361561860223765,15.856328974428498
1998.0,ARG,2200.0,5700.0,ARG,ARG,5000.0,6100.0,8218.99212764682,18.0,8.22001076,36372860.0,18.0,5700.0,35947791.0,8.0,17.409333450110164,9.014324530342567,2.8247261930668075,15.671025044497464
1999.0,ARG,1900.0,5700.0,ARG,ARG,5000.0,6100.0,7705.54288252851,18.0,8.22001076,36794682.0,18.0,5700.0,36372860.0,9.0,17.420863881826893,8.949824972033566,2.8136721852440205,15.491369106002875
2000.0,ARG,1800.0,5700.0,ARG,ARG,5000.0,6100.0,7637.01489203628,18.0,8.22001076,37213984.0,18.0,5700.0,36794682.0,10.0,17.432195162583913,8.94089301751337,2.8028371595654447,15.316822837350605
2001.0,ARG,1600.0,5700.0,ARG,ARG,5000.0,6200.0,7141.47507662826,22.0,8.26966286,37624825.0,18.0,5700.0,37213984.0,11.0,17.443174629859705,8.873814644652324,2.7921966514996193,15.149572124255727
2002.0,ARG,1600.0,5700.0,ARG,ARG,5000.0,6100.0,2569.69963519124,25.0,7.33203077,38029349.0,18.0,5700.0,37624825.0,12.0,17.45386876169324,7.8519333724328915,2.7818935554635624,14.988423809200626
2003.0,ARG,1600.0,5600.0,ARG,ARG,4900.0,6100.0,3320.47775133903,28.0,6.92670012,38424282.0,22.0,5700.0,38029349.0,13.0,17.464200161462887,8.10816506870533,2.7718649484537536,14.57411748123231
2004.0,ARG,1600.0,5600.0,ARG,ARG,4900.0,6100.0,4242.02099089422,31.0,7.09477043,38815916.0,25.0,5600.0,38424282.0,14.0,17.474340926667512,8.353030792372321,2.7456104005469357,14.42707161670486
2005.0,ARG,1600.0,5600.0,ARG,ARG,4900.0,6100.0,5067.65342293276,33.0,7.73392439,39216789.0,28.0,5600.0,38815916.0,15.0,17.484615503886683,8.530830464253402,2.7361238633153167,14.279598464830967
2006.0,ARG,1600.0,5600.0,ARG,ARG,4900.0,6100.0,5869.38028970204,35.0,7.70940399,39622115.0,31.0,5600.0,39216789.0,16.0,17.49489797994014,8.67767469602214,2.7265185049134404,14.133521140908304
2007.0,ARG,1600.0,5500.0,ARG,ARG,4800.0,6000.0,7185.25155147027,38.0,7.86196613,40016763.0,33.0,5600.0,39622115.0,17.0,17.50480899929081,8.879924972831757,2.7169122264943653,13.744240132566445
2008.0,ARG,1500.0,5500.0,ARG,ARG,4800.0,6000.0,8944.1102657357,41.0,8.24087811,40424148.0,35.0,5500.0,40016763.0,18.0,17.51493788713855,9.098862322947411,2.6908525070340286,13.605728932122453
2009.0,ARG,1400.0,5500.0,ARG,ARG,4800.0,6000.0,8150.23527028221,43.0,9.56852913,40854831.0,38.0,5500.0,40424148.0,19.0,17.5255356342118,9.005924761655598,2.6814138443595703,13.462300211203909
2010.0,ARG,1500.0,5400.0,ARG,ARG,4700.0,6000.0,10260.1313108254,46.0,9.4852438,41288694.0,41.0,5500.0,40854831.0,20.0,17.536099267427428,9.23611837685911,2.6715452781601705,13.078640850204659
2011.0,ARG,1500.0,5400.0,ARG,ARG,4700.0,6000.0,12704.2831819684,49.0,9.51042366,41730660.0,43.0,5400.0,41288694.0,21.0,17.546746668402406,9.449773184523451,2.644658815545288,12.940126036827598
2012.0,ARG,1400.0,5400.0,ARG,ARG,4700.0,5900.0,12949.717486654,52.0,9.8851881,42161721.0,46.0,5400.0,41730660.0,22.0,17.55702328204735,9.468906469967745,2.634771446670816,12.807826321890417
2013.0,ARG,1400.0,5400.0,ARG,ARG,4700.0,5900.0,12963.675773326,55.0,9.92091465,42582455.0,49.0,5400.0,42161721.0,23.0,17.566952871944164,9.469983689817873,2.6252355561833474,12.681279179417906
2014.0,ARG,1400.0,5300.0,ARG,ARG,4600.0,5900.0,12233.1444119186,58.0,9.79773045,43024071.0,52.0,5400.0,42582455.0,24.0,17.577270307731148,9.411986043878551,2.616028415090263,12.318685509792878
2015.0,ARG,1300.0,5300.0,ARG,ARG,4600.0,5900.0,13679.6264980954,61.0,10.27364159,43477012.0,55.0,5300.0,43024071.0,25.0,17.58774289660472,9.523735986772309,2.5891679747915286,12.19035015561787
1990.0,ARM,100.0,100.0,ARM,ARM,100.0,100.0,635.355327502517,0.0,4.19581175,3552128.0,,,,0.0,15.083057418480951,6.4557570983720804,,2.815213866166985
1991.0,ARM,100.0,100.0,ARM,ARM,100.0,100.0,572.740260900977,0.0,4.19581175,3613977.0,,100.0,3552128.0,1.0,15.100319385974602,6.352176786766159,1.3389967224487709,2.767034765301495
1992.0,ARM,100.0,100.0,ARM,ARM,100.0,100.0,356.350780006933,0.0,4.19581175,3571861.0,0.0,100.0,3613977.0,2.0,15.08859730644757,5.878717876417021,1.3262881575766607,2.7996610170440563
1993.0,ARM,100.0,100.0,ARM,ARM,100.0,100.0,347.870644720878,0.0,4.19581175,3453332.0,0.0,100.0,3571861.0,3.0,15.05485012002704,5.85470120799749,1.3349118567122067,2.8957540138046385
1994.0,ARM,100.0,100.0,ARM,ARM,100.0,100.0,390.879964297655,0.0,4.19581175,3364610.0,0.0,100.0,3453332.0,4.0,15.02882261538428,5.970955579371138,1.3598872456464992,2.972112666846975
1995.0,ARM,100.0,100.0,ARM,ARM,100.0,100.0,443.924860857976,0.0,4.19581175,3307581.0,0.0,100.0,3364610.0,5.0,15.011727664467296,6.097905415904587,1.3792981110492637,3.023357553450694
1996.0,ARM,100.0,100.0,ARM,ARM,100.0,100.0,487.068624404558,0.0,4.19581175,3278735.0,0.0,100.0,3307581.0,6.0,15.002968235238535,6.1904560197463825,1.3921167663363907,3.0499567668628296
1997.0,ARM,100.0,100.0,ARM,ARM,100.0,100.0,505.035887057966,0.0,4.19581175,3246289.0,0.0,100.0,3278735.0,7.0,14.993023055749077,6.226607589812004,1.398706206212787,3.080440466021355
1998.0,ARM,100.0,100.0,ARM,ARM,100.0,100.0,590.239947333459,0.0,4.19581175,3208401.0,0.0,100.0,3246289.0,8.0,14.981283240156694,6.38222193726576,1.4062049399472694,3.1168173803710943
1999.0,ARM,100.0,100.0,ARM,ARM,100.0,100.0,582.669886150895,0.0,4.19581175,3167286.0,0.0,100.0,3208401.0,9.0,14.96838562772696,6.36933555956637,1.4150803843521844,3.1572772398829785
2000.0,ARM,100.0,100.0,ARM,ARM,100.0,100.0,593.450581742282,0.0,4.19581175,3221100.0,0.0,100.0,3167286.0,10.0,14.985233474090336,6.387637586926805,1.4248603503447144,3.1045295085529787
2001.0,ARM,100.0,100.0,ARM,ARM,100.0,100.0,659.588988535629,0.0,4.64563894,3211800.0,0.0,100.0,3221100.0,11.0,14.982342085609528,6.493131843934367,1.4120911220976702,3.1135188990597173
2002.0,ARM,100.0,100.0,ARM,ARM,100.0,200.0,742.651118319819,0.0,7.61358786,3199800.0,0.0,100.0,3211800.0,12.0,14.978598865816748,6.611571997862957,1.4142788420151553,3.125195324707794
2003.0,ARM,100.0,200.0,ARM,ARM,100.0,200.0,882.030167695474,0.0,7.17936182,3182500.0,0.0,100.0,3199800.0,13.0,14.973177609413698,6.783359365020886,1.417113370109914,6.284367635506677
2004.0,ARM,100.0,200.0,ARM,ARM,200.0,200.0,1130.08791444158,0.0,6.05510139,3164900.0,0.0,200.0,3182500.0,14.0,14.967632017484643,7.0309352046969265,1.9857306322428194,6.31931498625549
2005.0,ARM,100.0,200.0,ARM,ARM,200.0,500.0,1557.48458908655,5.0,5.8618803,3146400.0,0.0,200.0,3164900.0,15.0,14.961769500099736,7.351469210859849,1.9905167424815966,6.3564708873633355
2006.0,ARM,100.0,500.0,ARM,ARM,200.0,500.0,2041.65267068997,6.0,5.85007095,3127100.0,0.0,200.0,3146400.0,16.0,14.955616615461743,7.622004570912575,1.9955803187448309,15.98925522049183
2007.0,ARM,100.0,500.0,ARM,ARM,200.0,500.0,2962.70234594569,8.0,5.49814034,3107400.0,5.0,500.0,3127100.0,17.0,14.949296921640038,7.994194558277995,2.8325810983776103,16.09062238527386
2008.0,ARM,100.0,500.0,ARM,ARM,500.0,500.0,3777.66859313767,8.0,6.63976622,3087100.0,6.0,500.0,3107400.0,18.0,14.94274269686957,8.237127002530524,2.8385299145611502,16.19643030676039
2009.0,ARM,100.0,500.0,ARM,ARM,500.0,500.0,2820.5926553347,11.0,8.44377708,3066000.0,8.0,500.0,3087100.0,19.0,14.935884338413896,7.945056775904101,2.8447018219753097,16.307893020221787
2010.0,ARM,100.0,500.0,ARM,ARM,500.0,500.0,3041.34450723339,14.0,9.23538303,3044800.0,8.0,500.0,3066000.0,20.0,14.928945775524022,8.020383716648002,2.851162641399567,16.421439831844456
2011.0,ARM,100.0,500.0,ARM,ARM,500.0,500.0,3349.55309771906,15.0,9.37588882,3027900.0,11.0,500.0,3044800.0,21.0,14.923379867895061,8.116880714987715,2.8577016219607425,16.513094884243205
2012.0,ARM,100.0,500.0,ARM,ARM,500.0,510.0,3511.56399687426,18.0,9.13455009,3024100.0,14.0,500.0,3027900.0,22.0,14.922124084517868,8.164101533226702,2.8629488802078553,16.533844780265202
2013.0,ARM,100.0,500.0,ARM,ARM,500.0,550.0,3680.16692158886,21.0,10.32345009,3022000.0,15.0,500.0,3024100.0,23.0,14.921429421814821,8.210985079155792,2.8641330006272216,16.545334215751158
2014.0,ARM,100.0,500.0,ARM,ARM,500.0,590.0,3852.11800610384,23.0,10.17827892,3013800.0,18.0,500.0,3022000.0,24.0,14.918712298966192,8.25663797122797,2.8647880579133744,16.590351051828257
2015.0,ARM,100.0,500.0,ARM,ARM,500.0,640.0,3512.39350276709,27.0,10.11762714,3004600.0,21.0,500.0,3013800.0,25.0,14.91565500561046,8.164337659305383,2.867350516016394,16.641150236304334
1990.0,ATG,100.0,100.0,ATG,ATG,100.0,100.0,7590.75442423046,,4.3239274,63066.0,,,,0.0,11.05193707605141,8.934817993116239,,158.56404401737862
1991.0,ATG,100.0,100.0,ATG,ATG,100.0,100.0,7956.47430919648,,4.3239274,63387.0,,100.0,63066.0,1.0,11.05701407208163,8.981866930649181,5.072445371522867,157.76105510593655
1992.0,ATG,100.0,100.0,ATG,ATG,100.0,100.0,8153.73786307269,,4.3239274,64404.0,,100.0,63387.0,2.0,11.072931021964829,9.006354370218755,5.067400273810748,155.269859014968
1993.0,ATG,100.0,100.0,ATG,ATG,100.0,100.0,8624.62016806628,,4.3239274,65587.0,,100.0,64404.0,3.0,11.09113278456206,9.062492142858542,5.051584378236078,152.469239330965
1994.0,ATG,100.0,100.0,ATG,ATG,100.0,100.0,9351.48753768505,,4.3239274,66843.0,,100.0,65587.0,4.0,11.110101865005516,9.14339763370979,5.03350015170743,149.60429663539938
1995.0,ATG,100.0,100.0,ATG,ATG,100.0,100.0,9034.47552907143,,4.3239274,68189.0,,100.0,66843.0,5.0,11.13003854050029,9.108913833525264,5.014655845074351,146.65121940488936
1996.0,ATG,100.0,100.0,ATG,ATG,100.0,100.0,9756.08717951992,,4.3239274,69612.0,,100.0,68189.0,6.0,11.150692245254065,9.18574919014233,4.9948528669088885,143.65339309314484
1997.0,ATG,100.0,100.0,ATG,ATG,100.0,100.0,10336.2591617838,,4.3239274,71053.0,,100.0,69612.0,7.0,11.171181356419915,9.243510041530572,4.974340488410386,140.74001097772086
1998.0,ATG,100.0,100.0,ATG,ATG,100.0,100.0,10906.8785406961,,4.3239274,72412.0,,100.0,71053.0,8.0,11.190127310495834,9.297240609020474,4.95399447083181,138.09865768104734
1999.0,ATG,100.0,100.0,ATG,ATG,100.0,100.0,11342.3349230913,,4.3239274,73666.0,,100.0,72412.0,9.0,11.207296642017075,9.336385618975934,4.93518344885442,135.74783482203458
2000.0,ATG,100.0,100.0,ATG,ATG,100.0,100.0,12027.4949768222,,4.3239274,74912.0,,100.0,73666.0,10.0,11.224069370290637,9.39503369530877,4.918138608065481,133.48996155489107
2001.0,ATG,100.0,100.0,ATG,ATG,100.0,100.0,11539.1825063308,,4.95880318,76069.0,,100.0,74912.0,11.0,11.239396102118166,9.353590355043687,4.9014895609769225,131.45959589320222
2002.0,ATG,100.0,100.0,ATG,ATG,100.0,100.0,11658.6949915956,,4.79512262,77032.0,,100.0,76069.0,12.0,11.25197619892012,9.363893301037095,4.886277662268563,129.81618028871117
2003.0,ATG,100.0,100.0,ATG,ATG,100.0,100.0,12173.2319860305,,5.04073191,77884.0,,100.0,77032.0,13.0,11.262975819235512,9.40707686473156,4.8737931338856555,128.39607621591085
2004.0,ATG,100.0,100.0,ATG,ATG,100.0,100.0,13037.8895772257,,4.58488464,78719.0,,100.0,77884.0,14.0,11.273639828393415,9.475691676734012,4.862878058700644,127.03413407182511
2005.0,ATG,100.0,100.0,ATG,ATG,100.0,100.0,14368.5708796058,,4.46260214,79611.0,,100.0,78719.0,15.0,11.284907553239758,9.57286811638681,4.852296900804977,125.61078242956376
2006.0,ATG,100.0,100.0,ATG,ATG,100.0,100.0,16173.8136329968,,4.11220551,80604.0,,100.0,79611.0,16.0,11.297303555054865,9.691210597385988,4.841117675353235,124.06332191950771
2007.0,ATG,100.0,100.0,ATG,ATG,100.0,100.0,18204.5124043068,,3.92354655,81704.0,,100.0,80604.0,17.0,11.310858239257936,9.80947970656371,4.828820184392383,122.39302849309703
2008.0,ATG,100.0,100.0,ATG,ATG,100.0,100.0,18786.6743142216,,3.69396091,82912.0,,100.0,81704.0,18.0,11.325535083361837,9.84095631222027,4.815374614681671,120.60980316480124
2009.0,ATG,100.0,100.0,ATG,ATG,100.0,100.0,16472.2478528568,,3.69979143,84173.0,,100.0,82912.0,19.0,11.34062948372324,9.70949300183979,4.8008175844141885,118.80294156083305
2010.0,ATG,100.0,100.0,ATG,ATG,100.0,100.0,15217.3950790922,,4.75770044,85320.0,,100.0,84173.0,20.0,11.354164172585287,9.630260177701372,4.785848239310065,117.20581340834507
2011.0,ATG,100.0,100.0,ATG,ATG,100.0,100.0,14911.7275084471,,4.81000614,86332.0,,100.0,85320.0,21.0,11.365955607878861,9.609970322514245,4.772427286574281,115.83190473984153
2012.0,ATG,100.0,100.0,ATG,ATG,100.0,100.0,15639.8078114787,,4.81754541,87260.0,,100.0,86332.0,22.0,11.3766474466776,9.657638663115769,4.760736190112731,114.60004584001834
2013.0,ATG,100.0,100.0,ATG,ATG,100.0,100.0,15051.5113587425,,4.9103117,88064.0,,100.0,87260.0,23.0,11.385819101852961,9.619300123946688,4.750136352778149,113.55377906976744
2014.0,ATG,100.0,100.0,ATG,ATG,100.0,100.0,15532.1062063584,,5.32218313,88765.0,,100.0,88064.0,24.0,11.393747707140898,9.65072890943047,4.7410443989251005,112.65701571565369
2015.0,ATG,100.0,100.0,ATG,ATG,100.0,100.0,16077.6340769406,,4.90963078,89409.0,,100.0,88765.0,25.0,11.400976627235545,9.685246593660993,4.733185279283325,111.84556364571799
1990.0,AUS,600.0,910.0,AUS,AUS,870.0,940.0,18273.561526468,53.0,7.58869076,17065128.0,,,,0.0,16.652547641027308,9.813265291250413,,5.3325120092858365
1991.0,AUS,680.0,790.0,AUS,AUS,750.0,820.0,18885.4274465057,53.0,7.58869076,17284036.0,,910.0,17065128.0,1.0,16.665293858882983,9.846198818549297,1.845696999344455,4.570691706497255
1992.0,AUS,760.0,700.0,AUS,AUS,670.0,740.0,18650.3675476612,53.0,7.58869076,17478635.0,53.0,790.0,17284036.0,2.0,16.676489835897687,9.833674749336016,1.717519230519313,4.004889397827691
1993.0,AUS,820.0,640.0,AUS,AUS,610.0,680.0,17724.5399501656,53.0,7.58869076,17634808.0,53.0,700.0,17478635.0,3.0,16.68538523415327,9.782761813569108,1.6104153141868864,3.6291860960436884
1994.0,AUS,860.0,610.0,AUS,AUS,580.0,650.0,18155.6282000179,53.0,7.58869076,17805468.0,53.0,640.0,17634808.0,4.0,16.695016159100053,9.80679096311096,1.5323810634539838,3.4259138821849557
1995.0,AUS,890.0,600.0,AUS,AUS,570.0,630.0,20479.1748274233,53.0,7.58869076,18004882.0,53.0,610.0,17805468.0,5.0,16.706153501308563,9.927212615612287,1.4874767841835657,3.332429504397752
1996.0,AUS,550.0,610.0,AUS,AUS,580.0,640.0,22055.838490507,53.0,7.58869076,18224767.0,53.0,600.0,18004882.0,6.0,16.718292051140782,10.001377968416781,1.466128471130236,3.347093545832438
1997.0,AUS,500.0,640.0,AUS,AUS,610.0,670.0,23683.4948964934,53.0,7.58869076,18423037.0,53.0,610.0,18224767.0,7.0,16.729112450336746,10.072575889248814,1.4695074714053016,3.473911494614053
1998.0,AUS,200.0,670.0,AUS,AUS,640.0,700.0,21516.0403147759,53.0,7.58869076,18607584.0,53.0,640.0,18423037.0,8.0,16.73907979751476,9.97660047297608,1.4982630807117974,3.600682388428288
1999.0,AUS,100.0,720.0,AUS,AUS,680.0,750.0,20749.6443779096,53.0,7.58869076,18812264.0,53.0,670.0,18607584.0,9.0,16.75001955554418,9.940332579533758,1.5262046378034693,3.8272905377045525
2000.0,AUS,100.0,760.0,AUS,AUS,730.0,790.0,21908.9968019784,53.0,7.58869076,19028802.0,53.0,720.0,18812264.0,10.0,16.761464284058956,9.994698286627766,1.5742853449860321,3.9939455988874126
2001.0,AUS,100.0,810.0,AUS,AUS,780.0,840.0,19733.6510102645,54.0,7.67391729,19274701.0,53.0,760.0,19028802.0,11.0,16.77430396497169,9.890131304143502,1.6082262985037783,4.202399819327936
2002.0,AUS,100.0,850.0,AUS,AUS,820.0,880.0,20335.0960191023,51.0,7.87221003,19495210.0,53.0,810.0,19274701.0,12.0,16.785679352333634,9.920152715049792,1.6491200228442053,4.360045364989657
2003.0,AUS,100.0,890.0,AUS,AUS,860.0,920.0,23757.5898471684,51.0,7.87659502,19720737.0,54.0,850.0,19495210.0,13.0,16.797181279665555,10.07569942184866,1.6789724386643676,4.513015918218472
2004.0,AUS,100.0,930.0,AUS,AUS,900.0,960.0,30886.0500949401,51.0,8.08257675,19932722.0,51.0,890.0,19720737.0,14.0,16.80787326088613,10.338092284264116,1.7071118270001624,4.665694931178993
2005.0,AUS,100.0,950.0,AUS,AUS,920.0,990.0,34535.20727091,53.0,7.9648633,20176844.0,51.0,930.0,19932722.0,15.0,16.82004616819137,10.44976353880724,1.7344295579501425,4.708367671376157
2006.0,AUS,100.0,980.0,AUS,AUS,940.0,1000.0,36658.8243476122,57.0,7.97161102,20450966.0,51.0,950.0,20176844.0,16.0,16.833540676501258,10.509436729991387,1.741933110885647,4.791949681007733
2007.0,AUS,100.0,990.0,AUS,AUS,960.0,1000.0,41128.2476618402,57.0,8.0517149,20827622.0,53.0,980.0,20450966.0,17.0,16.851790644454184,10.624474769344074,1.7564689673743603,4.7533030895221735
2008.0,AUS,100.0,1000.0,AUS,AUS,970.0,1000.0,49811.2067218988,55.0,8.24737453,21249199.0,57.0,990.0,20827622.0,18.0,16.87182975850661,10.816015347874561,1.749774140227499,4.70605974371081
2009.0,AUS,100.0,1000.0,AUS,AUS,980.0,1100.0,42954.8494884573,57.0,8.54273987,21691653.0,57.0,1000.0,21249199.0,19.0,16.892438090134338,10.667928111118195,1.7415287230678669,4.610068213796339
2010.0,AUS,100.0,1000.0,AUS,AUS,980.0,1100.0,52313.8939041213,62.0,8.4193306,22031750.0,55.0,1000.0,21691653.0,20.0,16.907995152754747,10.865036387792854,1.7245628787826666,4.538904081609495
2011.0,AUS,100.0,1000.0,AUS,AUS,980.0,1000.0,62799.3895017032,65.0,8.53425312,22340024.0,57.0,1000.0,22031750.0,21.0,16.921890425910927,11.047716554693476,1.7117966619863305,4.476270929699986
2012.0,AUS,100.0,1000.0,AUS,AUS,970.0,1000.0,68301.4402512587,68.0,8.67020702,22733465.0,62.0,1000.0,22340024.0,22.0,16.939348625917663,11.131700773343166,1.7004243820423401,4.398801502542617
2013.0,AUS,100.0,980.0,AUS,AUS,950.0,1000.0,68476.6788496118,73.0,8.7465601,23128129.0,65.0,1000.0,22733465.0,23.0,16.956560140317556,11.1342631149376,1.6861769849634307,4.237264501594574
2014.0,AUS,100.0,950.0,AUS,AUS,910.0,1000.0,62817.2061751737,76.0,9.82833862,23475686.0,68.0,980.0,23128129.0,24.0,16.97147580520884,11.048000217689292,1.6557993203413257,4.046740103782271
2015.0,AUS,100.0,920.0,AUS,AUS,870.0,980.0,56970.3613028094,80.0,10.13642025,23815995.0,73.0,950.0,23475686.0,25.0,16.98586797173483,10.950303987270745,1.6187425108434312,3.8629500887953663
1990.0,AUT,,,AUT,AUT,,,21596.068219998,,9.38934517,7677850.0,,,,0.0,15.853850118014455,9.980312853904383,,
1991.0,AUT,,,AUT,AUT,,,22323.1312492943,,9.38934517,7754891.0,,,7677850.0,1.0,15.8638342990459,10.013423491182131,,
1992.0,AUT,,,AUT,AUT,,,24782.7118767063,,9.38934517,7840709.0,,,7754891.0,2.0,15.874839821911182,10.117941937214086,,
1993.0,AUT,,,AUT,AUT,,,23987.2037240657,,9.38934517,7905633.0,,,7840709.0,3.0,15.883086101321133,10.08531747700145,,
1994.0,AUT,,,AUT,AUT,,,25546.2460525087,,9.38934517,7936118.0,,,7905633.0,4.0,15.886934796787918,10.148284803227886,,
1995.0,AUT,,,AUT,AUT,,,30207.0674314652,,9.38934517,7948278.0,,,7936118.0,5.0,15.888465859394945,10.315864301181389,,
1996.0,AUT,,,AUT,AUT,,,29645.9451251491,,9.38934517,7959017.0,,,7948278.0,6.0,15.889816057732432,10.29711436792552,,
1997.0,AUT,,,AUT,AUT,,,26571.7523626508,,9.38934517,7968041.0,,,7959017.0,7.0,15.890949223815662,10.187641622498806,,
1998.0,AUT,,,AUT,AUT,,,27212.4642905708,,9.38934517,7976789.0,,,7968041.0,8.0,15.892046507496673,10.211467140489468,,
1999.0,AUT,,,AUT,AUT,,,27078.7081612201,,9.38934517,7992324.0,,,7976789.0,9.0,15.893992139029322,10.206539950056031,,
2000.0,AUT,,,AUT,AUT,,,24487.2974685956,,9.38934517,8011566.0,,,7992324.0,10.0,15.896396805553787,10.105950628076606,,
2001.0,AUT,,,AUT,AUT,,,24430.495982841,,9.45243549,8042293.0,,,8011566.0,11.0,15.900224799498618,10.103628397859614,,
2002.0,AUT,,,AUT,AUT,,,26334.862215032,,9.59139919,8081957.0,,,8042293.0,12.0,15.90514460414117,10.178686871652356,,
2003.0,AUT,,,AUT,AUT,,,32110.1159661425,,9.69844246,8121423.0,,,8081957.0,13.0,15.910015943089439,10.376957540953088,,
2004.0,AUT,,,AUT,AUT,,,36614.2506533707,,9.81532383,8171966.0,,,8121423.0,14.0,15.916220074362782,10.508220117118897,,
2005.0,AUT,,,AUT,AUT,,,38157.37022862,,9.71779728,8227829.0,,,8171966.0,15.0,15.923032746845779,10.549500415756565,,
2006.0,AUT,,,AUT,AUT,,,40382.2078298575,,9.64073944,8268641.0,,,8227829.0,16.0,15.927980724596765,10.606169329767956,,
2007.0,AUT,,,AUT,AUT,,,46622.9622913635,,9.60482597,8295487.0,,,8268641.0,17.0,15.931222189949619,10.749869900212936,,
2008.0,AUT,,,AUT,AUT,,,51581.3982361071,,9.83415222,8321496.0,,,8295487.0,18.0,15.934352604326234,10.85093577381989,,
2009.0,AUT,,,AUT,AUT,,,47857.4446635266,,10.31152916,8343323.0,,,8321496.0,19.0,15.936972136225297,10.776002863306362,,
2010.0,AUT,,,AUT,AUT,,,46611.1393420232,,10.31620026,8363404.0,,,8343323.0,20.0,15.939376079220304,10.749616287091055,,
2011.0,AUT,,,AUT,AUT,,,51116.8953522042,,10.1370182,8391643.0,,,8363404.0,21.0,15.94274688763862,10.841889917472349,,
2012.0,AUT,,,AUT,AUT,,,48250.4059142637,,10.30198097,8429991.0,,,8391643.0,22.0,15.94730626236181,10.78418024446208,,
2013.0,AUT,,,AUT,AUT,,,50305.3545774973,,10.40574837,8479823.0,,,8429991.0,23.0,15.95320013490874,10.825886681657074,,
2014.0,AUT,,,AUT,AUT,,,51314.9722616322,,10.51159096,8546356.0,,,8479823.0,24.0,15.961015551233999,10.84575733282875,,
2015.0,AUT,,,AUT,AUT,,,43915.228020857,,10.51688385,8642699.0,,,8546356.0,25.0,15.972225476257695,10.69003918954574,,
1990.0,AZE,100.0,100.0,AZE,AZE,100.0,200.0,1238.27189274842,0.0,2.94891715,7175200.0,,,,0.0,15.78614119378593,7.122279302872071,,1.3936893745122088
1991.0,AZE,100.0,100.0,AZE,AZE,100.0,200.0,734.944232805688,0.0,2.94891715,7271300.0,,100.0,7175200.0,1.0,15.799445650580234,6.601154345213691,0.8728358470515618,1.3752698967172308
1992.0,AZE,100.0,200.0,AZE,AZE,100.0,200.0,60.2351205405972,0.0,2.94891715,7382050.0,0.0,100.0,7271300.0,2.0,15.81456193578133,4.114720889963143,0.8651110717530313,2.709274524014332
1993.0,AZE,100.0,200.0,AZE,AZE,100.0,500.0,209.530954548425,0.0,2.94891715,7494800.0,0.0,200.0,7382050.0,3.0,15.829720004706495,5.349632694797859,1.3108363114099337,2.6685168383412496
1994.0,AZE,100.0,500.0,AZE,AZE,200.0,500.0,157.063549947072,0.0,2.94891715,7596550.0,0.0,200.0,7494800.0,4.0,15.843204754822839,5.0629971670151415,1.2997874491412742,6.581935220593559
1995.0,AZE,100.0,500.0,AZE,AZE,200.0,500.0,314.55801908334,0.0,2.94891715,7684850.0,0.0,500.0,7596550.0,5.0,15.854761416221729,5.7543425607428045,2.0257684732161194,6.506307865475579
1996.0,AZE,100.0,500.0,AZE,AZE,500.0,690.0,409.185543774103,0.0,2.94891715,7763000.0,0.0,500.0,7684850.0,6.0,15.864879415387817,6.0166096031208856,2.0157437157890428,6.44080896560608
1997.0,AZE,100.0,600.0,AZE,AZE,500.0,940.0,505.516204188336,0.0,2.94891715,7838250.0,0.0,500.0,7763000.0,7.0,15.87452615312486,6.227556315651493,2.006979574870413,7.654769878480528
1998.0,AZE,100.0,730.0,AZE,AZE,500.0,1100.0,561.906807871869,0.0,2.94891715,7913000.0,0.0,600.0,7838250.0,8.0,15.884017534591331,6.33311408667979,2.1581105999997736,9.2253254138759
1999.0,AZE,100.0,850.0,AZE,AZE,560.0,1200.0,573.893528734031,0.0,2.94891715,7982750.0,0.0,730.0,7913000.0,9.0,15.8927935215899,6.354184856232671,2.324867526740387,10.647959663023395
2000.0,AZE,200.0,910.0,AZE,AZE,650.0,1300.0,655.097249579917,0.0,2.94891715,8048600.0,0.0,850.0,7982750.0,10.0,15.90100872122664,6.486309024267539,2.455131028452403,11.30631414158984
2001.0,AZE,200.0,920.0,AZE,AZE,680.0,1300.0,703.670998584686,0.0,2.774194,8111200.0,0.0,910.0,8048600.0,11.0,15.908756380620508,6.55773102521435,2.510112475506685,11.342341453792287
2002.0,AZE,200.0,890.0,AZE,AZE,680.0,1200.0,763.108895463487,0.0,2.73097301,8171950.0,0.0,920.0,8111200.0,12.0,15.916218116447677,6.638710312338782,2.513035745517822,10.890913429475217
2003.0,AZE,500.0,870.0,AZE,AZE,670.0,1100.0,883.692580745256,0.0,2.72699213,8234100.0,0.0,890.0,8171950.0,13.0,15.923794626003845,6.785240218272709,2.475774531088785,10.565817757860605
2004.0,AZE,500.0,840.0,AZE,AZE,660.0,1000.0,1045.0136328106,0.0,2.65944242,8306500.0,0.0,870.0,8234100.0,14.0,15.93254889880867,6.9527416778196685,2.4480540028991618,10.112562451092519
2005.0,AZE,500.0,810.0,AZE,AZE,650.0,1000.0,1578.36733030667,0.0,2.22960997,8391850.0,0.0,840.0,8306500.0,15.0,15.942771554732653,7.364779621973434,2.408076220720071,9.652222096438807
2006.0,AZE,500.0,810.0,AZE,AZE,650.0,1000.0,2472.95725732287,0.0,2.07059145,8484550.0,0.0,810.0,8391850.0,16.0,15.953757420476835,7.813574276054147,2.3657685179445003,9.546764412962386
2007.0,AZE,500.0,790.0,AZE,AZE,630.0,990.0,3851.33015175141,1.0,1.99422264,8581300.0,0.0,810.0,8484550.0,17.0,15.965095975138398,8.256433478422611,2.3558191221683944,9.206064349224476
2008.0,AZE,500.0,790.0,AZE,AZE,630.0,980.0,5574.46810432575,2.0,2.04814458,8763400.0,0.0,790.0,8581300.0,18.0,15.986094515464323,8.626131557704944,2.3229820876605545,9.014765958417966
2009.0,AZE,500.0,790.0,AZE,AZE,620.0,970.0,4950.39949009423,3.0,2.76541352,8947243.0,1.0,790.0,8763400.0,19.0,16.00685599810279,8.50742554087504,2.3040605997401733,8.829535534018692
2010.0,AZE,500.0,760.0,AZE,AZE,620.0,930.0,5843.5337683582,6.0,2.64634848,9054332.0,2.0,790.0,8947243.0,20.0,16.01875387518139,8.673262104832178,2.2853916831972616,8.39377217446853
2011.0,AZE,500.0,740.0,AZE,AZE,600.0,890.0,7189.81869211976,9.0,2.59547186,9173082.0,3.0,760.0,9054332.0,21.0,16.031783883730153,8.880560309618145,2.2400469350718937,8.06708148907859
2012.0,AZE,500.0,700.0,AZE,AZE,570.0,850.0,7495.86527658099,11.0,3.15682149,9295784.0,6.0,740.0,9173082.0,22.0,16.04507152200353,8.922240249030935,2.204650436059133,7.530295454369422
2013.0,AZE,500.0,670.0,AZE,AZE,540.0,820.0,7875.34536661549,15.0,3.22551084,9416801.0,9.0,700.0,9295784.0,23.0,16.05800599227359,8.97161928930745,2.1436239979927674,7.114942749666262
2014.0,AZE,500.0,640.0,AZE,AZE,520.0,790.0,7890.84028062087,21.0,3.58703041,9535079.0,11.0,670.0,9416801.0,24.0,16.07048808224715,8.973584628800468,2.0937071460638204,6.712057655736255
2015.0,AZE,500.0,600.0,AZE,AZE,500.0,750.0,5500.50364628486,27.0,4.34131384,9649341.0,15.0,640.0,9535079.0,25.0,16.08240018082785,8.612776724089873,2.042785033387178,6.218041211311736
1990.0,BDI,5900.0,28000.0,BDI,BDI,19000.0,39000.0,202.629446176297,0.0,4.22181606,5587052.0,,,,0.0,15.535962335718539,5.3163019018037625,,501.1587506255535
1991.0,BDI,7100.0,25000.0,BDI,BDI,18000.0,33000.0,204.668258398817,0.0,4.22181606,5703857.0,,28000.0,5587052.0,1.0,15.55665317063578,5.3262644745856935,6.218916306005451,438.2999082901272
1992.0,BDI,8200.0,23000.0,BDI,BDI,18000.0,30000.0,184.868970456447,0.0,4.22181606,5858407.0,0.0,25000.0,5703857.0,2.0,15.583388281593775,5.225041965553149,6.085182342218059,392.5981926486159
1993.0,BDI,9200.0,14000.0,BDI,BDI,9700.0,22000.0,165.344120319403,0.0,4.22181606,5676843.0,0.0,23000.0,5858407.0,3.0,15.55190582631862,5.114058656600291,5.975330573319527,246.61594481298852
1994.0,BDI,8500.0,23000.0,BDI,BDI,19000.0,27000.0,161.892584261635,0.0,4.22181606,5713854.0,0.0,14000.0,5676843.0,4.0,15.558404310168852,5.093090991316014,5.511878936204656,402.53041117256413
1995.0,BDI,11000.0,8600.0,BDI,BDI,5400.0,15000.0,164.915311679326,0.0,4.22181606,6066316.0,0.0,23000.0,5713854.0,5.0,15.618262059510501,5.111477487568771,6.000251853327352,141.76643616982696
1996.0,BDI,11000.0,13000.0,BDI,BDI,11000.0,18000.0,143.156741187159,0.0,4.22181606,6070506.0,0.0,8600.0,6066316.0,6.0,15.618952520352138,4.970901188077042,4.961209981451518,214.1501878097147
1997.0,BDI,11000.0,12000.0,BDI,BDI,11000.0,15000.0,160.278342046962,0.0,4.22181606,6070042.0,0.0,13000.0,6070506.0,7.0,15.618876082286867,5.083131704863411,5.3713363322087675,197.69220707204332
1998.0,BDI,11000.0,11000.0,BDI,BDI,9200.0,13000.0,144.456948255536,0.0,4.22181606,6187108.0,0.0,12000.0,6070042.0,8.0,15.637978330316809,4.97988015454987,5.2917569292216955,177.7890413420939
1999.0,BDI,12000.0,8700.0,BDI,BDI,7300.0,11000.0,127.51419578119,0.0,4.22181606,6337155.0,0.0,11000.0,6187108.0,9.0,15.661940487529959,4.856039371238951,5.186206570828071,137.28558004341065
2000.0,BDI,12000.0,8000.0,BDI,BDI,6700.0,10000.0,134.537861752389,0.0,4.22181606,6470194.0,0.0,8700.0,6337155.0,10.0,15.682716650571605,4.909251023815408,4.929320967460332,123.64389692179245
2001.0,BDI,11000.0,7700.0,BDI,BDI,6200.0,9500.0,132.159554541932,0.0,5.68180418,6634365.0,0.0,8000.0,6470194.0,11.0,15.707773516571633,4.891548067416849,4.8254608470524305,116.06235110669972
2002.0,BDI,11000.0,6700.0,BDI,BDI,5300.0,8500.0,120.952308575468,1.0,5.34983587,6824132.0,0.0,7700.0,6634365.0,12.0,15.73597571146012,4.803630054990892,4.762706708290629,98.18098477579274
2003.0,BDI,11000.0,6400.0,BDI,BDI,5100.0,8000.0,111.406682804391,1.0,5.27245188,7043154.0,0.0,6700.0,6824132.0,13.0,15.767566639170735,4.722123391247259,4.596946310188874,90.86838084187852
2004.0,BDI,10000.0,5900.0,BDI,BDI,4500.0,7400.0,125.194965184533,4.0,7.09572744,7310656.0,1.0,6400.0,7043154.0,14.0,15.80484356778164,4.837828053784586,4.520356909679151,80.70411191553809
2005.0,BDI,9300.0,5300.0,BDI,BDI,4000.0,6800.0,147.234619294225,6.0,7.56016588,7587299.0,1.0,5900.0,7310656.0,15.0,15.841986223059955,4.998796284058662,4.403104330043024,69.85358030571881
2006.0,BDI,8500.0,5300.0,BDI,BDI,4100.0,6800.0,161.892755640319,8.0,8.71264839,7865547.0,4.0,5300.0,7587299.0,16.0,15.878002640689306,5.093092043411754,4.260615498462151,67.38247193742532
2007.0,BDI,7800.0,5000.0,BDI,BDI,3800.0,6500.0,166.162744906755,11.0,9.1855402,8161874.0,6.0,5300.0,7865547.0,17.0,15.914984357435934,5.118967858279753,4.2251165335639795,61.26044092324875
2008.0,BDI,7000.0,5000.0,BDI,BDI,3800.0,6500.0,189.502074570768,15.0,7.74147511,8505637.0,8.0,5000.0,8161874.0,18.0,15.956239678126792,5.249663084642724,4.131326246955117,58.784544884762894
2009.0,BDI,6300.0,4100.0,BDI,BDI,2900.0,5500.0,198.431524048225,18.0,9.23238468,8947646.0,11.0,5000.0,8505637.0,19.0,16.006901038896288,5.2954709395568145,4.090747180810376,45.82210784825417
2010.0,BDI,5800.0,4500.0,BDI,BDI,3300.0,6000.0,216.727705301976,23.0,11.28196716,9376444.0,15.0,4100.0,8947646.0,20.0,16.053711144626526,5.3832452238178385,3.8463554813025698,47.9926078585869
2011.0,BDI,5000.0,3800.0,BDI,BDI,2600.0,5000.0,230.069761381132,28.0,10.06996346,9717978.0,18.0,4500.0,9376444.0,21.0,16.089488130105128,5.442719662250699,3.8916694267012693,39.10278455044866
2012.0,BDI,4500.0,3500.0,BDI,BDI,2400.0,4800.0,231.098787811507,31.0,8.63756466,10071028.0,23.0,3800.0,9717978.0,22.0,16.12517334488657,5.447163090567516,3.691445772062482,34.75315528861602
2013.0,BDI,4200.0,3100.0,BDI,BDI,2000.0,4400.0,234.844770150871,36.0,8.62834644,10439341.0,28.0,3500.0,10071028.0,23.0,16.161092015821087,5.463173835012804,3.576638525066775,29.695361038594292
2014.0,BDI,3800.0,3000.0,BDI,BDI,1900.0,4200.0,250.544492155185,41.0,7.21081543,10799785.0,31.0,3100.0,10439341.0,24.0,16.195036784488885,5.527619881071239,3.4241115369407407,27.77833077232556
2015.0,BDI,3300.0,2800.0,BDI,BDI,1800.0,4000.0,254.402585226788,49.0,6.29044485,11047580.0,36.0,3000.0,10799785.0,25.0,16.217721957418156,5.542841065813411,3.35962270020545,25.34491716737964
1990.0,BEL,200.0,500.0,BEL,BEL,500.0,500.0,20600.3752789827,38.0,7.99917603,9967379.0,,,,0.0,16.11482821871074,9.933113113664913,,5.0163638806149535
1991.0,BEL,200.0,500.0,BEL,BEL,500.0,500.0,21041.6606519648,38.0,7.99917603,10004486.0,,500.0,9967379.0,1.0,16.118544150367423,9.954307115699088,1.7944830702929262,4.997758005758617
1992.0,BEL,500.0,500.0,BEL,BEL,500.0,500.0,23372.619171015,38.0,7.99917603,10045158.0,38.0,500.0,10004486.0,2.0,16.122601285325985,10.059363279514262,1.7913857336907315,4.977522503876992
1993.0,BEL,500.0,500.0,BEL,BEL,500.0,500.0,22283.9360213551,38.0,7.99917603,10084475.0,38.0,500.0,10045158.0,3.0,16.126507670504253,10.011666214447889,1.7880061851072866,4.958116312450573
1994.0,BEL,500.0,500.0,BEL,BEL,500.0,500.0,24208.5547931447,38.0,7.99917603,10115603.0,38.0,500.0,10084475.0,4.0,16.12958964124112,10.094502660384443,1.7847543761634066,4.942859066335442
1995.0,BEL,200.0,500.0,BEL,BEL,500.0,500.0,28413.8264387368,38.0,7.99917603,10136811.0,38.0,500.0,10115603.0,5.0,16.131684009621324,10.254666345626585,1.7821903418740657,4.932517731661368
1996.0,BEL,100.0,500.0,BEL,BEL,500.0,500.0,27489.5551770488,38.0,7.99917603,10156637.0,38.0,500.0,10136811.0,6.0,16.133637941383707,10.221597776555537,1.7804486982253573,4.922889338272107
1997.0,BEL,100.0,500.0,BEL,BEL,500.0,500.0,24820.9380503896,38.0,7.99917603,10181245.0,38.0,500.0,10156637.0,7.0,16.13605786023354,10.119483139932166,1.7788243937287849,4.910990748184529
1998.0,BEL,100.0,500.0,BEL,BEL,500.0,500.0,25338.4432934904,38.0,7.99917603,10203008.0,38.0,500.0,10181245.0,8.0,16.13819313674025,10.14011748415828,1.7768134566548341,4.900515612650701
1999.0,BEL,100.0,500.0,BEL,BEL,500.0,510.0,25252.8019066564,38.0,7.99917603,10226419.0,38.0,500.0,10203008.0,9.0,16.140485027770545,10.136731993929546,1.7750397390679127,4.889297025674383
2000.0,BEL,100.0,510.0,BEL,BEL,500.0,530.0,23098.8865077401,38.0,7.99917603,10251250.0,38.0,500.0,10226419.0,10.0,16.142910207332758,10.04758298341297,1.7731366400609287,4.97500304840873
2001.0,BEL,100.0,530.0,BEL,BEL,520.0,540.0,23015.0712632462,42.0,8.14988899,10286570.0,38.0,510.0,10251250.0,11.0,16.146349718908994,10.043948001474687,1.787584608011374,5.152349130954244
2002.0,BEL,100.0,550.0,BEL,BEL,540.0,570.0,25006.191397109,45.0,8.3182106,10332785.0,38.0,530.0,10286570.0,12.0,16.15083240785721,10.126918718369676,1.8168339813983831,5.3228631003161295
2003.0,BEL,100.0,570.0,BEL,BEL,560.0,590.0,30655.2092679024,48.0,9.18925285,10376133.0,42.0,550.0,10332785.0,13.0,16.1550188229379,10.330590507075001,1.8441721277771081,5.4933760004811045
2004.0,BEL,100.0,590.0,BEL,BEL,580.0,610.0,35429.4077933344,51.0,9.35496902,10421137.0,45.0,570.0,10376133.0,14.0,16.159346705419193,10.475325707624902,1.8707825804406721,5.661570325771554
2005.0,BEL,100.0,620.0,BEL,BEL,600.0,640.0,36809.7013403619,54.0,9.25018311,10478617.0,48.0,590.0,10421137.0,15.0,16.164847262500082,10.513543879176128,1.8963552414098492,5.916811350200127
2006.0,BEL,100.0,630.0,BEL,BEL,620.0,650.0,38705.1067959147,63.0,9.1325655,10547958.0,51.0,620.0,10478617.0,16.0,16.17144284464989,10.563752664913073,1.9339548758910403,5.972720027895447
2007.0,BEL,100.0,670.0,BEL,BEL,650.0,690.0,44319.165448813,65.0,9.1392889,10625700.0,54.0,630.0,10547958.0,17.0,16.17878615295755,10.699195054465033,1.9420053965501791,6.305466933943175
2008.0,BEL,100.0,690.0,BEL,BEL,680.0,710.0,48303.397956286,69.0,9.60036659,10709973.0,63.0,670.0,10625700.0,18.0,16.18668592141235,10.78527789049098,1.9886229629330743,6.442593272644105
2009.0,BEL,100.0,700.0,BEL,BEL,690.0,720.0,44923.3400135081,73.0,10.54393387,10796493.0,65.0,690.0,10709973.0,19.0,16.194731917138547,10.712735020692609,2.0072193462638097,6.483586846210153
2010.0,BEL,100.0,700.0,BEL,BEL,690.0,720.0,44197.393671162,78.0,10.41325188,10895586.0,69.0,700.0,10796493.0,20.0,16.203868311054865,10.69644372512399,2.0127122019454706,6.424620025026649
2011.0,BEL,100.0,690.0,BEL,BEL,680.0,720.0,47760.8298776546,83.0,10.41302204,11038264.0,73.0,700.0,10895586.0,21.0,16.216878340071904,10.773982061353765,2.004801508298688,6.250982944419521
2012.0,BEL,100.0,670.0,BEL,BEL,650.0,690.0,44874.1709182123,80.0,10.5865345,11106932.0,78.0,690.0,11038264.0,22.0,16.22307997586528,10.711639934545717,1.9811370382172673,6.032268856962481
2013.0,BEL,100.0,630.0,BEL,BEL,610.0,660.0,46964.5946777056,83.0,10.63787556,11159407.0,83.0,670.0,11106932.0,23.0,16.227793377304945,10.75717058449485,1.950509393008439,5.645461268685693
2014.0,BEL,100.0,590.0,BEL,BEL,580.0,620.0,47995.7786961339,84.0,10.62032604,11209057.0,80.0,630.0,11159407.0,24.0,16.232232670189696,10.778889177140808,1.89393410566058,5.263600675774956
2015.0,BEL,100.0,550.0,BEL,BEL,530.0,570.0,40893.804537772,87.0,10.88387299,11274196.0,83.0,590.0,11209057.0,25.0,16.238027132606476,10.618758305545768,1.834755207578371,4.878396650191286
1990.0,BEN,500.0,2600.0,BEN,BEN,1900.0,3600.0,371.101604332357,0.0,2.9591713,5281479.0,,,,0.0,15.479716730094308,5.91916694690565,,49.228634630564656
1991.0,BEN,500.0,3800.0,BEN,BEN,2900.0,5000.0,364.689296016645,0.0,2.9591713,5446932.0,,2600.0,5281479.0,1.0,15.510563072351776,5.901784054879125,3.916585275042609,69.7640433183304
1992.0,BEN,570.0,5000.0,BEN,BEN,3900.0,6500.0,301.77329696287,0.0,2.9591713,5617844.0,0.0,3800.0,5446932.0,2.0,15.541458518371863,5.712984330629904,4.2593510089582685,89.00211540227889
1993.0,BEN,810.0,6700.0,BEN,BEN,5300.0,8600.0,387.310054813122,0.0,2.9591713,5872706.0,0.0,5000.0,5617844.0,3.0,15.585826073656877,5.961804130847697,4.499833174523805,114.08710056318161
1994.0,BEN,1200.0,8300.0,BEN,BEN,6600.0,10000.0,262.129807445074,0.0,2.9591713,6096506.0,0.0,6700.0,5872706.0,4.0,15.623226378153218,5.572647474844844,4.74568923788507,136.14355501331417
1995.0,BEN,1500.0,9100.0,BEN,BEN,7500.0,11000.0,348.435238914394,0.0,2.9591713,6226773.0,0.0,8300.0,6096506.0,5.0,15.644368779038844,5.856318248122092,4.921028224032371,146.14311457957436
1996.0,BEN,1900.0,9200.0,BEN,BEN,7700.0,11000.0,369.394384135736,0.0,2.9591713,6391858.0,0.0,9100.0,6226773.0,6.0,15.6705355509124,5.914568341036503,4.991405681736761,143.93310990325506
1997.0,BEN,2300.0,8700.0,BEN,BEN,7200.0,10000.0,344.550491498963,0.0,2.9591713,6583365.0,0.0,9200.0,6391858.0,7.0,15.700056570758308,5.845138772903526,4.97627232497188,132.15126306987383
1998.0,BEN,2800.0,8000.0,BEN,BEN,6500.0,9600.0,361.601983057505,0.0,2.9591713,6789489.0,0.0,8700.0,6583365.0,8.0,15.730886238970914,5.8933057673005695,4.891485798282345,117.82919156360663
1999.0,BEN,3200.0,7300.0,BEN,BEN,6100.0,8700.0,525.130597245974,0.0,2.9591713,7002818.0,0.0,8000.0,6789489.0,9.0,15.761823197438023,6.265549465657997,4.777687096976652,104.24374873086806
2000.0,BEN,3600.0,6800.0,BEN,BEN,5700.0,8200.0,487.424141384242,0.0,2.9591713,7221619.0,0.0,7300.0,7002818.0,10.0,15.792589723958523,6.191184170548615,4.656279076317505,94.16171082966298
2001.0,BEN,4000.0,6500.0,BEN,BEN,5500.0,7800.0,492.401499509072,0.0,3.30417323,7445596.0,0.0,6800.0,7221619.0,11.0,15.823133274623451,6.20132324322536,4.55557766372694,87.29992870953514
2002.0,BEN,4400.0,6100.0,BEN,BEN,5200.0,7300.0,546.463829658159,0.0,3.09589195,7675426.0,0.0,6500.0,7445596.0,12.0,15.85353435478319,6.30529639495699,4.480739300243055,79.47441614315609
2003.0,BEN,4700.0,5800.0,BEN,BEN,5000.0,7000.0,676.002878084282,0.0,3.11678505,7913070.0,0.0,6100.0,7675426.0,13.0,15.884026380754655,6.51767552413556,4.387939322025358,73.2964576327519
2004.0,BEN,5000.0,5800.0,BEN,BEN,5000.0,7100.0,758.695803786371,0.0,3.23273873,8159094.0,0.0,5800.0,7913070.0,14.0,15.914643691364304,6.632918094979864,4.308063274042762,71.08632404529229
2005.0,BEN,5200.0,5800.0,BEN,BEN,5000.0,7000.0,779.437777753268,0.0,3.22345805,8426144.0,0.0,5800.0,8159094.0,15.0,15.946849811334715,6.6598550157696135,4.277864345928881,68.83338333643479
2006.0,BEN,5400.0,5400.0,BEN,BEN,4600.0,6500.0,809.147072506221,0.0,3.28773856,8693242.0,0.0,5800.0,8426144.0,16.0,15.978056500164458,6.697215802179801,4.246112166728692,62.11721702904394
2007.0,BEN,5500.0,5400.0,BEN,BEN,4600.0,6600.0,912.338247188342,0.0,2.93715644,8953969.0,0.0,5400.0,8693242.0,17.0,16.007607455637228,6.817106290832754,4.144993585404718,60.30845092271372
2008.0,BEN,3500.0,4700.0,BEN,BEN,3800.0,5800.0,1060.60254502099,19.0,2.65178108,9228466.0,0.0,5400.0,8953969.0,18.0,16.037803395483653,6.967534880359689,4.115917695148331,50.92937439440097
2009.0,BEN,2400.0,4500.0,BEN,BEN,3600.0,5600.0,1024.10277858112,25.0,2.89953876,9509423.0,0.0,4700.0,9228466.0,19.0,16.06779375970508,6.932548158332088,3.9498846106895145,47.32148312258273
2010.0,BEN,2100.0,4100.0,BEN,BEN,3300.0,5200.0,973.244254931526,30.0,3.01848245,9797484.0,19.0,4500.0,9509423.0,20.0,16.09763617598493,6.881662047287422,3.8778762469175754,41.84747839343244
2011.0,BEN,2100.0,3800.0,BEN,BEN,3100.0,4800.0,1059.41358852588,37.0,2.99865556,10093623.0,25.0,4100.0,9797484.0,21.0,16.127414396264705,6.966414288861132,3.75764679601776,37.64753250641519
2012.0,BEN,2000.0,3700.0,BEN,BEN,2900.0,4800.0,1071.5258366283,40.0,3.07562971,10397657.0,30.0,3800.0,10093623.0,22.0,16.157091050268804,6.977771740608327,3.6544829309880744,35.58493995329909
2013.0,BEN,1900.0,3700.0,BEN,BEN,2900.0,4800.0,1168.92699279226,35.0,2.86880755,10708834.0,37.0,3700.0,10397657.0,23.0,16.186579566282386,7.064696626522029,3.599636679041742,34.55091375961192
2014.0,BEN,2100.0,3300.0,BEN,BEN,2500.0,4400.0,1204.39918670094,40.0,2.69111967,11030004.0,40.0,3700.0,10708834.0,24.0,16.216129753876945,7.094566066335708,3.5709658594241787,29.918393501942518
2015.0,BEN,2000.0,2600.0,BEN,BEN,1900.0,3700.0,1002.41886879614,36.0,2.72813416,11360681.0,35.0,3300.0,11030004.0,25.0,16.245668916643616,6.911168316732961,3.4313512657698997,22.885951995307323
1990.0,BFA,6400.0,23000.0,BFA,BFA,16000.0,32000.0,338.593759055128,0.0,4.0211668,9159356.0,,,,0.0,16.030286428501896,5.827750076927714,,251.10935747011033
1991.0,BFA,7600.0,22000.0,BFA,BFA,17000.0,29000.0,333.70605512636,0.0,4.0211668,9394632.0,,23000.0,9159356.0,1.0,16.05564902029139,5.813252699258776,5.529862951593513,234.1762827963884
1992.0,BFA,8700.0,20000.0,BFA,BFA,16000.0,26000.0,348.592443894547,0.0,4.0211668,9629275.0,0.0,22000.0,9394632.0,2.0,16.080318495374268,5.856768029973853,5.460335372489204,207.69995664263408
1993.0,BFA,9700.0,18000.0,BFA,BFA,15000.0,24000.0,324.111576707435,0.0,4.0211668,9871713.0,0.0,20000.0,9629275.0,3.0,16.105183952581527,5.7841684363572865,5.340897606333416,182.33917456879067
1994.0,BFA,11000.0,16000.0,BFA,BFA,13000.0,21000.0,187.21142372606,0.0,4.0211668,10123798.0,0.0,18000.0,9871713.0,4.0,16.130399447860185,5.237565925235043,5.21133785033516,158.0434536524731
1995.0,BFA,11000.0,15000.0,BFA,BFA,12000.0,19000.0,229.092294496817,0.0,4.0211668,10386722.0,0.0,16000.0,10123798.0,5.0,16.15603881762727,5.438480508852683,5.06917745829417,144.41514849439505
1996.0,BFA,12000.0,14000.0,BFA,BFA,11000.0,17000.0,242.733171352672,0.0,4.0211668,10655942.0,0.0,15000.0,10386722.0,6.0,16.181628228804552,5.496074066890122,4.979592744640871,131.38209648663627
1997.0,BFA,12000.0,13000.0,BFA,BFA,11000.0,16000.0,223.853958525611,0.0,4.0211668,10934223.0,0.0,14000.0,10655942.0,7.0,16.207408153326963,5.415451118245696,4.885692411448864,118.89276448815795
1998.0,BFA,13000.0,12000.0,BFA,BFA,10000.0,15000.0,249.53173292493,0.0,4.0211668,11240664.0,0.0,13000.0,10934223.0,8.0,16.235048475418072,5.52358559084493,4.786597713992028,106.75525929784932
1999.0,BFA,13000.0,11000.0,BFA,BFA,9600.0,14000.0,292.836958697313,0.0,4.0211668,11574928.0,0.0,12000.0,11240664.0,9.0,16.26435193761485,5.683025051258124,4.679862537981536,95.03298854213175
2000.0,BFA,13000.0,11000.0,BFA,BFA,8900.0,13000.0,248.908526921752,0.0,4.0211668,11925546.0,0.0,11000.0,11574928.0,10.0,16.294193379854047,5.52109495859433,4.564691763087553,92.2389633145518
2001.0,BFA,13000.0,9800.0,BFA,BFA,8000.0,12000.0,259.485223380436,0.0,3.95983911,12295001.0,0.0,11000.0,11925546.0,11.0,16.324703314966303,5.562546135517127,4.535165695643196,79.70719156509219
2002.0,BFA,13000.0,9200.0,BFA,BFA,7500.0,11000.0,285.654087637533,0.0,4.17985535,12680897.0,0.0,9800.0,12295001.0,12.0,16.355607245796225,5.658276219282486,4.390827686114488,72.55007275904852
2003.0,BFA,12000.0,8400.0,BFA,BFA,6700.0,10000.0,362.373899996953,1.0,4.42266035,13082532.0,0.0,9200.0,12680897.0,13.0,16.386788463241178,5.89543233169029,4.297966436293028,64.20775427875888
2004.0,BFA,12000.0,7600.0,BFA,BFA,6000.0,9200.0,403.81283743461,3.0,5.23083639,13500533.0,0.0,8400.0,13082532.0,14.0,16.418239724110766,6.003424830500571,4.177578392516729,56.29407372286708
2005.0,BFA,10000.0,7000.0,BFA,BFA,5500.0,8700.0,441.164148016012,7.0,4.83784914,13932123.0,1.0,7600.0,13500533.0,15.0,16.449707739025094,6.091681188736685,4.0481971929420215,50.243598911666226
2006.0,BFA,9000.0,6300.0,BFA,BFA,4900.0,8000.0,455.513655620024,11.0,5.17043304,14373707.0,3.0,7000.0,13932123.0,16.0,16.480911192776052,6.123618613322608,3.936590710933391,43.83002937238111
2007.0,BFA,8000.0,5700.0,BFA,BFA,4300.0,7000.0,514.684451177238,14.0,5.77535009,14816307.0,7.0,6300.0,14373707.0,17.0,16.511238956495756,6.2454950496953225,3.802878213361894,38.47112509210291
2008.0,BFA,7200.0,5400.0,BFA,BFA,4100.0,6900.0,619.437533256264,19.0,4.96721601,15258093.0,11.0,5700.0,14816307.0,18.0,16.54062060877693,6.430424927951251,3.675569394262236,35.39105443910979
2009.0,BFA,6100.0,4900.0,BFA,BFA,3800.0,6300.0,601.569520671859,24.0,5.19683933,15710066.0,14.0,5400.0,15258093.0,19.0,16.569812211368745,6.4012030457154765,3.59432298727214,31.190193599441272
2010.0,BFA,5500.0,4700.0,BFA,BFA,3600.0,5900.0,624.957252224766,29.0,5.28967237,16176498.0,19.0,4900.0,15710066.0,20.0,16.599070006118648,6.439282081587538,3.471661859565426,29.05449622038095
2011.0,BFA,5000.0,4100.0,BFA,BFA,3100.0,5300.0,725.024767725475,34.0,4.64868164,16661908.0,24.0,4700.0,16176498.0,21.0,16.628635713955713,6.587584129567228,3.4030122744268683,24.607025798005846
2012.0,BFA,4800.0,4000.0,BFA,BFA,3000.0,5200.0,731.470138867833,37.0,4.60267258,17172287.0,29.0,4100.0,16661908.0,22.0,16.658807421441058,6.596422574009525,3.242866759066916,23.293344677968637
2013.0,BFA,4500.0,3600.0,BFA,BFA,2700.0,4800.0,759.762065168498,41.0,5.56331587,17695409.0,34.0,4000.0,17172287.0,23.0,16.688815785368554,6.634320648222134,3.1902024312690207,20.344259915100015
2014.0,BFA,4300.0,3100.0,BFA,BFA,2300.0,4300.0,764.861675106225,47.0,5.00027227,18229461.0,37.0,3600.0,17695409.0,24.0,16.718549579569363,6.641001572632643,3.060782847090666,17.005439711026014
2015.0,BFA,4000.0,3500.0,BFA,BFA,2700.0,4600.0,630.124750752312,53.0,5.13192415,18777487.0,41.0,3100.0,18229461.0,25.0,16.74816921022413,6.447503546252976,2.8906739184091905,18.639341888507232
1990.0,BGD,100.0,100.0,BGD,BGD,100.0,100.0,283.053737055234,0.0,1.80504513,111633717.0,,,,0.0,18.530733685937236,5.649163435245527,,0.08957867093147136
1991.0,BGD,100.0,100.0,BGD,BGD,100.0,100.0,272.064948495878,0.0,1.80504513,113787109.0,,100.0,111633717.0,1.0,18.54983979555996,5.609709673467985,0.08579108108520056,0.08788341744406214
1992.0,BGD,100.0,100.0,BGD,BGD,100.0,100.0,273.465072520272,0.0,1.80504513,115952192.0,0.0,100.0,113787109.0,2.0,18.568688526187426,5.614824012490535,0.08423398960794728,0.0862424403326502
1993.0,BGD,100.0,100.0,BGD,BGD,100.0,100.0,280.757274450366,0.0,1.80504513,118132360.0,0.0,100.0,115952192.0,3.0,18.587316248715496,5.641045971398888,0.08272443815566465,0.08465081032834694
1994.0,BGD,100.0,100.0,BGD,BGD,100.0,100.0,280.603031791216,0.0,1.80504513,120343179.0,0.0,100.0,118132360.0,4.0,18.605858044226576,5.640498390529965,0.08125810139405307,0.08309569418969728
1995.0,BGD,100.0,100.0,BGD,BGD,100.0,100.0,309.458680823367,0.0,1.80504513,122600370.0,0.0,100.0,120343179.0,5.0,18.624440599406366,5.738050819485897,0.07982332440127583,0.08156582235436972
1996.0,BGD,100.0,100.0,BGD,BGD,100.0,100.0,371.917937677345,0.0,1.80504513,124862179.0,0.0,100.0,122600370.0,6.0,18.64272111899133,5.921358389211938,0.078409826652685,0.08008830279984142
1997.0,BGD,100.0,200.0,BGD,BGD,200.0,200.0,379.284917709635,0.0,1.80504513,127198069.0,0.0,100.0,124862179.0,7.0,18.661256027937455,5.940920755219655,0.07704279964551532,0.15723509135975955
1998.0,BGD,100.0,200.0,BGD,BGD,200.0,200.0,385.616881752796,0.0,1.80504513,129622332.0,0.0,200.0,127198069.0,8.0,18.68013564185277,5.957434233055185,0.14603361802902776,0.15429440044328163
1999.0,BGD,100.0,500.0,BGD,BGD,200.0,500.0,388.095684268235,0.0,1.80504513,132108065.0,0.0,200.0,129622332.0,9.0,18.6991308198621,5.96382528835417,0.14348924858588338,0.37847802857456125
2000.0,BGD,100.0,500.0,BGD,BGD,500.0,500.0,396.670730249751,0.0,1.80504513,134544304.0,0.0,500.0,132108065.0,10.0,18.71740410053615,5.98562435194361,0.32098001270729437,0.3716247995158532
2001.0,BGD,100.0,500.0,BGD,BGD,500.0,530.0,394.65641001891,0.0,1.77201855,136805810.0,0.0,500.0,134544304.0,11.0,18.7340730330111,5.980546183159677,0.31599602216339356,0.36548155374395286
2002.0,BGD,100.0,600.0,BGD,BGD,540.0,680.0,393.886422327628,0.0,1.93417108,138933658.0,0.0,500.0,136805810.0,12.0,18.7495070965848,5.978598185142959,0.31150715304795984,0.4318607950277966
2003.0,BGD,200.0,730.0,BGD,BGD,650.0,820.0,426.74880754362,0.0,1.96152198,140970351.0,0.0,600.0,138933658.0,13.0,18.764060149635476,6.058536125027026,0.3589748536371188,0.5178393859571223
2004.0,BGD,200.0,830.0,BGD,BGD,740.0,920.0,455.614016909798,0.0,1.99854314,142902856.0,0.0,730.0,140970351.0,14.0,18.77767562870458,6.1238384320690935,0.41728786702319437,0.5808141441203947
2005.0,BGD,200.0,880.0,BGD,BGD,780.0,980.0,480.08585075452,0.0,2.05873919,144715786.0,0.0,830.0,142902856.0,15.0,18.790282280329965,6.176045738076536,0.4579399954160198,0.608088463825225
2006.0,BGD,500.0,880.0,BGD,BGD,770.0,990.0,490.388026533289,1.0,2.10646582,146405973.0,0.0,880.0,144715786.0,16.0,18.80189395783955,6.197234093761099,0.4750461840601973,0.6010683730779208
2007.0,BGD,500.0,880.0,BGD,BGD,780.0,1000.0,537.955492792911,1.0,2.17268491,147989278.0,0.0,880.0,146405973.0,17.0,18.812650383158108,6.289632993831535,0.470671139584831,0.5946376736833597
2008.0,BGD,500.0,910.0,BGD,BGD,800.0,1000.0,613.06204104124,4.0,2.11878848,149474264.0,1.0,880.0,147989278.0,18.0,18.822634788818803,6.420095967083645,0.4666465465963116,0.6088004554416137
2009.0,BGD,500.0,930.0,BGD,BGD,820.0,1000.0,679.211477428056,5.0,2.18321705,150873714.0,1.0,910.0,149474264.0,19.0,18.83195371373338,6.522403746038582,0.47548884257025675,0.6164095622382572
2010.0,BGD,500.0,930.0,BGD,BGD,830.0,1000.0,757.385280361508,6.0,2.28807664,152201981.0,4.0,930.0,150873714.0,20.0,18.84071901907588,6.63119154194643,0.4802073699670302,0.6110301547257785
2011.0,BGD,500.0,990.0,BGD,BGD,880.0,1100.0,837.336944695647,8.0,2.36418128,153591076.0,5.0,930.0,152201981.0,21.0,18.8498042780317,6.7314201016445,0.47687382203690043,0.6445686987699728
2012.0,BGD,500.0,1100.0,BGD,BGD,970.0,1200.0,859.680536375497,9.0,2.3537879,155070101.0,6.0,990.0,153591076.0,22.0,18.859387837158877,6.757723397684732,0.49747816064215356,0.7093566025342306
2013.0,BGD,500.0,1200.0,BGD,BGD,1100.0,1300.0,958.262989798283,11.0,2.29574466,156532141.0,8.0,1100.0,155070101.0,23.0,18.868771920660087,6.866165270654643,0.5361170438846488,0.7666157201542398
2014.0,BGD,500.0,1200.0,BGD,BGD,1100.0,1400.0,1094.46199702838,12.0,2.27915168,157964929.0,9.0,1200.0,156532141.0,24.0,18.87788359799819,6.998931468363866,0.56906569382561,0.7596622918749262
2015.0,BGD,500.0,1300.0,BGD,BGD,1200.0,1500.0,1224.38647668165,13.0,2.27217698,159383179.0,11.0,1200.0,157964929.0,25.0,18.886821791775866,7.1110115643906475,0.5651219110222924,0.8156444162780816
1990.0,BGR,100.0,200.0,BGR,BGR,200.0,500.0,2377.3707947508,4.0,5.82970953,8718289.0,,,,0.0,15.980933561036034,7.774170992240349,,2.294028105744143
1991.0,BGR,100.0,200.0,BGR,BGR,200.0,500.0,883.739622070812,4.0,5.82970953,8632367.0,,200.0,8718289.0,1.0,15.97102930123504,6.78529338936962,1.192111164124677,2.3168616440890433
1992.0,BGR,100.0,200.0,BGR,BGR,200.0,500.0,1007.34296439412,4.0,5.82970953,8540164.0,4.0,200.0,8632367.0,2.0,15.960290769327436,6.91606363321646,1.1990190479370197,2.3418754019243657
1993.0,BGR,100.0,200.0,BGR,BGR,200.0,500.0,1278.5223581096,4.0,5.82970953,8472313.0,4.0,200.0,8540164.0,3.0,15.95231411081227,7.154242129546118,1.206532146989972,2.360630444130192
1994.0,BGR,100.0,500.0,BGR,BGR,200.0,500.0,1149.89347084177,4.0,5.82970953,8443591.0,4.0,200.0,8472313.0,4.0,15.948918250017421,7.048293850869267,1.2121285885560016,5.921651107923157
1995.0,BGR,100.0,500.0,BGR,BGR,200.0,500.0,2259.36679369328,4.0,5.82970953,8406067.0,4.0,500.0,8443591.0,5.0,15.944464265012698,7.723282377191793,1.9346543405801266,5.948084877267812
1996.0,BGR,100.0,500.0,BGR,BGR,200.0,500.0,1470.26721873691,4.0,5.82970953,8362826.0,4.0,500.0,8406067.0,6.0,15.93930696621633,7.293879361980537,1.938466064376179,5.978840167187503
1997.0,BGR,100.0,200.0,BGR,BGR,100.0,200.0,1361.47904618155,4.0,5.82970953,8312068.0,4.0,500.0,8362826.0,7.0,15.933218992670952,7.2170611474698205,1.9428827378079379,2.406140084513264
1998.0,BGR,100.0,100.0,BGR,BGR,100.0,200.0,1820.5415264678,4.0,5.82970953,8256786.0,4.0,200.0,8312068.0,8.0,15.926545965660289,7.507438414139778,1.2255797101420212,1.2111250067520218
1999.0,BGR,100.0,100.0,BGR,BGR,100.0,200.0,1660.9935924411,4.0,5.82970953,8210624.0,4.0,100.0,8256786.0,9.0,15.920939483412495,7.415773120077697,0.7935014388351935,1.217934227654317
2000.0,BGR,100.0,200.0,BGR,BGR,100.0,200.0,1621.3452487867,4.0,5.82970953,8170172.0,4.0,100.0,8210624.0,10.0,15.916000519246161,7.391628065777802,0.7965762345905263,2.4479288808118116
2001.0,BGR,100.0,200.0,BGR,BGR,100.0,200.0,1770.99748249575,6.0,6.85958815,8009142.0,4.0,200.0,8170172.0,11.0,15.896094197202334,7.479862710450558,1.2377737263740516,2.4971463859674357
2002.0,BGR,100.0,200.0,BGR,BGR,100.0,200.0,2093.08967660564,6.0,7.0809865,7837161.0,4.0,200.0,8009142.0,12.0,15.874387209399332,7.646874216017623,1.2519473176476186,2.551944511539319
2003.0,BGR,100.0,200.0,BGR,BGR,100.0,200.0,2719.63335037372,8.0,7.19987392,7775327.0,6.0,200.0,7837161.0,13.0,15.866466073022977,7.908619981586932,1.267495203256585,2.5722390839639284
2004.0,BGR,100.0,200.0,BGR,BGR,200.0,200.0,3389.86047992391,9.0,6.89090872,7716860.0,6.0,200.0,7775327.0,14.0,15.858918103510241,8.128838997051504,1.2731925935750046,2.591727723452285
2005.0,BGR,100.0,200.0,BGR,BGR,200.0,200.0,3900.02501966492,10.0,6.89011478,7658972.0,8.0,200.0,7716860.0,15.0,15.851388329055306,8.26899462314026,1.2786333467462925,2.6113165056615952
2006.0,BGR,100.0,200.0,BGR,BGR,200.0,200.0,4523.37797301782,11.0,6.52544546,7601022.0,9.0,200.0,7658972.0,16.0,15.843793269899995,8.417235382158465,1.2840723888728556,2.631225116832973
2007.0,BGR,100.0,200.0,BGR,BGR,200.0,200.0,5888.87094585161,13.0,6.15651751,7545338.0,10.0,200.0,7601022.0,17.0,15.836440447060081,8.680989365684301,1.289570089087335,2.650643350900914
2008.0,BGR,100.0,200.0,BGR,BGR,200.0,200.0,7271.67443724077,14.0,6.28281593,7492561.0,11.0,200.0,7545338.0,18.0,15.829421219614622,8.891879375951865,1.294903412583138,2.6693142705144473
2009.0,BGR,100.0,200.0,BGR,BGR,200.0,200.0,6988.63048446496,17.0,6.59577608,7444443.0,13.0,200.0,7492561.0,19.0,15.82297840598915,8.852182970377738,1.300004797337085,2.6865676854534315
2010.0,BGR,100.0,200.0,BGR,BGR,200.0,500.0,6854.2987837778,19.0,7.09477949,7395599.0,14.0,200.0,7444443.0,20.0,15.816395651522791,8.832777177301528,1.3046958586353004,2.7043110368747687
2011.0,BGR,100.0,200.0,BGR,BGR,200.0,500.0,7849.98219737366,22.0,7.10250568,7348328.0,17.0,200.0,7395599.0,21.0,15.809983362317642,8.968393923634057,1.3094972864967065,2.721707577560501
2012.0,BGR,100.0,200.0,BGR,BGR,200.0,500.0,7432.33753378983,25.0,7.53903675,7305888.0,19.0,200.0,7348328.0,22.0,15.804191156353998,8.913730233863774,1.3141825891906869,2.7375180128685246
2013.0,BGR,100.0,200.0,BGR,BGR,200.0,500.0,7796.37945241455,28.0,7.14167452,7160005.0,22.0,200.0,7305888.0,23.0,15.784021237260607,8.961542988588752,1.3184217582017863,2.7932941387610764
2014.0,BGR,100.0,200.0,BGR,BGR,200.0,500.0,8070.01289303544,31.0,7.68306208,7073572.0,25.0,200.0,7160005.0,24.0,15.771876143665825,8.996034266775139,1.333234807488402,2.8274258041057614
2015.0,BGR,100.0,200.0,BGR,BGR,200.0,500.0,7269.02586513711,34.0,7.39363575,6984225.0,28.0,200.0,7073572.0,25.0,15.75916459247748,8.89151512831176,1.3421924634123041,2.863596175667307
1990.0,BHR,100.0,100.0,BHR,BHR,100.0,100.0,9342.53891401688,7.0,3.20020556,514797.0,,,,0.0,13.1515279271813,9.142440358175907,,19.425132625092996
1991.0,BHR,100.0,100.0,BHR,BHR,100.0,100.0,10434.1323962786,7.0,3.20020556,503052.0,,100.0,514797.0,1.0,13.12844882346023,9.252933507143185,3.016766133997592,19.878660655359685
1992.0,BHR,100.0,100.0,BHR,BHR,100.0,100.0,10460.1583222808,7.0,3.20020556,516458.0,7.0,100.0,503052.0,2.0,13.154749247681734,9.255424469755647,3.038727616098816,19.3626587253949
1993.0,BHR,100.0,100.0,BHR,BHR,100.0,100.0,11151.871495742,7.0,3.20020556,530225.0,7.0,100.0,516458.0,3.0,13.181056723743547,9.319452276982673,3.0137027688834133,18.859917959356878
1994.0,BHR,100.0,100.0,BHR,BHR,100.0,100.0,11629.3595219612,7.0,3.20020556,544366.0,7.0,100.0,530225.0,4.0,13.207377093731226,9.361374158359167,2.9887035276596965,18.36999371746215
1995.0,BHR,100.0,100.0,BHR,BHR,100.0,100.0,11900.9317778335,7.0,3.20020556,558879.0,7.0,100.0,544366.0,5.0,13.233688270746187,9.384456000196561,2.9637251530751323,17.892960730319086
1996.0,BHR,100.0,100.0,BHR,BHR,100.0,100.0,12091.7802188235,7.0,3.20020556,573792.0,7.0,100.0,558879.0,6.0,13.26002224029209,9.400363877372499,2.9387894045582996,17.42791813061179
1997.0,BHR,100.0,100.0,BHR,BHR,100.0,100.0,12254.6662583128,7.0,3.20020556,589115.0,7.0,100.0,573792.0,7.0,13.286376689755635,9.413743660727818,2.913866804401103,16.974614464068985
1998.0,BHR,100.0,100.0,BHR,BHR,100.0,100.0,11625.0343768343,7.0,3.20020556,604842.0,7.0,100.0,589115.0,8.0,13.312722545880751,9.361002205149605,2.888960454924738,16.53324339248928
1999.0,BHR,100.0,100.0,BHR,BHR,100.0,100.0,12123.3534715368,7.0,3.20020556,620989.0,7.0,100.0,604842.0,9.0,13.339068647393193,9.40297139244891,2.864098701356463,16.10334482575376
2000.0,BHR,100.0,100.0,BHR,BHR,100.0,100.0,14214.4836839343,7.0,3.20020556,637582.0,7.0,100.0,620989.0,10.0,13.365438175193898,9.562087049811833,2.8392740482259256,15.684257083794712
2001.0,BHR,100.0,100.0,BHR,BHR,100.0,100.0,13573.2339887597,8.0,3.3434751,661316.0,7.0,100.0,637582.0,11.0,13.401987068137947,9.515928715126012,2.8144655852183016,15.121364068009846
2002.0,BHR,100.0,100.0,BHR,BHR,100.0,100.0,13501.4708801425,12.0,3.52897096,710553.0,7.0,100.0,661316.0,12.0,13.47379881909258,9.510627975837615,2.780145353102034,14.073545534252899
2003.0,BHR,100.0,100.0,BHR,BHR,100.0,100.0,14486.0269029822,12.0,3.72810912,764517.0,8.0,100.0,710553.0,13.0,13.546999540860071,9.581008831582945,2.7129412559852906,13.080153874930184
2004.0,BHR,100.0,100.0,BHR,BHR,100.0,100.0,15963.9493171617,12.0,3.35499287,823741.0,12.0,100.0,764517.0,14.0,13.621611439094252,9.678150930521964,2.64476627928738,12.139738097290289
2005.0,BHR,100.0,100.0,BHR,BHR,100.0,100.0,17966.1657837625,15.0,3.12594414,888822.0,12.0,100.0,823741.0,15.0,13.697652269476468,9.796301248015427,2.575641081144757,11.250846626208622
2006.0,BHR,100.0,100.0,BHR,BHR,100.0,100.0,19267.282615072,17.0,2.98138189,960424.0,12.0,100.0,888822.0,16.0,13.775130132604673,9.866215635229839,2.505595046946149,10.412068003298543
2007.0,BHR,100.0,100.0,BHR,BHR,100.0,100.0,20908.4042548073,19.0,3.16071057,1039295.0,15.0,100.0,960424.0,17.0,13.854053156634507,9.947954301094152,2.434671392262569,9.62190715821783
2008.0,BHR,100.0,100.0,BHR,BHR,100.0,100.0,23299.4992780392,20.0,3.07321215,1103496.0,17.0,100.0,1039295.0,18.0,13.913993879842272,10.056230067566236,2.3629185814440112,9.062108063826239
2009.0,BHR,100.0,100.0,BHR,BHR,100.0,100.0,19465.3140745038,21.0,4.15054226,1178415.0,19.0,100.0,1103496.0,19.0,13.979680873173779,9.876440767373067,2.308776691807345,8.485974805140803
2010.0,BHR,100.0,100.0,BHR,BHR,100.0,100.0,21819.3291098099,24.0,3.92259479,1228543.0,20.0,100.0,1178415.0,20.0,14.021339472365815,9.990597342216024,2.249814371447309,8.139723233130628
2011.0,BHR,100.0,100.0,BHR,BHR,100.0,100.0,25032.7867743333,28.0,3.7181015,1195020.0,21.0,100.0,1228543.0,21.0,13.99367347960937,10.12798166240875,2.212630104168485,8.368060785593547
2012.0,BHR,100.0,100.0,BHR,BHR,100.0,100.0,26438.6733230428,30.0,3.95061135,1208964.0,24.0,100.0,1195020.0,22.0,14.005274352478658,10.18262093848244,2.2373061149158624,8.271544892982753
2013.0,BHR,100.0,100.0,BHR,BHR,100.0,100.0,26989.7601148469,31.0,4.14491081,1253191.0,28.0,100.0,1208964.0,23.0,14.04120365641932,10.203249868447902,2.226950020814537,7.979629601553155
2014.0,BHR,100.0,100.0,BHR,BHR,100.0,100.0,26451.7965647453,33.0,4.2369051,1314562.0,30.0,100.0,1253191.0,24.0,14.08901408826268,10.183117161933515,2.194958634420347,7.607096508190561
2015.0,BHR,100.0,100.0,BHR,BHR,100.0,100.0,23734.0551143019,35.0,4.75126362,1370322.0,31.0,100.0,1314562.0,25.0,14.130556306683907,10.074708353051477,2.1525870383604366,7.297554881261484
1990.0,BHS,100.0,540.0,BHS,BHS,500.0,610.0,11473.3008389353,1.0,3.80487037,275945.0,,,,0.0,12.527956849478995,9.347865104003676,,195.69117034191598
1991.0,BHS,200.0,520.0,BHS,BHS,500.0,590.0,11082.3528573617,1.0,3.80487037,280731.0,,540.0,275945.0,1.0,12.545152194442364,9.313199518980808,5.281634835429243,185.23070127631078
1992.0,BHS,200.0,510.0,BHS,BHS,500.0,580.0,10873.4047501635,1.0,3.80487037,285927.0,1.0,520.0,280731.0,2.0,12.563491812466259,9.294167118841687,5.226986234582626,178.36720561541932
1993.0,BHS,200.0,500.0,BHS,BHS,500.0,560.0,10613.0658785813,1.0,3.80487037,291339.0,1.0,510.0,285927.0,3.0,12.582242816581314,9.269935370131467,5.189435132554692,171.62137578559683
1994.0,BHS,500.0,500.0,BHS,BHS,500.0,530.0,10991.2346674131,1.0,3.80487037,296509.0,1.0,500.0,291339.0,4.0,12.599832851090774,9.30494436316193,5.151100616784063,168.62894549575222
1995.0,BHS,500.0,500.0,BHS,BHS,500.0,500.0,11374.6056703852,1.0,3.80487037,301461.0,1.0,500.0,296509.0,5.0,12.616395933548695,9.339226488149796,5.133613377992124,165.8589336597437
1996.0,BHS,500.0,500.0,BHS,BHS,500.0,500.0,11783.797197226,1.0,3.80487037,306268.0,1.0,500.0,301461.0,6.0,12.632215814624065,9.374565606671123,5.1171487468251,163.25571068475975
1997.0,BHS,500.0,500.0,BHS,BHS,500.0,500.0,20367.5732702056,1.0,3.80487037,310904.0,1.0,500.0,306268.0,7.0,12.647239461837351,9.921748466031783,5.101424425008475,160.8213467822865
1998.0,BHS,500.0,500.0,BHS,BHS,500.0,500.0,21667.448821694,1.0,3.80487037,315368.0,1.0,500.0,310904.0,8.0,12.661495489898376,9.983612510136,5.0864929290634295,158.54493797722026
1999.0,BHS,500.0,500.0,BHS,BHS,500.0,500.0,24041.0933188158,1.0,3.80487037,319614.0,1.0,500.0,315368.0,9.0,12.674869296670801,10.087561461348049,5.072325625346737,156.4387041869255
2000.0,BHS,500.0,500.0,BHS,BHS,500.0,500.0,24940.0775086078,1.0,3.80487037,323835.0,1.0,500.0,319614.0,10.0,12.68798940579867,10.124271422334754,5.059036202750036,154.39961708894964
2001.0,BHS,500.0,500.0,BHS,BHS,500.0,500.0,25371.9237667614,2.0,3.92440891,327836.0,1.0,500.0,323835.0,11.0,12.7002687623246,10.141437890996935,5.045999973895438,152.51528203125952
2002.0,BHS,500.0,500.0,BHS,BHS,500.0,500.0,26781.6195938652,3.0,3.81251931,331614.0,1.0,500.0,327836.0,12.0,12.711726920893673,10.195508433500223,5.0338001192786646,150.77771143558476
2003.0,BHS,500.0,500.0,BHS,BHS,500.0,500.0,26429.1247787663,17.0,4.01998568,335618.0,2.0,500.0,331614.0,13.0,12.723728887416963,10.18225972869072,5.022417025693588,148.97889862879822
2004.0,BHS,500.0,500.0,BHS,BHS,500.0,500.0,26650.2934234303,21.0,4.04628181,339782.0,3.0,500.0,335618.0,14.0,12.736059514480216,10.190592962128475,5.010494608392475,147.15317468259062
2005.0,BHS,200.0,500.0,BHS,BHS,500.0,500.0,28602.4181869995,25.0,4.03196478,343894.0,17.0,500.0,339782.0,15.0,12.74808874933591,10.261281506694308,4.998246702629606,145.39363873751796
2006.0,BHS,200.0,500.0,BHS,BHS,200.0,500.0,29184.7865087908,32.0,4.30935764,348375.0,21.0,500.0,343894.0,16.0,12.761034764784249,10.281437106351037,4.986299149336716,143.52350197344816
2007.0,BHS,200.0,500.0,BHS,BHS,200.0,500.0,30051.8489587756,32.0,4.49598694,353334.0,25.0,500.0,348375.0,17.0,12.775169064210813,10.310712742749814,4.973442137742347,141.50916696383592
2008.0,BHS,200.0,200.0,BHS,BHS,200.0,500.0,29392.3824416397,37.0,4.86261654,358120.0,32.0,500.0,353334.0,18.0,12.788623404748092,10.28852484097183,4.959406327210425,55.84720205517703
2009.0,BHS,200.0,200.0,BHS,BHS,200.0,500.0,27512.9130950084,41.0,5.1500144,362810.0,32.0,200.0,358120.0,19.0,12.801634560239066,10.222447086442441,4.040367002717611,55.12527218103139
2010.0,BHS,200.0,200.0,BHS,BHS,200.0,200.0,27473.100430502,30.0,5.25594234,367478.0,37.0,200.0,362810.0,20.0,12.814418731897533,10.220999037352808,4.02758619560133,54.4250268043257
2011.0,BHS,200.0,200.0,BHS,BHS,200.0,200.0,27090.8376801379,30.0,5.32398558,371729.0,41.0,200.0,367478.0,21.0,12.825920373150478,10.20698776888535,4.015031239116614,53.802635791127415
2012.0,BHS,200.0,200.0,BHS,BHS,200.0,200.0,28552.0242683151,38.0,5.3190918,375469.0,30.0,200.0,371729.0,22.0,12.835931190187132,10.25951813831175,4.003738291175518,53.266714429153936
2013.0,BHS,200.0,200.0,BHS,BHS,200.0,200.0,27642.7419759179,46.0,5.68411207,378953.0,30.0,200.0,375469.0,23.0,12.845167465820529,10.227154651349098,3.993911045044057,52.776993453013965
2014.0,BHS,200.0,200.0,BHS,BHS,100.0,200.0,29137.2175632622,55.0,5.64133978,382298.0,38.0,200.0,378953.0,24.0,12.853955688177228,10.279805909836563,3.9848457447226635,52.315209600887265
2015.0,BHS,200.0,200.0,BHS,BHS,100.0,200.0,30719.405417469,54.0,5.244627,385346.0,46.0,200.0,382298.0,25.0,12.861896910978396,10.332682384357762,3.976221648830459,51.901408085201346
1990.0,BIH,,,BIH,BIH,,,1742.88262171767,,7.96239424,4448652.0,,,,0.0,15.30811168690417,7.463869298142936,,
1991.0,BIH,,,BIH,BIH,,,1373.37104472973,,7.96239424,4458343.0,,,4448652.0,1.0,15.310287730300184,7.225751483436566,,
1992.0,BIH,,,BIH,BIH,,,1118.17569934079,,7.96239424,4234616.0,,,4458343.0,2.0,15.25880320899385,7.020347710589452,,
1993.0,BIH,,,BIH,BIH,,,929.872118717018,,7.96239424,3904482.0,,,4234616.0,3.0,15.177635682008932,6.836121908784465,,
1994.0,BIH,,,BIH,BIH,,,337.090896023259,,7.96239424,3725412.0,,,3904482.0,4.0,15.130688007706468,5.823314782475408,,
1995.0,BIH,,,BIH,BIH,,,502.365980975339,,7.96239424,3715564.0,,,3725412.0,5.0,15.128041041569245,6.221317501902267,,
1996.0,BIH,,,BIH,BIH,,,718.933797141505,,7.96239424,3875246.0,,,3715564.0,6.0,15.170119702625536,6.57915925936801,,
1997.0,BIH,,,BIH,BIH,,,913.813399054859,,7.96239424,4018227.0,,,3875246.0,7.0,15.20635131853023,6.818720109018687,,
1998.0,BIH,,,BIH,BIH,,,1006.70479669823,,7.96239424,4089356.0,,,4018227.0,8.0,15.223898058408583,6.915430545320905,,
1999.0,BIH,,,BIH,BIH,,,1134.60298042083,,7.96239424,4130305.0,,,4089356.0,9.0,15.233861812089382,7.034919049129389,,
2000.0,BIH,,,BIH,BIH,,,1338.48059636261,,7.96239424,4159771.0,,,4130305.0,10.0,15.240970582645321,7.20003720314821,,
2001.0,BIH,,,BIH,BIH,,,1387.89362942121,,7.5734477,4179438.0,,,4159771.0,11.0,15.245687345700993,7.23626275913162,,
2002.0,BIH,,,BIH,BIH,,,1606.5467454132,,7.39934349,4188002.0,,,4179438.0,12.0,15.24773432852737,7.382464535261724,,
2003.0,BIH,,,BIH,BIH,,,2033.94700935864,,8.28056145,4178523.0,,,4188002.0,13.0,15.245468392776075,7.618225057910454,,
2004.0,BIH,,,BIH,BIH,,,2452.6860917386,,9.06270218,4140987.0,,,4178523.0,14.0,15.236444723184453,7.805346700111847,,
2005.0,BIH,,,BIH,BIH,,,2739.61076866057,,8.82041836,4096493.0,,,4140987.0,15.0,15.225641799786763,7.91593608281204,,
2006.0,BIH,,,BIH,BIH,,,3166.12865344833,,8.88362694,4063272.0,,,4096493.0,16.0,15.217499118335802,8.06058066884216,,
2007.0,BIH,,,BIH,BIH,,,3931.48948737505,,9.25501442,4013424.0,,,4063272.0,17.0,15.205155300283785,8.277027961661231,,
2008.0,BIH,,,BIH,BIH,,,4841.69311934649,,9.48630238,3947544.0,,,4013424.0,18.0,15.188604171344938,8.485226274578164,,
2009.0,BIH,,,BIH,BIH,,,4539.91863774968,,9.0152092,3879794.0,,,3947544.0,19.0,15.171292617406479,8.420884613683455,,
2010.0,BIH,,,BIH,BIH,,,4506.47828548389,,9.01212692,3811472.0,,,3879794.0,20.0,15.153526024194317,8.413493137646876,,
2011.0,BIH,,,BIH,BIH,,,4982.69375768263,,9.1712122,3741798.0,,,3811472.0,21.0,15.1350768025312,8.513926613491707,,
2012.0,BIH,,,BIH,BIH,,,4693.78899115381,,9.4791584,3670113.0,,,3741798.0,22.0,15.11573300974748,8.45420844732116,,
2013.0,BIH,,,BIH,BIH,,,5034.56634817068,,9.43616295,3610859.0,,,3670113.0,23.0,15.099456252141923,8.524281281085335,,
2014.0,BIH,,,BIH,BIH,,,5206.06573475132,,9.4710331,3564829.0,,,3610859.0,24.0,15.0866266443407,8.557771777387288,,
2015.0,BIH,,,BIH,BIH,,,4662.25869219448,,9.24086571,3518541.0,,,3564829.0,25.0,15.073556973013757,8.447469772900735,,
1990.0,BLR,,,BLR,BLR,,,1706.64091882343,,5.28088045,10189348.0,,,,0.0,16.136853418853494,7.442868117365169,,
1991.0,BLR,,,BLR,BLR,,,1805.45592531527,,5.28088045,10194050.0,,,10189348.0,1.0,16.13731477471608,7.499122152457386,,
1992.0,BLR,,,BLR,BLR,,,1658.08641281239,,5.28088045,10216470.0,,,10194050.0,2.0,16.139511681900938,7.4140223761229125,,
1993.0,BLR,,,BLR,BLR,,,1589.51011343649,,5.28088045,10239050.0,,,10216470.0,3.0,16.141719399834415,7.3718100698212865,,
1994.0,BLR,,,BLR,BLR,,,1460.00791360458,,5.28088045,10226955.0,,,10239050.0,4.0,16.140537439661134,7.286881828303162,,
1995.0,BLR,,,BLR,BLR,,,1370.69991385664,,5.28088045,10193831.0,,,10226955.0,5.0,16.137293291365264,7.223806062683922,,
1996.0,BLR,,,BLR,BLR,,,1427.26896385327,,5.28088045,10159569.0,,,10193831.0,6.0,16.13392657795496,7.264218475201193,,
1997.0,BLR,,,BLR,BLR,,,1396.44201900881,,5.28088045,10117433.0,,,10159569.0,7.0,16.129770533520954,7.242398715087206,,
1998.0,BLR,,,BLR,BLR,,,1511.32531567314,,5.28088045,10071963.0,,,10117433.0,8.0,16.125266181149136,7.321403689465253,,
1999.0,BLR,,,BLR,BLR,,,1210.6117195862,,5.28088045,10026738.0,,,10071963.0,9.0,16.1207658827142,7.099706751924227,,
2000.0,BLR,,,BLR,BLR,,,1276.2880341,,5.28088045,9979610.0,,,10026738.0,10.0,16.116054569367762,7.152494385884596,,
2001.0,BLR,,,BLR,BLR,,,1244.37318523431,,5.7064805,9928549.0,,,9979610.0,11.0,16.11092490248435,7.1271905111597516,,
2002.0,BLR,,,BLR,BLR,,,1479.38066337175,,5.62404203,9865548.0,,,9928549.0,12.0,16.104559245819985,7.300054538667543,,
2003.0,BLR,,,BLR,BLR,,,1819.52653114699,,5.77103186,9796749.0,,,9865548.0,13.0,16.097561153910796,7.506881041058864,,
2004.0,BLR,,,BLR,BLR,,,2378.33700470129,,5.73650646,9730146.0,,,9796749.0,14.0,16.09073945918836,7.774577158404603,,
2005.0,BLR,,,BLR,BLR,,,3126.07176665248,,6.07036304,9663915.0,,,9730146.0,15.0,16.08390940358825,8.047852307834864,,
2006.0,BLR,,,BLR,BLR,,,3848.22350300163,,5.57366323,9604924.0,,,9663915.0,16.0,16.07778644160794,8.25562671940812,,
2007.0,BLR,,,BLR,BLR,,,4735.48107556066,,5.6917243,9560953.0,,,9604924.0,17.0,16.073197966251715,8.46304974985963,,
2008.0,BLR,,,BLR,BLR,,,6376.17569162063,,5.29448891,9527985.0,,,9560953.0,18.0,16.06974381570873,8.76048059676226,,
2009.0,BLR,,,BLR,BLR,,,5352.48809190697,,5.3906498,9504583.0,,,9527985.0,19.0,16.067284661295776,8.585503607239255,,
2010.0,BLR,,,BLR,BLR,,,6034.67885177216,,5.65694332,9483836.0,,,9504583.0,20.0,16.065099433736183,8.705443613000469,,
2011.0,BLR,,,BLR,BLR,,,6527.6593428786,,4.87452745,9461643.0,,,9483836.0,21.0,16.062756604594604,8.783956893822754,,
2012.0,BLR,,,BLR,BLR,,,6953.21591683101,,5.24538946,9446836.0,,,9461643.0,22.0,16.061190428592116,8.847103361385615,,
2013.0,BLR,,,BLR,BLR,,,7998.0802045456,,5.69563103,9443211.0,,,9446836.0,23.0,16.06080662858945,8.987081839620107,,
2014.0,BLR,,,BLR,BLR,,,8341.31809294883,,5.38792181,9448515.0,,,9443211.0,24.0,16.06136814426455,9.029096405527007,,
2015.0,BLR,,,BLR,BLR,,,5967.05595058777,,6.06528044,9461076.0,,,9448515.0,25.0,16.062696676631802,8.694176516938137,,
1990.0,BLZ,100.0,100.0,BLZ,BLZ,100.0,100.0,2986.46962075029,1.0,2.93866777,183076.0,,,,0.0,12.117656646156602,8.002182027401549,,54.62212414516376
1991.0,BLZ,100.0,100.0,BLZ,BLZ,100.0,100.0,3190.13098802395,1.0,2.93866777,187040.0,,100.0,183076.0,1.0,12.139077776705895,8.06813067464413,4.018581038388773,53.464499572284005
1992.0,BLZ,100.0,100.0,BLZ,BLZ,100.0,200.0,3642.9480634402,1.0,2.93866777,190983.0,1.0,100.0,187040.0,2.0,12.159939697831964,8.200823005654843,3.9975491054316823,52.3606813171853
1993.0,BLZ,100.0,100.0,BLZ,BLZ,100.0,200.0,3859.6584437307,1.0,2.93866777,194902.0,1.0,100.0,190983.0,3.0,12.180252147115654,8.258593029188928,3.977074169838922,51.30783675898657
1994.0,BLZ,100.0,200.0,BLZ,BLZ,100.0,200.0,3876.69327011457,1.0,2.93866777,199097.0,1.0,100.0,194902.0,4.0,12.201547422133643,8.262995737809701,3.9571462022736634,100.45354776817331
1995.0,BLZ,100.0,200.0,BLZ,BLZ,200.0,200.0,4009.82752539849,1.0,2.93866777,204146.0,1.0,200.0,199097.0,5.0,12.22659070311957,8.29675286444623,4.619601036268285,97.96910054568788
1996.0,BLZ,100.0,200.0,BLZ,BLZ,200.0,200.0,4043.26517997242,1.0,2.93866777,210310.0,1.0,200.0,204146.0,6.0,12.256337911677724,8.305055151673098,4.5948076857162246,95.09771290000475
1997.0,BLZ,100.0,200.0,BLZ,BLZ,200.0,500.0,4014.40380600241,1.0,2.93866777,217446.0,1.0,200.0,210310.0,7.0,12.289705822823253,8.297893195670403,4.565365516525557,91.97685862237061
1998.0,BLZ,100.0,500.0,BLZ,BLZ,200.0,500.0,4125.92539958166,1.0,2.93866777,225173.0,1.0,200.0,217446.0,8.0,12.324624274631816,8.325287953403516,4.532350630171913,222.05148929933873
1999.0,BLZ,100.0,500.0,BLZ,BLZ,500.0,500.0,4289.5277590653,1.0,2.93866777,233059.0,1.0,500.0,225173.0,9.0,12.359046919377468,8.364165025116773,5.407402638527274,214.53794961790788
2000.0,BLZ,100.0,500.0,BLZ,BLZ,500.0,500.0,4726.50675459616,1.0,2.93866777,240799.0,1.0,500.0,233059.0,10.0,12.39171783958426,8.46115322931978,5.37313699435508,207.64205831419565
2001.0,BLZ,100.0,500.0,BLZ,BLZ,500.0,500.0,4718.77715104739,1.0,3.45384741,248379.0,1.0,500.0,240799.0,11.0,12.422711084404861,8.45951686370385,5.340620144075916,201.30526332741496
2002.0,BLZ,100.0,500.0,BLZ,BLZ,500.0,500.0,4858.86062599362,3.0,3.55506229,256009.0,1.0,500.0,248379.0,12.0,12.452967879093734,8.488765038704233,5.309777761271807,195.3056337863122
2003.0,BLZ,100.0,500.0,BLZ,BLZ,500.0,500.0,4959.74012434605,8.0,3.5292151,263780.0,1.0,500.0,256009.0,13.0,12.482870701379875,8.509310227205138,5.2796728007499105,189.55189931003108
2004.0,BLZ,100.0,500.0,BLZ,BLZ,500.0,500.0,5153.71308265363,7.0,3.41825557,271688.0,3.0,500.0,263780.0,14.0,12.512409628079121,8.547666736832962,5.249924594785445,184.0346279555961
2005.0,BLZ,100.0,500.0,BLZ,BLZ,500.0,500.0,5270.41479135312,11.0,3.43729496,279731.0,8.0,500.0,271688.0,15.0,12.54158370608392,8.570054066863435,5.22054298570104,178.74314966878896
2006.0,BLZ,100.0,500.0,BLZ,BLZ,200.0,500.0,5524.78167834986,14.0,3.54883528,287878.0,7.0,500.0,279731.0,16.0,12.570292058258438,8.617179996622886,5.191528885548313,173.68468587387713
2007.0,BLZ,100.0,500.0,BLZ,BLZ,200.0,500.0,5762.21023302938,15.0,4.05345058,296100.0,11.0,500.0,287878.0,17.0,12.598452514089683,8.659249930561227,5.162982553732014,168.86187098953056
2008.0,BLZ,100.0,500.0,BLZ,BLZ,200.0,500.0,5711.81458859709,18.0,4.51286459,304361.0,14.0,500.0,296100.0,18.0,12.625969775867924,8.650467103900084,5.134985583183055,164.2786033690256
2009.0,BLZ,100.0,500.0,BLZ,BLZ,200.0,500.0,5399.67100001919,24.0,4.50473404,312614.0,15.0,500.0,304361.0,19.0,12.652724481635252,8.594278484095636,5.107632555245026,159.94165328488168
2010.0,BLZ,100.0,200.0,BLZ,BLZ,200.0,500.0,5461.40735999001,26.0,4.47716761,320245.0,18.0,500.0,312614.0,20.0,12.676841606834602,8.605644879990471,5.081041897343748,62.452185045824294
2011.0,BLZ,100.0,200.0,BLZ,BLZ,200.0,500.0,5596.05222152289,30.0,4.52904415,327298.0,24.0,200.0,320245.0,21.0,12.698626349868707,8.629995349118136,4.1502866308538815,61.10639233970266
2012.0,BLZ,100.0,200.0,BLZ,BLZ,200.0,500.0,5732.66519942347,31.0,4.34283972,334414.0,26.0,200.0,327298.0,22.0,12.720135025345034,8.654110256078615,4.128848919868959,59.80610859593198
2013.0,BLZ,100.0,200.0,BLZ,BLZ,200.0,500.0,5957.34953619006,34.0,4.42128754,341627.0,30.0,200.0,334414.0,23.0,12.741474777585717,8.692548798250971,4.107690254253145,58.54338210972786
2014.0,BLZ,200.0,200.0,BLZ,BLZ,200.0,200.0,6128.12053089077,33.0,4.87071466,348923.0,31.0,200.0,341627.0,24.0,12.76260654646961,8.720806548962257,4.086705157967087,57.31923662240666
2015.0,BLZ,200.0,200.0,BLZ,BLZ,200.0,200.0,6154.62264230369,36.0,4.65988731,356333.0,34.0,200.0,348923.0,25.0,12.78362096588494,8.725121193908958,4.0659319981498285,56.12727420699177
1990.0,BOL,100.0,790.0,BOL,BOL,500.0,3100.0,682.67681029538,0.0,4.39554119,7130142.0,,,,0.0,15.779841708040689,6.527485306391297,,11.07972323692852
1991.0,BOL,100.0,1300.0,BOL,BOL,500.0,3900.0,733.935487602519,0.0,4.39554119,7280289.0,,790.0,7130142.0,1.0,15.80068111718713,6.59978272339129,2.4915282813939235,17.856433995958128
1992.0,BOL,200.0,2000.0,BOL,BOL,630.0,4800.0,759.57113496365,0.0,4.39554119,7430336.0,0.0,1300.0,7280289.0,2.0,15.821081637744133,6.6340696444238425,2.9368541817010607,26.91668317556568
1993.0,BOL,500.0,2600.0,BOL,BOL,1000.0,6200.0,756.637016048451,0.0,4.39554119,7579195.0,0.0,2000.0,7430336.0,3.0,15.840917551451174,6.630204400298724,3.329224473400438,34.30443470579659
1994.0,BOL,500.0,2200.0,BOL,BOL,1200.0,5100.0,774.035669644318,0.0,4.39554119,7727322.0,0.0,2600.0,7579195.0,4.0,15.860272918106478,6.652909053641721,3.5640085851079752,28.470406694583197
1995.0,BOL,500.0,1900.0,BOL,BOL,1200.0,3900.0,852.754034861444,0.0,4.39554119,7874676.0,0.0,2200.0,7727322.0,5.0,15.879162598972437,6.749643136919447,3.3833865969456323,24.127976820887614
1996.0,BOL,520.0,1800.0,BOL,BOL,1200.0,3600.0,922.113259069714,0.0,4.39554119,8021736.0,0.0,1900.0,7874676.0,6.0,15.897665415271728,6.82775193452605,3.2239818397943254,22.439033146939764
1997.0,BOL,630.0,1700.0,BOL,BOL,1300.0,3500.0,970.351843368594,0.0,4.39554119,8167900.0,0.0,1800.0,8021736.0,7.0,15.915722395852574,6.8786887542218,3.1544027158606394,20.81318331517281
1998.0,BOL,750.0,1800.0,BOL,BOL,1300.0,3000.0,1022.14506519545,0.0,4.39554119,8313394.0,0.0,1700.0,8167900.0,8.0,15.933378507035462,6.930636559608548,3.0825145262420732,21.651806710953434
1999.0,BOL,860.0,1900.0,BOL,BOL,1400.0,2900.0,979.344494964572,0.0,4.39554119,8459806.0,0.0,1800.0,8313394.0,9.0,15.950836799877395,6.8879040353680665,3.1202396152358762,22.459143862164215
2000.0,BOL,970.0,1900.0,BOL,BOL,1500.0,2600.0,975.777060358751,0.0,4.39554119,8606326.0,0.0,1900.0,8459806.0,10.0,15.968008072211687,6.884258438039517,3.155260349045538,22.076783984246006
2001.0,BOL,1100.0,1900.0,BOL,BOL,1500.0,2500.0,930.168227214313,0.0,4.82522202,8752736.0,0.0,1900.0,8606326.0,11.0,15.984876895172093,6.8364399561355205,3.13882708982716,21.707498089740167
2002.0,BOL,1200.0,1900.0,BOL,BOL,1500.0,2500.0,888.221328974352,0.0,4.89645052,8900355.0,0.0,1900.0,8752736.0,12.0,16.001601721547328,6.790346168503166,3.1226951822696067,21.34746310680866
2003.0,BOL,1200.0,2000.0,BOL,BOL,1600.0,2500.0,893.013760211149,1.0,5.19709635,9050700.0,0.0,1900.0,8900355.0,13.0,16.0183526607512,6.795721166790129,3.1067128070917716,22.097738296485353
2004.0,BOL,1300.0,2000.0,BOL,BOL,1600.0,2500.0,953.191893246277,1.0,4.86315727,9204287.0,0.0,2000.0,9050700.0,14.0,16.035179911745985,6.860864797181608,3.139734703491267,21.729005190733403
2005.0,BOL,1300.0,2100.0,BOL,BOL,1700.0,2500.0,1020.12326200737,1.0,5.07408142,9360754.0,1.0,2000.0,9204287.0,15.0,16.052036400764905,6.928658537623488,3.1236418705509092,22.434090245294342
2006.0,BOL,1400.0,2100.0,BOL,BOL,1700.0,2600.0,1202.71150446327,2.0,4.66087532,9521689.0,1.0,2100.0,9360754.0,16.0,16.06908280699758,7.093164982923525,3.154191810279529,22.054910636127687
2007.0,BOL,1400.0,2100.0,BOL,BOL,1700.0,2600.0,1354.54905949929,3.0,4.6968894,9685960.0,1.0,2100.0,9521689.0,17.0,16.086187972265094,7.211961861200991,3.137878789534379,21.680865913136127
2008.0,BOL,1400.0,2100.0,BOL,BOL,1700.0,2600.0,1692.67248455876,3.0,4.60677242,9850858.0,2.0,2100.0,9685960.0,18.0,16.103069115953698,7.434654518006571,3.121521657722269,21.317940021062125
2009.0,BOL,1400.0,2100.0,BOL,BOL,1700.0,2600.0,1731.18172112209,5.0,5.17444515,10016275.0,3.0,2100.0,9850858.0,19.0,16.119721828015393,7.457137003435131,3.1053908402906862,20.965878033500477
2010.0,BOL,1400.0,2000.0,BOL,BOL,1600.0,2500.0,1929.78373077158,6.0,5.20230532,10182345.0,3.0,2100.0,10016275.0,20.0,16.136165896193905,7.565681277591515,3.089490250837786,19.64184085296658
2011.0,BOL,1400.0,2100.0,BOL,BOL,1700.0,2600.0,2315.52121930607,6.0,5.17306805,10348929.0,5.0,2000.0,10182345.0,21.0,16.152393594060538,7.74782186488644,3.027320125249016,20.291954848661153
2012.0,BOL,1400.0,2100.0,BOL,BOL,1700.0,2600.0,2575.59857098084,11.0,5.2539444,10515807.0,6.0,2100.0,10348929.0,22.0,16.168390111677564,7.854225424742988,3.058329294730635,19.96993668674216
2013.0,BOL,1300.0,2100.0,BOL,BOL,1700.0,2600.0,2870.02377000756,13.0,5.57465124,10682608.0,6.0,2100.0,10515807.0,23.0,16.184127556442192,7.9624239594346,3.0430898256790444,19.658120938257774
2014.0,BOL,1300.0,2100.0,BOL,BOL,1700.0,2600.0,3041.43503162408,16.0,5.89613628,10848888.0,11.0,2100.0,10682608.0,24.0,16.199573144219176,8.02041347101794,3.0281085078735197,19.35682256098505
2015.0,BOL,1200.0,2100.0,BOL,BOL,1700.0,2600.0,2996.01289811344,23.0,6.55064964,11014705.0,13.0,2100.0,10848888.0,25.0,16.214741756198574,8.005371370982225,3.013416116683265,19.06542208801779
1990.0,BRA,6500.0,30000.0,BRA,BRA,27000.0,33000.0,2581.14187449078,31.0,8.33457184,149143223.0,,,,0.0,18.82041763041367,7.856374517414759,,20.114893185592482
1991.0,BRA,8800.0,34000.0,BRA,BRA,30000.0,36000.0,2257.6092968885,31.0,8.33457184,151724256.0,,30000.0,149143223.0,1.0,18.837575326065668,7.7225045474984455,3.0499786296751474,22.409073470757374
1992.0,BRA,11000.0,36000.0,BRA,BRA,32000.0,39000.0,2127.31642731638,31.0,8.33457184,154275079.0,31.0,34000.0,151724256.0,2.0,18.85424779424387,7.663086536454396,3.153123702366623,23.33494186705294
1993.0,BRA,14000.0,38000.0,BRA,BRA,34000.0,40000.0,2348.88247685352,31.0,8.33457184,156794577.0,31.0,36000.0,154275079.0,3.0,18.870447079823307,7.762120596038105,3.1919132544209634,24.235532074556378
1994.0,BRA,17000.0,39000.0,BRA,BRA,35000.0,41000.0,3298.71250747787,31.0,8.33457184,159265006.0,31.0,38000.0,156794577.0,4.0,18.886080077176626,8.101590624713396,3.2282530043552184,24.48748848193306
1995.0,BRA,20000.0,38000.0,BRA,BRA,34000.0,41000.0,4756.74840785403,31.0,8.33457184,161735073.0,31.0,39000.0,159265006.0,5.0,18.90147020269733,8.467529811754451,3.238187683990047,23.495213063650084
1996.0,BRA,17000.0,37000.0,BRA,BRA,33000.0,40000.0,5179.13052002464,31.0,8.33457184,164202549.0,31.0,38000.0,161735073.0,6.0,18.916611278613633,8.552585531852046,3.1984777133033755,22.533145937947648
1997.0,BRA,16000.0,35000.0,BRA,BRA,31000.0,38000.0,5299.39630404412,31.0,8.33457184,166661659.0,31.0,37000.0,164202549.0,7.0,18.931476321266967,8.575536871092698,3.1584098928226534,21.000630984958573
1998.0,BRA,16000.0,32000.0,BRA,BRA,29000.0,35000.0,5105.89099544117,31.0,8.33457184,169159655.0,31.0,35000.0,166661659.0,8.0,18.946353531077243,8.538346082272835,3.0910711340815005,18.917040236337677
1999.0,BRA,14000.0,29000.0,BRA,BRA,25000.0,32000.0,3493.57162513699,31.0,8.33457184,171641543.0,31.0,32000.0,169159655.0,9.0,18.96091880779317,8.158966079240825,2.991575658603808,16.8956765903695
2000.0,BRA,13000.0,26000.0,BRA,BRA,24000.0,29000.0,3766.54811466032,31.0,8.33457184,174018282.0,31.0,29000.0,171641543.0,10.0,18.974670920624963,8.23417970139729,2.884559152409062,14.940958904536249
2001.0,BRA,12000.0,25000.0,BRA,BRA,22000.0,27000.0,3176.28935747524,36.0,8.54963303,176301203.0,31.0,26000.0,174018282.0,11.0,18.98770447094096,8.063783708962267,2.768891828675428,14.180277601395607
2002.0,BRA,12000.0,24000.0,BRA,BRA,22000.0,27000.0,2855.94018885769,39.0,8.69686985,178503484.0,31.0,25000.0,176301203.0,12.0,19.000118677200774,7.957506467065079,2.7199970591122367,13.445115726704808
2003.0,BRA,13000.0,25000.0,BRA,BRA,22000.0,28000.0,3090.6070097455,42.0,8.18899441,180622688.0,36.0,24000.0,178503484.0,13.0,19.01192081674905,8.036446302582164,2.6703563454267645,13.841007614724457
2004.0,BRA,13000.0,27000.0,BRA,BRA,23000.0,30000.0,3663.823188064,46.0,8.12491989,182675143.0,39.0,25000.0,180622688.0,14.0,19.023219958452252,8.20653536979111,2.6973941340005694,14.780336041669338
2005.0,BRA,13000.0,29000.0,BRA,BRA,25000.0,33000.0,4827.78173074714,49.0,8.03539562,184688101.0,42.0,27000.0,182675143.0,15.0,19.03417901970491,8.48234948517239,2.758764610607292,15.70214856451418
2006.0,BRA,13000.0,34000.0,BRA,BRA,29000.0,37000.0,5934.14470924968,46.0,8.24952507,186653106.0,46.0,29000.0,184688101.0,16.0,19.044762403957908,8.688646689096933,2.8155373677049,18.21560901322478
2007.0,BRA,15000.0,38000.0,BRA,BRA,33000.0,42000.0,7409.69130673473,46.0,8.20182991,188552320.0,49.0,34000.0,186653106.0,17.0,19.054886086021476,8.910679007694915,2.9557229181918654,20.153557378662857
2008.0,BRA,16000.0,43000.0,BRA,BRA,38000.0,47000.0,8908.33176538648,46.0,8.01128483,190367302.0,46.0,38000.0,188552320.0,18.0,19.06446593238043,9.094854519379222,3.0518080889213732,22.587912707824163
2009.0,BRA,16000.0,47000.0,BRA,BRA,42000.0,52000.0,8678.6592244676,47.0,8.39480495,192079951.0,46.0,43000.0,190367302.0,19.0,19.0734222547752,9.068737547029745,3.160734407428687,24.468977504060273
2010.0,BRA,14000.0,51000.0,BRA,BRA,46000.0,56000.0,11403.2821278747,50.0,7.94516611,193701929.0,46.0,47000.0,192079951.0,20.0,19.081831087026657,9.341744189105249,3.237461143075999,26.32911311895092
2011.0,BRA,13000.0,55000.0,BRA,BRA,49000.0,60000.0,13396.6243562986,51.0,7.78819132,195284734.0,47.0,51000.0,193701929.0,21.0,19.08996922586903,9.502832683378445,3.3079525485883705,28.164003848862045
2012.0,BRA,13000.0,59000.0,BRA,BRA,53000.0,64000.0,12521.7213519966,53.0,7.73637724,196876111.0,50.0,55000.0,195284734.0,22.0,19.098085210702852,9.43529998141786,3.372935203917226,29.968084853118622
2013.0,BRA,12000.0,62000.0,BRA,BRA,55000.0,68000.0,12458.8912138813,56.0,7.9766016,198478299.0,51.0,59000.0,196876111.0,23.0,19.106190327178084,9.430270061475184,3.432957153297382,31.23767198347463
2014.0,BRA,13000.0,65000.0,BRA,BRA,57000.0,72000.0,12274.9939689363,59.0,8.39644146,200085127.0,53.0,62000.0,198478299.0,24.0,19.11425346895543,9.41540092445051,3.473135706081938,32.48617274786246
2015.0,BRA,14000.0,67000.0,BRA,BRA,58000.0,74000.0,8936.19661712113,63.0,8.90929985,201675532.0,56.0,65000.0,200085127.0,25.0,19.12217068669136,9.097977241488625,3.5111325998295757,33.221680059829964
1990.0,BRB,100.0,100.0,BRB,BRB,100.0,200.0,7781.40573306125,0.0,4.92612553,258582.0,,,,0.0,12.462968137328868,8.95962078956155,,38.67245206549567
1991.0,BRB,100.0,200.0,BRB,BRB,100.0,200.0,7790.26229439159,0.0,4.92612553,259373.0,,100.0,258582.0,1.0,12.466022459093997,8.96075816609603,3.6806570441989326,77.10902831057975
1992.0,BRB,100.0,200.0,BRB,BRB,200.0,500.0,7519.20143544898,0.0,4.92612553,260267.0,0.0,200.0,259373.0,2.0,12.469463306149795,8.925348203213984,4.358105649531766,76.84416387786388
1993.0,BRB,100.0,500.0,BRB,BRB,200.0,500.0,7904.70762426389,0.0,4.92612553,261027.0,0.0,200.0,260267.0,3.0,12.472379129230289,8.975340261673164,4.354708929225375,191.5510655985779
1994.0,BRB,100.0,500.0,BRB,BRB,200.0,500.0,8223.16681181719,0.0,4.92612553,261620.0,0.0,500.0,261027.0,4.0,12.474648348242217,9.01483227102732,5.2603613943851935,191.11688708814313
1995.0,BRB,100.0,500.0,BRB,BRB,200.0,500.0,8460.47380869104,0.0,4.92612553,262039.0,0.0,500.0,261620.0,5.0,12.476248626627266,9.043278646492766,5.258103973709614,190.8112914489828
1996.0,BRB,100.0,500.0,BRB,BRB,200.0,500.0,9011.77884838722,0.0,4.92612553,262284.0,0.0,500.0,262039.0,6.0,12.477183165138188,9.106398721296229,5.256512031670541,190.63305424654192
1997.0,BRB,100.0,500.0,BRB,BRB,200.0,500.0,9521.57127377123,0.0,4.92612553,262392.0,0.0,500.0,262284.0,7.0,12.47759484778243,9.161420183099883,5.2555823676017965,190.55459007896582
1998.0,BRB,100.0,500.0,BRB,BRB,200.0,500.0,10734.3637242884,0.0,4.92612553,262436.0,0.0,500.0,262392.0,8.0,12.477762521763632,9.281298591833764,5.255172833683703,190.5226417107409
1999.0,BRB,100.0,200.0,BRB,BRB,200.0,500.0,11244.3087668392,0.0,4.92612553,262517.0,0.0,500.0,262436.0,9.0,12.478071120821616,9.32770632216133,5.255006035108128,76.18554226964349
2000.0,BRB,100.0,200.0,BRB,BRB,200.0,500.0,11674.6736471764,0.0,4.92612553,262063.0,0.0,200.0,262517.0,10.0,12.476340211853106,9.365262780844802,4.34621216319238,76.31752670159464
2001.0,BRB,200.0,200.0,BRB,BRB,200.0,500.0,11639.5160522054,0.0,5.10418987,262425.0,0.0,200.0,262063.0,11.0,12.477720605903999,9.362247054684596,4.347920666006401,76.21225111936744
2002.0,BRB,200.0,200.0,BRB,BRB,200.0,200.0,11760.4524736133,3.0,5.41338634,264148.0,0.0,200.0,262425.0,12.0,12.484264831108186,9.372582723486923,4.346558137696342,75.71512939715613
2003.0,BRB,100.0,200.0,BRB,BRB,200.0,200.0,12075.9587020649,18.0,6.17312717,265776.0,0.0,200.0,264148.0,13.0,12.490409127730858,9.399054676717066,4.340098943121369,75.25133947384263
2004.0,BRB,100.0,200.0,BRB,BRB,200.0,200.0,12886.3665272467,22.0,6.7109499,267298.0,3.0,200.0,265776.0,14.0,12.496119419869315,9.4640027715109,4.334034982203293,74.82285688632165
2005.0,BRB,100.0,200.0,BRB,BRB,200.0,200.0,14214.4202213572,24.0,6.14326382,268706.0,18.0,200.0,267298.0,15.0,12.501373124090042,9.5620825854742,4.328399789229569,74.43079052942622
2006.0,BRB,100.0,200.0,BRB,BRB,200.0,200.0,15619.6005955511,26.0,5.90468073,270002.0,22.0,200.0,268706.0,16.0,12.506184645360484,9.656345873073883,4.323215554115888,74.07352538129346
2007.0,BRB,100.0,200.0,BRB,BRB,200.0,200.0,17235.4396434785,29.0,5.36863089,271288.0,24.0,200.0,270002.0,17.0,12.510936266190713,9.754781005690448,4.318467971735675,73.72239096458377
2008.0,BRB,100.0,200.0,BRB,BRB,200.0,200.0,17565.6929970592,32.0,5.73821974,272714.0,26.0,200.0,271288.0,18.0,12.516178905983086,9.773759944744047,4.313779792399313,73.3369023959166
2009.0,BRB,100.0,200.0,BRB,BRB,100.0,200.0,16294.9099491834,35.0,6.30137348,274123.0,29.0,200.0,272714.0,19.0,12.521332189751941,9.698669431945337,4.308607495934202,72.95994863619616
2010.0,BRB,100.0,200.0,BRB,BRB,100.0,200.0,19723.2381931602,38.0,5.97029495,275243.0,32.0,200.0,274123.0,20.0,12.525409622835566,9.889603523582203,4.303523712037831,72.6630650007448
2011.0,BRB,100.0,200.0,BRB,BRB,100.0,200.0,20146.2381264508,40.0,6.05910301,276139.0,35.0,200.0,275243.0,21.0,12.528659641112098,9.910822492295646,4.299501520261815,72.4272920521911
2012.0,BRB,100.0,200.0,BRB,BRB,100.0,200.0,19811.2953079751,43.0,6.85218811,276938.0,38.0,200.0,276139.0,22.0,12.531548933401737,9.894057999107597,4.296295692834323,72.21833045663651
2013.0,BRB,100.0,200.0,BRB,BRB,100.0,200.0,20384.4910233555,45.0,6.48274279,277665.0,40.0,200.0,276938.0,23.0,12.534170630061896,9.922578702446968,4.293445805692663,72.02924387301245
2014.0,BRB,100.0,200.0,BRB,BRB,100.0,200.0,20423.7177921163,46.0,6.09732294,278348.0,43.0,200.0,277665.0,24.0,12.53662740838735,9.9245011028453,4.290859961929404,71.85250118556627
2015.0,BRB,100.0,200.0,BRB,BRB,100.0,200.0,20429.4747123553,47.0,6.09170628,278990.0,45.0,200.0,278348.0,25.0,12.538931217867246,9.924782923584559,4.288436865415822,71.68715724577942
1990.0,BRN,,,BRN,BRN,,,23658.7166330381,,2.5479064,255292.0,,,,0.0,12.450163267055093,10.071529160835048,,
1991.0,BRN,,,BRN,BRN,,,23932.1897281583,,2.5479064,262596.0,,,255292.0,1.0,12.47837200844236,10.083021466133978,,
1992.0,BRN,,,BRN,BRN,,,23450.8964055243,,2.5479064,269839.0,,,262596.0,2.0,12.505580763828872,10.062706640776222,,
1993.0,BRN,,,BRN,BRN,,,22397.0737447404,,2.5479064,276971.0,,,269839.0,3.0,12.531668086547972,10.0167302406071,,
1994.0,BRN,,,BRN,BRN,,,22766.587177075,,2.5479064,284091.0,,,276971.0,4.0,12.557049888354218,10.03309318844859,,
1995.0,BRN,,,BRN,BRN,,,26443.2564746713,,2.5479064,291195.0,,,284091.0,5.0,12.581748424827586,10.182794267191465,,
1996.0,BRN,,,BRN,BRN,,,25692.2357348562,,2.5479064,298276.0,,,291195.0,6.0,12.605774511349226,10.153983035261497,,
1997.0,BRN,,,BRN,BRN,,,25522.3975038009,,2.5479064,305341.0,,,298276.0,7.0,12.629184463843233,10.14735085962426,,
1998.0,BRN,,,BRN,BRN,,,17769.2463451942,,2.5479064,312385.0,,,305341.0,8.0,12.651991680429976,9.785280784034835,,
1999.0,BRN,,,BRN,BRN,,,19752.2013255542,,2.5479064,319411.0,,,312385.0,9.0,12.674233953744222,9.891070849626834,,
2000.0,BRN,,,BRN,BRN,,,20130.2572346624,,2.5479064,326424.0,,,319411.0,10.0,12.695952428780698,9.910028972454167,,
2001.0,BRN,,,BRN,BRN,,,18287.8272281914,,2.5465107,333345.0,,,326424.0,11.0,12.716933268683679,9.814045618399136,,
2002.0,BRN,,,BRN,BRN,,,18621.2922577525,,2.53447938,340099.0,,,333345.0,12.0,12.736992030679291,9.832114650544659,,
2003.0,BRN,,,BRN,BRN,,,20677.9001143188,,2.60260582,346637.0,,,340099.0,13.0,12.756033401864455,9.936869141246568,,
2004.0,BRN,,,BRN,BRN,,,24423.0946995548,,2.55193377,352911.0,,,346637.0,14.0,12.77397117948078,10.10332541172274,,
2005.0,BRN,,,BRN,BRN,,,29386.2703822862,,2.23386168,358916.0,,,352911.0,15.0,12.790843656805148,10.288316879369436,,
2006.0,BRN,,,BRN,BRN,,,34674.7995236452,,1.9072516,364663.0,,,358916.0,16.0,12.806728918400797,10.45379730255658,,
2007.0,BRN,,,BRN,BRN,,,36217.3290706015,,1.94145441,370873.0,,,364663.0,17.0,12.823614964926072,10.497320597590303,,
2008.0,BRN,,,BRN,BRN,,,42156.5685838672,,1.87612021,377793.0,,,370873.0,18.0,12.842101705556031,10.649169510391554,,
2009.0,BRN,,,BRN,BRN,,,30946.4673773828,,2.39306617,384952.0,,,377793.0,19.0,12.860873930172632,10.340046445277704,,
2010.0,BRN,,,BRN,BRN,,,34937.5555357155,,2.27826095,392332.0,,,384952.0,20.0,12.879863699097841,10.461346241554581,,
2011.0,BRN,,,BRN,BRN,,,46382.8274255349,,1.86409724,399389.0,,,392332.0,21.0,12.897691158272615,10.744706130594299,,
2012.0,BRN,,,BRN,BRN,,,46968.5971164922,,1.85097206,405557.0,,,399389.0,22.0,12.913016709859948,10.757255801519749,,
2013.0,BRN,,,BRN,BRN,,,44003.0644273461,,1.898314,411202.0,,,405557.0,23.0,12.926839856924493,10.692037281983017,,
2014.0,BRN,,,BRN,BRN,,,41026.5084247957,,1.91436803,416750.0,,,411202.0,24.0,12.940241800613041,10.621998057898852,,
2015.0,BRN,,,BRN,BRN,,,30625.1287744656,,2.38708901,422212.0,,,416750.0,25.0,12.953262836540999,10.329608805109524,,
1990.0,BTN,100.0,100.0,BTN,BTN,100.0,100.0,488.327431477129,0.0,4.13867903,589287.0,,,,0.0,13.286668610511407,6.193031859419575,,16.96965994498436
1991.0,BTN,100.0,100.0,BTN,BTN,100.0,100.0,400.634705187075,0.0,4.13867903,599784.0,,100.0,589287.0,1.0,13.304324869382727,5.995542981942253,2.8886847771319624,16.672668827444546
1992.0,BTN,100.0,100.0,BTN,BTN,100.0,100.0,415.791522568451,0.0,4.13867903,577774.0,0.0,100.0,599784.0,2.0,13.266938067732521,6.0325861509051775,2.8720193121334567,17.307805474112715
1993.0,BTN,100.0,100.0,BTN,BTN,100.0,100.0,407.39984249657,0.0,4.13867903,554673.0,0.0,100.0,577774.0,3.0,13.226134029899224,6.012246700630715,2.9073274975499315,18.02864029797737
1994.0,BTN,100.0,100.0,BTN,BTN,100.0,100.0,467.008312125283,0.0,4.13867903,554497.0,0.0,100.0,554673.0,4.0,13.225816675478391,6.148486056711382,2.945945228307501,18.03436267464026
1995.0,BTN,100.0,100.0,BTN,BTN,100.0,100.0,530.103676927417,0.0,4.13867903,547989.0,0.0,100.0,554497.0,5.0,13.214010492735987,6.27495725063432,2.9462459075108796,18.248541485321784
1996.0,BTN,100.0,100.0,BTN,BTN,100.0,100.0,552.873891403681,0.0,4.13867903,548784.0,0.0,100.0,547989.0,6.0,13.215460200449861,6.316937027989654,2.9574352908670583,18.222105600746378
1997.0,BTN,100.0,100.0,BTN,BTN,100.0,100.0,630.447410148304,0.0,4.13867903,558697.0,0.0,100.0,548784.0,7.0,13.233362565824805,6.448014660647873,2.956060950129961,17.898789504865785
1998.0,BTN,100.0,100.0,BTN,BTN,100.0,100.0,638.278962310609,0.0,4.13867903,569435.0,0.0,100.0,558697.0,8.0,13.252399920149134,6.460340919849099,2.9390978726528783,17.561266869791986
1999.0,BTN,100.0,100.0,BTN,BTN,100.0,100.0,685.419830628567,0.0,4.13867903,582579.0,0.0,100.0,569435.0,9.0,13.275220077543715,6.531489438532306,2.921076983099267,17.165054009842443
2000.0,BTN,100.0,100.0,BTN,BTN,100.0,100.0,771.924911410619,0.0,4.13867903,596863.0,0.0,100.0,582579.0,10.0,13.299442885302987,6.650181904684913,2.899499638960374,16.75426354121465
2001.0,BTN,100.0,100.0,BTN,BTN,100.0,100.0,812.238210772056,0.0,4.60037947,610794.0,0.0,100.0,596863.0,11.0,13.322515029095655,6.701024068810706,2.876625686583193,16.372132011774838
2002.0,BTN,100.0,100.0,BTN,BTN,100.0,100.0,895.799489930972,0.0,3.95161104,624409.0,0.0,100.0,610794.0,12.0,13.34456088135682,6.798832302992146,2.85486731375577,16.015143920090836
2003.0,BTN,100.0,100.0,BTN,BTN,100.0,100.0,1022.38240311018,0.0,3.83481455,637663.0,0.0,100.0,624409.0,13.0,13.365565209607063,6.9308685016855245,2.834103766341477,15.682264769949017
2004.0,BTN,100.0,100.0,BTN,BTN,100.0,100.0,1130.35934606796,0.0,4.26397753,650544.0,0.0,100.0,637663.0,14.0,13.385564214923907,7.031175149850496,2.814346165288541,15.371750411962912
2005.0,BTN,100.0,100.0,BTN,BTN,100.0,100.0,1299.94938578359,1.0,3.83308983,661865.0,0.0,100.0,650544.0,15.0,13.40281688663066,7.170849573669319,2.795557313703479,15.108821285307426
2006.0,BTN,100.0,100.0,BTN,BTN,100.0,100.0,1405.6071618158,4.0,4.08523893,670799.0,0.0,100.0,661865.0,16.0,13.416224818172775,7.248935815440509,2.7793670278644895,14.907595270714475
2007.0,BTN,100.0,100.0,BTN,BTN,100.0,100.0,1850.41570433398,6.0,3.83774948,678641.0,1.0,100.0,670799.0,17.0,13.427847548015837,7.523705871007193,2.76679668515069,14.735331346028312
2008.0,BTN,100.0,100.0,BTN,BTN,100.0,100.0,1919.59774896395,9.0,3.14842224,686351.0,4.0,100.0,678641.0,18.0,13.439144437661334,7.560391744154841,2.7559085881928644,14.569804662628888
2009.0,BTN,100.0,100.0,BTN,BTN,100.0,100.0,1918.39599211093,11.0,3.29665017,693988.0,6.0,100.0,686351.0,19.0,13.450209948273168,7.559765828086594,2.745333440014407,14.409471057136436
2010.0,BTN,100.0,100.0,BTN,BTN,100.0,100.0,2435.5798056672,15.0,3.25758624,701632.0,9.0,100.0,693988.0,20.0,13.461164329034212,7.798350615971327,2.734982324092462,14.252485633494482
2011.0,BTN,100.0,100.0,BTN,BTN,100.0,100.0,2787.97967608562,19.0,3.02062726,709377.0,11.0,100.0,701632.0,21.0,13.47214239903119,7.933431100431924,2.724742482131903,14.096876555061696
2012.0,BTN,100.0,100.0,BTN,BTN,100.0,100.0,2751.2128864294,25.0,3.25988412,717279.0,15.0,100.0,709377.0,22.0,13.483220165232595,7.920160553048764,2.7144878717661647,13.941576429813223
2013.0,BTN,100.0,100.0,BTN,BTN,100.0,100.0,2679.95217201538,30.0,3.34862685,725273.0,19.0,100.0,717279.0,23.0,13.494303414683142,7.893927298470484,2.7041476915285463,13.787911586395744
2014.0,BTN,100.0,100.0,BTN,BTN,100.0,100.0,2849.49998647303,35.0,3.23226452,733139.0,25.0,100.0,725273.0,24.0,13.50509059454173,7.955249691726164,2.6938100623167065,13.639978230594744
2015.0,BTN,100.0,100.0,BTN,BTN,100.0,100.0,2954.04081911097,44.0,3.43653083,740618.0,30.0,100.0,733139.0,25.0,13.515240251784174,7.9912677433187245,2.6837560215508267,13.502237320724044
1990.0,BWA,1700.0,18000.0,BWA,BWA,17000.0,20000.0,2903.15381562611,0.0,6.10838556,1305696.0,,,,0.0,14.082246789900589,7.973897341355394,,1378.5751047717079
1991.0,BWA,2500.0,24000.0,BWA,BWA,22000.0,26000.0,2938.59442659608,0.0,6.10838556,1341756.0,,18000.0,1305696.0,1.0,14.109489761801017,7.986026900679344,7.229530835648859,1788.7007771904878
1992.0,BWA,3500.0,29000.0,BWA,BWA,27000.0,31000.0,3004.61263362306,0.0,6.10838556,1380033.0,0.0,24000.0,1341756.0,2.0,14.137617969890954,8.008236697612338,7.489803721280679,2101.3990245160803
1993.0,BWA,4700.0,33000.0,BWA,BWA,30000.0,35000.0,2929.43119022452,0.0,6.10838556,1420115.0,0.0,29000.0,1380033.0,3.0,14.166248412213754,7.982904855082722,7.650834364304301,2323.7554705076705
1994.0,BWA,6200.0,35000.0,BWA,BWA,33000.0,38000.0,2917.25514197806,0.0,6.10838556,1460023.0,0.0,33000.0,1420115.0,4.0,14.193962746985093,7.978741162538609,7.751370138515091,2397.222509508412
1995.0,BWA,7700.0,36000.0,BWA,BWA,33000.0,38000.0,3156.18194514079,0.0,6.10838556,1498836.0,0.0,35000.0,1460023.0,5.0,14.220199364828584,8.057435119187714,7.782483120902624,2401.8638463447637
1996.0,BWA,9500.0,35000.0,BWA,BWA,33000.0,38000.0,3156.26865681161,0.0,6.10838556,1535914.0,0.0,36000.0,1498836.0,6.0,14.244636201538945,8.057462583705625,7.784416574266388,2278.773420907681
1997.0,BWA,11000.0,33000.0,BWA,BWA,31000.0,36000.0,3194.18106145858,0.0,6.10838556,1571691.0,0.0,35000.0,1535914.0,7.0,14.267662667764384,8.069399035459014,7.731831340215409,2099.649358557121
1998.0,BWA,13000.0,31000.0,BWA,BWA,29000.0,34000.0,2981.19639702109,0.0,6.10838556,1606899.0,0.0,33000.0,1571691.0,8.0,14.28981679271339,8.000415353994683,7.650001794273904,1929.1816100451865
1999.0,BWA,15000.0,29000.0,BWA,BWA,27000.0,31000.0,3339.99596033431,0.0,6.10838556,1641997.0,0.0,31000.0,1606899.0,9.0,14.311423741952646,8.114024233237291,7.565369375940956,1766.1420818673848
2000.0,BWA,17000.0,27000.0,BWA,BWA,25000.0,29000.0,3450.81180622992,0.0,6.10838556,1677382.0,0.0,29000.0,1641997.0,10.0,14.332744802581823,8.146654533402572,7.4771188776142035,1609.6512303100903
2001.0,BWA,18000.0,25000.0,BWA,BWA,23000.0,27000.0,3206.07123689853,1.0,6.3660779,1712254.0,0.0,27000.0,1677382.0,11.0,14.353321189164884,8.073113412386435,7.38439386706996,1460.063752223677
2002.0,BWA,19000.0,23000.0,BWA,BWA,21000.0,25000.0,3117.25087183011,2.0,6.66529799,1744763.0,0.0,25000.0,1712254.0,12.0,14.372129287775842,8.045027505595328,7.28692004681762,1318.2306135561105
2003.0,BWA,18000.0,21000.0,BWA,BWA,19000.0,23000.0,4230.12326909926,6.0,6.40933847,1775736.0,1.0,23000.0,1744763.0,13.0,14.389725542836299,8.350222785039044,7.1848039771284276,1182.6082255470408
2004.0,BWA,16000.0,19000.0,BWA,BWA,17000.0,22000.0,4956.69287735214,12.0,6.09125996,1807146.0,2.0,21000.0,1775736.0,14.0,14.407259363211413,8.508695765810023,7.076322870102312,1051.381570719798
2005.0,BWA,13000.0,17000.0,BWA,BWA,15000.0,19000.0,5391.07076619634,19.0,5.26532936,1839877.0,6.0,19000.0,1807146.0,15.0,14.425209279524665,8.592684776800594,6.958811037344048,923.9748091856139
2006.0,BWA,10000.0,15000.0,BWA,BWA,13000.0,17000.0,5291.58379144849,25.0,4.87599421,1874516.0,12.0,17000.0,1839877.0,16.0,14.443861050731172,8.574061834994886,6.829766503828742,800.2065599866846
2007.0,BWA,9000.0,15000.0,BWA,BWA,13000.0,17000.0,5529.12574632532,29.0,5.52080727,1911201.0,19.0,15000.0,1874516.0,17.0,14.463242398225077,8.617965833195525,6.686118791459947,784.8468057519852
2008.0,BWA,8100.0,14000.0,BWA,BWA,12000.0,16000.0,5503.07395314313,36.0,5.89747286,1949970.0,25.0,15000.0,1911201.0,18.0,14.4833245458062,8.613243815777116,6.666761869809599,717.9597634835408
2009.0,BWA,6900.0,13000.0,BWA,BWA,12000.0,15000.0,5082.93388332404,44.0,6.62081194,1990673.0,29.0,14000.0,1949970.0,19.0,14.503983330481779,8.53384062737113,6.577805394379802,653.0454775847163
2010.0,BWA,6100.0,13000.0,BWA,BWA,12000.0,14000.0,6215.73216077919,49.0,6.26718187,2033111.0,36.0,13000.0,1990673.0,20.0,14.525077690234616,8.73499967159434,6.483176886630882,639.4141785667383
2011.0,BWA,5700.0,14000.0,BWA,BWA,13000.0,15000.0,7287.38295334919,54.0,5.86915016,2073535.0,44.0,13000.0,2033111.0,21.0,14.544765438198166,8.894036983298776,6.46211512105039,675.1754853426636
2012.0,BWA,5200.0,13000.0,BWA,BWA,11000.0,14000.0,6595.53845015424,61.0,6.35010576,2108617.0,49.0,14000.0,2073535.0,22.0,14.561542840313866,8.794300313178857,6.516452636056514,616.5178408407028
2013.0,BWA,5000.0,12000.0,BWA,BWA,10000.0,13000.0,6666.91219583487,65.0,6.49913645,2140682.0,54.0,13000.0,2108617.0,23.0,14.576635027815442,8.805062075792815,6.425707960134486,560.5690149214129
2014.0,BWA,4800.0,12000.0,BWA,BWA,10000.0,13000.0,7122.36423421503,67.0,5.8804059,2172044.0,61.0,12000.0,2140682.0,24.0,14.591179217657663,8.871135397616259,6.330734678328791,552.4749959024771
2015.0,BWA,4800.0,11000.0,BWA,BWA,9800.0,12000.0,6141.20394726616,72.0,6.10287762,2203273.0,65.0,12000.0,2172044.0,25.0,14.605454540031442,8.722938905800534,6.316216576607022,499.2572413858837
1990.0,CAF,2700.0,16000.0,CAF,CAF,12000.0,24000.0,501.656200636394,0.0,4.3808217,2871910.0,,,,0.0,14.870487871611882,6.2199064386679,,557.1205225790502
1991.0,CAF,3500.0,18000.0,CAF,CAF,14000.0,28000.0,464.828283626364,0.0,4.3808217,2963191.0,,16000.0,2871910.0,1.0,14.901777286172365,6.143817076144316,6.324574929343804,607.453248879333
1992.0,CAF,4400.0,19000.0,CAF,CAF,15000.0,29000.0,461.587303490896,0.0,4.3808217,3058831.0,0.0,18000.0,2963191.0,2.0,14.933543374794196,6.13683530344338,6.410920079368082,621.1523291087346
1993.0,CAF,5300.0,20000.0,CAF,CAF,16000.0,28000.0,404.954546941526,0.0,4.3808217,3157839.0,0.0,19000.0,3058831.0,3.0,14.965398490864171,6.006241199988494,6.433184964859629,633.3445118639677
1994.0,CAF,6400.0,21000.0,CAF,CAF,17000.0,28000.0,261.260397409459,0.0,4.3808217,3257954.0,0.0,20000.0,3157839.0,4.0,14.996609948952985,5.569337893428368,6.452592200959315,644.576319984874
1995.0,CAF,7500.0,21000.0,CAF,CAF,17000.0,27000.0,333.145863233895,0.0,4.3808217,3348052.0,0.0,21000.0,3257954.0,5.0,15.023889242131581,5.811577613913052,6.470143437201375,627.2304014394042
1996.0,CAF,8500.0,19000.0,CAF,CAF,16000.0,25000.0,293.306575328658,0.0,4.3808217,3435965.0,0.0,21000.0,3348052.0,6.0,15.049808375771306,5.684621997255075,6.442906980456658,552.9742008431401
1997.0,CAF,9500.0,19000.0,CAF,CAF,15000.0,23000.0,265.5212823896,0.0,4.3808217,3531700.0,0.0,19000.0,3435965.0,7.0,15.077289899386232,5.5854540992901445,6.3171181167877215,537.9845400232183
1998.0,CAF,10000.0,18000.0,CAF,CAF,15000.0,22000.0,266.570544600384,0.0,4.3808217,3628827.0,0.0,19000.0,3531700.0,8.0,15.104420013524026,5.589383249700823,6.2896868877948915,496.0280553468104
1999.0,CAF,11000.0,17000.0,CAF,CAF,14000.0,20000.0,267.995954011083,0.0,4.3808217,3729450.0,0.0,18000.0,3628827.0,9.0,15.131771327664614,5.594696338637732,6.208646473893382,455.83128879593505
2000.0,CAF,12000.0,16000.0,CAF,CAF,13000.0,19000.0,239.154133726071,0.0,4.3808217,3833416.0,0.0,17000.0,3729450.0,10.0,15.159266869650233,5.481280941063131,6.124314151608901,417.38230340771776
2001.0,CAF,13000.0,16000.0,CAF,CAF,13000.0,18000.0,237.951702544735,0.0,4.01043987,3919487.0,0.0,16000.0,3833416.0,11.0,15.181471335855829,5.476261450107531,6.036395615985562,408.2166875409971
2002.0,CAF,13000.0,14000.0,CAF,CAF,12000.0,17000.0,248.639290978403,0.0,4.23633623,4006077.0,0.0,16000.0,3919487.0,12.0,15.203323016191424,5.520017039885567,6.014244814137931,349.4690691167444
2003.0,CAF,13000.0,14000.0,CAF,CAF,12000.0,17000.0,278.403992150941,0.0,4.18572474,4103086.0,0.0,14000.0,4006077.0,13.0,15.227249931477632,5.6326587350205015,5.859272454696818,341.2065942561282
2004.0,CAF,14000.0,14000.0,CAF,CAF,11000.0,16000.0,303.461321152782,0.0,4.14367914,4192826.0,0.0,14000.0,4103086.0,14.0,15.248885527557526,5.718544054952909,5.835414631453981,333.903672606495
2005.0,CAF,13000.0,13000.0,CAF,CAF,11000.0,16000.0,311.950023138687,1.0,4.22857571,4288810.0,0.0,14000.0,4192826.0,15.0,15.271519863147288,5.746043507308037,5.813842946018008,303.1143837101667
2006.0,CAF,13000.0,12000.0,CAF,CAF,9900.0,15000.0,333.942519903031,2.0,4.31108665,4377579.0,0.0,13000.0,4288810.0,16.0,15.292006389809684,5.813958934724114,5.717403892841845,274.1241220318354
2007.0,CAF,12000.0,12000.0,CAF,CAF,9600.0,14000.0,380.887048839475,4.0,4.6338892,4462770.0,1.0,12000.0,4377579.0,17.0,15.311280207441406,5.945124881217245,5.617222348680554,268.8912939721294
2008.0,CAF,11000.0,11000.0,CAF,CAF,8800.0,14000.0,437.24827472489,8.0,4.02635765,4558984.0,2.0,12000.0,4462770.0,18.0,15.332610349647855,6.082785587056321,5.5980192630091885,241.28182946024813
2009.0,CAF,9700.0,11000.0,CAF,CAF,8500.0,13000.0,456.471673898404,9.0,4.68325615,4529047.0,4.0,11000.0,4558984.0,19.0,15.326022100051295,6.125714967822598,5.490101633100616,242.8767023172866
2010.0,CAF,9600.0,10000.0,CAF,CAF,8100.0,13000.0,476.873786950728,11.0,3.56699872,4492995.0,8.0,11000.0,4529047.0,20.0,15.318030075209478,6.1693466535895585,5.496662779205071,222.56868747906464
2011.0,CAF,9700.0,9800.0,CAF,CAF,7400.0,12000.0,534.057281471636,11.0,3.67561865,4565021.0,9.0,10000.0,4492995.0,21.0,15.333933672219683,6.282373809335901,5.409718693366753,214.6759018195097
2012.0,CAF,9600.0,9200.0,CAF,CAF,6800.0,12000.0,544.395849142785,13.0,3.91814446,4610848.0,11.0,9800.0,4565021.0,22.0,15.343922345995747,6.301511859716566,5.3737768263356545,199.5294574880803
2013.0,CAF,9200.0,9200.0,CAF,CAF,6800.0,12000.0,364.36696260838,13.0,4.76660204,4642419.0,11.0,9200.0,4610848.0,23.0,15.350746124560827,5.90090222553877,5.300961156094968,198.17254754471753
2014.0,CAF,8400.0,8100.0,CAF,CAF,5800.0,11000.0,409.8504859647,21.0,4.56557369,4623182.0,13.0,9200.0,4642419.0,24.0,15.346593770570962,6.01822936720405,5.294171522122806,175.2040045146395
2015.0,CAF,6900.0,7500.0,CAF,CAF,5200.0,10000.0,366.322853938121,24.0,5.03434181,4629320.0,13.0,8100.0,4623182.0,25.0,15.34792054702568,5.906241172338684,5.171642440341663,162.01083528466384
1990.0,CAN,1600.0,2600.0,CAN,CAN,2100.0,3000.0,21525.8611387148,19.0,8.24808502,27691138.0,,,,0.0,17.13662299217192,9.977056789609922,,9.389285481875104
1991.0,CAN,1900.0,2600.0,CAN,CAN,2000.0,3000.0,21846.7930471354,19.0,8.24808502,28037420.0,,2600.0,27691138.0,1.0,17.149050604485087,9.991855190714656,2.3407750329557313,9.273321154371551
1992.0,CAN,2100.0,2500.0,CAN,CAN,2000.0,2900.0,20950.3305287651,19.0,8.24808502,28371264.0,19.0,2600.0,28037420.0,2.0,17.16088735989898,9.949957433059884,2.3295503557304467,8.811732885781895
1993.0,CAN,2300.0,2500.0,CAN,CAN,2000.0,2900.0,20186.7988782965,19.0,8.24808502,28684764.0,19.0,2500.0,28371264.0,3.0,17.17187666868777,9.912833684972272,2.2835789028073696,8.715428162490722
1994.0,CAN,2500.0,2600.0,CAN,CAN,2000.0,3000.0,19997.6237373354,19.0,8.24808502,29000663.0,19.0,2500.0,28684764.0,4.0,17.18282924975838,9.903418737035166,2.273715154168152,8.965312275791764
1995.0,CAN,2600.0,2600.0,CAN,CAN,2000.0,3000.0,20679.634792669,19.0,8.24808502,29302311.0,19.0,2600.0,29000663.0,5.0,17.193176944597063,9.936953024121708,2.299110290433341,8.873020288399779
1996.0,CAN,2200.0,2500.0,CAN,CAN,2000.0,3000.0,21296.9723536904,19.0,8.24808502,29610218.0,19.0,2600.0,29302311.0,6.0,17.203630062428246,9.966367152503794,2.2898058135648878,8.443031388691566
1997.0,CAN,1700.0,2500.0,CAN,CAN,2000.0,3000.0,21901.5870048928,19.0,8.24808502,29905948.0,19.0,2500.0,29610218.0,7.0,17.2135679483429,9.994360036905316,2.245277050292305,8.359541051833569
1998.0,CAN,1600.0,2500.0,CAN,CAN,2000.0,3000.0,21024.5627149423,19.0,8.24808502,30155173.0,19.0,2500.0,29905948.0,8.0,17.221867041876138,9.953494248570621,2.2363962563635837,8.290451525514378
1999.0,CAN,1500.0,2500.0,CAN,CAN,2000.0,3000.0,22315.3130930482,19.0,8.24808502,30401286.0,19.0,2500.0,30155173.0,9.0,17.229995468113298,10.01307321884765,2.228987155036931,8.223336341758701
2000.0,CAN,1400.0,2500.0,CAN,CAN,1900.0,2900.0,24271.0020563821,19.0,8.24808502,30685730.0,19.0,2500.0,30401286.0,10.0,17.239308283647823,10.09707878631071,2.2217368313061723,8.147109421871338
2001.0,CAN,1400.0,2500.0,CAN,CAN,1900.0,3000.0,23822.096210932,21.0,8.62476349,31020855.0,19.0,2500.0,30685730.0,11.0,17.250170278195487,10.078410818128477,2.2134379191993023,8.059094438241628
2002.0,CAN,1200.0,2500.0,CAN,CAN,1900.0,2900.0,24256.0598742201,27.0,8.85665226,31359199.0,19.0,2500.0,31020855.0,12.0,17.26101821102844,10.096462982829673,2.2037691634304317,7.972142400703538
2003.0,CAN,1100.0,2500.0,CAN,CAN,1900.0,2900.0,28301.9097055898,29.0,9.01086521,31642461.0,21.0,2500.0,31359199.0,13.0,17.270010479128427,10.250719894798015,2.194124488210958,7.900776112199363
2004.0,CAN,1200.0,2500.0,CAN,CAN,1900.0,2900.0,32145.5653280273,30.0,9.06623363,31938807.0,27.0,2500.0,31642461.0,14.0,17.279332348769906,10.378060891237975,2.1861384765539857,7.8274683209050355
2005.0,CAN,1400.0,2400.0,CAN,CAN,1900.0,2900.0,36383.9671341396,32.0,9.03529835,32242732.0,29.0,2500.0,31938807.0,15.0,17.28880321146661,10.501910977500295,2.1778682601314427,7.44353797314694
2006.0,CAN,1500.0,2400.0,CAN,CAN,1800.0,2900.0,40504.8490329826,33.0,9.33188725,32571193.0,30.0,2400.0,32242732.0,16.0,17.298938805381106,10.609201663234456,2.1334014119029634,7.368474344799099
2007.0,CAN,1500.0,2400.0,CAN,CAN,1800.0,2900.0,44660.0838892281,35.0,9.4346962,32888886.0,32.0,2400.0,32571193.0,17.0,17.308645347114272,10.706857794898749,2.124471591279947,7.29729793827617
2008.0,CAN,1600.0,2400.0,CAN,CAN,1800.0,2800.0,46710.3654423328,36.0,9.59427929,33247298.0,33.0,2400.0,32888886.0,18.0,17.319484058606214,10.751742785403147,2.115929912194495,7.21863172159133
2009.0,CAN,1100.0,2300.0,CAN,CAN,1700.0,2800.0,40874.9612318547,45.0,10.70402527,33630069.0,35.0,2400.0,33247298.0,19.0,17.330931135453866,10.6182974242987,2.1064037379852145,6.839117695536099
2010.0,CAN,720.0,2100.0,CAN,CAN,1600.0,2600.0,47560.8378831258,46.0,10.70066547,34005902.0,36.0,2300.0,33630069.0,20.0,17.342044655751035,10.769785993521616,2.0591262891946656,6.1753986116880535
2011.0,CAN,810.0,2000.0,CAN,CAN,1500.0,2400.0,52224.1237767406,48.0,10.40518665,34339221.0,45.0,2100.0,34005902.0,21.0,17.351798728260746,10.863318956488795,1.9706583157384931,5.824243945429047
2012.0,CAN,900.0,1900.0,CAN,CAN,1400.0,2300.0,52670.1429540952,49.0,10.5407114,34713395.0,46.0,2000.0,34339221.0,22.0,17.36263619348411,10.871823012528587,1.9204815577082601,5.473391467472426
2013.0,CAN,550.0,1800.0,CAN,CAN,1300.0,2200.0,52637.7313222622,63.0,10.43559265,35080992.0,48.0,1900.0,34713395.0,23.0,17.373170003289644,10.87120746468791,1.8677001547117618,5.130983753253044
2014.0,CAN,500.0,1800.0,CAN,CAN,1400.0,2200.0,50960.8942086685,67.0,10.28115654,35434066.0,49.0,1800.0,35080992.0,24.0,17.38318423175861,10.838833460055014,1.8133552188427784,5.079857332771238
2015.0,CAN,500.0,1900.0,CAN,CAN,1400.0,2200.0,43594.2379080706,70.0,10.76397896,35704498.0,63.0,1800.0,35434066.0,25.0,17.390787233211,10.682703201079978,1.8049812306980375,5.32145837759713
1990.0,CHE,500.0,850.0,CHE,CHE,720.0,940.0,40170.8696758305,32.0,9.13442421,6715519.0,,,,0.0,15.71993167460282,10.600922270353594,,12.65724957371128
1991.0,CHE,500.0,880.0,CHE,CHE,740.0,980.0,40140.3718874038,32.0,9.13442421,6799978.0,,850.0,6715519.0,1.0,15.732429934846984,10.600162799329912,2.614270484946189,12.941218339235801
1992.0,CHE,500.0,900.0,CHE,CHE,750.0,990.0,41327.1832947809,32.0,9.13442421,6875364.0,32.0,880.0,6799978.0,2.0,15.743455145569893,10.629299950449212,2.634849800310729,13.09021602347163
1993.0,CHE,500.0,890.0,CHE,CHE,750.0,980.0,39828.3640333356,32.0,9.13442421,6938265.0,32.0,900.0,6875364.0,3.0,15.752562301227778,10.592359709021743,2.6454806574801877,12.827414346381984
1994.0,CHE,500.0,870.0,CHE,CHE,730.0,960.0,43741.1064805172,32.0,9.13442421,6993795.0,32.0,890.0,6938265.0,4.0,15.760533885338026,10.686066452205054,2.626653168427589,12.439598243871888
1995.0,CHE,500.0,830.0,CHE,CHE,700.0,910.0,50868.9734516769,32.0,9.13442421,7040687.0,32.0,870.0,6993795.0,5.0,15.76721630860037,10.837028115931023,2.5982054420791556,11.788622331883237
1996.0,CHE,500.0,780.0,CHE,CHE,650.0,850.0,48837.8072568268,32.0,9.13442421,7071850.0,32.0,830.0,7040687.0,6.0,15.771632672667433,10.796280506485541,2.5485558953155762,11.02964570798306
1997.0,CHE,500.0,710.0,CHE,CHE,590.0,780.0,42159.9962722039,32.0,9.13442421,7088906.0,32.0,780.0,7071850.0,7.0,15.77404158476899,10.649250813680917,2.487374078844932,10.015649805484795
1998.0,CHE,200.0,640.0,CHE,CHE,520.0,710.0,43165.639648677,32.0,9.13442421,7110001.0,32.0,710.0,7088906.0,8.0,15.77701294242639,10.67282324555405,2.3993169712954896,9.001405203740477
1999.0,CHE,200.0,570.0,CHE,CHE,500.0,650.0,42260.8690492557,32.0,9.13442421,7143991.0,32.0,640.0,7110001.0,9.0,15.781782141739246,10.651640517576231,2.3027256034960306,7.978733455851219
2000.0,CHE,200.0,500.0,CHE,CHE,500.0,570.0,39298.0968042444,32.0,9.13442421,7184250.0,32.0,570.0,7143991.0,10.0,15.787401687913247,10.578956815512965,2.194858831815865,6.959668719768939
2001.0,CHE,200.0,500.0,CHE,CHE,500.0,510.0,40133.6101965261,37.0,9.46040058,7229854.0,32.0,500.0,7184250.0,11.0,15.793729400293433,10.599994338210704,2.074387380870754,6.915768976800915
2002.0,CHE,200.0,500.0,CHE,CHE,500.0,500.0,43094.2492848494,41.0,9.88000107,7284753.0,32.0,500.0,7229854.0,12.0,15.801294091751814,10.671168044607045,2.068856842979041,6.863650696186953
2003.0,CHE,100.0,500.0,CHE,CHE,500.0,500.0,49947.3910175152,46.0,10.13696766,7339001.0,37.0,500.0,7284753.0,13.0,15.808713287785537,10.81874557169633,2.0622509637742934,6.812916362867372
2004.0,CHE,100.0,500.0,CHE,CHE,500.0,500.0,55349.6164595028,50.0,10.22576523,7389625.0,41.0,500.0,7339001.0,14.0,15.815587547387867,10.921443075554487,2.0557783080894447,6.766243212612277
2005.0,CHE,100.0,500.0,CHE,CHE,500.0,500.0,57080.0704338193,54.0,10.05823421,7437115.0,46.0,500.0,7389625.0,15.0,15.8219935627903,10.952227824635314,2.049786548435916,6.723037091667939
2006.0,CHE,100.0,500.0,CHE,CHE,500.0,500.0,59910.293405504,58.0,9.5802002,7483934.0,50.0,500.0,7437115.0,16.0,15.828269147523763,11.000620303987041,2.044207692329438,6.680978212795569
2007.0,CHE,100.0,500.0,CHE,CHE,500.0,500.0,66082.1233977532,61.0,9.41693783,7551117.0,54.0,500.0,7483934.0,17.0,15.837206057301994,11.098668673992966,2.0387469105062817,6.621536919637187
2008.0,CHE,100.0,500.0,CHE,CHE,500.0,500.0,75147.5376709155,64.0,9.53167725,7647675.0,58.0,500.0,7551117.0,18.0,15.849912238040572,11.227221936188275,2.0309780448511985,6.537934731797573
2009.0,CHE,100.0,500.0,CHE,CHE,500.0,500.0,72788.2049524379,67.0,10.1415062,7743831.0,61.0,500.0,7647675.0,19.0,15.86240708435331,11.195322939569316,2.0199482362504897,6.456752478198453
2010.0,CHE,100.0,500.0,CHE,CHE,500.0,500.0,77956.1262043942,70.0,9.9907856,7824909.0,64.0,500.0,7743831.0,20.0,15.872822664929897,11.26391429050484,2.009119994796114,6.389850667911921
2011.0,CHE,100.0,500.0,CHE,CHE,500.0,500.0,91910.3964565203,73.0,10.10393143,7912398.0,67.0,500.0,7824909.0,21.0,15.883941454356219,11.428580309975393,2.000107527436849,6.319196784590462
2012.0,CHE,100.0,500.0,CHE,CHE,500.0,500.0,87269.5594780124,75.0,10.33511066,7996861.0,70.0,500.0,7912398.0,22.0,15.894559647644897,11.376768451022706,1.9905005930714816,6.252453306366085
2013.0,CHE,100.0,500.0,CHE,CHE,500.0,500.0,88851.2374497983,77.0,10.59444523,8089346.0,73.0,500.0,7996861.0,23.0,15.906058445223021,11.394730015593227,1.9813397987115635,6.180969388625483
2014.0,CHE,100.0,500.0,CHE,CHE,500.0,500.0,90511.6484558843,78.0,10.6751194,8188649.0,75.0,500.0,8089346.0,24.0,15.918259484957348,11.4132448818657,1.9714343862901686,6.106013336265848
2015.0,CHE,100.0,500.0,CHE,CHE,500.0,500.0,85265.06205193,79.0,10.97983074,8282396.0,77.0,500.0,8188649.0,25.0,15.929642856482122,11.353531788564943,1.9609413743583812,6.03690043315968
1990.0,CHL,,1100.0,CHL,CHL,940.0,1300.0,2487.76829657299,11.0,7.00020742,13437176.0,,,,0.0,16.41353575193356,7.8195432070632815,,8.186243895294666
1991.0,CHL,,1300.0,CHL,CHL,1100.0,1500.0,2798.34262413795,11.0,7.00020742,13662491.0,,1100.0,13437176.0,1.0,16.430164752729294,7.93713989150525,2.217707136312585,9.515102333827704
1992.0,CHL,,1500.0,CHL,CHL,1300.0,1700.0,3351.84108855522,11.0,7.00020742,13884577.0,11.0,1300.0,13662491.0,2.0,16.446289213728914,8.117563351533152,2.3528125412830265,10.803353966058888
1993.0,CHL,,1600.0,CHL,CHL,1400.0,1800.0,3540.91377313015,11.0,7.00020742,14102276.0,11.0,1500.0,13884577.0,3.0,16.46184676076156,8.172422473927357,2.4683837254964414,11.345686327511956
1994.0,CHL,,1700.0,CHL,CHL,1500.0,1900.0,4012.10159912285,11.0,7.00020742,14316256.0,11.0,1600.0,14102276.0,4.0,16.47690623279814,8.297319687445276,2.5133067168379912,11.87461302731664
1995.0,CHL,,1800.0,CHL,CHL,1500.0,2000.0,5081.4682771561,11.0,7.00020742,14527381.0,11.0,1700.0,14316256.0,5.0,16.491545771536636,8.533552303900358,2.555257389967359,12.390395763696153
1996.0,CHL,,1800.0,CHL,CHL,1500.0,2000.0,5333.50438729711,11.0,7.00020742,14734046.0,11.0,1800.0,14527381.0,6.0,16.5056714282507,8.581951261069477,2.594537715927692,12.216603640303553
1997.0,CHL,,1800.0,CHL,CHL,1600.0,2000.0,5741.95842989596,11.0,7.00020742,14932434.0,11.0,1800.0,14734046.0,7.0,16.519046183689326,8.655729762442828,2.581473890697989,12.054297377105433
1998.0,CHL,,1800.0,CHL,CHL,1600.0,2000.0,5419.82417297191,11.0,7.00020742,15127799.0,11.0,1800.0,14932434.0,8.0,16.532044602611325,8.598003144307455,2.5691173804886716,11.898624512396019
1999.0,CHL,,1800.0,CHL,CHL,1600.0,2000.0,4933.55581516755,11.0,7.00020742,15319313.0,11.0,1800.0,15127799.0,9.0,16.54462487792919,8.504017940758457,2.5571206787365246,11.749874162111578
2000.0,CHL,,1900.0,CHL,CHL,1600.0,2100.0,5052.99245766325,11.0,7.00020742,15503635.0,11.0,1800.0,15319313.0,10.0,16.556585070523898,8.527933795597056,2.5455214019174224,12.255190476297978
2001.0,CHL,,1900.0,CHL,CHL,1600.0,2100.0,4563.5952986689,14.0,7.09733105,15683849.0,11.0,1900.0,15503635.0,11.0,16.568142014702005,8.426085136014574,2.584389209784701,12.114373200099031
2002.0,CHL,,2000.0,CHL,CHL,1700.0,2200.0,4430.84741157984,19.0,7.20833778,15857925.0,11.0,1900.0,15683849.0,12.0,16.579179933329215,8.396571799039272,2.5737088195803968,12.611990534701103
2003.0,CHL,,2100.0,CHL,CHL,1800.0,2300.0,4773.40177520754,24.0,7.25047779,16024752.0,14.0,2000.0,15857925.0,13.0,16.589645084832224,8.471023962387251,2.6109510612741142,13.10472698735057
2004.0,CHL,,2200.0,CHL,CHL,1900.0,2400.0,6120.59152055344,25.0,6.91028595,16187322.0,19.0,2100.0,16024752.0,14.0,16.599738901224576,8.719577394076627,2.6465099885311205,13.590883037972555
2005.0,CHL,,2300.0,CHL,CHL,2000.0,2600.0,7480.32330998636,34.0,6.62372065,16348778.0,24.0,2200.0,16187322.0,15.0,16.609663712453198,8.920164968421027,2.6803968842105923,14.068329755288133
2006.0,CHL,,2400.0,CHL,CHL,2100.0,2700.0,9318.65655296121,33.0,6.07235622,16509195.0,25.0,2300.0,16348778.0,16.0,16.6194280563793,9.139881056459997,2.712595174066583,14.537353274947687
2007.0,CHL,,2600.0,CHL,CHL,2200.0,2800.0,10346.4138184533,35.0,6.21259642,16671581.0,34.0,2400.0,16509195.0,17.0,16.629216091261643,9.244491894856944,2.743247013506493,15.595401539901944
2008.0,CHL,,2700.0,CHL,CHL,2300.0,3000.0,10683.2188772511,35.0,6.73954487,16838988.0,33.0,2600.0,16671581.0,18.0,16.6392074699608,9.276523060471813,2.8091256413180123,16.03421773327471
2009.0,CHL,,2800.0,CHL,CHL,2300.0,3100.0,10098.8017167286,38.0,7.25026846,17009731.0,35.0,2700.0,16838988.0,19.0,16.649296150020074,9.220271070629572,2.835224128912335,16.461165670403606
2010.0,CHL,,3000.0,CHL,CHL,2400.0,3300.0,12632.8704724192,40.0,6.81958389,17181464.0,35.0,2800.0,17009731.0,20.0,16.659341686256464,9.444136619104302,2.8599793105199267,17.4606773904715
2011.0,CHL,,3100.0,CHL,CHL,2500.0,3400.0,14487.3927832032,41.0,6.79947519,17351816.0,38.0,3000.0,17181464.0,21.0,16.669207727467665,9.581103110129161,2.9156429234432526,17.86556519502051
2012.0,CHL,,3200.0,CHL,CHL,2600.0,3500.0,15241.9069981119,47.0,7.01951265,17519119.0,40.0,3100.0,17351816.0,22.0,16.67880335682004,9.631869558958174,2.9373383129473662,18.265758683413246
2013.0,CHL,,3200.0,CHL,CHL,2600.0,3600.0,15683.5486369155,51.0,7.47552681,17687006.0,41.0,3200.0,17519119.0,23.0,16.688340803649076,9.660431343475974,2.9583293587412207,18.09237809949293
2014.0,CHL,,3300.0,CHL,CHL,2700.0,3700.0,14529.6767206336,55.0,7.84150171,17864195.0,47.0,3200.0,17687006.0,24.0,16.698308988250883,9.584017329508258,2.9492892030274245,18.472704759436404
2015.0,CHL,,3400.0,CHL,CHL,2800.0,3800.0,13433.9202987032,57.0,8.3513937,18047625.0,51.0,3300.0,17864195.0,25.0,16.708524655138525,9.505612588669003,2.969013729069887,18.839043918521135
1990.0,CHN,,,CHN,CHN,,,318.50335359039,,4.4535861,1135185000.0,,,,0.0,20.850061470192152,5.76676777013305,,
1991.0,CHN,,,CHN,CHN,,,334.130288119078,,4.4535861,1150780000.0,,,1135185000.0,1.0,20.863705810276187,5.8145193759738225,,
1992.0,CHN,,,CHN,CHN,,,367.822651903542,,4.4535861,1164970000.0,,,1150780000.0,2.0,20.87596117255955,5.910315910359023,,
1993.0,CHN,,,CHN,CHN,,,378.939353053314,,4.4535861,1178440000.0,,,1164970000.0,3.0,20.887457366867896,5.940011642755318,,
1994.0,CHN,,,CHN,CHN,,,475.677874448369,,4.4535861,1191835000.0,,,1178440000.0,4.0,20.898759973189456,6.1668409471381676,,
1995.0,CHN,,,CHN,CHN,,,612.680277898627,,4.4535861,1204855000.0,,,1191835000.0,5.0,20.909625064698353,6.419474072490573,,
1996.0,CHN,,,CHN,CHN,,,713.337387811657,,4.4535861,1217550000.0,,,1204855000.0,6.0,20.920106479839568,6.57135538268062,,
1997.0,CHN,,,CHN,CHN,,,786.743548510999,,4.4535861,1230075000.0,,,1217550000.0,7.0,20.930340980081557,6.669172590836788,,
1998.0,CHN,,,CHN,CHN,,,835.095348597432,,4.4535861,1241935000.0,,,1230075000.0,8.0,20.93993648414454,6.728742659927324,,
1999.0,CHN,,,CHN,CHN,,,881.146614068925,,4.4535861,1252735000.0,,,1241935000.0,9.0,20.94859499807447,6.7823582712953545,,
2000.0,CHN,,,CHN,CHN,,,969.199513696287,,4.4535861,1262645000.0,,,1252735000.0,10.0,20.95647456400401,6.877501734570306,,
2001.0,CHN,,,CHN,CHN,,,1065.40597574519,,4.19752026,1271850000.0,,,1262645000.0,11.0,20.963738370382394,6.9720493725108295,,
2002.0,CHN,,,CHN,CHN,,,1163.55957673426,,4.32156181,1280400000.0,,,1271850000.0,12.0,20.970438366059984,7.060098248800837,,
2003.0,CHN,,,CHN,CHN,,,1306.97245408557,,4.35460472,1288400000.0,,,1280400000.0,13.0,20.976666975421317,7.176233472227781,,
2004.0,CHN,,,CHN,CHN,,,1530.92726215723,,4.22949076,1296075000.0,,,1288400000.0,14.0,20.98260630357244,7.334281870163732,,
2005.0,CHN,,,CHN,CHN,,,1777.64496828464,,4.11230803,1303720000.0,,,1296075000.0,15.0,20.98848755346801,7.4836070996126685,,
2006.0,CHN,,,CHN,CHN,,,2129.25696999613,,3.88655019,1311020000.0,,,1303720000.0,16.0,20.99407129714174,7.663997894617338,,
2007.0,CHN,,,CHN,CHN,,,2734.72709877693,,3.61737728,1317885000.0,,,1311020000.0,17.0,20.999294015805663,7.914152529168542,,
2008.0,CHN,,,CHN,CHN,,,3523.44302065213,,3.83627748,1324655000.0,,,1317885000.0,18.0,21.004417885122038,8.167477694436101,,
2009.0,CHN,,,CHN,CHN,,,3898.24459158811,,4.27631998,1331260000.0,,,1324655000.0,19.0,21.009391699130887,8.268538118891955,,
2010.0,CHN,,,CHN,CHN,,,4629.24551710077,,4.15821123,1337705000.0,,,1331260000.0,20.0,21.01422129601767,8.440365173125944,,
2011.0,CHN,,,CHN,CHN,,,5703.76027973346,,4.26719379,1345035000.0,,,1337705000.0,21.0,21.019685871966473,8.649056242085287,,
2012.0,CHN,,,CHN,CHN,,,6405.0574241349,,4.49046612,1354190000.0,,,1345035000.0,22.0,21.026469326554942,8.764999294246143,,
2013.0,CHN,,,CHN,CHN,,,7147.03518622344,,4.63882637,1363240000.0,,,1354190000.0,23.0,21.033130056331842,8.874592798794264,,
2014.0,CHN,,,CHN,CHN,,,7781.06597484974,,4.69880247,1371860000.0,,,1363240000.0,24.0,21.03943332022726,8.959577131386967,,
2015.0,CHN,,,CHN,CHN,,,8175.33285077393,,4.85367584,1379860000.0,,,1371860000.0,25.0,21.045247881693836,9.008999022325924,,
1990.0,CIV,15000.0,85000.0,CIV,CIV,63000.0,110000.0,885.647842214928,0.0,3.61476922,12189778.0,,,,0.0,16.316108289642727,6.787447882297595,,697.3055620865287
1991.0,CIV,19000.0,95000.0,CIV,CIV,76000.0,120000.0,827.241889166985,0.0,3.61476922,12683870.0,,85000.0,12189778.0,1.0,16.355841665455088,6.719305248396752,6.548656775002179,748.9827631472098
1992.0,CIV,24000.0,99000.0,CIV,CIV,83000.0,120000.0,844.902223806738,0.0,3.61476922,13200310.0,0.0,95000.0,12683870.0,2.0,16.39575087212932,6.7404037782304265,6.620050223795868,749.9823867772802
1993.0,CIV,29000.0,97000.0,CIV,CIV,80000.0,120000.0,804.149657211252,0.0,3.61476922,13735951.0,0.0,99000.0,13200310.0,3.0,16.435527114284593,6.691028169718714,6.62138219846285,706.1760776519951
1994.0,CIV,34000.0,95000.0,CIV,CIV,79000.0,110000.0,581.888468577405,0.0,3.61476922,14287201.0,0.0,97000.0,13735951.0,4.0,16.474874659482147,6.36799586200697,6.561279683901739,664.9308006515762
1995.0,CIV,39000.0,89000.0,CIV,CIV,74000.0,110000.0,740.4730999133,0.0,3.61476922,14855565.0,0.0,95000.0,14287201.0,5.0,16.513885100487432,6.608638882987762,6.5011857622165445,599.1020873322557
1996.0,CIV,44000.0,84000.0,CIV,CIV,69000.0,100000.0,1170.23622049666,0.0,3.61476922,15442312.0,0.0,89000.0,14855565.0,6.0,16.552621832283492,7.065815068699358,6.397099786296793,543.9599976998263
1997.0,CIV,49000.0,77000.0,CIV,CIV,64000.0,92000.0,1124.65674867927,0.0,3.61476922,16047170.0,0.0,84000.0,15442312.0,7.0,16.59104306800586,7.0261219209110415,6.300712393253511,479.83538530469855
1998.0,CIV,53000.0,72000.0,CIV,CIV,60000.0,85000.0,1177.37133815342,0.0,3.61476922,16663948.0,0.0,77000.0,16047170.0,8.0,16.628758141418796,7.071888542172222,6.175524977236474,432.07047933658936
1999.0,CIV,57000.0,70000.0,CIV,CIV,60000.0,83000.0,1096.13520587572,0.0,3.61476922,17215935.0,0.0,72000.0,16663948.0,9.0,16.6613459663789,7.000457703250895,6.070900484587379,406.6000481530628
2000.0,CIV,60000.0,62000.0,CIV,CIV,53000.0,72000.0,936.636541348798,0.0,3.61476922,17699004.0,0.0,70000.0,17215935.0,10.0,16.689018924774334,6.843362391344877,6.010286419486597,350.30219779598895
2001.0,CIV,61000.0,57000.0,CIV,CIV,49000.0,67000.0,924.727294962066,0.0,3.59047151,18178913.0,0.0,62000.0,17699004.0,11.0,16.71577285394696,6.830579693392025,5.861646815432083,313.55010060282484
2002.0,CIV,62000.0,53000.0,CIV,CIV,46000.0,61000.0,967.815864415991,0.0,3.54146051,18654771.0,0.0,57000.0,18178913.0,12.0,16.7416124890327,6.876074567430976,5.751143365846936,284.1096253607187
2003.0,CIV,62000.0,47000.0,CIV,CIV,41000.0,56000.0,1111.17135087887,0.0,3.95147705,19125542.0,0.0,53000.0,18654771.0,13.0,16.766535277144587,7.014069555456465,5.652873756698142,245.7446696151147
2004.0,CIV,61000.0,45000.0,CIV,CIV,39000.0,54000.0,1199.82524528546,1.0,4.02148724,19595000.0,0.0,47000.0,19125542.0,14.0,16.79078498961587,7.090764303820325,5.5083540757099,229.6504210257719
2005.0,CIV,57000.0,41000.0,CIV,CIV,35000.0,48000.0,1197.74616979415,3.0,3.96639085,20068458.0,0.0,45000.0,19595000.0,15.0,16.81465988672968,7.0890314310260365,5.440903235390293,204.30069913692424
2006.0,CIV,52000.0,38000.0,CIV,CIV,32000.0,46000.0,1230.43056838584,5.0,3.92861462,20546802.0,1.0,41000.0,20068458.0,16.0,16.838215866358446,7.115931836260145,5.324475729459539,184.94362285673458
2007.0,CIV,48000.0,34000.0,CIV,CIV,29000.0,41000.0,1367.53817722326,6.0,4.19379663,21030558.0,3.0,38000.0,20546802.0,17.0,16.861487080850413,7.221498425222241,5.225443524847445,161.6695096725441
2008.0,CIV,43000.0,28000.0,CIV,CIV,23000.0,34000.0,1583.97066701372,10.0,4.1387105,21514439.0,5.0,34000.0,21030558.0,18.0,16.88423484908337,7.368321179524182,5.091720594527456,130.14515507469193
2009.0,CIV,37000.0,27000.0,CIV,CIV,21000.0,35000.0,1540.45393569596,14.0,4.63971424,21997940.0,6.0,28000.0,21514439.0,19.0,16.906459370574794,7.340481364100569,4.876304763767701,122.73876553895501
2010.0,CIV,34000.0,25000.0,CIV,CIV,20000.0,33000.0,1553.54887048143,15.0,4.57494831,22488065.0,10.0,27000.0,21997940.0,20.0,16.928495281994778,7.348940667075682,4.81817261380413,111.17008066278713
2011.0,CIV,32000.0,23000.0,CIV,CIV,18000.0,31000.0,1596.62826565998,19.0,4.39700699,22982000.0,14.0,25000.0,22488065.0,21.0,16.950221858799715,7.376275474521446,4.72001629676882,100.07832216517275
2012.0,CIV,29000.0,20000.0,CIV,CIV,15000.0,28000.0,1546.9460184731,22.0,4.4273715,23467078.0,15.0,23000.0,22982000.0,22.0,16.97110906071563,7.344684181754235,4.615895683303999,85.22577885495586
2013.0,CIV,28000.0,19000.0,CIV,CIV,13000.0,26000.0,1786.15862031324,25.0,3.71773791,23939775.0,19.0,20000.0,23467078.0,23.0,16.991051859553693,7.488382274685904,4.456969191602704,79.36582528448993
2014.0,CIV,26000.0,16000.0,CIV,CIV,10000.0,23000.0,1991.36539423404,30.0,3.7310183,24527395.0,22.0,19000.0,23939775.0,24.0,17.015301214101335,7.597077852163546,4.386589027171262,65.23318110219205
2015.0,CIV,24000.0,16000.0,CIV,CIV,11000.0,22000.0,1814.71855088017,34.0,3.2198832,25246342.0,25.0,16000.0,24527395.0,25.0,17.044191831903657,7.504236564154632,4.193181562480257,63.37551792651783
1990.0,CMR,2300.0,19000.0,CMR,CMR,14000.0,23000.0,1086.71700937081,0.0,4.29573393,11331821.0,,,,0.0,16.24312534383179,6.991836291902338,,167.6694328299044
1991.0,CMR,3200.0,25000.0,CMR,CMR,19000.0,29000.0,1014.82897292999,0.0,4.29573393,11667180.0,,19000.0,11331821.0,1.0,16.272290329817608,6.92346028023839,5.127940780662173,214.2762861291246
1992.0,CMR,4300.0,33000.0,CMR,CMR,26000.0,38000.0,1005.44897647465,0.0,4.29573393,12006353.0,0.0,25000.0,11667180.0,2.0,16.30094648432738,6.914183549780604,5.371922254918695,274.85448745343405
1993.0,CMR,5800.0,41000.0,CMR,CMR,33000.0,47000.0,1309.93629975506,0.0,4.29573393,12353131.0,0.0,33000.0,12006353.0,3.0,16.329420111174127,7.178496893532916,5.619873507316533,331.8996617132936
1994.0,CMR,7700.0,50000.0,CMR,CMR,42000.0,58000.0,700.70950185009,0.0,4.29573393,12704903.0,0.0,41000.0,12353131.0,4.0,16.357498539917803,6.5535195033523825,5.807841128399308,393.5488527539329
1995.0,CMR,9900.0,56000.0,CMR,CMR,48000.0,65000.0,832.006674487689,0.0,4.29573393,13058516.0,0.0,50000.0,12704903.0,5.0,16.384951045953493,6.725041654725005,5.977742967229786,428.8389277924076
1996.0,CMR,13000.0,63000.0,CMR,CMR,54000.0,73000.0,826.965322327363,0.0,4.29573393,13414757.0,0.0,56000.0,13058516.0,6.0,16.411865927626366,6.7189712722610695,6.063410551983265,469.6320626605461
1997.0,CMR,15000.0,67000.0,CMR,CMR,58000.0,76000.0,783.251601945462,0.0,4.29573393,13775214.0,0.0,63000.0,13414757.0,7.0,16.43838144827278,6.66472988971513,6.154076605422794,486.38082863903236
1998.0,CMR,19000.0,69000.0,CMR,CMR,60000.0,78000.0,798.745621406677,0.0,4.29573393,14144860.0,0.0,67000.0,13775214.0,8.0,16.464861865178545,6.684293703862063,6.189045806480355,487.80970614060516
1999.0,CMR,22000.0,68000.0,CMR,CMR,60000.0,78000.0,796.262649784591,0.0,4.29573393,14525140.0,0.0,69000.0,14144860.0,9.0,16.491391499210014,6.681184172537061,6.191973264740034,468.1538353502961
2000.0,CMR,25000.0,66000.0,CMR,CMR,59000.0,75000.0,708.565731625965,0.0,4.29573393,14912631.0,0.0,68000.0,14525140.0,10.0,16.517719129926423,6.564653137306651,6.150930721807185,442.5778388803424
2001.0,CMR,29000.0,62000.0,CMR,CMR,55000.0,70000.0,715.470296470585,0.0,4.16830397,15309490.0,0.0,66000.0,14912631.0,11.0,16.543983455517953,6.574336789982626,6.0948732967899355,404.97756620240125
2002.0,CMR,32000.0,59000.0,CMR,CMR,54000.0,66000.0,789.623811072554,0.0,4.02669907,15725528.0,0.0,62000.0,15309490.0,12.0,16.5707959370936,6.672822268133005,6.006297902415972,375.18613047523746
2003.0,CMR,35000.0,56000.0,CMR,CMR,51000.0,63000.0,988.241276791846,0.0,3.90227985,16160340.0,0.0,59000.0,15725528.0,13.0,16.598070650439855,6.896938262224983,5.930084048763699,346.5273626668746
2004.0,CMR,35000.0,52000.0,CMR,CMR,47000.0,59000.0,1133.39326749673,3.0,3.72798991,16610487.0,0.0,56000.0,16160340.0,14.0,16.6255448008466,7.033853220901939,5.850843403392307,313.0552403430435
2005.0,CMR,35000.0,49000.0,CMR,CMR,45000.0,57000.0,1142.62466252106,4.0,3.77274442,17074594.0,0.0,52000.0,16610487.0,15.0,16.653102185686024,7.041958025903851,5.7495688950947,286.97607685430177
2006.0,CMR,35000.0,47000.0,CMR,CMR,42000.0,54000.0,1191.45458990968,5.0,3.73662829,17550407.0,3.0,49000.0,17074594.0,16.0,16.680587698490434,7.083769142297134,5.662877410207616,267.8000572864208
2007.0,CMR,35000.0,45000.0,CMR,CMR,40000.0,52000.0,1325.67248215933,8.0,3.79498792,18049896.0,4.0,47000.0,17550407.0,17.0,16.70865048095371,7.190429193137949,5.593967821768096,249.30891568571917
2008.0,CMR,33000.0,43000.0,CMR,CMR,37000.0,49000.0,1492.14269801453,10.0,3.65843678,18574056.0,5.0,45000.0,18049896.0,18.0,16.737276326280703,7.308638371012443,5.522695817802229,231.5057088231025
2009.0,CMR,32000.0,40000.0,CMR,CMR,36000.0,47000.0,1461.38999232337,13.0,3.49997187,19113974.0,8.0,43000.0,18574056.0,19.0,16.765930248547843,7.287827357352735,5.448914778803825,209.27097630246854
2010.0,CMR,31000.0,36000.0,CMR,CMR,31000.0,42000.0,1398.58702025047,15.0,3.57742167,19668066.0,10.0,40000.0,19113974.0,20.0,16.794506863213034,7.243932486551181,5.348397062259251,183.03782385110972
2011.0,CMR,31000.0,34000.0,CMR,CMR,29000.0,40000.0,1513.96056994878,18.0,3.85282946,20232304.0,13.0,36000.0,19668066.0,21.0,16.822791092920912,7.323144691168327,5.215141300891723,168.0480878500046
2012.0,CMR,29000.0,29000.0,CMR,CMR,25000.0,35000.0,1449.09874362279,21.0,3.9310236,20809529.0,15.0,34000.0,20232304.0,22.0,16.850921564764327,7.279386932146185,5.130183217939403,139.3592329744705
2013.0,CMR,29000.0,26000.0,CMR,CMR,22000.0,32000.0,1575.92882118897,23.0,3.63136435,21402376.0,18.0,29000.0,20809529.0,23.0,16.879012501866306,7.363234450363529,4.944205085998391,121.48183921261825
2014.0,CMR,30000.0,24000.0,CMR,CMR,20000.0,31000.0,1649.4433905949,25.0,4.34148788,22059893.0,21.0,26000.0,21402376.0,24.0,16.90927172136989,7.408799252368118,4.8079627676689025,108.79472534159618
2015.0,CMR,29000.0,23000.0,CMR,CMR,19000.0,30000.0,1415.00009710569,30.0,4.12600517,22763414.0,23.0,24000.0,22059893.0,25.0,16.94066515597353,7.255591342831128,4.698612489138254,101.03932564772576
1990.0,COD,23000.0,85000.0,COD,COD,64000.0,120000.0,254.872656292509,0.0,1.46594739,36684063.0,,,,0.0,17.417852968029468,5.544679884359667,,231.70824889271398
1991.0,COD,27000.0,84000.0,COD,COD,65000.0,120000.0,253.79642770809,0.0,1.46594739,37925817.0,,85000.0,36684063.0,1.0,17.451142625484962,5.54046490361578,5.4497855182949735,221.48501112052512
1992.0,COD,32000.0,85000.0,COD,COD,64000.0,120000.0,209.726548794417,0.0,1.46594739,39228910.0,0.0,84000.0,37925817.0,2.0,17.484924532941204,5.350561315693608,5.4048597335866715,216.67693545398024
1993.0,COD,36000.0,84000.0,COD,COD,63000.0,110000.0,263.335582841074,0.0,1.46594739,40656336.0,0.0,85000.0,39228910.0,3.0,17.52066524897074,5.577219443048083,5.383012016160071,206.6098627284072
1994.0,COD,41000.0,80000.0,COD,COD,61000.0,100000.0,136.542547670676,0.0,1.46594739,42626876.0,0.0,84000.0,40656336.0,4.0,17.567995504329673,4.9239333068456,5.3356606584889095,187.675024554931
1995.0,COD,47000.0,80000.0,COD,COD,61000.0,100000.0,127.008078734668,0.0,1.46594739,44433704.0,0.0,80000.0,42626876.0,5.0,17.609508838531553,4.852093377042536,5.240026088314986,180.04350931446095
1996.0,COD,50000.0,79000.0,COD,COD,61000.0,100000.0,127.416132828292,0.0,1.46594739,45296124.0,0.0,80000.0,44433704.0,6.0,17.62873202387864,4.855276028443335,5.198737385331296,174.40785882694954
1997.0,COD,53000.0,76000.0,COD,COD,60000.0,96000.0,132.323520768553,0.0,1.46594739,46029902.0,0.0,79000.0,45296124.0,7.0,17.644801786744882,4.892778661495831,5.1671138841051105,165.1100625849692
1998.0,COD,55000.0,70000.0,COD,COD,57000.0,88000.0,131.461338858019,0.0,1.46594739,47297600.0,0.0,76000.0,46029902.0,8.0,17.671970112217128,4.886290820645937,5.112650596271136,147.99905280606205
1999.0,COD,57000.0,67000.0,COD,COD,54000.0,85000.0,96.3192243479286,0.0,1.46594739,48912971.0,0.0,70000.0,47297600.0,9.0,17.70555317489477,4.577996547763632,5.003939948918958,136.9779807487057
2000.0,COD,59000.0,65000.0,COD,COD,53000.0,80000.0,377.925421481395,0.0,1.46594739,50507442.0,0.0,67000.0,48912971.0,10.0,17.73763124972487,5.937339408625329,4.927094112634199,128.69390613763412
2001.0,COD,60000.0,61000.0,COD,COD,51000.0,76000.0,142.678142604412,0.0,2.62310982,52132646.0,0.0,65000.0,50507442.0,11.0,17.76930191317724,4.967575677162508,4.865177105928965,117.00921530052398
2002.0,COD,61000.0,60000.0,COD,COD,50000.0,75000.0,162.38052907429,0.0,2.57012939,53750524.0,0.0,61000.0,52132646.0,12.0,17.799863973761735,5.0960820142135965,4.770762717183501,111.62681874506005
2003.0,COD,61000.0,57000.0,COD,COD,48000.0,70000.0,161.491553524396,0.0,3.73353338,55343867.0,0.0,60000.0,53750524.0,13.0,17.829076407005,5.090626022107464,4.724079864477892,102.99244178221228
2004.0,COD,61000.0,56000.0,COD,COD,46000.0,69000.0,180.664764963633,1.0,4.33564186,56997741.0,0.0,57000.0,55343867.0,14.0,17.858522193434524,5.20216303785025,4.644318221329368,98.24950781821336
2005.0,COD,59000.0,53000.0,COD,COD,45000.0,66000.0,214.539740473519,1.0,3.98558235,58775724.0,0.0,56000.0,56997741.0,15.0,17.889239470477023,5.373145303092239,4.597636960544559,90.17328310579381
2006.0,COD,57000.0,51000.0,COD,COD,43000.0,64000.0,255.445229568751,3.0,4.06210661,60615908.0,1.0,53000.0,58775724.0,16.0,17.920067924841106,5.54691511186367,4.5127619057611374,84.13632936093278
2007.0,COD,55000.0,50000.0,COD,COD,42000.0,62000.0,294.101615124419,3.0,3.89384961,62477752.0,1.0,51000.0,60615908.0,17.0,17.95032108333498,5.687319755076644,4.444253846491202,80.02848758066712
2008.0,COD,54000.0,47000.0,COD,COD,39000.0,59000.0,352.900363371995,4.0,4.31254816,64390664.0,3.0,50000.0,62477752.0,18.0,17.98047921162147,5.869015414115499,4.394800791367763,72.99194802526031
2009.0,COD,52000.0,47000.0,COD,COD,38000.0,59000.0,280.178991035792,6.0,4.51133156,66412044.0,3.0,47000.0,64390664.0,19.0,18.011388983540463,5.638991445323935,4.303956276814426,70.77029582164343
2010.0,COD,50000.0,44000.0,COD,COD,36000.0,55000.0,352.400398754692,7.0,3.72224283,68563038.0,4.0,47000.0,66412044.0,20.0,18.043264142823997,5.867601688223081,4.273470683234286,64.17451922127489
2011.0,COD,49000.0,43000.0,COD,COD,35000.0,54000.0,372.514273875789,9.0,3.19435549,70849311.0,6.0,44000.0,68563038.0,21.0,18.076065799283036,5.922956220377549,4.177068583057028,60.6921921936545
2012.0,COD,46000.0,40000.0,COD,COD,32000.0,51000.0,409.931424783784,11.0,3.2215035,73254618.0,7.0,43000.0,70849311.0,22.0,18.109451848242838,6.018426350900787,4.1221573782305425,54.60406605355583
2013.0,COD,43000.0,38000.0,COD,COD,30000.0,49000.0,460.370334930107,14.0,3.34057522,75789395.0,9.0,40000.0,73254618.0,23.0,18.143468933172898,6.134201050066547,4.018256329042273,50.138940942858824
2014.0,COD,40000.0,36000.0,COD,COD,27000.0,46000.0,489.175952097319,18.0,3.72520614,78403242.0,11.0,38000.0,75789395.0,24.0,18.17737583650648,6.194764412561652,3.9345462606704844,45.916468607254785
2015.0,COD,36000.0,35000.0,COD,COD,26000.0,46000.0,495.826633014883,21.0,3.74785447,81035531.0,14.0,36000.0,78403242.0,25.0,18.21039827077702,6.208241138310537,3.848368756827784,43.190930654850646
1990.0,COG,3200.0,11000.0,COG,COG,8600.0,14000.0,1175.66709098428,0.0,1.50500846,2380560.0,,,,0.0,14.682846312087985,7.070441221869038,,462.0761501495447
1991.0,COG,3800.0,10000.0,COG,COG,8500.0,14000.0,1112.53521242945,0.0,1.50500846,2449229.0,,11000.0,2380560.0,1.0,14.71128383911685,7.015295109394052,6.137891511727658,408.2917522208009
1992.0,COG,4400.0,9200.0,COG,COG,7700.0,12000.0,1164.22442980292,0.0,1.50500846,2519465.0,0.0,10000.0,2449229.0,2.0,14.739557135361132,7.060668991054061,6.014428232356651,365.15688846640063
1993.0,COG,5000.0,8800.0,COG,COG,7600.0,11000.0,1034.37200809816,0.0,1.50500846,2595124.0,0.0,9200.0,2519465.0,3.0,14.769144857640883,6.942516069234823,5.903061898566219,339.0974766523681
1994.0,COG,5500.0,8600.0,COG,COG,7400.0,11000.0,661.904273689712,0.0,1.50500846,2673144.0,0.0,8800.0,2595124.0,4.0,14.798765865723881,6.496630596186455,5.829232272557128,321.7185456526098
1995.0,COG,6000.0,8400.0,COG,COG,7400.0,10000.0,769.606794842829,0.0,1.50500846,2749461.0,0.0,8600.0,2673144.0,5.0,14.826915450432244,6.647178249753532,5.776780567665659,305.51442628209674
1996.0,COG,6400.0,8300.0,COG,COG,7300.0,9900.0,898.794050151577,0.0,1.50500846,2826785.0,0.0,8400.0,2749461.0,6.0,14.854650581431283,6.802165903973092,5.725264822073169,293.61978360575705
1997.0,COG,6800.0,8000.0,COG,COG,7000.0,9300.0,804.304050086499,0.0,1.50500846,2887862.0,0.0,8300.0,2826785.0,7.0,14.876026993919647,6.691219908077936,5.685685655900598,277.02154742851286
1998.0,COG,7000.0,8200.0,COG,COG,7300.0,9500.0,660.379775085784,0.0,1.50500846,2952061.0,0.0,8000.0,2887862.0,8.0,14.898014128445643,6.494328221135158,5.627698619422648,277.7720379084307
1999.0,COG,7200.0,7400.0,COG,COG,6600.0,8700.0,776.416349733937,0.0,1.50500846,3032874.0,0.0,8200.0,2952061.0,9.0,14.925021242781076,6.655976049498662,5.630394379410457,243.99299146618026
2000.0,COG,7400.0,7500.0,COG,COG,6600.0,8700.0,1024.30159109181,0.0,1.50500846,3151345.0,0.0,7400.0,3032874.0,10.0,14.963339903797017,6.93274208350534,5.501229603875071,237.99361859777332
2001.0,COG,7800.0,7400.0,COG,COG,6400.0,8500.0,854.598314408095,0.0,2.18529987,3272537.0,0.0,7500.0,3151345.0,11.0,15.001076083042994,6.751801007136295,5.476436851147321,226.12425772420602
2002.0,COG,7800.0,7600.0,COG,COG,6600.0,8700.0,905.538135544704,0.0,1.70167828,3350771.0,0.0,7400.0,3272537.0,12.0,15.024701026574704,6.809633098305842,5.425497258573212,226.81347069077535
2003.0,COG,7800.0,7600.0,COG,COG,6600.0,8700.0,1016.82363412143,1.0,1.91852403,3445753.0,0.0,7600.0,3350771.0,13.0,15.052653016194048,6.925421934676478,5.428527183113626,220.56136931463166
2004.0,COG,7800.0,7300.0,COG,COG,6300.0,8400.0,1306.10136324599,1.0,1.92152369,3565554.0,0.0,7600.0,3445753.0,14.0,15.086829999476743,7.175567264745587,5.40069961347904,204.7367674139839
2005.0,COG,7500.0,7400.0,COG,COG,6400.0,8600.0,1799.05158366154,3.0,1.71774101,3696393.0,1.0,7300.0,3565554.0,15.0,15.122868037259785,7.495570601063379,5.326597523583648,200.19516323074956
2006.0,COG,7200.0,7400.0,COG,COG,6200.0,8700.0,2103.5821381211,4.0,1.70861316,3837409.0,1.0,7400.0,3696393.0,16.0,15.160307957241375,7.651872217204793,5.304275398328027,192.8384490681082
2007.0,COG,7100.0,7300.0,COG,COG,6000.0,8600.0,2206.47101863414,5.0,1.90200174,3980430.0,3.0,7400.0,3837409.0,17.0,15.196900411625704,7.699602803800378,5.267025075383134,183.39727114909695
2008.0,COG,6300.0,7200.0,COG,COG,5800.0,8700.0,2832.09177777643,10.0,2.2392714,4113517.0,4.0,7300.0,3980430.0,18.0,15.229788938316265,7.9491238952734555,5.217092512472305,175.0327031588784
2009.0,COG,5600.0,7300.0,COG,COG,5800.0,8800.0,2271.15219175966,13.0,2.1422224,4281219.0,5.0,7200.0,4113517.0,19.0,15.269748340090544,7.728482763407302,5.170669791179698,170.51218356267222
2010.0,COG,5800.0,7600.0,COG,COG,6000.0,9300.0,2946.55798067708,15.0,1.85172856,4462290.0,10.0,7300.0,4281219.0,20.0,15.311172645139202,7.988732303355314,5.144654305264452,170.316138126388
2011.0,COG,5700.0,7800.0,COG,COG,6000.0,9500.0,3396.16505817952,17.0,1.75237322,4609724.0,13.0,7600.0,4462290.0,21.0,15.343678543332404,8.130696556376543,5.143510610620509,169.20752739209547
2012.0,COG,6000.0,8100.0,COG,COG,6200.0,10000.0,3732.32737320389,17.0,1.90971065,4740450.0,15.0,7800.0,4609724.0,22.0,15.371642625873916,8.225055172150558,5.137018441906867,170.8698541277727
2013.0,COG,6200.0,8200.0,COG,COG,6200.0,11000.0,3697.41705884249,20.0,1.94347155,4857099.0,17.0,8100.0,4740450.0,23.0,15.395951904072593,8.21566018515594,5.146737528352404,168.82505380269168
2014.0,COG,6400.0,8500.0,COG,COG,6400.0,11000.0,3601.2365808718,19.0,1.97311735,4975880.0,17.0,8200.0,4857099.0,24.0,15.420112797354737,8.189310203998748,5.134768811889868,170.82405524248978
2015.0,COG,6600.0,8700.0,COG,COG,6400.0,12000.0,2439.35189403696,20.0,2.45668483,5097581.0,20.0,8500.0,4975880.0,25.0,15.444276671446726,7.799897526756313,5.146471018622059,170.66918603157066
1990.0,COL,530.0,5600.0,COL,COL,3900.0,8400.0,1474.8455285342,0.0,5.63529348,32440069.0,,,,0.0,17.294904914212925,7.296986344219018,,17.26260200001424
1991.0,COL,750.0,7300.0,COL,COL,5000.0,11000.0,1485.73971889208,0.0,5.63529348,33098372.0,,5600.0,32440069.0,1.0,17.314994654847673,7.3043408934069705,2.904855362277606,22.055465447061867
1992.0,COL,1000.0,9000.0,COL,COL,6200.0,13000.0,1730.39091795329,0.0,5.63529348,33760571.0,0.0,7300.0,33098372.0,2.0,17.334804141056107,7.456680363274841,3.137902854006688,26.658316886879668
1993.0,COL,1400.0,11000.0,COL,COL,7600.0,16000.0,1929.26721811738,0.0,5.63529348,34441473.0,0.0,9000.0,33760571.0,3.0,17.354772006644037,7.565413727298023,3.319926474308514,31.938239110737218
1994.0,COL,1800.0,12000.0,COL,COL,9100.0,17000.0,2325.91872973374,0.0,5.63529348,35127410.0,0.0,11000.0,34441473.0,4.0,17.374492295364124,7.752300237782106,3.494634265844491,34.16135718517249
1995.0,COL,2300.0,13000.0,COL,COL,9800.0,18000.0,2583.66576349858,0.0,5.63529348,35804662.0,0.0,12000.0,35127410.0,5.0,17.393588666356276,7.857351480129603,3.559947672332884,36.308120992735525
1996.0,COL,2900.0,14000.0,COL,COL,10000.0,19000.0,2664.64056059983,0.0,5.63529348,36462745.0,0.0,13000.0,35804662.0,6.0,17.41180161236763,7.888199668168218,3.6192110239368627,38.3953539427709
1997.0,COL,3500.0,14000.0,COL,COL,10000.0,19000.0,2873.2814350993,0.0,5.63529348,37121149.0,0.0,14000.0,36462745.0,7.0,17.42969741906701,7.963557986374704,3.6736478891165096,37.71434984407406
1998.0,COL,4200.0,14000.0,COL,COL,10000.0,19000.0,2604.87166959518,0.0,5.63529348,37792165.0,0.0,14000.0,37121149.0,8.0,17.447612363973082,7.865522512264726,3.6562103283120133,37.04471548533935
1999.0,COL,4900.0,14000.0,COL,COL,10000.0,19000.0,2241.22911801216,0.0,5.63529348,38454863.0,0.0,14000.0,37792165.0,9.0,17.464995721861303,7.715225791993284,3.638762191228578,36.40631875349549
2000.0,COL,5700.0,13000.0,COL,COL,10000.0,18000.0,2555.00751039968,0.0,5.63529348,39089934.0,0.0,14000.0,38454863.0,10.0,17.481375549356354,7.8462017538341415,3.6218396407781577,33.25664351339145
2001.0,COL,6100.0,12000.0,COL,COL,9600.0,16000.0,2472.99084035833,2.0,5.94238281,39709262.0,0.0,13000.0,39089934.0,11.0,17.497095018195374,7.813587850584355,3.5338805170921654,30.219650015152638
2002.0,COL,6300.0,12000.0,COL,COL,9500.0,15000.0,2428.92969771584,3.0,5.73296595,40324680.0,0.0,12000.0,39709262.0,12.0,17.51247424642019,7.795617604934949,3.441047704747469,29.758450656025044
2003.0,COL,6600.0,12000.0,COL,COL,9600.0,15000.0,2311.94218760291,4.0,5.77505445,40937429.0,2.0,12000.0,40324680.0,13.0,17.527555337007097,7.746275667367799,3.42616477457907,29.313027938320214
2004.0,COL,6900.0,12000.0,COL,COL,9300.0,15000.0,2818.57195413044,5.0,5.79892111,41543171.0,3.0,12000.0,40937429.0,14.0,17.54224370956042,7.944340363095549,3.41157758506794,28.885613955660727
2005.0,COL,7200.0,11000.0,COL,COL,9000.0,14000.0,3456.06610874512,6.0,6.06710577,42128977.0,4.0,12000.0,41543171.0,15.0,17.55624635167605,8.148175562893282,3.3973772260056565,26.11029458417659
2006.0,COL,6700.0,11000.0,COL,COL,8700.0,14000.0,3789.85361217027,11.0,6.33546638,42691084.0,5.0,11000.0,42128977.0,16.0,17.569500650775314,8.24034650020213,3.2999135297066675,25.766504312703795
2007.0,COL,6700.0,11000.0,COL,COL,8500.0,14000.0,4769.926147194,9.0,6.49102163,43235374.0,6.0,11000.0,42691084.0,17.0,17.582169560738237,8.470295725872928,3.287151266738333,25.44212986338455
2008.0,COL,7900.0,12000.0,COL,COL,8900.0,15000.0,5541.83629665898,10.0,6.84192181,43758808.0,11.0,11000.0,43235374.0,18.0,17.59420347621888,8.62026161563694,3.274958566330082,27.423050463349004
2009.0,COL,8400.0,12000.0,COL,COL,9100.0,16000.0,5250.97292433518,11.0,7.31134558,44271541.0,9.0,12000.0,43758808.0,19.0,17.60585261322832,8.566359080103835,3.3472004520021645,27.10544907393217
2010.0,COL,7800.0,12000.0,COL,COL,8800.0,16000.0,6398.2958447102,16.0,7.07130194,44777319.0,10.0,12000.0,44271541.0,20.0,17.617212296864682,8.763943239030619,3.3359634747619715,26.799282020435392
2011.0,COL,6700.0,11000.0,COL,COL,7900.0,15000.0,7400.9940695669,23.0,6.78076792,45259614.0,11.0,12000.0,44777319.0,21.0,17.62792566963131,8.90950471175244,3.3250101937600354,24.304228489443148
2012.0,COL,6000.0,11000.0,COL,COL,7700.0,15000.0,8108.59838244229,27.0,6.74601603,45715810.0,16.0,11000.0,45259614.0,22.0,17.637954747896842,9.000803624606087,3.2309715157382333,24.061697692767556
2013.0,COL,5700.0,11000.0,COL,COL,7900.0,16000.0,8279.10255642981,32.0,7.01724052,46151584.0,23.0,11000.0,45715810.0,23.0,17.647441841184357,9.021610633344846,3.2213406922957337,23.83450154170223
2014.0,COL,5400.0,11000.0,COL,COL,7600.0,16000.0,8187.20824890084,35.0,7.18553209,46565429.0,27.0,11000.0,46151584.0,24.0,17.65636895682362,9.010450379884825,3.2122338775587074,23.622675096582917
2015.0,COL,4900.0,11000.0,COL,COL,7900.0,16000.0,6248.51490534512,41.0,7.52338505,46969940.0,32.0,11000.0,46565429.0,25.0,17.66501838059125,8.740259124573456,3.203667770279523,23.41923366306195
1990.0,COM,100.0,100.0,COM,COM,100.0,100.0,903.20430581841,0.0,7.51525021,444596.0,,,,0.0,13.004921283620659,6.807055336869085,,22.492330115430637
1991.0,COM,100.0,100.0,COM,COM,100.0,100.0,879.348889291867,0.0,7.51525021,455556.0,,100.0,444596.0,1.0,13.029273929947596,6.780318294005124,3.156673989810419,21.9511980963921
1992.0,COM,100.0,100.0,COM,COM,100.0,100.0,938.595399659213,0.0,7.51525021,465113.0,0.0,100.0,455556.0,2.0,13.050035665799852,6.84544935670978,3.133370139779761,21.500151576068614
1993.0,COM,100.0,100.0,COM,COM,100.0,100.0,903.033729112507,0.0,7.51525021,473682.0,0.0,100.0,465113.0,3.0,13.068291489456497,6.806866670661302,3.1135220459018433,21.111209630089387
1994.0,COM,100.0,100.0,COM,COM,100.0,100.0,652.898017688557,0.0,7.51525021,482142.0,0.0,100.0,473682.0,4.0,13.085993955454096,6.482951403041848,3.09608470301053,20.740777613234275
1995.0,COM,100.0,100.0,COM,COM,100.0,100.0,800.623567802959,0.0,7.51525021,490586.0,0.0,100.0,482142.0,5.0,13.103355873913417,6.686639130850196,3.0791896498314015,20.38378592132674
1996.0,COM,100.0,100.0,COM,COM,100.0,100.0,786.380773511866,0.0,7.51525021,499107.0,0.0,100.0,490586.0,6.0,13.12057578060479,6.668711960522755,3.062632967625205,20.035783910063373
1997.0,COM,100.0,100.0,COM,COM,100.0,100.0,714.519968676115,0.0,7.51525021,507777.0,0.0,100.0,499107.0,7.0,13.13779765380433,6.573009507308833,3.0462249832871606,19.693684432339392
1998.0,COM,100.0,100.0,COM,COM,100.0,100.0,704.479817408486,0.0,7.51525021,516597.0,0.0,100.0,507777.0,8.0,13.155018352426087,6.558878163383292,3.029828553831898,19.35744884310207
1999.0,COM,100.0,100.0,COM,COM,100.0,100.0,707.228776682623,0.0,7.51525021,525886.0,0.0,100.0,516597.0,9.0,13.172839738192476,6.562767172405831,3.013446881429654,19.015528080230315
2000.0,COM,100.0,100.0,COM,COM,100.0,100.0,633.309032776244,0.0,7.51525021,536080.0,0.0,100.0,525886.0,10.0,13.192038682647052,6.452536269081171,2.9965083763198277,18.65393224891807
2001.0,COM,100.0,100.0,COM,COM,100.0,100.0,681.163857619963,0.0,6.6571784,547220.0,0.0,100.0,536080.0,11.0,13.212606194330156,6.525269889425373,2.9782774327438015,18.274185885018824
2002.0,COM,100.0,100.0,COM,COM,100.0,100.0,764.61349832543,0.0,6.68594599,558923.0,0.0,100.0,547220.0,12.0,13.233766996674433,6.640677471024895,2.9587666817230907,17.891552145823308
2003.0,COM,100.0,100.0,COM,COM,100.0,100.0,959.691049354812,0.0,6.66024828,569798.0,0.0,100.0,558923.0,13.0,13.253037191036276,6.86765286857705,2.9387148457303987,17.55007915085697
2004.0,COM,100.0,100.0,COM,COM,100.0,100.0,1072.28409029621,0.0,6.58576155,580704.0,0.0,100.0,569798.0,14.0,13.27199643957475,6.978478470211873,2.9204740559369,17.220477213864548
2005.0,COM,100.0,100.0,COM,COM,100.0,100.0,1105.78796866788,0.0,6.13142872,592677.0,0.0,100.0,580704.0,15.0,13.292404841556468,7.0092173774777216,2.9025460832486685,16.87259670950619
2006.0,COM,100.0,100.0,COM,COM,100.0,100.0,1138.47908404345,0.0,5.77341843,604753.0,0.0,100.0,592677.0,16.0,13.312575389187543,7.038326493136364,2.883268629723049,16.535676548938163
2007.0,COM,100.0,100.0,COM,COM,100.0,100.0,1289.73631056361,0.0,5.41753864,616927.0,0.0,100.0,604753.0,17.0,13.332505981463186,7.162968117903485,2.8642374656216214,16.209373232165234
2008.0,COM,100.0,100.0,COM,COM,100.0,100.0,1455.02768595586,0.0,5.06897497,629307.0,0.0,100.0,616927.0,18.0,13.352374492923682,7.283467243655421,2.845454190743604,15.890495417975647
2009.0,COM,100.0,100.0,COM,COM,100.0,100.0,1410.30516959473,0.0,4.92694378,641947.0,0.0,100.0,629307.0,19.0,13.372261024747152,7.252270207415258,2.8267510624188787,15.577609989609734
2010.0,COM,100.0,100.0,COM,COM,100.0,100.0,1386.57533553376,17.0,4.99181557,654836.0,0.0,100.0,641947.0,20.0,13.392140101587273,7.235313140026809,2.8080529891120305,15.270999150932447
2011.0,COM,100.0,100.0,COM,COM,100.0,100.0,1531.43969320468,18.0,5.3021183,668056.0,0.0,100.0,654836.0,21.0,13.412127281340378,7.334616315130468,2.7893843299743057,14.968805010358412
2012.0,COM,100.0,100.0,COM,COM,100.0,100.0,1490.31425650871,21.0,5.17354631,681630.0,17.0,100.0,668056.0,22.0,13.432242267613159,7.3074130615089405,2.770637132273718,14.67071578422311
2013.0,COM,100.0,100.0,COM,COM,100.0,100.0,1603.32653496691,23.0,5.10299301,696192.0,18.0,100.0,681630.0,23.0,13.453380763342578,7.380459343123576,2.7517937339605005,14.363853649567934
2014.0,COM,100.0,100.0,COM,COM,100.0,100.0,1615.71709756316,24.0,5.23849726,711503.0,21.0,100.0,696192.0,24.0,13.475134912947286,7.38815288914585,2.732017584895979,14.054754512630305
2015.0,COM,100.0,100.0,COM,COM,100.0,100.0,1329.37048235986,31.0,4.60089922,726682.0,23.0,100.0,711503.0,25.0,13.496244246791973,7.193212740590986,2.711693855764904,13.761177516437726
1990.0,CPV,100.0,200.0,CPV,CPV,200.0,500.0,817.442925539738,0.0,3.86025023,375428.0,,,,0.0,12.835821987460152,6.707403663823686,,53.27253161724752
1991.0,CPV,100.0,200.0,CPV,CPV,200.0,500.0,831.61388764249,0.0,3.86025023,384586.0,,200.0,375428.0,1.0,12.859922710018209,6.724570014471023,3.994018235545393,52.00397310354511
1992.0,CPV,100.0,200.0,CPV,CPV,200.0,500.0,907.847909529157,0.0,3.86025023,393415.0,0.0,200.0,384586.0,2.0,12.882620313340855,6.812177763929001,3.9703668749602774,50.83690250753021
1993.0,CPV,100.0,200.0,CPV,CPV,200.0,500.0,1220.04997868613,0.0,3.86025023,401965.0,0.0,200.0,393415.0,3.0,12.904120299134192,7.1074664058578625,3.948102299246708,49.75557573420571
1994.0,CPV,100.0,200.0,CPV,CPV,200.0,500.0,991.108974352157,0.0,3.86025023,410228.0,0.0,200.0,401965.0,4.0,12.924468381676517,6.899832954429032,3.9270214785708513,48.75337617129986
1995.0,CPV,100.0,200.0,CPV,CPV,200.0,500.0,1165.13832331934,0.0,3.86025023,418104.0,0.0,200.0,410228.0,5.0,12.943485484388106,7.061452990508463,3.907078324041726,47.8349884239328
1996.0,CPV,200.0,500.0,CPV,CPV,200.0,500.0,1179.51522705182,0.0,3.86025023,425581.0,0.0,200.0,418104.0,6.0,12.961210573155906,7.073706255257982,3.888447031854932,117.48644793823033
1997.0,CPV,200.0,500.0,CPV,CPV,200.0,500.0,1133.57422614008,0.0,3.86025023,432798.0,0.0,500.0,425581.0,7.0,12.978026385431644,7.034012728382096,4.774798590644734,115.52733607826285
1998.0,CPV,200.0,500.0,CPV,CPV,200.0,500.0,1186.74294773086,0.0,3.86025023,439784.0,0.0,500.0,432798.0,8.0,12.994038976268218,7.079810102546444,4.75812588992966,113.69217615920543
1999.0,CPV,200.0,500.0,CPV,CPV,200.0,500.0,1326.74466945164,0.0,3.86025023,446519.0,0.0,500.0,439784.0,9.0,13.00923723158482,7.191237044571527,4.742251810467984,111.97731787449135
2000.0,CPV,200.0,500.0,CPV,CPV,200.0,500.0,1189.51479345891,0.0,3.86025023,453317.0,0.0,500.0,446519.0,10.0,13.024346938983285,7.082141092106672,4.727187071789612,110.29809162241874
2001.0,CPV,200.0,500.0,CPV,CPV,200.0,500.0,1223.33055331575,0.0,3.69652915,460293.0,0.0,500.0,453317.0,11.0,13.039618522216312,7.110149486511149,4.712212111884893,108.62646184061022
2002.0,CPV,200.0,500.0,CPV,CPV,200.0,500.0,1328.57874270666,0.0,3.72489762,467046.0,0.0,500.0,460293.0,12.0,13.054183032870787,7.192617436237714,4.697078785523486,107.05583604184599
2003.0,CPV,200.0,500.0,CPV,CPV,200.0,500.0,1717.97565369655,0.0,3.6274426,473383.0,0.0,500.0,467046.0,13.0,13.067660064982075,7.449483842220626,4.682648093913027,105.62271986953482
2004.0,CPV,200.0,500.0,CPV,CPV,200.0,500.0,1929.49081468781,1.0,3.54616308,479370.0,0.0,500.0,473383.0,14.0,13.080228020801544,7.565529557696499,4.669296621006729,104.30356509585498
2005.0,CPV,200.0,500.0,CPV,CPV,200.0,500.0,2004.14680417563,9.0,3.34086585,485115.0,0.0,500.0,479370.0,15.0,13.092141255214742,7.603472556100501,4.656847275127635,103.06834461931706
2006.0,CPV,100.0,200.0,CPV,CPV,200.0,500.0,2256.99666191075,14.0,3.82406759,490728.0,1.0,500.0,485115.0,16.0,13.103645281791,7.722233266369608,4.64504784310755,40.755775093330726
2007.0,CPV,100.0,200.0,CPV,CPV,200.0,500.0,3324.57675212498,21.0,3.84218621,496190.0,9.0,200.0,490728.0,17.0,13.114714196872713,8.10939839733334,3.731837767319522,40.30714040992362
2008.0,CPV,100.0,200.0,CPV,CPV,200.0,500.0,3908.64885822576,26.0,3.26951575,501355.0,14.0,200.0,496190.0,18.0,13.125069711975044,8.271202842866236,3.7210353763044552,39.89189297005116
2009.0,CPV,100.0,200.0,CPV,CPV,200.0,500.0,3659.72046361628,26.0,3.55867004,506141.0,21.0,200.0,501355.0,19.0,13.134570565578677,8.20541525500598,3.7109318275102203,39.514680691744005
2010.0,CPV,100.0,200.0,CPV,CPV,200.0,500.0,3579.46006137809,32.0,4.08085394,509784.0,26.0,200.0,506141.0,20.0,13.141742385574831,8.183246579903031,3.7016643946461385,39.23230230842867
2011.0,CPV,100.0,200.0,CPV,CPV,200.0,500.0,4002.01386888785,35.0,3.92527819,511447.0,26.0,200.0,509784.0,21.0,13.14499924219193,8.294802823610066,3.6946702129702027,39.10473617012124
2012.0,CPV,100.0,200.0,CPV,CPV,200.0,500.0,3736.81517011087,42.0,4.6740551,511955.0,32.0,200.0,511447.0,22.0,13.145992009534037,8.226256540594736,3.6914944363187865,39.0659335293141
2013.0,CPV,100.0,200.0,CPV,CPV,200.0,500.0,3960.97596791345,49.0,4.82468271,512225.0,35.0,200.0,511955.0,23.0,13.146519260615399,8.284498161594833,3.6905264353283362,39.04534140270389
2014.0,CPV,100.0,500.0,CPV,CPV,200.0,500.0,3985.60706548134,53.0,4.85231543,512326.0,42.0,200.0,512225.0,24.0,13.146716420152265,8.29069578859466,3.69001234721574,97.59411000027328
2015.0,CPV,100.0,500.0,CPV,CPV,200.0,500.0,3415.06266730931,52.0,4.40073681,512394.0,49.0,500.0,512326.0,25.0,13.146849139334284,8.136243899971252,4.591011523518761,97.58115824931595
1990.0,CRI,100.0,500.0,CRI,CRI,500.0,500.0,1829.6687089559,10.0,6.56498718,3121706.0,,,,0.0,14.953890205219617,7.512436593817764,,16.01688307611287
1991.0,CRI,100.0,500.0,CRI,CRI,500.0,500.0,2253.3819611182,10.0,6.56498718,3202176.0,,500.0,3121706.0,1.0,14.979341136674712,7.720631139479241,2.8342059733609855,15.61438222009034
1992.0,CRI,100.0,500.0,CRI,CRI,500.0,500.0,2612.38762395528,10.0,6.56498718,3284258.0,10.0,500.0,3202176.0,2.0,15.004651309196946,7.868402598933241,2.8102687190563254,15.224138907479254
1993.0,CRI,100.0,500.0,CRI,CRI,500.0,500.0,2840.38709085425,10.0,6.56498718,3367434.0,10.0,500.0,3284258.0,3.0,15.02966158796546,7.952047624193423,2.786500189223652,14.848100957583728
1994.0,CRI,200.0,500.0,CRI,CRI,500.0,500.0,3039.56331706225,10.0,6.56498718,3451122.0,10.0,500.0,3367434.0,4.0,15.054209953527135,8.019798078899248,2.763049679743433,14.488041860009586
1995.0,CRI,200.0,500.0,CRI,CRI,500.0,500.0,3275.25258510331,10.0,6.56498718,3535176.0,10.0,500.0,3451122.0,5.0,15.078273643909364,8.094455543680665,2.740068233268791,14.143567392401396
1996.0,CRI,200.0,500.0,CRI,CRI,500.0,500.0,3226.96401664833,10.0,6.56498718,3619013.0,10.0,500.0,3535176.0,6.0,15.101711894691956,8.079606882068827,2.7175758472286202,13.815921633881945
1997.0,CRI,200.0,500.0,CRI,CRI,500.0,500.0,3407.77611260904,10.0,6.56498718,3701711.0,10.0,500.0,3619013.0,7.0,15.12430570315796,8.134108594595155,2.6957023886000098,13.50726731503351
1998.0,CRI,200.0,500.0,CRI,CRI,500.0,500.0,3617.45758013205,10.0,6.56498718,3782838.0,10.0,500.0,3701711.0,8.0,15.145985079542003,8.193803131184282,2.674649718010938,13.217589545203891
1999.0,CRI,500.0,500.0,CRI,CRI,500.0,500.0,3690.9615476017,10.0,6.56498718,3862101.0,10.0,500.0,3782838.0,9.0,15.166721893881352,8.213913180509378,2.6544798984173443,12.946321186318018
2000.0,CRI,200.0,500.0,CRI,CRI,500.0,530.0,3812.75386183689,10.0,6.56498718,3937739.0,10.0,500.0,3862101.0,10.0,15.18611725868665,8.246369248639187,2.6352157592462233,12.697641971700003
2001.0,CRI,200.0,540.0,CRI,CRI,500.0,590.0,3985.12987980056,13.0,6.47409868,4008947.0,10.0,500.0,3937739.0,11.0,15.204039171282828,8.290576084236013,2.617223699165915,13.469871265447011
2002.0,CRI,200.0,600.0,CRI,CRI,520.0,650.0,4067.71854177094,15.0,6.8690877,4075705.0,10.0,540.0,4008947.0,12.0,15.220554295828235,8.31108337425779,2.6720686439519175,14.721379491400874
2003.0,CRI,200.0,650.0,CRI,CRI,570.0,720.0,4173.14853766977,17.0,6.9691925,4138784.0,13.0,600.0,4075705.0,13.0,15.235912582850624,8.33666567341263,2.7550215370568196,15.705095989546688
2004.0,CRI,200.0,700.0,CRI,CRI,610.0,780.0,4431.01172024063,19.0,6.63006067,4200078.0,15.0,650.0,4138784.0,14.0,15.25061365450972,8.396608872882249,2.815713821948852,16.666357148605336
2005.0,CRI,200.0,760.0,CRI,CRI,660.0,840.0,4703.00720463794,20.0,6.66429663,4261240.0,17.0,700.0,4200078.0,15.0,15.26507075570225,8.456170021175492,2.871662104840273,17.83518412480874
2006.0,CRI,200.0,800.0,CRI,CRI,690.0,890.0,5256.59641275583,21.0,6.93530846,4321340.0,19.0,760.0,4261240.0,16.0,15.279076097308,8.567429245545819,2.935726616769636,18.512776129626456
2007.0,CRI,200.0,840.0,CRI,CRI,730.0,950.0,6137.71199435022,23.0,6.99642611,4380248.0,20.0,800.0,4321340.0,17.0,15.292615901754287,8.722370226228644,2.97106943716366,19.176996370981737
2008.0,CRI,200.0,890.0,CRI,CRI,760.0,1000.0,6937.24261660254,23.0,7.4685483,4440056.0,21.0,840.0,4380248.0,18.0,15.306177546941482,8.844803796160507,3.0045431619733654,20.044792227845775
2009.0,CRI,200.0,920.0,CRI,CRI,780.0,1000.0,6832.69828187486,24.0,7.86019182,4499791.0,23.0,890.0,4440056.0,19.0,15.319541509217528,8.82962128213592,3.046653129417598,20.445394019411122
2010.0,CRI,200.0,950.0,CRI,CRI,810.0,1100.0,8265.78820580299,35.0,8.02937698,4555962.0,23.0,920.0,4499791.0,20.0,15.331947262864734,9.020001345691764,3.065509891286233,20.851798149326093
2011.0,CRI,200.0,980.0,CRI,CRI,830.0,1100.0,9276.39109377477,36.0,8.12197781,4609833.0,24.0,950.0,4555962.0,21.0,15.343702188720139,9.13533565411886,3.0842832133192037,21.258904606739552
2012.0,CRI,200.0,1000.0,CRI,CRI,850.0,1100.0,10126.9991155066,35.0,7.78642273,4663934.0,35.0,980.0,4609833.0,22.0,15.355369855968943,9.223059057052456,3.1027421355952445,21.441126739786625
2013.0,CRI,200.0,1000.0,CRI,CRI,860.0,1200.0,10803.2401795009,36.0,7.68229342,4716147.0,36.0,1000.0,4663934.0,23.0,15.36650271063707,9.287693945274526,3.1108952906143923,21.203749586261836
2014.0,CRI,500.0,1000.0,CRI,CRI,870.0,1200.0,10911.4978703456,37.0,7.66376209,4767119.0,35.0,1000.0,4716147.0,24.0,15.377252697164666,9.297664004990505,3.1002611748982516,20.977030361524434
2015.0,CRI,500.0,1100.0,CRI,CRI,870.0,1200.0,11714.7106121672,41.0,7.59196186,4818038.0,36.0,1000.0,4767119.0,25.0,15.38787734921593,9.36868600741785,3.0899978334567217,22.83087015918098
1990.0,CUB,100.0,200.0,CUB,CUB,100.0,500.0,2694.31697957692,1.0,6.58189821,10631799.0,,,,0.0,16.17935997400464,7.899271094080457,,1.8811491827488462
1991.0,CUB,100.0,200.0,CUB,CUB,100.0,500.0,2268.83493247194,1.0,6.58189821,10717640.0,,200.0,10631799.0,1.0,16.187401540116795,7.727462390858728,1.0581892363476257,1.866082458451674
1992.0,CUB,100.0,200.0,CUB,CUB,100.0,500.0,2047.67900346421,1.0,6.58189821,10785801.0,1.0,200.0,10717640.0,2.0,16.19374110486672,7.624950475870871,1.0529461002592528,1.854289727763381
1993.0,CUB,100.0,200.0,CUB,CUB,100.0,500.0,2063.20366253587,1.0,6.58189821,10841031.0,1.0,200.0,10785801.0,3.0,16.198848660154145,7.6324997954427625,1.0488230302874122,1.844842985874683
1994.0,CUB,100.0,200.0,CUB,CUB,200.0,500.0,2613.28971869122,1.0,6.58189821,10886021.0,1.0,200.0,10841031.0,4.0,16.202990047057646,7.868747721512837,1.045507876556065,1.837218576006789
1995.0,CUB,100.0,500.0,CUB,CUB,200.0,500.0,2785.24442954103,1.0,6.58189821,10925362.0,1.0,200.0,10886021.0,5.0,16.20659743340842,7.932449885430617,1.042824197626909,4.576507396276663
1996.0,CUB,100.0,500.0,CUB,CUB,500.0,500.0,2282.18809324202,1.0,6.58189821,10962010.0,1.0,500.0,10925362.0,6.0,16.209946216830073,7.733328031765921,1.718562665781112,4.561207296836986
1997.0,CUB,100.0,520.0,CUB,CUB,500.0,650.0,2306.42483397336,1.0,6.58189821,10997934.0,1.0,500.0,10962010.0,7.0,16.213217994940784,7.743887391187009,1.7158152244099567,4.728160761830358
1998.0,CUB,200.0,740.0,CUB,CUB,590.0,880.0,2332.30656133119,1.0,6.58189821,11034712.0,1.0,520.0,10997934.0,8.0,16.216556498555775,7.755041665588313,1.7453944952265066,6.706110680550612
1999.0,CUB,200.0,1000.0,CUB,CUB,810.0,1200.0,2561.77980406838,1.0,6.58189821,11072230.0,1.0,740.0,11034712.0,9.0,16.219950729745218,7.848847809317233,2.042013609006428,9.031604292902152
2000.0,CUB,200.0,1300.0,CUB,CUB,1000.0,1500.0,2751.3817714814,1.0,6.58189821,11109109.0,1.0,1000.0,11072230.0,10.0,16.22327596037998,7.92022191453405,2.3057405386251855,11.702108602949165
2001.0,CUB,200.0,1500.0,CUB,CUB,1300.0,1800.0,2842.96704310394,6.0,6.9820981,11144132.0,1.0,1300.0,11109109.0,11.0,16.22642363931061,7.9529552026365575,2.5417680114110843,13.459998499658834
2002.0,CUB,200.0,1700.0,CUB,CUB,1400.0,2000.0,3005.21104247868,10.0,7.11481619,11177418.0,1.0,1500.0,11144132.0,12.0,16.22940605089696,8.008435774927253,2.6713861129725798,15.209237052779095
2003.0,CUB,200.0,1900.0,CUB,CUB,1600.0,2200.0,3202.78109865637,13.0,7.10295439,11209383.0,6.0,1700.0,11177418.0,13.0,16.232261753390848,8.072086984585948,2.785581268185828,16.950085477496845
2004.0,CUB,200.0,2000.0,CUB,CUB,1700.0,2300.0,3399.21962893402,14.0,6.83178711,11238756.0,10.0,1900.0,11209383.0,14.0,16.234878720148178,8.131595305263273,2.88759487690049,17.795563850661054
2005.0,CUB,200.0,2100.0,CUB,CUB,1700.0,2400.0,3786.33799225291,15.0,8.75525475,11262554.0,13.0,2000.0,11238756.0,15.0,16.236993975559823,8.239418674580113,2.933620876601321,18.64585954482438
2006.0,CUB,200.0,2100.0,CUB,CUB,1800.0,2400.0,4329.98265964383,17.0,8.2719059,11278550.0,14.0,2100.0,11262554.0,16.0,16.23841324967214,8.373549737430077,2.9778666059257053,18.61941472973033
2007.0,CUB,500.0,2200.0,CUB,CUB,1800.0,2500.0,4807.43888960684,19.0,10.9674921,11287272.0,15.0,2100.0,11278550.0,17.0,16.23918627716782,8.478127755245085,2.9765196234033113,19.490980637305455
2008.0,CUB,500.0,2200.0,CUB,CUB,1800.0,2500.0,4986.12436479175,22.0,11.31422806,11291762.0,17.0,2200.0,11287272.0,18.0,16.239583991264816,8.514614743031801,3.0199848204177138,19.483230340844944
2009.0,CUB,500.0,2200.0,CUB,CUB,1900.0,2500.0,5089.23519757167,24.0,12.29053974,11294719.0,19.0,2200.0,11291762.0,19.0,16.239845829310052,8.535079316251418,3.0196065192195736,19.47812955771631
2010.0,CUB,500.0,2200.0,CUB,CUB,1800.0,2500.0,5272.26755824835,27.0,10.6880827,11297409.0,22.0,2200.0,11294719.0,20.0,16.240083965355733,8.570405479424357,3.019357465810818,19.473491665212794
2011.0,CUB,500.0,2200.0,CUB,CUB,1800.0,2500.0,6104.46105236166,32.0,11.31298637,11301571.0,24.0,2200.0,11297409.0,21.0,16.240452300567945,8.716938904145639,3.0191309598809015,19.46632021335795
2012.0,CUB,500.0,2200.0,CUB,CUB,1800.0,2500.0,6470.83673392653,35.0,9.29940987,11303175.0,27.0,2200.0,11301571.0,22.0,16.24059421766825,8.775215231894567,3.0187806186556183,19.463557805660802
2013.0,CUB,500.0,2200.0,CUB,CUB,1800.0,2500.0,6828.36428245396,38.0,10.43099499,11298167.0,32.0,2200.0,11303175.0,23.0,16.240151058135336,8.828986870993344,3.018645636200989,19.472185178356806
2014.0,CUB,500.0,2100.0,CUB,CUB,1700.0,2500.0,7146.70459051328,44.0,12.14121914,11285775.0,35.0,2200.0,11298167.0,24.0,16.239053641108345,8.874546547853022,3.0190671442619084,18.60749483309742
2015.0,CUB,500.0,2100.0,CUB,CUB,1700.0,2400.0,7727.91997207998,51.0,12.81404305,11275065.0,38.0,2100.0,11285775.0,25.0,16.238104208303138,8.952724412813387,2.9759118825880067,18.62516978837816
1990.0,CYP,,,CYP,CYP,,,9641.5751953125,,5.30800056,788351.0,,,,0.0,13.57769870113695,9.17394348837321,,
1991.0,CYP,,,CYP,CYP,,,9696.099609375,,5.30800056,798944.0,,,788351.0,1.0,13.59104613468265,9.179582110436485,,
1992.0,CYP,,,CYP,CYP,,,11310.072265625,,5.30800056,810341.0,,,798944.0,2.0,13.605210425712503,9.333537371479675,,
1993.0,CYP,,,CYP,CYP,,,10526.1416015625,,5.30800056,826034.0,,,810341.0,3.0,13.624391213883577,9.261712115434962,,
1994.0,CYP,,,CYP,CYP,,,11617.6923828125,,5.30800056,844667.0,,,826034.0,4.0,13.646697745828025,9.360370492474134,,
1995.0,CYP,,,CYP,CYP,,,15261.4169921875,,5.30800056,862695.0,,,844667.0,5.0,13.667816489290368,9.633148679726856,,
1996.0,CYP,,,CYP,CYP,,,15139.220703125,,5.30800056,880290.0,,,862695.0,6.0,13.688006677620757,9.625110104370329,,
1997.0,CYP,,,CYP,CYP,,,14234.2412109375,,5.30800056,897568.0,,,880290.0,7.0,13.707444162491184,9.563475944488665,,
1998.0,CYP,,,CYP,CYP,,,15092.828125,,5.30800056,914548.0,,,897568.0,8.0,13.726185233133823,9.622041205805024,,
1999.0,CYP,,,CYP,CYP,,,15287.91796875,,5.30800056,931234.0,,,914548.0,9.0,13.744265867320253,9.634883529169151,,
2000.0,CYP,,,CYP,CYP,,,14388.3525390625,,5.30800056,947667.0,,,931234.0,10.0,13.761758453706085,9.574243805058355,,
2001.0,CYP,,,CYP,CYP,,,14821.44921875,,5.33940458,964127.0,,,947667.0,11.0,13.77897830765396,9.603898149618495,,
2002.0,CYP,,,CYP,CYP,,,16093.2158203125,,5.61565971,981440.0,,,964127.0,12.0,13.796776159908024,9.68621522060203,,
2003.0,CYP,,,CYP,CYP,,,20252.24609375,,5.63568783,999590.0,,,981440.0,13.0,13.815100473891293,9.91607036061379,,
2004.0,CYP,,,CYP,CYP,,,23792.619140625,,5.40558147,1017875.0,,,999590.0,14.0,13.833227678769433,10.077172720378359,,
2005.0,CYP,,,CYP,CYP,,,24959.26171875,,5.43580961,1036151.0,,,1017875.0,15.0,13.851023444076397,10.125040307955235,,
2006.0,CYP,,,CYP,CYP,,,26729.28125,,5.46357489,1054418.0,,,1036151.0,16.0,13.86849951390485,10.193552330963131,,
2007.0,CYP,,,CYP,CYP,,,31244.87890625,,5.35744858,1072714.0,,,1054418.0,17.0,13.885702443679621,10.349642771468275,,
2008.0,CYP,,,CYP,CYP,,,35541.88671875,,6.01430845,1091026.0,,,1072714.0,18.0,13.902629095878634,10.478495322910675,,
2009.0,CYP,,,CYP,CYP,,,32236.462890625,,6.46531534,1109371.0,,,1091026.0,19.0,13.919303746005614,10.380884499064472,,
2010.0,CYP,,,CYP,CYP,,,31105.02734375,,6.50055742,1127816.0,,,1109371.0,20.0,13.935793577167159,10.345156884654784,,
2011.0,CYP,,,CYP,CYP,,,32485.8046875,,6.43139076,1146493.0,,,1127816.0,21.0,13.952218275722862,10.388589276258225,,
2012.0,CYP,,,CYP,CYP,,,28991.9296875,,6.53638792,1165397.0,,,1146493.0,22.0,13.968572359464355,10.274807275364303,,
2013.0,CYP,,,CYP,CYP,,,27764.7265625,,6.92774534,1183895.0,,,1165397.0,23.0,13.984320408061135,10.231557681620735,,
2014.0,CYP,,,CYP,CYP,,,26993.095703125,,6.93137264,1201801.0,,,1183895.0,24.0,13.999331822966823,10.203373443410984,,
2015.0,CYP,,,CYP,CYP,,,23088.4296875,,6.79382181,1219502.0,,,1201801.0,25.0,14.013953136653168,10.047130202498245,,
1990.0,CZE,,,CZE,CZE,,,3969.36733543794,,5.66916943,10333355.0,,,,0.0,16.150887570553305,8.286613897218922,,
1991.0,CZE,,,CZE,CZE,,,2917.08655474323,,5.66916943,10308578.0,,,10333355.0,1.0,16.148486922135408,7.978683390994845,,
1992.0,CZE,,,CZE,CZE,,,3396.70972430469,,5.66916943,10319123.0,,,10308578.0,2.0,16.14950933378648,8.130856873128145,,
1993.0,CZE,,,CZE,CZE,,,3984.1463439879,,5.66916943,10329855.0,,,10319123.0,3.0,16.150548804211244,8.290329314260907,,
1994.0,CZE,,,CZE,CZE,,,4663.28665345469,,5.66916943,10333587.0,,,10329855.0,4.0,16.1509100218671,8.44769018700247,,
1995.0,CZE,,,CZE,CZE,,,5865.29460556726,,5.66916943,10327253.0,,,10333587.0,5.0,16.150296881239864,8.676978470841451,,
1996.0,CZE,,,CZE,CZE,,,6573.19643136362,,5.66916943,10315241.0,,,10327253.0,6.0,16.149133068247515,8.790907633814824,,
1997.0,CZE,,,CZE,CZE,,,6069.38762357837,,5.66916943,10304131.0,,,10315241.0,7.0,16.148055440754774,8.711177740923773,,
1998.0,CZE,,,CZE,CZE,,,6526.59635780951,,5.66916943,10294373.0,,,10304131.0,8.0,16.1471079932382,8.783794062288843,,
1999.0,CZE,,,CZE,CZE,,,6377.6211077224,,5.66916943,10283860.0,,,10294373.0,9.0,16.146086233895247,8.760707225663722,,
2000.0,CZE,,,CZE,CZE,,,6062.92152842793,,5.66916943,10255063.0,,,10283860.0,10.0,16.14328209281446,8.710111986675802,,
2001.0,CZE,,,CZE,CZE,,,6669.07494847497,,5.83479309,10216605.0,,,10255063.0,11.0,16.1395248957711,8.805386375499458,,
2002.0,CZE,,,CZE,CZE,,,8101.26018588111,,6.14656258,10196916.0,,,10216605.0,12.0,16.137595879595455,8.999898337031388,,
2003.0,CZE,,,CZE,CZE,,,9852.45677945801,,6.50168419,10193998.0,,,10196916.0,13.0,16.137309673688264,9.195577614677322,,
2004.0,CZE,,,CZE,CZE,,,11782.5546676117,,6.33308411,10197101.0,,,10193998.0,14.0,16.13761402217129,9.374460166153044,,
2005.0,CZE,,,CZE,CZE,,,13442.4916284309,,6.33529043,10211216.0,,,10197101.0,15.0,16.13899728197176,9.50625037411864,,
2006.0,CZE,,,CZE,CZE,,,15259.0788162004,,6.16489983,10238905.0,,,10211216.0,16.0,16.14170523826408,9.632995469713734,,
2007.0,CZE,,,CZE,CZE,,,18452.6532812196,,5.99029112,10298828.0,,,10238905.0,17.0,16.147540660317933,9.823017639689516,,
2008.0,CZE,,,CZE,CZE,,,22774.7045076205,,6.33855247,10384603.0,,,10298828.0,18.0,16.155834786347864,10.033449655024945,,
2009.0,CZE,,,CZE,CZE,,,19817.4215836554,,7.2650013,10443936.0,,,10384603.0,19.0,16.161532080862045,9.894367167157514,,
2010.0,CZE,,,CZE,CZE,,,20160.4355077059,,7.47836781,10474410.0,,,10443936.0,20.0,16.16444569760385,9.911526925389676,,
2011.0,CZE,,,CZE,CZE,,,22049.1080788682,,7.47281456,10496088.0,,,10474410.0,21.0,16.166513174277203,10.001072782398952,,
2012.0,CZE,,,CZE,CZE,,,20014.0354015165,,7.53974962,10510785.0,,,10496088.0,22.0,16.167912430834612,9.904239040174373,,
2013.0,CZE,,,CZE,CZE,,,20260.4954999375,,7.44831276,10514272.0,,,10510785.0,23.0,16.168244130295115,9.91647759047517,,
2014.0,CZE,,,CZE,CZE,,,20038.4163180257,,7.53919601,10525347.0,,,10514272.0,24.0,16.16929690611039,9.905456428927614,,
2015.0,CZE,,,CZE,CZE,,,17931.5987670768,,7.29346752,10546059.0,,,10525347.0,25.0,16.171262793595115,9.794375495699171,,
1990.0,DEU,,,DEU,DEU,,,22385.6778250275,70.0,9.75930405,79433029.0,,,,0.0,18.190424822088445,10.01622132096104,,
1991.0,DEU,,,DEU,DEU,,,23443.3350818536,70.0,9.75930405,80013896.0,,,79433029.0,1.0,18.19771087755406,10.062384170356044,,
1992.0,DEU,,,DEU,DEU,,,26559.8543879632,70.0,9.75930405,80624598.0,70.0,,80013896.0,2.0,18.205314347021268,10.18719377129449,,
1993.0,DEU,,,DEU,DEU,,,25616.6508772405,70.0,9.75930405,81156363.0,70.0,,80624598.0,3.0,18.211888259202144,10.151036880272631,,
1994.0,DEU,,,DEU,DEU,,,27201.9593555204,70.0,9.75930405,81438348.0,70.0,,81156363.0,4.0,18.21535682568845,10.211081046201125,,
1995.0,DEU,,,DEU,DEU,,,31747.2449398447,70.0,9.75930405,81678051.0,70.0,,81438348.0,5.0,18.218295870125615,10.365592725307774,,
1996.0,DEU,,,DEU,DEU,,,30599.7891048363,70.0,9.75930405,81914831.0,70.0,,81678051.0,6.0,18.22119061912017,10.328781075347722,,
1997.0,DEU,,,DEU,DEU,,,27046.9565464237,70.0,9.75930405,82034771.0,70.0,,81914831.0,7.0,18.222653751935788,10.20536673785078,,
1998.0,DEU,,,DEU,DEU,,,27395.9440608051,70.0,9.75930405,82047195.0,70.0,,82034771.0,8.0,18.22280518844434,10.218186755528608,,
1999.0,DEU,,,DEU,DEU,,,26965.4922773722,70.0,9.75930405,82100243.0,70.0,,82047195.0,9.0,18.223451534223393,10.202350347511045,,
2000.0,DEU,,,DEU,DEU,,,23925.8559901991,70.0,9.75930405,82211508.0,70.0,,82100243.0,10.0,18.224805850227323,10.082756788660268,,
2001.0,DEU,,,DEU,DEU,,,23878.3641471651,70.0,9.78105545,82349925.0,70.0,,82211508.0,11.0,18.226488103840698,10.080769940148897,,
2002.0,DEU,,,DEU,DEU,,,25486.5942008748,70.0,10.028965,82488495.0,70.0,,82349925.0,12.0,18.228169387034765,10.14594711083958,,
2003.0,DEU,,,DEU,DEU,,,30711.1022511331,70.0,10.22255325,82534176.0,70.0,,82488495.0,13.0,18.22872302007064,10.332412066029516,,
2004.0,DEU,,,DEU,DEU,,,34566.7359143735,70.0,9.97466278,82516260.0,70.0,,82534176.0,14.0,18.228505922794138,10.450676037984506,,
2005.0,DEU,,,DEU,DEU,,,35084.4363546269,70.0,10.1068058,82469422.0,70.0,,82516260.0,15.0,18.227938140175787,10.465541404679788,,
2006.0,DEU,,,DEU,DEU,,,36980.3349948954,70.0,9.96236897,82376451.0,70.0,,82469422.0,16.0,18.22681016519934,10.51816860474639,,
2007.0,DEU,,,DEU,DEU,,,42350.9217211489,70.0,9.83482933,82266372.0,70.0,,82376451.0,17.0,18.22547297947333,10.65376907617345,,
2008.0,DEU,,,DEU,DEU,,,46379.1647953479,70.0,10.03185749,82110097.0,70.0,,82266372.0,18.0,18.223571551026374,10.74462716395862,,
2009.0,DEU,,,DEU,DEU,,,42471.8868625226,70.0,10.97003078,81902307.0,70.0,,82110097.0,19.0,18.22103771692474,10.65662119515594,,
2010.0,DEU,200.0,2600.0,DEU,DEU,1900.0,3200.0,42396.9665976293,70.0,10.8311739,81776930.0,70.0,,81902307.0,20.0,18.219505732455367,10.654855682466964,,3.179380786243749
2011.0,DEU,200.0,2300.0,DEU,DEU,1700.0,2900.0,47630.9761883572,72.0,10.52106953,80274983.0,70.0,2600.0,81776930.0,21.0,18.200968586167797,10.77125958334691,1.4301630983009959,2.865151650047687
2012.0,DEU,200.0,2400.0,DEU,DEU,1700.0,2900.0,44718.0159214069,75.0,10.59356213,80425823.0,70.0,2300.0,80274983.0,22.0,18.20284586417347,10.708154102251594,1.3520009180219563,2.9841161836789656
2013.0,DEU,200.0,2400.0,DEU,DEU,1700.0,2900.0,47206.8353514242,77.0,10.7432127,80645605.0,72.0,2400.0,80425823.0,23.0,18.205574866320283,10.762315161004778,1.3823155018671538,2.975983626138089
2014.0,DEU,200.0,2400.0,DEU,DEU,1700.0,2900.0,48959.5991203133,78.0,10.76819706,80982500.0,75.0,2400.0,80645605.0,24.0,18.209743639911967,10.798771154045841,1.380272170611323,2.9636032476152256
2015.0,DEU,200.0,2300.0,DEU,DEU,1600.0,2900.0,41929.7549110722,80.0,10.92317677,81686611.0,77.0,2400.0,80982500.0,25.0,18.21840066635147,10.643774844082685,1.3771535225622538,2.8156389056218774
1990.0,DJI,100.0,930.0,DJI,DJI,540.0,1400.0,780.497719360725,0.0,3.39641857,579538.0,,,,0.0,13.26998651338257,6.661212231572852,,160.47265235411655
1991.0,DJI,200.0,1300.0,DJI,DJI,790.0,1900.0,732.733101553782,0.0,3.39641857,631092.0,,930.0,579538.0,1.0,13.355206931212475,6.598145340626724,5.0843357930552475,205.99215328351494
1992.0,DJI,500.0,1900.0,DJI,DJI,1200.0,2600.0,763.659214503152,0.0,3.39641857,626010.0,0.0,1300.0,631092.0,2.0,13.34712162439554,6.6394302633370375,5.332680885703963,303.5095286017795
1993.0,DJI,500.0,1700.0,DJI,DJI,1200.0,2300.0,758.733842733535,0.0,3.39641857,614245.0,0.0,1900.0,626010.0,3.0,13.328149150342156,6.63296816501405,5.71870237927703,276.76252960952064
1994.0,DJI,500.0,1800.0,DJI,DJI,1300.0,2400.0,784.556207408331,0.0,3.39641857,626710.0,0.0,1700.0,614245.0,4.0,13.348239192683515,6.666392011352496,5.626766538607649,287.2141819980533
1995.0,DJI,500.0,1900.0,DJI,DJI,1400.0,2600.0,786.201866748458,0.0,3.39641857,633074.0,0.0,1800.0,626710.0,5.0,13.358342597927107,6.668484717112846,5.6637038912306705,300.1228924264778
1996.0,DJI,530.0,2000.0,DJI,DJI,1400.0,2700.0,761.943659476655,0.0,3.39641857,648348.0,0.0,1900.0,633074.0,6.0,13.382182868218667,6.637184187767338,5.707518461911714,308.47631210399356
1997.0,DJI,630.0,1900.0,DJI,DJI,1300.0,2600.0,748.232840194914,0.0,3.39641857,671817.0,0.0,2000.0,648348.0,7.0,13.417741260990502,6.6190498032917455,5.734881553182676,282.8151118533768
1998.0,DJI,750.0,1900.0,DJI,DJI,1200.0,2600.0,735.349107889529,0.0,3.39641857,699352.0,0.0,1900.0,671817.0,8.0,13.457909471001745,6.601704337640954,5.648323011558399,271.6800695500978
1999.0,DJI,870.0,2000.0,DJI,DJI,1300.0,2700.0,740.21930978973,0.0,3.39641857,724218.0,0.0,1900.0,699352.0,9.0,13.492847731017225,6.608296546135712,5.608299201555788,276.1599407913087
2000.0,DJI,1000.0,2000.0,DJI,DJI,1400.0,2800.0,737.612183644052,0.0,3.39641857,747318.0,0.0,2000.0,724218.0,10.0,13.524246076340464,6.604772997874142,5.624594743132764,267.62368897845363
2001.0,DJI,1100.0,1900.0,DJI,DJI,1300.0,2700.0,742.133791107063,0.0,3.1960845,771313.0,0.0,2000.0,747318.0,11.0,13.555849536441015,6.6108760972920635,5.593311474461062,246.3332006591358
2002.0,DJI,1200.0,1700.0,DJI,DJI,1100.0,2400.0,743.013270420348,0.0,3.75243783,795574.0,0.0,1900.0,771313.0,12.0,13.586819145689399,6.612058871260511,5.510736418080539,213.68219675353896
2003.0,DJI,1200.0,1400.0,DJI,DJI,900.0,2000.0,764.634465224597,0.0,4.27048731,813519.0,0.0,1700.0,795574.0,13.0,13.609124561238184,6.6407048563990045,5.369158779944643,172.09186263627524
2004.0,DJI,1200.0,1400.0,DJI,DJI,860.0,2000.0,806.261652944964,1.0,3.53544688,826124.0,0.0,1400.0,813519.0,14.0,13.624500162301452,6.693647844894944,5.153822451465826,169.46608499450446
2005.0,DJI,1300.0,1300.0,DJI,DJI,800.0,1900.0,844.4483573908,2.0,3.80321956,839167.0,0.0,1400.0,826124.0,15.0,13.640165012126129,6.7398670871010085,5.138536361949118,154.91552932848884
2006.0,DJI,1400.0,1200.0,DJI,DJI,730.0,1700.0,898.464628136774,3.0,4.21972466,855764.0,1.0,1300.0,839167.0,16.0,13.65974991617681,6.8017997287005105,5.049314381933491,140.22557621026357
2007.0,DJI,1400.0,1100.0,DJI,DJI,640.0,1600.0,969.573220191902,4.0,4.05262756,874528.0,2.0,1200.0,855764.0,17.0,13.681439591224388,6.877886845607479,4.950358443289839,125.78213619232318
2008.0,DJI,1300.0,1000.0,DJI,DJI,610.0,1500.0,1119.15233346969,5.0,3.6125772,892734.0,3.0,1100.0,874528.0,18.0,13.702043943145434,7.021219967066852,4.842470150314345,112.01544917074963
2009.0,DJI,1300.0,980.0,DJI,DJI,580.0,1500.0,1150.9375857489,6.0,3.63905573,911527.0,4.0,1000.0,892734.0,19.0,13.722876494165163,7.049200660750686,4.72752452769246,107.51190036060369
2010.0,DJI,1300.0,910.0,DJI,DJI,550.0,1300.0,1213.23352553429,6.0,3.35699701,930251.0,5.0,980.0,911527.0,20.0,13.743209721188135,7.101868313527711,4.686859847708912,97.82306065782245
2011.0,DJI,1300.0,750.0,DJI,DJI,500.0,1100.0,1306.34552844977,7.0,3.37387872,948558.0,6.0,910.0,930251.0,21.0,13.762698215670591,7.175754046282642,4.593330984986376,79.06738438767054
2012.0,DJI,1200.0,640.0,DJI,DJI,500.0,980.0,1400.19357858954,9.0,3.29730988,966747.0,6.0,750.0,948558.0,22.0,13.781692106283968,7.2450797085191825,4.38286858498011,66.20139498752
2013.0,DJI,1200.0,550.0,DJI,DJI,500.0,850.0,2075.94498424748,10.0,2.91782117,984824.0,7.0,640.0,966747.0,23.0,13.80021822398597,7.638653335440309,4.207694006056501,55.84754230197477
2014.0,DJI,1100.0,500.0,DJI,DJI,500.0,760.0,2214.62084142432,12.0,2.95930099,1002717.0,9.0,550.0,984824.0,24.0,13.818223873591892,7.703287932787536,4.040372987986317,49.86451810431059
2015.0,DJI,1100.0,500.0,DJI,DJI,500.0,770.0,2376.12554719873,16.0,3.3475771,1020313.0,10.0,500.0,1002717.0,25.0,13.83562000093281,7.773647283465916,3.9291655901874756,49.004570166213696
1990.0,DMA,100.0,100.0,DMA,DMA,100.0,100.0,2892.9815966454,,5.32374382,69627.0,,,,0.0,11.150907702131205,7.970388548030021,,143.62244531575396
1991.0,DMA,100.0,100.0,DMA,DMA,100.0,100.0,3171.36577815405,,5.32374382,69296.0,,100.0,69627.0,1.0,11.146142463454408,8.062232890783074,4.974126521162521,144.30847379358116
1992.0,DMA,100.0,100.0,DMA,DMA,100.0,100.0,3376.26050139573,,5.32374382,69325.0,,100.0,69296.0,2.0,11.14656087048398,8.12482015729665,4.978858888170855,144.248106743599
1993.0,DMA,100.0,100.0,DMA,DMA,100.0,100.0,3536.15609185727,,5.32374382,69433.0,,100.0,69325.0,3.0,11.148117537801307,8.171078319375997,4.978443361179594,144.0237351115464
1994.0,DMA,100.0,100.0,DMA,DMA,100.0,100.0,3805.20278759984,,5.32374382,69477.0,,100.0,69433.0,4.0,11.14875104152993,8.244387327466622,4.976897419449217,143.93252443254602
1995.0,DMA,100.0,100.0,DMA,DMA,100.0,100.0,3951.72267086358,,5.32374382,69469.0,,100.0,69477.0,5.0,11.148635888880573,8.282159904211152,4.976268285371185,143.949099598382
1996.0,DMA,100.0,100.0,DMA,DMA,100.0,100.0,4210.99532034556,,5.32374382,69410.0,,100.0,69469.0,6.0,11.14778622833363,8.34569176222418,4.976382643540037,144.07145944388418
1997.0,DMA,100.0,100.0,DMA,DMA,100.0,100.0,4372.19712966838,,5.32374382,69299.0,,100.0,69410.0,7.0,11.14618575505945,8.383249629214276,4.977226444773758,144.30222658335617
1998.0,DMA,100.0,100.0,DMA,DMA,100.0,100.0,4664.24268142919,,5.32374382,69124.0,,100.0,69299.0,8.0,11.143657272173883,8.447895133670952,4.978815894501194,144.66755396099762
1999.0,DMA,100.0,100.0,DMA,DMA,100.0,100.0,4817.18105502046,,5.32374382,68870.0,,100.0,69124.0,9.0,11.139975948538744,8.480151761343896,4.981326997674358,145.2011035283868
2000.0,DMA,100.0,100.0,DMA,DMA,100.0,100.0,4867.39896323759,,5.32374382,68511.0,,100.0,68870.0,10.0,11.134749595299702,8.490520407042855,4.984983095360973,145.96196231262132
2001.0,DMA,100.0,100.0,DMA,DMA,100.0,100.0,5527.51527300496,,4.64501858,68288.0,,100.0,68511.0,11.0,11.131489334661426,8.61767457257337,4.990173793516562,146.4386129334583
2002.0,DMA,100.0,100.0,DMA,DMA,100.0,100.0,5488.02784969357,,4.6531105,68367.0,,100.0,68288.0,12.0,11.132645531050882,8.610506442265123,4.9934119056495065,146.26939897903958
2003.0,DMA,100.0,100.0,DMA,DMA,100.0,100.0,5447.44011496284,,4.84617901,68531.0,,100.0,68367.0,13.0,11.13504147662283,8.603084629251251,4.9922635556476465,145.9193649589237
2004.0,DMA,100.0,100.0,DMA,DMA,100.0,100.0,5778.83306546506,,4.74520159,68649.0,,100.0,68531.0,14.0,11.136761844447634,8.662130079841917,4.989883898582499,145.66854579090736
2005.0,DMA,100.0,100.0,DMA,DMA,100.0,100.0,5695.22442394675,,4.97772503,68734.0,,100.0,68649.0,15.0,11.137999261170897,8.647558852587192,4.988175250372853,145.48840457415545
2006.0,DMA,100.0,100.0,DMA,DMA,100.0,100.0,6055.78109574854,,4.78092194,68806.0,,100.0,68734.0,16.0,11.13904622942125,8.708933765622646,4.986946275660154,145.3361625439642
2007.0,DMA,100.0,100.0,DMA,DMA,100.0,100.0,6459.03503689609,,4.79109955,68847.0,,100.0,68806.0,17.0,11.139641930222721,8.773390020430066,4.985906458233585,145.24961145728935
2008.0,DMA,100.0,100.0,DMA,DMA,100.0,100.0,6971.32633839289,,5.04968786,68854.0,,100.0,68847.0,18.0,11.139743599782216,8.849704212542905,4.985314829406142,145.23484474395096
2009.0,DMA,100.0,100.0,DMA,DMA,100.0,100.0,7487.49010395154,,4.98329306,68864.0,,100.0,68854.0,19.0,11.139888824081401,8.92112246793215,4.985213855060067,145.21375464684013
2010.0,DMA,100.0,100.0,DMA,DMA,100.0,100.0,7549.61964680375,,5.15711927,68859.0,,100.0,68864.0,20.0,11.139816214568071,8.929384911299652,4.985069623922073,145.22429892969691
2011.0,DMA,100.0,100.0,DMA,DMA,100.0,100.0,7705.40717248319,,5.33450365,69053.0,,100.0,68859.0,21.0,11.142629604671352,8.94980736216072,4.985141736854931,144.81630052278683
2012.0,DMA,100.0,100.0,DMA,DMA,100.0,100.0,7528.51001990155,,5.79509926,69118.0,,100.0,69053.0,22.0,11.143570467874122,8.926585248278569,4.982347613893151,144.68011227176711
2013.0,DMA,100.0,100.0,DMA,DMA,100.0,100.0,7822.21797211398,,5.34749842,69715.0,,100.0,69118.0,23.0,11.152170781629122,8.964851254279656,4.98141320609291,143.44115326687228
2014.0,DMA,100.0,100.0,DMA,DMA,100.0,100.0,8131.74876096735,,5.26141691,70373.0,,100.0,69715.0,24.0,11.16156494585521,9.003654246378593,4.972872180778325,142.09995310701547
2015.0,DMA,100.0,100.0,DMA,DMA,100.0,100.0,8282.59874702141,,5.15941811,70410.0,,100.0,70373.0,25.0,11.16209057751318,9.022032784237267,4.963543358868539,142.02528049992898
1990.0,DNK,200.0,500.0,DNK,DNK,500.0,500.0,26885.6994188191,43.0,8.11006165,5140939.0,,,,0.0,15.45274630557141,10.199386997914438,,9.725849693995592
1991.0,DNK,200.0,500.0,DNK,DNK,500.0,500.0,27002.8057705804,43.0,8.11006165,5154298.0,,500.0,5140939.0,1.0,15.45534148769256,10.20373308951926,2.372656687223277,9.700642066097071
1992.0,DNK,200.0,500.0,DNK,DNK,500.0,500.0,29579.4913648682,43.0,8.11006165,5171370.0,43.0,500.0,5154298.0,2.0,15.458648201709696,10.2948703475152,2.370303745844858,9.668617793737443
1993.0,DNK,200.0,500.0,DNK,DNK,500.0,500.0,27581.7241097459,43.0,8.11006165,5188628.0,43.0,500.0,5171370.0,3.0,15.461979865666315,10.224944917671548,2.367306515567015,9.636458809535005
1994.0,DNK,500.0,500.0,DNK,DNK,500.0,500.0,29967.8303903163,43.0,8.11006165,5206180.0,43.0,500.0,5188628.0,4.0,15.465356939428748,10.307913133533702,2.3642876098643537,9.603970665631998
1995.0,DNK,500.0,500.0,DNK,DNK,500.0,500.0,35321.0980773087,43.0,8.11006165,5233373.0,43.0,500.0,5206180.0,5.0,15.470566561239536,10.472264054915977,2.36122852207365,9.55406771120652
1996.0,DNK,500.0,500.0,DNK,DNK,500.0,500.0,35621.9878051732,43.0,8.11006165,5263074.0,43.0,500.0,5233373.0,6.0,15.476225824658881,10.480746433313941,2.3565113506542468,9.500151432413833
1997.0,DNK,100.0,500.0,DNK,DNK,500.0,500.0,32779.879045297,43.0,8.11006165,5284991.0,43.0,500.0,5263074.0,7.0,15.480381474352196,10.397600668451291,2.3513896791941304,9.460754048587784
1998.0,DNK,100.0,500.0,DNK,DNK,500.0,500.0,33346.4884298957,43.0,8.11006165,5304219.0,43.0,500.0,5284991.0,8.0,15.484013099588203,10.414737739059467,2.3476305448136285,9.426458447511312
1999.0,DNK,100.0,500.0,DNK,DNK,500.0,500.0,33426.2381077405,43.0,8.11006165,5321799.0,43.0,500.0,5304219.0,9.0,15.48732196205007,10.417126358823188,2.344346656941759,9.395319139260991
2000.0,DNK,100.0,500.0,DNK,DNK,500.0,500.0,30722.0251837567,43.0,8.11006165,5339616.0,43.0,500.0,5321799.0,10.0,15.490664298238363,10.332767658446908,2.341355622066312,9.363969244230296
2001.0,DNK,100.0,500.0,DNK,DNK,200.0,500.0,30768.4775471112,44.0,8.44370651,5358783.0,43.0,500.0,5339616.0,11.0,15.494247455027917,10.334278488877533,2.338335295137596,9.330476714582398
2002.0,DNK,100.0,500.0,DNK,DNK,200.0,500.0,33257.1622586509,45.0,8.69506168,5375931.0,43.0,500.0,5358783.0,12.0,15.497442326281327,10.412055497421541,2.3350984306226303,9.30071461110643
2003.0,DNK,100.0,500.0,DNK,DNK,200.0,500.0,40519.0974905924,47.0,8.89037418,5390574.0,44.0,500.0,5375931.0,13.0,15.500162430721643,10.609553364346704,2.3322132725479996,9.275450072663876
2004.0,DNK,100.0,500.0,DNK,DNK,200.0,500.0,46625.050098011,48.0,8.98551464,5404523.0,45.0,500.0,5390574.0,14.0,15.502746753542171,10.749914678901847,2.3297575621153364,9.25151026279285
2005.0,DNK,100.0,500.0,DNK,DNK,200.0,500.0,48925.8076698784,49.0,9.06716251,5419432.0,47.0,500.0,5404523.0,15.0,15.505501570876264,10.798080739356449,2.3274250374420435,9.226059114682128
2006.0,DNK,100.0,200.0,DNK,DNK,200.0,500.0,52119.1787984282,51.0,9.15257931,5437272.0,48.0,500.0,5419432.0,16.0,15.508788022465463,10.861307461747636,2.324939277462742,3.678315155099837
2007.0,DNK,100.0,200.0,DNK,DNK,200.0,500.0,58631.6566433635,53.0,9.30215549,5461438.0,49.0,200.0,5437272.0,17.0,15.513222683008678,10.979047100945406,1.5429380355164921,3.6620391918758393
2008.0,DNK,100.0,200.0,DNK,DNK,200.0,500.0,64616.6657583663,57.0,9.46797943,5493621.0,51.0,200.0,5461438.0,18.0,15.519098158911268,11.076243116138096,1.5394529472440037,3.640586054261843
2009.0,DNK,100.0,200.0,DNK,DNK,200.0,500.0,58412.7472358513,61.0,10.62873173,5523095.0,53.0,200.0,5493621.0,19.0,15.524448949532061,10.975306538988752,1.5348406630601954,3.621158064454803
2010.0,DNK,100.0,200.0,DNK,DNK,200.0,200.0,58104.5445594981,65.0,10.59621811,5547683.0,57.0,200.0,5523095.0,20.0,15.528890921077156,10.970016369603387,1.5306453369847564,3.6051086552710383
2011.0,DNK,100.0,200.0,DNK,DNK,200.0,200.0,61809.737898222,69.0,10.39758492,5570572.0,61.0,200.0,5547683.0,21.0,15.533008299629106,11.031832380750997,1.5271662644931974,3.590295574673481
2012.0,DNK,100.0,200.0,DNK,DNK,200.0,200.0,58443.7747103968,73.0,10.53344631,5591572.0,65.0,200.0,5570572.0,22.0,15.536771022055307,10.975837565306009,1.5239444173528616,3.576811672996431
2013.0,DNK,100.0,200.0,DNK,DNK,200.0,200.0,61377.5940590412,73.0,10.29778957,5614932.0,69.0,200.0,5591572.0,23.0,15.540940035662826,11.024816422389092,1.5210026144400952,3.5619309370086762
2014.0,DNK,100.0,200.0,DNK,DNK,200.0,200.0,62520.4509747011,80.0,10.31388664,5643475.0,73.0,200.0,5614932.0,24.0,15.546010568492928,11.043264992434711,1.517745984994574,3.543915761122358
2015.0,DNK,100.0,200.0,DNK,DNK,100.0,200.0,53094.0133607574,80.0,10.3754549,5683483.0,73.0,200.0,5643475.0,25.0,15.553074806989798,10.879838292476625,1.513789142761614,3.518968913956459
1990.0,DOM,570.0,6800.0,DOM,DOM,4800.0,11000.0,989.163941207659,0.0,4.88427496,7151166.0,,,,0.0,15.782785978297671,6.89787052659839,,95.08938822004691
1991.0,DOM,850.0,8400.0,DOM,DOM,6200.0,13000.0,1345.84673690623,0.0,4.88427496,7299853.0,,6800.0,7151166.0,1.0,15.803364768929566,7.20552138887239,4.565278885529882,115.07081033001623
1992.0,DOM,1200.0,9800.0,DOM,DOM,7500.0,13000.0,1558.29782071075,0.0,4.88427496,7447474.0,0.0,8400.0,7299853.0,2.0,15.823385472459083,7.3519908839824435,4.7542004387468415,131.58824052289407
1993.0,DOM,1600.0,11000.0,DOM,DOM,8400.0,14000.0,1722.41995993981,0.0,4.88427496,7594572.0,0.0,9800.0,7447474.0,3.0,15.842944339560402,7.452065944460665,4.887248389979707,144.84028856399019
1994.0,DOM,2100.0,11000.0,DOM,DOM,8500.0,15000.0,1891.67055679,0.0,4.88427496,7741694.0,0.0,11000.0,7594572.0,4.0,15.862131084667983,7.545744103729021,4.982512109002502,142.0877652875456
1995.0,DOM,2500.0,11000.0,DOM,DOM,8200.0,14000.0,2109.16940728689,0.0,4.88427496,7888115.0,0.0,11000.0,7741694.0,5.0,15.88086775426584,7.65452351106091,4.963458185266083,139.4502995962914
1996.0,DOM,3000.0,9200.0,DOM,DOM,7400.0,12000.0,2270.86558687203,0.0,4.88427496,8032894.0,0.0,11000.0,7888115.0,6.0,15.899055419500607,7.728356617383245,4.94485368666504,114.52908503460895
1997.0,DOM,3500.0,8600.0,DOM,DOM,7100.0,11000.0,2448.89393535363,0.0,4.88427496,8174078.0,0.0,9200.0,8032894.0,7.0,15.916478485512506,7.8038000109092645,4.749522316742359,105.21064271713581
1998.0,DOM,4000.0,8100.0,DOM,DOM,6700.0,10000.0,2607.85457321405,0.0,4.88427496,8310362.0,0.0,8600.0,8174078.0,8.0,15.93301372785636,7.866666543151609,4.66542431769576,97.46867825974368
1999.0,DOM,4400.0,7900.0,DOM,DOM,6600.0,9800.0,2620.8896817272,0.0,4.88427496,8446208.0,0.0,8100.0,8310362.0,9.0,15.949228141215173,7.871650589345141,4.589738510398666,93.53309792986391
2000.0,DOM,4800.0,7900.0,DOM,DOM,6500.0,9800.0,2831.45883638033,0.0,4.88427496,8584190.0,0.0,7900.0,8446208.0,10.0,15.965432697250883,7.948900460185911,4.548950015823123,92.0296498563056
2001.0,DOM,5100.0,7400.0,DOM,DOM,6000.0,9200.0,2935.89367312668,0.0,4.88183308,8720283.0,0.0,7900.0,8584190.0,11.0,15.981162249486978,7.98510772799875,4.532918258001543,84.85963127572809
2002.0,DOM,5400.0,7200.0,DOM,DOM,5900.0,9000.0,3065.60329524196,0.0,4.98649025,8852235.0,0.0,7400.0,8720283.0,12.0,15.996180527473536,8.028325809560494,4.452713768304641,81.33539157060335
2003.0,DOM,5700.0,6900.0,DOM,DOM,5600.0,8500.0,2383.26171780393,0.0,4.38888264,8980620.0,0.0,7200.0,8852235.0,13.0,16.01057948021133,7.776644803117776,4.410801046480641,76.83211181410637
2004.0,DOM,5800.0,6400.0,DOM,DOM,5300.0,7800.0,2451.69161616569,1.0,4.2877388,9104892.0,0.0,6900.0,8980620.0,14.0,16.024322409459,7.8049413193418635,4.3545540942805125,70.29188264945921
2005.0,DOM,5500.0,6100.0,DOM,DOM,5000.0,7400.0,3878.31206735244,3.0,4.35391188,9225034.0,0.0,6400.0,9104892.0,15.0,16.03743143352093,8.263413114668667,4.2667824731054225,66.1244175360221
2006.0,DOM,5100.0,5800.0,DOM,DOM,4800.0,7100.0,4055.14270347371,6.0,3.99365425,9341183.0,1.0,6100.0,9225034.0,16.0,16.049943461713294,8.307987727954298,4.206547875488171,62.09063669986981
2007.0,DOM,4500.0,5400.0,DOM,DOM,4400.0,6600.0,4649.64558875814,10.0,4.08935308,9455658.0,3.0,5800.0,9341183.0,17.0,16.062123850461266,8.444761325236609,4.1445723702618915,57.10866446311827
2008.0,DOM,4000.0,5000.0,DOM,DOM,3900.0,6300.0,5023.58513403515,13.0,4.56442022,9573130.0,6.0,5400.0,9455658.0,18.0,16.07447077369631,8.522098169127965,4.062314782913219,52.22952158802816
2009.0,DOM,3600.0,4900.0,DOM,DOM,3800.0,6200.0,4973.95186999952,16.0,4.76706171,9695265.0,10.0,5000.0,9573130.0,19.0,16.087148179962483,8.512170975173941,3.9746131595062564,50.54013479775953
2010.0,DOM,3400.0,4700.0,DOM,DOM,3500.0,6000.0,5478.62470398954,20.0,4.92896748,9820175.0,13.0,4900.0,9695265.0,20.0,16.09994950094579,8.608791892923437,3.9423608206216434,47.86065421441064
2011.0,DOM,3300.0,4400.0,DOM,DOM,3100.0,5600.0,5826.51014109195,23.0,5.04506636,9945621.0,16.0,4700.0,9820175.0,21.0,16.112642911759615,8.670345111121517,3.8889724553103733,44.24057582729123
2012.0,DOM,3200.0,4300.0,DOM,DOM,2800.0,5500.0,6013.81965002603,26.0,5.05897284,10070411.0,20.0,4400.0,9945621.0,22.0,16.125112078161767,8.7019816445887,3.8119943794447946,42.6993496094648
2013.0,DOM,3100.0,4100.0,DOM,DOM,2500.0,5400.0,6136.59429329301,28.0,4.92594242,10193833.0,23.0,4300.0,10070411.0,23.0,16.137293487562335,8.722188135454088,3.7773332189121818,40.22039599824718
2014.0,DOM,2900.0,4000.0,DOM,DOM,2400.0,5300.0,6496.45166971142,31.0,4.80942917,10315528.0,26.0,4100.0,10193833.0,24.0,16.149160890768336,8.779165328198088,3.7189331823605425,38.77649306947739
2015.0,DOM,2700.0,3900.0,DOM,DOM,2300.0,5200.0,6800.95309395474,34.0,4.73534584,10434829.0,28.0,4000.0,10315528.0,25.0,16.160659711200566,8.824965069623744,3.6832761114068737,37.374833837717894
1990.0,DZA,100.0,200.0,DZA,DZA,100.0,200.0,2445.18332740258,6.0,3.21485448,25375810.0,,,,0.0,17.049306915999022,7.802284263316921,,0.78815218115205
1991.0,DZA,100.0,200.0,DZA,DZA,200.0,200.0,1759.11201648229,6.0,3.21485448,25987928.0,,200.0,25375810.0,1.0,17.073142680469253,7.473132731735468,0.5811827856306055,0.7695880949031412
1992.0,DZA,100.0,200.0,DZA,DZA,200.0,200.0,1802.69300801289,6.0,3.21485448,26628568.0,6.0,200.0,25987928.0,2.0,17.09749518240508,7.497591513199654,0.570746804759472,0.7510730580780761
1993.0,DZA,100.0,200.0,DZA,DZA,200.0,200.0,1831.04800976449,6.0,3.21485448,27277048.0,6.0,200.0,26628568.0,3.0,17.121556173940593,7.513189751094023,0.5602287760644198,0.733217172180802
1994.0,DZA,100.0,200.0,DZA,DZA,200.0,500.0,1525.54061760288,6.0,3.21485448,27887279.0,6.0,200.0,27277048.0,4.0,17.14368119299408,7.33075942014251,0.5499793186240589,0.71717287297911
1995.0,DZA,100.0,500.0,DZA,DZA,500.0,500.0,1466.94806760415,6.0,3.21485448,28470191.0,6.0,200.0,27887279.0,5.0,17.164368168048014,7.291620832257254,0.5406792600032799,1.7562228507704778
1996.0,DZA,100.0,500.0,DZA,DZA,500.0,500.0,1616.83198721285,6.0,3.21485448,29033044.0,6.0,500.0,28470191.0,6.0,17.183945187548133,7.388842252432429,1.0138612101039093,1.7221756010151743
1997.0,DZA,100.0,500.0,DZA,DZA,500.0,500.0,1628.76100561506,6.0,3.21485448,29579301.0,6.0,500.0,29033044.0,7.0,17.20258538413607,7.396188660728655,1.0014314139101166,1.690371249814186
1998.0,DZA,100.0,500.0,DZA,DZA,500.0,500.0,1603.36623200836,6.0,3.21485448,30054133.0,6.0,500.0,29579301.0,8.0,17.218510746925688,7.380484086559196,0.9896791951744349,1.6636646946361755
1999.0,DZA,100.0,500.0,DZA,DZA,500.0,500.0,1596.11822239025,6.0,3.21485448,30474354.0,6.0,500.0,30054133.0,9.0,17.232396035403898,7.375956173271114,0.9797028793796204,1.6407238689948933
2000.0,DZA,100.0,500.0,DZA,DZA,500.0,510.0,1772.92869122761,6.0,3.21485448,30903893.0,6.0,500.0,30474354.0,10.0,17.246392720987288,7.48095196545937,0.9710530723753447,1.6179191404785151
2001.0,DZA,100.0,570.0,DZA,DZA,530.0,600.0,1896.30020878013,7.0,3.53628588,31331221.0,6.0,500.0,30903893.0,11.0,17.260125634400065,7.548187211910735,0.9623797810208542,1.8192715821703853
2002.0,DZA,200.0,650.0,DZA,DZA,610.0,690.0,1937.46411413019,8.0,3.44169641,31750835.0,6.0,570.0,31331221.0,12.0,17.273429582169754,7.56965124475505,1.036478547388849,2.0471902549964436
2003.0,DZA,200.0,750.0,DZA,DZA,700.0,800.0,2283.77299346126,8.0,3.32569361,32175818.0,7.0,650.0,31750835.0,13.0,17.286725734588718,7.734021951986673,1.114219938158124,2.3309430703517777
2004.0,DZA,200.0,870.0,DZA,DZA,800.0,920.0,2816.99384960555,9.0,3.29030514,32628286.0,8.0,750.0,32175818.0,14.0,17.300690138841695,7.943780509917405,1.2032554682074248,2.6663981062321205
2005.0,DZA,200.0,1000.0,DZA,DZA,920.0,1100.0,3233.13339634212,10.0,3.1188612,33109249.0,8.0,870.0,32628286.0,15.0,17.315323227296997,8.081516287382266,1.29920973769293,3.0203040848193203
2006.0,DZA,200.0,1100.0,DZA,DZA,1000.0,1200.0,3660.66104745322,13.0,3.18999887,33623506.0,9.0,1000.0,33109249.0,16.0,17.330735963672414,8.20567216154402,1.3913575427600238,3.2715208223675423
2007.0,DZA,500.0,1300.0,DZA,DZA,1100.0,1400.0,4167.45169937531,13.0,3.62011433,34189416.0,10.0,1100.0,33623506.0,17.0,17.34742668045176,8.335299950731915,1.4519699283179035,3.802346316766569
2008.0,DZA,500.0,1300.0,DZA,DZA,1100.0,1500.0,5180.91881514686,13.0,3.98331022,34816961.0,13.0,1300.0,34189416.0,18.0,17.365615211068654,8.55293069429668,1.5691046144752614,3.7338123795468534
2009.0,DZA,500.0,1300.0,DZA,DZA,1100.0,1600.0,4235.42990456612,16.0,4.89210796,35490445.0,13.0,1300.0,34816961.0,19.0,17.384774063287377,8.351476189901762,1.554730877764546,3.662957734116887
2010.0,DZA,500.0,1300.0,DZA,DZA,1000.0,1400.0,4912.78585503672,21.0,4.64001417,36188236.0,13.0,1300.0,35490445.0,20.0,17.404244651605342,8.499799973587946,1.5396499536883614,3.5923276282380825
2011.0,DZA,500.0,1200.0,DZA,DZA,1000.0,1400.0,5916.31364364343,23.0,4.82567501,36903376.0,16.0,1300.0,36188236.0,21.0,17.423813595340658,8.685637848478796,1.5243870040849683,3.2517350174141253
2012.0,DZA,500.0,1200.0,DZA,DZA,1000.0,1400.0,6033.64884689543,28.0,5.63658524,37646166.0,21.0,1200.0,36903376.0,22.0,17.443741674355557,8.705272945740235,1.447327139020856,3.1875755953474783
2013.0,DZA,500.0,1200.0,DZA,DZA,1000.0,1400.0,5979.60138960585,35.0,5.64541769,38414171.0,23.0,1200.0,37646166.0,23.0,17.463936985939082,8.696276408711894,1.4321219496085316,3.12384718649792
2014.0,DZA,500.0,1300.0,DZA,DZA,1100.0,1500.0,6094.69392314956,43.0,6.01484108,39205031.0,28.0,1200.0,38414171.0,24.0,17.484315638362318,8.715337886648852,1.416786510787745,3.315900961792378
2015.0,DZA,500.0,1300.0,DZA,DZA,1200.0,1600.0,4685.05902729002,51.0,6.33435678,40019529.0,35.0,1300.0,39205031.0,25.0,17.504878117935164,8.45234721550783,1.4623061003745854,3.24841404305383
1990.0,ECU,200.0,1200.0,ECU,ECU,640.0,2300.0,1455.00748510871,1.0,3.57367969,10473673.0,,,,0.0,16.164375333169993,7.283453369614784,,11.457298695500613
1991.0,ECU,200.0,1500.0,ECU,ECU,820.0,2800.0,1587.36049996672,1.0,3.57367969,10702380.0,,1200.0,10473673.0,1.0,16.185976704604812,7.370457631135447,2.5223066917412833,14.015574105946527
1992.0,ECU,500.0,1900.0,ECU,ECU,1100.0,3200.0,1655.44613192632,1.0,3.57367969,10930128.0,1.0,1500.0,10702380.0,2.0,16.207033570971614,7.412429701999792,2.70908793619861,17.38314500982971
1993.0,ECU,500.0,2300.0,ECU,ECU,1400.0,3300.0,1697.88884141445,1.0,3.57367969,11154274.0,1.0,1900.0,10930128.0,3.0,16.22733330080833,7.437729693642483,2.911434212726692,20.619898704299356
1994.0,ECU,500.0,2700.0,ECU,ECU,1800.0,3600.0,1996.85894789444,1.0,3.57367969,11372197.0,1.0,2300.0,11154274.0,4.0,16.24668207485307,7.599831360067009,3.0736141269225357,23.742114210649007
1995.0,ECU,500.0,2900.0,ECU,ECU,2100.0,3800.0,2108.00698245316,1.0,3.57367969,11590514.0,1.0,2700.0,11372197.0,5.0,16.265697562908926,7.653972491261896,3.208506820493724,25.02046069742895
1996.0,ECU,540.0,3100.0,ECU,ECU,2300.0,3900.0,2135.8479374308,1.0,3.57367969,11810950.0,1.0,2900.0,11590514.0,6.0,16.284537625243225,7.667087095759196,3.258883178439876,26.246830271908696
1997.0,ECU,660.0,3100.0,ECU,ECU,2500.0,4000.0,2340.76600026857,1.0,3.57367969,12031127.0,1.0,3100.0,11810950.0,7.0,16.30300776602345,7.75866062467765,3.304937194046594,25.766497186838773
1998.0,ECU,800.0,3100.0,ECU,ECU,2600.0,4000.0,2284.01572847769,1.0,3.57367969,12251184.0,1.0,3100.0,12031127.0,8.0,16.32113314334563,7.7341281866646545,3.2871510005150752,25.303676771159427
1999.0,ECU,950.0,3100.0,ECU,ECU,2500.0,3800.0,1575.30234730971,1.0,3.57367969,12470795.0,1.0,3100.0,12251184.0,9.0,16.3389000686313,7.362837096757639,3.269708730597213,24.85807841440742
2000.0,ECU,1100.0,3000.0,ECU,ECU,2500.0,3700.0,1382.23421759909,1.0,3.57367969,12689206.0,1.0,3100.0,12470795.0,10.0,16.356262268781123,7.232179672061287,3.2526230633286306,23.64214120253072
2001.0,ECU,1300.0,2900.0,ECU,ECU,2500.0,3600.0,1791.30359685037,1.0,4.06365538,12910740.0,1.0,3000.0,12689206.0,11.0,16.373570081087152,7.491256997070538,3.2044580343431375,22.46191930129489
2002.0,ECU,1400.0,2900.0,ECU,ECU,2500.0,3500.0,2059.1585535974,1.0,4.81404829,13138472.0,1.0,2900.0,12910740.0,12.0,16.391055278109818,7.630538226587489,3.1553786515283377,22.072581956257928
2003.0,ECU,1500.0,2800.0,ECU,ECU,2500.0,3400.0,2315.62215223014,1.0,5.79232407,13372306.0,1.0,2900.0,13138472.0,13.0,16.40869640989775,7.747865434841432,3.1386449842699524,20.93879694347407
2004.0,ECU,1600.0,2800.0,ECU,ECU,2400.0,3300.0,2586.20914663347,3.0,5.88152218,13608701.0,1.0,2800.0,13372306.0,14.0,16.426219925546448,7.858335024157297,3.0882566194090124,20.575071786792876
2005.0,ECU,1600.0,2700.0,ECU,ECU,2400.0,3200.0,2909.02606014388,4.0,5.85904884,13846163.0,1.0,2800.0,13608701.0,15.0,16.443518712503842,7.975917315501343,3.0715385642776467,19.499987108341855
2006.0,ECU,1700.0,2700.0,ECU,ECU,2400.0,3200.0,3243.67010359339,6.0,5.93617773,14086131.0,3.0,2700.0,13846163.0,16.0,16.460701254258446,8.084768960978908,3.0204242572827917,19.167789934652745
2007.0,ECU,1600.0,2700.0,ECU,ECU,2400.0,3200.0,3478.92488770671,9.0,5.55722475,14328773.0,4.0,2700.0,14086131.0,17.0,16.477780171574512,8.154765988543257,3.0040867740565202,18.843204508857806
2008.0,ECU,1500.0,2800.0,ECU,ECU,2300.0,3200.0,4194.75750661981,12.0,5.52174902,14575202.0,6.0,2700.0,14328773.0,18.0,16.49483214945299,8.341829176287519,2.987861606397725,19.210711453604553
2009.0,ECU,1300.0,2700.0,ECU,ECU,2300.0,3200.0,4053.36331139298,16.0,6.03388453,14825954.0,9.0,2800.0,14575202.0,19.0,16.511889851536495,8.307548941001667,3.006212733844138,18.21130700931623
2010.0,ECU,1200.0,2700.0,ECU,ECU,2300.0,3300.0,4520.30959039763,20.0,6.34925699,15076695.0,12.0,2700.0,14825954.0,20.0,16.528660732067813,8.41655696325081,2.9554990124314346,17.908434176057817
2011.0,ECU,1200.0,2700.0,ECU,ECU,2300.0,3200.0,5153.6916424375,24.0,6.60509682,15326227.0,16.0,2700.0,15076695.0,21.0,16.545076101834354,8.547662577482019,2.9396080752259444,17.616860300972967
2012.0,ECU,1200.0,2600.0,ECU,ECU,2200.0,3100.0,5634.08393191094,25.0,6.87859821,15572194.0,20.0,2700.0,15326227.0,22.0,16.560997445893292,8.636767321112009,2.924067637919578,16.696426977470228
2013.0,ECU,1300.0,2500.0,ECU,ECU,2100.0,3100.0,6109.29031510341,28.0,6.77866411,15807128.0,24.0,2600.0,15572194.0,23.0,16.57597153550499,8.717729565783726,2.8733627535225166,15.815649749910293
2014.0,ECU,1300.0,2500.0,ECU,ECU,2000.0,3000.0,6405.79979300441,31.0,6.76601839,16035124.0,25.0,2500.0,15807128.0,24.0,16.590292124163373,8.765115172985407,2.8223099855346114,15.590774352602448
2015.0,ECU,1200.0,2300.0,ECU,ECU,1900.0,2900.0,5976.1596805651,38.0,7.76786041,16266225.0,28.0,2500.0,16035124.0,25.0,16.60460143014731,8.695700764305622,2.8088467789781952,14.139728179095028
1990.0,EGY,500.0,1100.0,EGY,EGY,660.0,2100.0,735.982935028025,0.0,4.92244291,58396618.0,,,,0.0,17.882768535162647,6.60256473727815,,1.8836707290137933
1991.0,EGY,500.0,1200.0,EGY,EGY,740.0,2200.0,622.829605007867,0.0,4.92244291,60028997.0,,1100.0,58396618.0,1.0,17.91033828677593,6.435877262181679,1.0590640412727927,1.999033900233249
1992.0,EGY,500.0,1300.0,EGY,EGY,770.0,2200.0,680.79923864551,0.0,4.92244291,61480660.0,0.0,1200.0,60028997.0,2.0,17.934233211775485,6.524735243020149,1.0982902035486823,2.114486083916471
1993.0,EGY,500.0,1300.0,EGY,EGY,830.0,2100.0,740.334217356418,0.0,4.92244291,62915681.0,0.0,1300.0,61480660.0,3.0,17.957305991077416,6.608451559178834,1.136064157542335,2.066257536018723
1994.0,EGY,500.0,1400.0,EGY,EGY,930.0,2100.0,807.303537230487,0.0,4.92244291,64285589.0,0.0,1300.0,62915681.0,4.0,17.97884604278254,6.694937652865924,1.1204577743188824,2.177782022032963
1995.0,EGY,570.0,1500.0,EGY,EGY,1000.0,2100.0,916.326617700876,0.0,4.92244291,65652622.0,0.0,1400.0,64285589.0,5.0,17.999888096986368,6.8214635895380615,1.1561834760934742,2.284752618105641
1996.0,EGY,650.0,1500.0,EGY,EGY,1100.0,2000.0,1008.97637629447,0.0,4.92244291,67028048.0,0.0,1500.0,65652622.0,6.0,18.020621716621132,6.917682219754304,1.1892913425881535,2.2378691380062268
1997.0,EGY,720.0,1500.0,EGY,EGY,1100.0,2100.0,1146.20172117634,0.0,4.92244291,68431740.0,0.0,1500.0,67028048.0,7.0,18.041347310049513,7.045080970172282,1.1749154399873143,2.1919653073266883
1998.0,EGY,800.0,1500.0,EGY,EGY,1200.0,2000.0,1212.82259820477,0.0,4.92244291,69943294.0,0.0,1500.0,68431740.0,8.0,18.063195386002604,7.101529830961821,1.1606368108965084,2.144594448182552
1999.0,EGY,870.0,1600.0,EGY,EGY,1200.0,2100.0,1268.30949160496,0.0,4.92244291,71520954.0,0.0,1500.0,69943294.0,9.0,18.085501027666744,7.146228324192502,1.1456849305441648,2.237106624724273
2000.0,EGY,940.0,1600.0,EGY,EGY,1300.0,2100.0,1366.09274372613,0.0,4.92244291,73083284.0,0.0,1600.0,71520954.0,10.0,18.107110225519722,7.220441679138132,1.1746799137665467,2.1892831197897458
2001.0,EGY,1000.0,1700.0,EGY,EGY,1300.0,2200.0,1295.1374184163,0.0,5.40030336,74652029.0,0.0,1600.0,73083284.0,11.0,18.128348261754244,7.167143904019774,1.1597961642031434,2.277232143281732
2002.0,EGY,1100.0,1700.0,EGY,EGY,1400.0,2200.0,1116.82884626213,0.0,5.5107379,76239137.0,0.0,1700.0,74652029.0,12.0,18.14938549772884,7.01914355278472,1.186999207391253,2.22982587014331
2003.0,EGY,1100.0,1800.0,EGY,EGY,1400.0,2400.0,1031.27556291284,0.0,5.2242527,77853548.0,0.0,1700.0,76239137.0,13.0,18.17034003002916,6.939520928724855,1.1724282256090097,2.312033357811772
2004.0,EGY,1200.0,1900.0,EGY,EGY,1500.0,2600.0,991.255689145253,0.0,4.85732365,79477443.0,0.0,1800.0,77853548.0,14.0,18.19098380351487,6.89998082522724,1.1975623082753644,2.3906154102114234
2005.0,EGY,1200.0,2000.0,EGY,EGY,1600.0,2700.0,1105.53920713903,0.0,4.92229176,81101004.0,0.0,1900.0,79477443.0,15.0,18.211205898787064,7.008992592337398,1.2210114418520466,2.4660607160917514
2006.0,EGY,1300.0,2000.0,EGY,EGY,1500.0,2800.0,1298.97900203124,1.0,4.84190083,82700403.0,0.0,2000.0,81101004.0,16.0,18.230735033017112,7.170103391035517,1.2430187087659927,2.4183679008190566
2007.0,EGY,1300.0,2100.0,EGY,EGY,1600.0,2900.0,1547.74170735909,1.0,4.44493246,84276225.0,0.0,2000.0,82700403.0,17.0,18.249610354724826,7.345198078520036,1.2291632151851308,2.491805963069656
2008.0,EGY,1300.0,2300.0,EGY,EGY,1700.0,3200.0,1896.21594269779,2.0,4.46634817,85864789.0,1.0,2100.0,84276225.0,18.0,18.268284396051246,7.54814279724547,1.2504190703022455,2.678630002805923
2009.0,EGY,1400.0,2300.0,EGY,EGY,1700.0,3300.0,2161.63964573927,2.0,4.37870932,87501636.0,1.0,2300.0,85864789.0,19.0,18.28716804829591,7.679084812785493,1.302540401020533,2.628522282714805
2010.0,EGY,1400.0,2400.0,EGY,EGY,1800.0,3400.0,2455.08194645282,3.0,4.15319157,89196072.0,2.0,2300.0,87501636.0,20.0,18.30634756070619,7.806322654529959,1.2888254807437398,2.690701447032331
2011.0,EGY,1400.0,2600.0,EGY,EGY,1900.0,3700.0,2590.64384891965,3.0,4.35707569,91093059.0,2.0,2400.0,89196072.0,21.0,18.327392168328604,7.860047644065191,1.3058165340335541,2.8542240523506845
2012.0,EGY,1500.0,2800.0,EGY,EGY,2000.0,3900.0,2996.0677072015,4.0,4.45891809,93161001.0,3.0,2600.0,91093059.0,22.0,18.349839747877603,8.0053896587203,1.349169703318146,3.005549500267821
2013.0,EGY,1600.0,3000.0,EGY,EGY,2200.0,4300.0,3025.52563552448,5.0,4.6710043,95333553.0,3.0,2800.0,93161001.0,23.0,18.372892384309168,8.01517058564924,1.3876807746712767,3.1468458959040375
2014.0,EGY,1600.0,3200.0,EGY,EGY,2300.0,4500.0,3133.39102265541,7.0,4.77415323,97528654.0,4.0,3000.0,95333553.0,24.0,18.395656779971183,8.050190183051225,1.4223480201937555,3.2810870126434843
2015.0,EGY,1600.0,3400.0,EGY,EGY,2500.0,4900.0,3306.98159414141,8.0,5.06153202,99597342.0,5.0,3200.0,97528654.0,25.0,18.41664603545174,8.10409349208379,1.454206952264238,3.413745720242213
1990.0,ERI,690.0,3800.0,ERI,ERI,2500.0,6100.0,265.240962963337,0.0,5.76670074,2032737.0,,,,0.0,14.5248937187723,5.584401774525856,,186.94007144062414
1991.0,ERI,850.0,4100.0,ERI,ERI,2800.0,6400.0,265.240962963337,0.0,5.76670074,1919571.0,,3800.0,2032737.0,1.0,14.467612281538088,5.584401774525856,5.236123143079483,213.58939054611682
1992.0,ERI,880.0,3600.0,ERI,ERI,2500.0,5300.0,265.240962963337,0.0,5.76670074,1798748.0,0.0,4100.0,1919571.0,2.0,14.402601425299844,5.584401774525856,5.368726390699169,200.13920793796572
1993.0,ERI,1000.0,3800.0,ERI,ERI,2600.0,5500.0,252.085777069472,0.0,5.76670074,1856006.0,0.0,3600.0,1798748.0,3.0,14.433937425081679,5.533728471066799,5.303997245144236,204.74071743302554
1994.0,ERI,1200.0,3600.0,ERI,ERI,2500.0,5000.0,277.801423620334,0.0,5.76670074,1913915.0,0.0,3800.0,1856006.0,4.0,14.464661440395526,5.630499785115563,5.32661672278257,188.09612757097364
1995.0,ERI,1400.0,3500.0,ERI,ERI,2600.0,4800.0,285.402184008331,0.0,5.76670074,2025267.0,0.0,3600.0,1913915.0,5.0,14.521212101682938,5.657397060784827,5.242255497247293,172.81671996828072
1996.0,ERI,1700.0,2900.0,ERI,ERI,2200.0,4000.0,325.838705371605,0.0,5.76670074,2128464.0,0.0,3500.0,2025267.0,6.0,14.570911150788074,5.789466793462293,5.158001410553283,136.24848717197003
1997.0,ERI,1800.0,3300.0,ERI,ERI,2500.0,4300.0,318.980960831984,0.0,5.76670074,2152135.0,0.0,2900.0,2128464.0,7.0,14.581970930638228,5.768261496623682,4.921793057902445,153.33610577403368
1998.0,ERI,1900.0,2900.0,ERI,ERI,2200.0,3700.0,341.91736400208,0.0,5.76670074,2180419.0,0.0,3300.0,2152135.0,8.0,14.595027618131727,5.837489496863013,5.039132729235394,133.00195971508228
1999.0,ERI,2000.0,2500.0,ERI,ERI,2000.0,3400.0,311.336209255125,0.0,5.76670074,2212780.0,0.0,2900.0,2180419.0,9.0,14.609760201529298,5.744080201388512,4.897854424583391,112.98005224197615
2000.0,ERI,2100.0,2200.0,ERI,ERI,1700.0,3000.0,314.357396753501,0.0,5.76670074,2247031.0,0.0,2500.0,2212780.0,10.0,14.625120347244975,5.753706588529842,4.736023452750108,97.90697146590323
2001.0,ERI,2100.0,1800.0,ERI,ERI,1300.0,2500.0,325.409161513593,0.0,5.91931677,2312079.0,0.0,2200.0,2247031.0,11.0,14.653657677740812,5.788151691058767,4.594179726193937,77.85201111207705
2002.0,ERI,2300.0,1500.0,ERI,ERI,960.0,2100.0,304.775756465092,0.0,6.68857431,2392978.0,0.0,1800.0,2312079.0,12.0,14.688049173367263,5.722852011297575,4.3675728186269325,62.6834011846327
2003.0,ERI,2300.0,1400.0,ERI,ERI,900.0,2000.0,348.950327077742,0.0,7.33703375,2493903.0,0.0,1500.0,2392978.0,13.0,14.729359511121727,5.857791221776466,4.153923950672533,56.13690668803076
2004.0,ERI,2400.0,1100.0,ERI,ERI,570.0,1600.0,426.840947887032,0.0,7.00984907,2598284.0,0.0,1400.0,2493903.0,14.0,14.770361785095831,6.058751509428682,4.045450259670994,42.33563382601748
2005.0,ERI,2300.0,890.0,ERI,ERI,500.0,1400.0,412.753079199423,2.0,6.8641758,2661215.0,0.0,1100.0,2598284.0,15.0,14.794293343388922,6.025269368837412,3.76897524867105,33.44337079116118
2006.0,ERI,2000.0,800.0,ERI,ERI,500.0,1300.0,447.997404727201,5.0,6.85727453,2703502.0,0.0,890.0,2661215.0,16.0,14.810058527585687,6.107017107607957,3.5393165490779683,29.591248684114163
2007.0,ERI,1600.0,680.0,ERI,ERI,500.0,1200.0,480.44762365456,10.0,5.2786293,2743222.0,2.0,800.0,2703502.0,17.0,14.824643699929544,6.176797447864702,3.420713977339968,24.788369297125787
2008.0,ERI,1400.0,590.0,ERI,ERI,500.0,1100.0,490.066956003333,15.0,6.57807541,2816327.0,5.0,680.0,2743222.0,18.0,14.850944111677505,6.196580485103007,3.24992358784862,20.94927187077353
2009.0,ERI,1200.0,500.0,ERI,ERI,500.0,840.0,642.92572288007,20.0,5.42343187,2887885.0,10.0,590.0,2816327.0,19.0,14.87603495825742,6.4675833823097655,3.088733966796645,17.31370882150778
2010.0,ERI,1000.0,500.0,ERI,ERI,500.0,740.0,539.699512069686,26.0,4.81866503,2945186.0,15.0,500.0,2887885.0,20.0,14.895682530968186,6.292863693982681,2.907649895329474,16.976856470185584
2011.0,ERI,920.0,500.0,ERI,ERI,200.0,690.0,688.68165957684,32.0,5.1622901,2998485.0,20.0,500.0,2945186.0,21.0,14.913617719076939,6.536230128198565,2.8890851789519467,16.675087585897543
2012.0,ERI,800.0,500.0,ERI,ERI,200.0,780.0,688.68165957684,38.0,3.74245787,3036988.0,26.0,500.0,2998485.0,22.0,14.92637679275238,6.536230128198565,2.872156167125241,16.46368046235283
2013.0,ERI,670.0,500.0,ERI,ERI,200.0,620.0,688.68165957684,45.0,4.96813059,3074360.0,32.0,500.0,3036988.0,23.0,14.938607307479383,6.536230128198565,2.860123322146722,16.263547535096738
2014.0,ERI,570.0,500.0,ERI,ERI,200.0,680.0,688.68165957684,52.0,3.91432381,3095173.0,38.0,500.0,3074360.0,24.0,14.945354359146108,6.536230128198565,2.848597199593594,16.154185888801692
2015.0,ERI,500.0,500.0,ERI,ERI,200.0,600.0,688.68165957684,59.0,4.50776815,3105546.0,45.0,500.0,3095173.0,25.0,14.948700103301352,6.536230128198565,2.8422422189792425,16.100228430040964
1990.0,ESP,2000.0,15000.0,ESP,ESP,12000.0,17000.0,13795.0159385128,26.0,6.80217838,38867322.0,,,,0.0,17.475664404133877,9.532135129355629,,38.59283127353102
1991.0,ESP,2700.0,13000.0,ESP,ESP,11000.0,15000.0,14801.3226152172,26.0,6.80217838,38966376.0,,15000.0,38867322.0,1.0,17.478209678379386,9.60253938090006,3.6786480734266216,33.362096593226944
1992.0,ESP,3500.0,12000.0,ESP,ESP,9700.0,13000.0,16100.6799428032,26.0,6.80217838,39157685.0,26.0,13000.0,38966376.0,2.0,17.483107257433787,9.68667888980256,3.5369541136836955,30.64532543228743
1993.0,ESP,4200.0,9700.0,ESP,ESP,8000.0,11000.0,13330.3798192211,26.0,6.80217838,39361262.0,26.0,12000.0,39157685.0,3.0,17.48829269264245,9.497875920135387,3.454590442019782,24.643518797745866
1994.0,ESP,5000.0,8000.0,ESP,ESP,6600.0,9100.0,13405.704414883,26.0,6.80217838,39549108.0,26.0,9700.0,39361262.0,4.0,17.493053698194142,9.503510190284828,3.244290861237747,20.228016267775242
1995.0,ESP,5800.0,6600.0,ESP,ESP,5400.0,7600.0,15460.9110266653,26.0,6.80217838,39724050.0,26.0,8000.0,39549108.0,5.0,17.49746735568952,9.64613492554135,3.055321831301102,16.614620110487223
1996.0,ESP,5100.0,5500.0,ESP,ESP,4500.0,6300.0,16100.6215831114,26.0,6.80217838,39889852.0,26.0,6600.0,39724050.0,6.0,17.501632513671648,9.686675265348605,2.868729245309566,13.787967927281354
1997.0,ESP,3800.0,4700.0,ESP,ESP,3900.0,5400.0,14722.3717633536,26.0,6.80217838,40057389.0,26.0,5500.0,39889852.0,7.0,17.505823708843668,9.597191426063063,2.6938138722379352,11.733166133219516
1998.0,ESP,3200.0,4200.0,ESP,ESP,3400.0,4700.0,15382.3348573373,26.0,6.80217838,40223509.0,26.0,4700.0,40057389.0,8.0,17.50996218365481,9.641040050331398,2.544210095959218,10.44165490385237
1999.0,ESP,2800.0,3800.0,ESP,ESP,3100.0,4300.0,15707.9473068138,26.0,6.80217838,40386875.0,26.0,4200.0,40223509.0,9.0,17.514015413910037,9.661985721163282,2.4372606349171404,9.408997353719494
2000.0,ESP,2600.0,3600.0,ESP,ESP,2900.0,3900.0,14743.2671031455,26.0,6.80217838,40567864.0,26.0,3800.0,40386875.0,10.0,17.518486784055394,9.598609615242639,2.3426705623032573,8.874019100438712
2001.0,ESP,2400.0,3400.0,ESP,ESP,2800.0,3800.0,15368.2337984435,31.0,6.76929569,40850412.0,26.0,3600.0,40567864.0,11.0,17.52542746489874,9.640122984830958,2.2899069742523324,8.323049471324794
2002.0,ESP,2200.0,3300.0,ESP,ESP,2700.0,3700.0,17111.0685058941,35.0,6.79878616,41431558.0,26.0,3400.0,40850412.0,12.0,17.53955341894632,9.747539254137473,2.232489771674477,7.964943051381268
2003.0,ESP,2100.0,3300.0,ESP,ESP,2700.0,3700.0,21522.0170990262,39.0,7.59223175,42187645.0,31.0,3300.0,41431558.0,13.0,17.557637963628153,9.976878204217527,2.1933217547091197,7.8221953370471375
2004.0,ESP,2100.0,3300.0,ESP,ESP,2700.0,3700.0,24925.0267844576,43.0,7.68447876,42921895.0,35.0,3300.0,42187645.0,14.0,17.574892626662635,10.123667788944744,2.1772707434742453,7.688383749133164
2005.0,ESP,2000.0,3400.0,ESP,ESP,2800.0,3800.0,26450.9530130382,47.0,7.77807474,43653155.0,39.0,3300.0,42921895.0,15.0,17.59178611713384,10.183085272482609,2.1619869322360445,7.788669570389585
2006.0,ESP,1900.0,3400.0,ESP,ESP,2800.0,3800.0,28421.686527407,50.0,7.87072468,44397319.0,43.0,3400.0,43653155.0,16.0,17.60868964269645,10.254942926648875,2.173463343061635,7.658120077025371
2007.0,ESP,1700.0,3500.0,ESP,ESP,2900.0,3900.0,32652.015594702,53.0,7.96241188,45226803.0,47.0,3400.0,44397319.0,17.0,17.62720045578097,10.393692491686155,2.1584976178339157,7.738773841697367
2008.0,ESP,1600.0,3500.0,ESP,ESP,2900.0,3900.0,35603.248328071,57.0,8.4290638,45954106.0,50.0,3500.0,45226803.0,18.0,17.643153760771607,10.480220244778435,2.167769887113529,7.616294395978457
2009.0,ESP,1400.0,3500.0,ESP,ESP,2900.0,4000.0,32279.8208476151,60.0,9.1530304,46362946.0,53.0,3500.0,45954106.0,19.0,17.65201112057734,10.382228551044932,2.1536551077915336,7.549132015899076
2010.0,ESP,1100.0,3500.0,ESP,ESP,2900.0,4000.0,30658.7422282912,65.0,9.16992569,46576897.0,57.0,3500.0,46362946.0,20.0,17.65661520362785,10.330705744963561,2.145829759187011,7.514455074154038
2011.0,ESP,990.0,3500.0,ESP,ESP,2800.0,3900.0,31824.6219134777,66.0,9.21749687,46742697.0,60.0,3500.0,46576897.0,21.0,17.660168587592565,10.368026964899329,2.1417653160778647,7.487800714622863
2012.0,ESP,970.0,3500.0,ESP,ESP,2800.0,3900.0,28456.4438151477,69.0,9.2189045,46773055.0,65.0,3500.0,46742697.0,22.0,17.66081784721818,10.256165050854902,2.1386299225514755,7.482940765789192
2013.0,ESP,860.0,3400.0,ESP,ESP,2700.0,3900.0,29228.846559842,71.0,9.13714981,46604197.0,66.0,3500.0,46773055.0,23.0,17.657201159418005,10.282945608684807,2.138057178105143,7.295480276164827
2014.0,ESP,820.0,3400.0,ESP,ESP,2600.0,3800.0,29707.765509467,73.0,9.1512289,46460733.0,69.0,3400.0,46604197.0,24.0,17.654118062194566,10.299197416245914,2.115710821443673,7.318007660361277
2015.0,ESP,760.0,3300.0,ESP,ESP,2500.0,3800.0,25982.4416197775,75.0,9.17553329,46422303.0,71.0,3400.0,46460733.0,25.0,17.653290569816026,10.165214753343863,2.118422762258175,7.108652063211943
1990.0,EST,100.0,100.0,EST,EST,100.0,100.0,2685.90889287357,13.0,5.17029095,1569174.0,,,,0.0,14.266059924227935,7.896146701406324,,6.372779564280315
1991.0,EST,100.0,100.0,EST,EST,100.0,100.0,2685.90889287357,13.0,5.17029095,1561314.0,,100.0,1569174.0,1.0,14.261038332375978,7.896146701406324,1.9977947808636087,6.404861546107958
1992.0,EST,100.0,100.0,EST,EST,100.0,100.0,2685.90889287357,13.0,5.17029095,1533091.0,13.0,100.0,1561314.0,2.0,14.242796516822766,7.896146701406324,2.0021367501928995,6.522770011695327
1993.0,EST,100.0,100.0,EST,EST,100.0,100.0,2685.90889287357,13.0,5.17029095,1494128.0,13.0,100.0,1533091.0,3.0,14.217053317042401,7.896146701406324,2.017934422755637,6.692867010055364
1994.0,EST,100.0,100.0,EST,EST,100.0,100.0,2819.12612100926,13.0,5.17029095,1462514.0,13.0,100.0,1494128.0,4.0,14.195667430691904,7.94453688669423,2.040293537190413,6.837541384219228
1995.0,EST,100.0,100.0,EST,EST,100.0,100.0,3134.38975345407,13.0,5.17029095,1436634.0,13.0,100.0,1462514.0,5.0,14.177813435334286,8.05050876861036,2.0589251862282536,6.96071511602816
1996.0,EST,100.0,100.0,EST,EST,100.0,100.0,3380.92630243199,13.0,5.17029095,1415594.0,13.0,100.0,1436634.0,6.0,14.163059788959016,8.126200738101046,2.0745188345180425,7.064172354502774
1997.0,EST,100.0,100.0,EST,EST,100.0,100.0,3682.95230146695,13.0,5.17029095,1399535.0,13.0,100.0,1415594.0,7.0,14.151650596556689,8.211741449806837,2.0874310844268433,7.1452303800905295
1998.0,EST,100.0,100.0,EST,EST,100.0,100.0,4093.39247738765,13.0,5.17029095,1386156.0,13.0,100.0,1399535.0,8.0,14.1420450065108,8.317373628110863,2.097432526502438,7.214195227665574
1999.0,EST,100.0,100.0,EST,EST,100.0,100.0,4140.93660232167,13.0,5.17029095,1390244.0,13.0,100.0,1386156.0,9.0,14.144989829269953,8.328918735783748,2.1058637829248656,7.1929819513696875
2000.0,EST,100.0,200.0,EST,EST,100.0,500.0,4070.60902410208,13.0,5.17029095,1396985.0,13.0,100.0,1390244.0,10.0,14.149826900887252,8.311793537928533,2.1032779282242213,14.316545990114424
2001.0,EST,100.0,1000.0,EST,EST,860.0,1200.0,4502.66614992392,3.0,4.78399181,1388115.0,13.0,200.0,1396985.0,11.0,14.1434572696427,8.412647044053612,2.7289336813287353,72.04014076643506
2002.0,EST,100.0,910.0,EST,EST,770.0,1000.0,5343.18310760735,2.0,4.70192671,1379350.0,13.0,1000.0,1388115.0,12.0,14.137122931678464,8.583763978777561,4.291009163536157,65.9731032732809
2003.0,EST,100.0,790.0,EST,EST,680.0,900.0,7205.40703313243,2.0,5.13748884,1370720.0,3.0,910.0,1379350.0,13.0,14.13084670719787,8.882725775021218,4.204291095108505,57.63394420450566
2004.0,EST,100.0,680.0,EST,EST,580.0,760.0,8916.0728274602,3.0,5.33641052,1362550.0,2.0,790.0,1370720.0,14.0,14.124868502093916,9.09572301336184,4.0713137815175315,49.906425452276984
2005.0,EST,100.0,580.0,EST,EST,500.0,640.0,10414.6381183565,7.0,5.29434633,1354775.0,2.0,680.0,1362550.0,15.0,14.119145946847318,9.251063620983484,3.9299891523727224,42.81153697108376
2006.0,EST,100.0,500.0,EST,EST,500.0,550.0,12641.4800976473,11.0,4.97308683,1346810.0,3.0,580.0,1354775.0,16.0,14.113249391248916,9.44481785871104,3.7798971838646995,37.12476147340753
2007.0,EST,100.0,500.0,EST,EST,500.0,500.0,16745.4308011148,16.0,5.18429422,1340680.0,7.0,500.0,1346810.0,17.0,14.108687505898017,9.72594042804645,3.6408639784727916,37.294507264970015
2008.0,EST,100.0,500.0,EST,EST,500.0,500.0,18205.9064113446,20.0,5.95694113,1337090.0,11.0,500.0,1340680.0,18.0,14.106006168702605,9.809556274233962,3.6453064724546507,37.39464060010919
2009.0,EST,100.0,500.0,EST,EST,500.0,500.0,14712.4494217916,26.0,6.84443808,1334515.0,16.0,500.0,1337090.0,19.0,14.104078487928401,9.596517281129046,3.6479178821477127,37.46679505288438
2010.0,EST,100.0,500.0,EST,EST,500.0,500.0,14663.7041018705,34.0,6.59404182,1331475.0,20.0,500.0,1334515.0,20.0,14.101797908243109,9.593198804042665,3.6497954029969675,37.55233857188456
2011.0,EST,100.0,500.0,EST,EST,200.0,500.0,17555.5455239426,40.0,6.05471659,1327439.0,26.0,500.0,1331475.0,21.0,14.098762080006669,9.77318212368732,3.6520167615127015,37.66651424283903
2012.0,EST,100.0,200.0,EST,EST,200.0,500.0,17568.2137969714,45.0,6.03782082,1322696.0,34.0,500.0,1327439.0,22.0,14.09518263589223,9.773903433280221,3.6549739604349427,15.120632405329719
2013.0,EST,100.0,200.0,EST,EST,200.0,200.0,19310.3874900757,47.0,6.19788504,1317997.0,40.0,200.0,1322696.0,23.0,14.091623717865975,9.868450226288957,2.7800999674088214,15.174541368455314
2014.0,EST,100.0,200.0,EST,EST,200.0,200.0,20581.7898991695,52.0,6.26286125,1314545.0,45.0,200.0,1317997.0,24.0,14.089001156114996,9.932210563813802,2.7834384856390875,15.214389769844319
2015.0,EST,100.0,200.0,EST,EST,100.0,200.0,17722.1557669523,60.0,6.52138662,1315407.0,47.0,200.0,1314545.0,25.0,14.089656681410414,9.782627298988604,2.78589910536899,15.204419620695344
1990.0,ETH,20000.0,140000.0,ETH,ETH,79000.0,280000.0,262.108971053707,0.0,4.36504698,47609755.0,,,,0.0,17.678548235179726,5.572568284970478,,294.0573838281672
1991.0,ETH,26000.0,150000.0,ETH,ETH,86000.0,300000.0,277.565910365091,0.0,4.36504698,49717198.0,,140000.0,47609755.0,1.0,17.721861467427438,5.629654693360452,5.687169858874389,301.70646382766785
1992.0,ETH,33000.0,150000.0,ETH,ETH,83000.0,290000.0,207.406400863847,0.0,4.36504698,51853747.0,0.0,150000.0,49717198.0,2.0,17.7639377561811,5.33949002372542,5.712763569706744,289.2751414859181
1993.0,ETH,40000.0,140000.0,ETH,ETH,78000.0,270000.0,168.520401400989,0.0,4.36504698,53708891.0,0.0,150000.0,51853747.0,3.0,17.799089113744433,5.132973281825273,5.670829236933218,260.6644773208965
1994.0,ETH,47000.0,120000.0,ETH,ETH,69000.0,240000.0,127.685923459033,0.0,4.36504698,55611508.0,0.0,140000.0,53708891.0,4.0,17.833900716221,4.8573747337875295,5.567063062152785,215.7826757727915
1995.0,ETH,53000.0,110000.0,ETH,ETH,61000.0,210000.0,136.523619088963,0.0,4.36504698,57537335.0,0.0,120000.0,55611508.0,5.0,17.867944599408542,4.923795677547415,5.378895357575526,191.18021368212484
1996.0,ETH,60000.0,93000.0,ETH,ETH,53000.0,190000.0,147.327458851964,0.0,4.36504698,59467635.0,0.0,110000.0,57537335.0,6.0,17.900942772941782,4.999422389468715,5.258433544733845,156.3875879711712
1997.0,ETH,65000.0,84000.0,ETH,ETH,48000.0,170000.0,143.369531498844,0.0,4.36504698,61404539.0,0.0,93000.0,59467635.0,7.0,17.93299431546648,4.97237620349442,5.058711476274029,136.79770480810873
1998.0,ETH,70000.0,76000.0,ETH,ETH,43000.0,150000.0,126.465095781244,0.0,4.36504698,63363524.0,0.0,84000.0,61404539.0,8.0,17.964398922610652,4.8478425685412825,4.9257867024764685,119.94282388713103
1999.0,ETH,73000.0,69000.0,ETH,ETH,40000.0,140000.0,120.734631499865,0.0,4.36504698,65374561.0,0.0,76000.0,63363524.0,9.0,17.99564376522165,4.8018435240144495,4.795317904060904,105.5456418284782
2000.0,ETH,75000.0,59000.0,ETH,ETH,34000.0,120000.0,122.269202606069,0.0,4.36504698,67411494.0,0.0,69000.0,65374561.0,10.0,18.026326095467873,4.814370602864555,4.6685734551128615,87.5221664720856
2001.0,ETH,76000.0,54000.0,ETH,ETH,31000.0,110000.0,118.457204255261,0.0,4.72316694,69487762.0,0.0,59000.0,67411494.0,11.0,18.05666120869907,4.782958183843133,4.483252989262994,77.71152566404427
2002.0,ETH,76000.0,50000.0,ETH,ETH,28000.0,99000.0,109.593813612988,0.0,4.7126298,71635517.0,0.0,54000.0,69487762.0,12.0,18.087101556426024,4.705864152740716,4.365789595323692,69.79777922172322
2003.0,ETH,75000.0,46000.0,ETH,ETH,26000.0,91000.0,116.800491132777,0.0,4.89970922,73832663.0,0.0,50000.0,71635517.0,13.0,18.117311779733367,4.768992440417429,4.259827633282908,62.303048719778666
2004.0,ETH,73000.0,41000.0,ETH,ETH,23000.0,82000.0,133.169812538096,1.0,4.31281853,76077206.0,0.0,46000.0,73832663.0,14.0,18.147259251026522,4.899106255404535,4.147933491020008,53.892620609647516
2005.0,ETH,68000.0,38000.0,ETH,ETH,22000.0,75000.0,158.243458082465,3.0,4.10098124,78367470.0,0.0,41000.0,76077206.0,15.0,18.176919475746686,5.070434214063524,4.005378924356145,48.48950718965408
2006.0,ETH,60000.0,34000.0,ETH,ETH,20000.0,69000.0,189.345737521418,7.0,4.45757294,80703490.0,1.0,38000.0,78367470.0,16.0,18.206292378897388,5.2488420897299655,3.9017606711379798,42.12952872298335
2007.0,ETH,49000.0,32000.0,ETH,ETH,18000.0,64000.0,237.146255996319,13.0,5.00128317,83103217.0,3.0,34000.0,80703490.0,17.0,18.235593971471076,5.472885005923706,3.7642078837042345,38.50633122903052
2008.0,ETH,39000.0,30000.0,ETH,ETH,17000.0,60000.0,316.410475118075,20.0,4.28063869,85543668.0,7.0,32000.0,83103217.0,18.0,18.264537540367424,5.760195810440211,3.6764609433421773,35.06980785532834
2009.0,ETH,32000.0,27000.0,ETH,ETH,16000.0,55000.0,368.574712267445,27.0,4.6496563,88007636.0,13.0,30000.0,85543668.0,19.0,18.29293414140522,5.9123529182370165,3.5854561679073123,30.679156067775754
2010.0,ETH,27000.0,26000.0,ETH,ETH,15000.0,51000.0,330.619412798644,33.0,5.46637249,90538514.0,20.0,27000.0,88007636.0,20.0,18.321285887202098,5.803987964366165,3.4556589273166383,28.71706067541599
2011.0,ETH,22000.0,23000.0,ETH,ETH,13000.0,47000.0,343.024942351887,40.0,4.46897745,93149970.0,27.0,26000.0,90538514.0,21.0,18.34972133295063,5.8407141615817855,3.3917213144005673,24.69136597682211
2012.0,ETH,19000.0,21000.0,ETH,ETH,12000.0,41000.0,452.101031885754,44.0,4.5395956,95798767.0,33.0,23000.0,93149970.0,22.0,18.37776037229459,6.116115129061261,3.24615498124666,21.92095019344038
2013.0,ETH,17000.0,18000.0,ETH,ETH,11000.0,37000.0,484.039833104062,48.0,4.07506514,98438751.0,40.0,21000.0,95798767.0,23.0,18.4049450954749,6.184231017676458,3.1320513479436096,18.28548190336141
2014.0,ETH,17000.0,17000.0,ETH,ETH,9700.0,34000.0,549.986577082588,56.0,4.03365517,101115610.0,44.0,18000.0,98438751.0,24.0,18.431775073654595,6.311710447844543,2.9593525798551865,16.812438752038386
2015.0,ETH,16000.0,14000.0,ETH,ETH,8300.0,29000.0,597.912113218663,60.0,3.82316828,103867135.0,48.0,17000.0,101115610.0,25.0,18.45862309226847,6.395114864844244,2.879897019540902,13.478758223185803
1990.0,FIN,,,FIN,FIN,,,28366.204276071,,7.09544373,4986431.0,,,,0.0,15.422230981367449,10.25298897786668,,
1991.0,FIN,,,FIN,FIN,,,25488.8450525604,,7.09544373,5013740.0,,,4986431.0,1.0,15.427692701549327,10.14603541859768,,
1992.0,FIN,,,FIN,FIN,,,22320.1124695857,,7.09544373,5041992.0,,,5013740.0,2.0,15.433311800056789,10.0132882570805,,
1993.0,FIN,,,FIN,FIN,,,17588.6781715509,,7.09544373,5066447.0,,,5041992.0,3.0,15.43815034094537,9.77506754146138,,
1994.0,FIN,,,FIN,FIN,,,20278.29109854,,7.09544373,5088333.0,,,5066447.0,4.0,15.442460829973669,9.917355501400861,,
1995.0,FIN,,,FIN,FIN,,,26246.2743214462,,7.09544373,5107790.0,,,5088333.0,5.0,15.44627738330824,10.175317427255026,,
1996.0,FIN,,,FIN,FIN,,,25756.6777073618,,7.09544373,5124573.0,,,5107790.0,6.0,15.449557762444515,10.156488025042703,,
1997.0,FIN,,,FIN,FIN,,,24682.29083271,,7.09544373,5139835.0,,,5124573.0,7.0,15.45253153574878,10.113881809191511,,
1998.0,FIN,,,FIN,FIN,,,25999.9861694953,,7.09544373,5153498.0,,,5139835.0,8.0,15.455186265373142,10.165889745880284,,
1999.0,FIN,,,FIN,FIN,,,26180.4128562349,,7.09544373,5165474.0,,,5153498.0,9.0,15.457507427864332,10.172805005014405,,
2000.0,FIN,,,FIN,FIN,,,24335.9225082659,,7.09544373,5176209.0,,,5165474.0,10.0,15.459583493018465,10.099749920925008,,
2001.0,FIN,,,FIN,FIN,,,24965.202996776,,7.25165653,5188008.0,,,5176209.0,11.0,15.461860366437328,10.125278309107044,,
2002.0,FIN,,,FIN,FIN,,,26989.389260959,,7.63005877,5200598.0,,,5188008.0,12.0,15.464284176939662,10.203236128322239,,
2003.0,FIN,,,FIN,FIN,,,32920.0857192568,,7.93988276,5213014.0,,,5200598.0,13.0,15.466668749340345,10.401868634783515,,
2004.0,FIN,,,FIN,FIN,,,37768.1334202029,,8.05999184,5228172.0,,,5213014.0,14.0,15.469572252955532,10.53924747184263,,
2005.0,FIN,,,FIN,FIN,,,39049.8703780223,,8.28901291,5246096.0,,,5228172.0,15.0,15.4729947388984,10.57262044382923,,
2006.0,FIN,,,FIN,FIN,,,41214.0187765069,,8.2858429,5266268.0,,,5246096.0,16.0,15.476832510261453,10.626558002321818,,
2007.0,FIN,,,FIN,FIN,,,48473.0240091455,,8.08415604,5288720.0,,,5266268.0,17.0,15.481086808582457,10.78878334600709,,
2008.0,FIN,,,FIN,FIN,,,53769.4726240385,,8.34362221,5313399.0,,,5288720.0,18.0,15.485742301427535,10.892479759499862,,
2009.0,FIN,,,FIN,FIN,,,47478.3495310999,,9.16182804,5338871.0,,,5313399.0,19.0,15.490524765362364,10.768050148779295,,
2010.0,FIN,,,FIN,FIN,,,46506.2919016566,,9.14183331,5363352.0,,,5338871.0,20.0,15.495099710717023,10.747364394370637,,
2011.0,FIN,,,FIN,FIN,,,51060.3242589767,,9.23903561,5388272.0,,,5363352.0,21.0,15.499735297792014,10.840782625809272,,
2012.0,FIN,,,FIN,FIN,,,47551.6740841369,,9.61732101,5413971.0,,,5388272.0,22.0,15.504493392658846,10.769593303703253,,
2013.0,FIN,,,FIN,FIN,,,49691.0145200739,,9.84504986,5438972.0,,,5413971.0,23.0,15.5091006303867,10.813599525534963,,
2014.0,FIN,,,FIN,FIN,,,50073.7760815871,,9.83066177,5461512.0,,,5438972.0,24.0,15.513236232461892,10.821272688863255,,
2015.0,FIN,,,FIN,FIN,,,42560.3456767103,,9.69998264,5479531.0,,,5461512.0,25.0,15.516530071320078,10.658701741859433,,
1990.0,FJI,100.0,100.0,FJI,FJI,100.0,100.0,1728.94076871199,0.0,3.42441177,773316.0,,,,0.0,13.558443040930086,7.4558424491669655,,12.931324322786546
1991.0,FJI,100.0,100.0,FJI,FJI,100.0,100.0,1774.99211138118,0.0,3.42441177,779656.0,,100.0,773316.0,1.0,13.566608075744337,7.482114481752374,2.6341398531067868,12.82616949013411
1992.0,FJI,100.0,100.0,FJI,FJI,100.0,100.0,1951.25592930351,0.0,3.42441177,785346.0,0.0,100.0,779656.0,2.0,13.573879663987691,7.576740869702219,2.6265631362454256,12.733241144667447
1993.0,FJI,100.0,100.0,FJI,FJI,100.0,100.0,2070.04734110195,0.0,3.42441177,790369.0,0.0,100.0,785346.0,3.0,13.580255203998872,7.635809720188859,2.619819254897907,12.652318094459675
1994.0,FJI,100.0,100.0,FJI,FJI,100.0,100.0,2297.18005884304,0.0,3.42441177,794771.0,0.0,100.0,790369.0,4.0,13.585809301827544,7.739872809927061,2.613909330982484,12.582240670583097
1995.0,FJI,100.0,100.0,FJI,FJI,100.0,100.0,2466.74347815903,0.0,3.42441177,798746.0,0.0,100.0,794771.0,5.0,13.590798276836617,7.811059440465624,2.6087631063537113,12.519624511421656
1996.0,FJI,100.0,100.0,FJI,FJI,100.0,100.0,2648.32766264,0.0,3.42441177,803789.0,0.0,100.0,798746.0,6.0,13.59709207590733,7.882061174578559,2.604142297405304,12.441075954012806
1997.0,FJI,100.0,100.0,FJI,FJI,100.0,100.0,2573.72338605678,0.0,3.42441177,812139.0,0.0,100.0,803789.0,7.0,13.607426786759813,7.853497384437014,2.598315387992828,12.313163140792401
1998.0,FJI,100.0,100.0,FJI,FJI,100.0,100.0,2010.49636073149,0.0,3.42441177,822258.0,0.0,100.0,812139.0,8.0,13.619809493405008,7.6066341821570305,2.5887532556218544,12.161632966781715
1999.0,FJI,100.0,100.0,FJI,FJI,100.0,100.0,2327.95720514091,0.0,3.42441177,831828.0,0.0,100.0,822258.0,9.0,13.631380967662365,7.753175894937038,2.577306003820898,12.021716027832678
2000.0,FJI,100.0,100.0,FJI,FJI,100.0,100.0,1995.72071163264,0.0,3.42441177,840909.0,0.0,100.0,831828.0,10.0,13.642238728582123,7.599261469670711,2.5666184274683586,11.891893177501965
2001.0,FJI,100.0,100.0,FJI,FJI,100.0,100.0,1944.997414609,0.0,2.90547299,849596.0,0.0,100.0,840909.0,11.0,13.6525162213608,7.573529934178264,2.556598677966486,11.770300236818441
2002.0,FJI,100.0,100.0,FJI,FJI,100.0,100.0,2136.56794118683,0.0,2.98349524,858049.0,0.0,100.0,849596.0,12.0,13.66241648639652,7.6674239856563355,2.547122180873661,11.654346080468597
2003.0,FJI,100.0,100.0,FJI,FJI,100.0,100.0,2655.58079586044,0.0,2.97298193,866286.0,0.0,100.0,858049.0,13.0,13.671970387064281,7.884795159831064,2.5380007198424512,11.543531812819323
2004.0,FJI,100.0,100.0,FJI,FJI,100.0,100.0,3097.19096651759,68.0,3.25768542,874366.0,0.0,100.0,866286.0,14.0,13.681254331282434,8.03857366094843,2.529205139316111,11.436858249291486
2005.0,FJI,100.0,100.0,FJI,FJI,100.0,100.0,3377.69126953493,84.0,3.25656676,882379.0,0.0,100.0,874366.0,15.0,13.6903769479075,8.125243715133976,2.5206645031065706,11.332998632107065
2006.0,FJI,100.0,100.0,FJI,FJI,100.0,100.0,3455.10599907349,81.0,3.34798193,890365.0,68.0,100.0,882379.0,16.0,13.699386769994785,8.14789780048181,2.5122784856706093,11.231348941164578
2007.0,FJI,100.0,100.0,FJI,FJI,100.0,100.0,3762.74692789299,73.0,3.41514993,897832.0,84.0,100.0,890365.0,17.0,13.707738247376895,8.233170263559938,2.504002241340739,11.137941173849896
2008.0,FJI,100.0,100.0,FJI,FJI,100.0,100.0,3899.92231512129,72.0,3.18467116,903399.0,81.0,100.0,897832.0,18.0,13.71391959527265,8.268968295214878,2.4963361809568623,11.069306031996936
2009.0,FJI,100.0,100.0,FJI,FJI,100.0,100.0,3164.13275408169,64.0,3.53587627,907239.0,73.0,100.0,903399.0,19.0,13.718161200449595,8.05995027811623,2.490665538178722,11.022453840718928
2010.0,FJI,100.0,100.0,FJI,FJI,100.0,100.0,3449.14452883369,58.0,3.41664124,910419.0,72.0,100.0,907239.0,20.0,13.721660212083705,8.146171401563505,2.486776054754444,10.983953542270097
2011.0,FJI,100.0,100.0,FJI,FJI,100.0,100.0,4139.60288609702,51.0,3.14293504,912989.0,64.0,100.0,910419.0,21.0,13.724479111311755,8.328596680878235,2.483568550120996,10.953034483438465
2012.0,FJI,100.0,100.0,FJI,FJI,100.0,200.0,4341.40338748749,62.0,3.2655499,914918.0,58.0,100.0,912989.0,22.0,13.726589722755433,8.376183249735927,2.480985177810821,10.929941262495655
2013.0,FJI,100.0,200.0,FJI,FJI,100.0,200.0,4572.44377544245,47.0,3.20040679,916352.0,51.0,100.0,914918.0,23.0,13.728155849315803,8.428021761469404,2.479051312585186,21.825673976812404
2014.0,FJI,100.0,200.0,FJI,FJI,100.0,200.0,5293.35676680464,41.0,3.36860466,917585.0,62.0,200.0,916352.0,24.0,13.72950049767153,8.574396771299284,3.1278859540543946,21.796345842619484
2015.0,FJI,100.0,200.0,FJI,FJI,200.0,500.0,5097.53106864695,32.0,3.32468939,918578.0,47.0,200.0,917585.0,25.0,13.730582101098685,8.536707751469534,3.1266002530552277,21.772783585063
1990.0,FRA,,6300.0,FRA,FRA,5000.0,8000.0,21586.4674617483,76.0,9.61744022,58261012.0,,,,0.0,17.880443679753213,9.979868215180993,,10.81340639946316
1991.0,FRA,,6300.0,FRA,FRA,5100.0,7800.0,21500.7778366233,76.0,9.61744022,58554242.0,,6300.0,58261012.0,1.0,17.88546409628023,9.97589090077262,2.4692350221057797,10.75925464119235
1992.0,FRA,,6300.0,FRA,FRA,5200.0,7700.0,23615.0168565483,76.0,9.61744022,58846584.0,76.0,6300.0,58554242.0,2.0,17.890444344106477,10.06968044117655,2.464640559610839,10.705804095612415
1993.0,FRA,,6400.0,FRA,FRA,5300.0,7900.0,22238.8250618434,76.0,9.61744022,59103094.0,76.0,6300.0,58846584.0,3.0,17.894793832951866,10.009639882409274,2.4600847953464875,10.828536319942913
1994.0,FRA,,6400.0,FRA,FRA,5300.0,8000.0,23359.8985104774,76.0,9.61744022,59324863.0,76.0,6400.0,59103094.0,4.0,17.898539050970328,10.058818899835908,2.4705149442107275,10.788056939971357
1995.0,FRA,,6400.0,FRA,FRA,5400.0,8200.0,26791.8151982369,76.0,9.61744022,59541294.0,76.0,6400.0,59324863.0,5.0,17.902180646604286,10.195889040938477,2.467086895197287,10.748842643560955
1996.0,FRA,,6400.0,FRA,FRA,5400.0,8300.0,26757.6351494145,76.0,9.61744022,59754504.0,76.0,6400.0,59541294.0,6.0,17.905755126688046,10.19461250955634,2.463754737318536,10.710489706349165
1997.0,FRA,,6100.0,FRA,FRA,5000.0,7900.0,24169.4008102822,76.0,9.61744022,59968066.0,76.0,6400.0,59754504.0,7.0,17.909322745166605,10.092884056525785,2.4604849962355706,10.172080587024434
1998.0,FRA,,5800.0,FRA,FRA,4800.0,7300.0,24869.4030795939,76.0,9.61744022,60190684.0,76.0,6100.0,59968066.0,8.0,17.91302814747334,10.121433744128673,2.4134178613602115,9.636042680624795
1999.0,FRA,,5600.0,FRA,FRA,4700.0,6700.0,24576.3152254528,76.0,9.61744022,60501986.0,76.0,5800.0,60190684.0,9.0,17.918186748908575,10.10957915117611,2.3642484862182274,9.255894508983557
2000.0,FRA,,5700.0,FRA,FRA,4800.0,6700.0,22340.5939516217,76.0,9.61744022,60918661.0,76.0,5600.0,60501986.0,10.0,17.925050106104244,10.014205419747652,2.3278526143398808,9.356738816041936
2001.0,FRA,,5700.0,FRA,FRA,4900.0,6600.0,22331.7948343036,77.0,9.75719261,61364377.0,76.0,5700.0,60918661.0,11.0,17.932340045595225,10.013811497517443,2.337637401179456,9.288776776793481
2002.0,FRA,,5700.0,FRA,FRA,4800.0,6400.0,24144.5727019529,78.0,10.08250141,61812142.0,76.0,5700.0,61364377.0,12.0,17.939610375621637,10.091856317303748,2.331053667832588,9.221489201911172
2003.0,FRA,,5500.0,FRA,FRA,4600.0,6100.0,29479.5222101175,79.0,10.13474941,62249855.0,77.0,5700.0,61812142.0,13.0,17.94666676398911,10.291485060193786,2.3244922886329533,8.835361945823006
2004.0,FRA,,5600.0,FRA,FRA,4600.0,6100.0,33644.9282220364,79.0,10.2117033,62707588.0,78.0,5500.0,62249855.0,14.0,17.953993019014383,10.423647323948542,2.2859842529760543,8.930338701593817
2005.0,FRA,,5500.0,FRA,FRA,4500.0,6100.0,34696.3718316971,80.0,10.23720551,63180854.0,79.0,5600.0,62707588.0,15.0,17.961511870182598,10.454419223346008,2.2955945863972196,8.705168815856778
2006.0,FRA,,5400.0,FRA,FRA,4400.0,6100.0,36431.5658906555,81.0,10.39764977,63622342.0,79.0,5500.0,63180854.0,16.0,17.968475255930883,10.503218320974266,2.272658611199906,8.48758444006981
2007.0,FRA,,5100.0,FRA,FRA,4200.0,5800.0,41486.1907828787,82.0,10.33418846,64016890.0,80.0,5400.0,63622342.0,17.0,17.974657512756817,10.633140002740525,2.2499840428212527,7.966647551919501
2008.0,FRA,,5100.0,FRA,FRA,4100.0,5700.0,45464.8181385158,83.0,10.51340675,64375116.0,81.0,5100.0,64016890.0,18.0,17.980237718888297,10.724716072906626,2.1935118661812223,7.922315821535763
2009.0,FRA,,5000.0,FRA,FRA,4100.0,5600.0,41728.0884164132,84.0,11.29095459,64706436.0,82.0,5100.0,64375116.0,19.0,17.98537122902155,10.638953728545014,2.1885555341445575,7.7272066104830746
2010.0,FRA,,5100.0,FRA,FRA,4100.0,5700.0,40694.8211697025,85.0,11.22430801,65026211.0,83.0,5000.0,64706436.0,20.0,17.99030099273188,10.61388069219627,2.166445342758621,7.84299119012178
2011.0,FRA,,4900.0,FRA,FRA,4000.0,5500.0,43929.7840873812,86.0,11.17601013,65340830.0,84.0,5100.0,65026211.0,21.0,17.99512766684195,10.690370585373737,2.1796251893386382,7.499139512001914
2012.0,FRA,,4500.0,FRA,FRA,3600.0,5000.0,40863.5814412333,86.0,11.33749485,65657659.0,85.0,4900.0,65340830.0,22.0,17.9999648160363,10.618018987422143,2.139964924489648,6.853732022337257
2013.0,FRA,,4300.0,FRA,FRA,3400.0,4800.0,42669.1795111893,87.0,11.37891197,65997932.0,86.0,4500.0,65657659.0,23.0,18.00513396616647,10.661255583138027,2.0609888356777772,6.515355662962288
2014.0,FRA,,4200.0,FRA,FRA,3300.0,4700.0,43148.0459288416,88.0,11.57935429,66312067.0,86.0,4300.0,65997932.0,24.0,18.009882444628186,10.672415585695674,2.016948349159204,6.333688859374569
2015.0,FRA,,4200.0,FRA,FRA,3400.0,4800.0,36702.4323733379,90.0,11.50032997,66548272.0,87.0,4200.0,66312067.0,25.0,18.013438137028768,10.510625554828527,1.9924786443388538,6.311208200868085
1990.0,GAB,500.0,2000.0,GAB,GAB,1100.0,3400.0,6050.71468999523,0.0,2.90471101,983734.0,,,,0.0,13.799110814286694,8.708096930702995,,203.30699152413152
1991.0,GAB,500.0,2500.0,GAB,GAB,1400.0,4300.0,5345.0965303052,0.0,2.90471101,1010818.0,,2000.0,983734.0,1.0,13.826270462014708,8.58412195308377,5.3196237230888865,247.32444416304418
1992.0,GAB,510.0,3100.0,GAB,GAB,1900.0,5100.0,5385.68811745078,0.0,2.90471101,1038380.0,0.0,2500.0,1010818.0,2.0,13.853172364345863,8.591686025599069,5.514736133754181,298.54195959090123
1993.0,GAB,660.0,3600.0,GAB,GAB,2300.0,5700.0,4105.98701339331,0.0,2.90471101,1066405.0,0.0,3100.0,1038380.0,3.0,13.879803736507812,8.320444951885163,5.702254506543589,337.5828132838837
1994.0,GAB,840.0,4200.0,GAB,GAB,2700.0,6600.0,3828.21118114454,0.0,2.90471101,1094720.0,0.0,3600.0,1066405.0,4.0,13.906009180771377,8.250414103036738,5.824768710241521,383.6597486115171
1995.0,GAB,1000.0,4800.0,GAB,GAB,3200.0,7300.0,4414.8755828572,0.0,2.90471101,1123213.0,0.0,4200.0,1094720.0,5.0,13.93170388626078,8.392961413388202,5.952359173692762,427.3454812221724
1996.0,GAB,1300.0,4800.0,GAB,GAB,3200.0,7100.0,4942.67870027615,0.0,2.90471101,1152015.0,0.0,4800.0,1123213.0,6.0,13.957023140986536,8.505865009217505,6.059930069089024,416.66124139008605
1997.0,GAB,1500.0,5000.0,GAB,GAB,3400.0,7100.0,4508.75340541142,0.0,2.90471101,1181439.0,0.0,4800.0,1152015.0,7.0,13.982243744991456,8.413997753709499,6.034670676654574,423.2127092469438
1998.0,GAB,1800.0,4800.0,GAB,GAB,3500.0,6600.0,3699.99513906504,0.0,2.90471101,1211736.0,0.0,5000.0,1181439.0,8.0,14.007564600102608,8.216357018974064,6.0502350021884785,396.125888807463
1999.0,GAB,2000.0,4500.0,GAB,GAB,3300.0,6000.0,3751.35318950625,0.0,2.90471101,1243016.0,0.0,4800.0,1211736.0,9.0,14.033051242493672,8.230138439359532,5.984253330692213,362.02269319139896
2000.0,GAB,2300.0,4300.0,GAB,GAB,3200.0,5500.0,3982.906200928,0.0,2.90471101,1275572.0,0.0,4500.0,1243016.0,10.0,14.058905263422437,8.290018074483552,5.8944653479896125,337.1036680014927
2001.0,GAB,2500.0,4200.0,GAB,GAB,3300.0,5300.0,3835.75718279727,0.0,3.15198207,1309589.0,0.0,4300.0,1275572.0,11.0,14.085223905492485,8.252382805158037,5.82335255852069,320.7113071352921
2002.0,GAB,2700.0,4100.0,GAB,GAB,3200.0,5000.0,3966.48001864663,1.0,3.32970691,1345135.0,0.0,4200.0,1309589.0,12.0,14.112004937728381,8.285886416129944,5.773654581700948,304.8021202332851
2003.0,GAB,2800.0,3900.0,GAB,GAB,3100.0,4700.0,4710.74862768151,2.0,3.53648472,1382350.0,0.0,4100.0,1345135.0,13.0,14.139295507396334,8.457814376642174,5.722938226869504,282.12825984736133
2004.0,GAB,2800.0,3700.0,GAB,GAB,3000.0,4600.0,5465.79193590708,5.0,3.36498594,1421609.0,1.0,3900.0,1382350.0,14.0,14.167299886697306,8.606447239986586,5.6459000099806795,260.2684704444049
2005.0,GAB,2500.0,3600.0,GAB,GAB,2900.0,4500.0,6547.87613955186,11.0,2.92175174,1463495.0,2.0,3700.0,1421609.0,15.0,14.196337968640869,8.787048732159658,5.56554850104554,245.98649124185596
2006.0,GAB,2300.0,3500.0,GAB,GAB,2900.0,4500.0,6847.00985685394,12.0,3.14623928,1508337.0,5.0,3600.0,1463495.0,16.0,14.226518277384326,8.831713357197577,5.509333643803833,232.04363481105352
2007.0,GAB,2400.0,3500.0,GAB,GAB,2800.0,4500.0,8003.54289696049,14.0,3.0834198,1556237.0,11.0,3500.0,1508337.0,17.0,14.25778128574661,8.987764521609353,5.4512257098993215,224.90147708864396
2008.0,GAB,2500.0,3300.0,GAB,GAB,2600.0,4200.0,9688.64519690633,17.0,2.84760666,1607175.0,12.0,3500.0,1556237.0,18.0,14.289988537359392,9.17881308882811,5.420098962136263,205.32922674879836
2009.0,GAB,2500.0,3300.0,GAB,GAB,2600.0,4200.0,7290.57526093114,21.0,3.78076673,1661556.0,14.0,3300.0,1607175.0,19.0,14.323265070692702,8.894474886835404,5.329473081147012,198.6090146826228
2010.0,GAB,2500.0,3200.0,GAB,GAB,2500.0,4200.0,8356.74662013345,23.0,2.47556901,1719879.0,17.0,3300.0,1661556.0,20.0,14.357764497477831,9.030944126699254,5.296360526598108,186.05960070446815
2011.0,GAB,2400.0,3100.0,GAB,GAB,2300.0,4000.0,10219.1139339454,28.0,2.55771565,1781985.0,21.0,3200.0,1719879.0,21.0,14.393238469469047,9.232113011831114,5.231427286418796,173.9633049660912
2012.0,GAB,2100.0,2900.0,GAB,GAB,2100.0,3900.0,9296.96587941088,33.0,2.42097569,1846889.0,23.0,3100.0,1781985.0,22.0,14.42901315992012,9.13755093257407,5.1645762660283,157.02080633974214
2013.0,GAB,1900.0,2800.0,GAB,GAB,1900.0,3800.0,9197.70106323947,38.0,2.84087205,1913059.0,28.0,2900.0,1846889.0,23.0,14.464214089556833,9.12681756429074,5.062726710051737,146.36244883194925
2014.0,GAB,1800.0,2700.0,GAB,GAB,1900.0,3800.0,9201.36276648105,40.0,2.53282261,1978399.0,33.0,2800.0,1913059.0,24.0,14.49779848973026,9.127215552507487,4.992895190392462,136.47398729983183
2015.0,GAB,2000.0,2600.0,GAB,GAB,1800.0,3600.0,7047.12654634355,40.0,2.65743947,2040989.0,38.0,2700.0,1978399.0,25.0,14.528945052262515,8.860517122384389,4.9234347159352625,127.3892215979606
1990.0,GBR,,,GBR,GBR,,,19095.4669984608,,7.14559078,57247586.0,,,,0.0,17.86289603357075,9.857258623022362,,
1991.0,GBR,,,GBR,GBR,,,19900.7266505069,,7.14559078,57424897.0,,,57247586.0,1.0,17.865988512893946,9.898561773305731,,
1992.0,GBR,,,GBR,GBR,,,20487.1707852878,,7.14559078,57580402.0,,,57424897.0,2.0,17.868692824714763,9.9276029637138,,
1993.0,GBR,,,GBR,GBR,,,18389.0195675099,,7.14559078,57718614.0,,,57580402.0,3.0,17.871090279107626,9.819563381627702,,
1994.0,GBR,,,GBR,GBR,,,19709.2380983653,,7.14559078,57865745.0,,,57718614.0,4.0,17.873636143976217,9.888893480153218,,
1995.0,GBR,,,GBR,GBR,,,23252.6157127423,,7.14559078,58019030.0,,,57865745.0,5.0,17.876281618144805,10.054215913450923,,
1996.0,GBR,,,GBR,GBR,,,24503.3829602903,,7.14559078,58166950.0,,,58019030.0,6.0,17.878827881986954,10.106607276871156,,
1997.0,GBR,,,GBR,GBR,,,26910.1381529902,,7.14559078,58316954.0,,,58166950.0,7.0,17.881403415219758,10.20029553762366,,
1998.0,GBR,,,GBR,GBR,,,28396.3523548013,,7.14559078,58487141.0,,,58316954.0,8.0,17.88431747607408,10.25405119285978,,
1999.0,GBR,,,GBR,GBR,,,28858.0065333126,,7.14559078,58682466.0,,,58487141.0,9.0,17.887651534895927,10.270177408080212,,
2000.0,GBR,,,GBR,GBR,,,28383.8761094996,,7.14559078,58892514.0,,,58682466.0,10.0,17.891224543770143,10.253611750948467,,
2001.0,GBR,,,GBR,GBR,,,28013.8729635508,,7.43276882,59119673.0,,,58892514.0,11.0,17.895074303465783,10.240490825402304,,
2002.0,GBR,,,GBR,GBR,,,30158.7017807858,,7.85946798,59370479.0,,,59119673.0,12.0,17.899307674262147,10.314261934168027,,
2003.0,GBR,,,GBR,GBR,,,34556.7726095905,,8.05214596,59647577.0,,,59370479.0,13.0,17.903964085398176,10.450387770887026,,
2004.0,GBR,,,GBR,GBR,,,40504.4118103928,,8.32219028,59987905.0,,,59647577.0,14.0,17.90965351653239,10.609190869115583,,
2005.0,GBR,,,GBR,GBR,,,42240.2462987547,,8.38108349,60401206.0,,,59987905.0,15.0,17.916519629593125,10.651152423123726,,
2006.0,GBR,,,GBR,GBR,,,44695.161023424,,8.53970814,60846820.0,,,60401206.0,16.0,17.923870116377337,10.707642893768615,,
2007.0,GBR,,,GBR,GBR,,,50629.0799172887,,8.76035309,61322463.0,,,60846820.0,17.0,17.93165677750175,10.832301143419922,,
2008.0,GBR,,,GBR,GBR,,,47652.4030691881,,9.03295708,61806995.0,,,61322463.0,18.0,17.93952710372494,10.771709324563432,,
2009.0,GBR,,,GBR,GBR,,,39009.3715547821,,9.83944035,62276270.0,,,61806995.0,19.0,17.947091012320875,10.571582827058831,,
2010.0,GBR,,,GBR,GBR,,,39778.3220528565,,9.78799534,62766365.0,,,62276270.0,20.0,17.954929898787338,10.591102509850886,,
2011.0,GBR,,,GBR,GBR,,,42295.9273835322,,9.79682636,63258810.0,,,62766365.0,21.0,17.962744964409705,10.65246972370887,,
2012.0,GBR,,,GBR,GBR,,,42688.3263728372,,9.89332199,63711000.0,,,63258810.0,22.0,17.969867790092547,10.6617042001203,,
2013.0,GBR,,,GBR,GBR,,,43607.6636827371,,9.99087143,64138000.0,,,63711000.0,23.0,17.976547569953286,10.6830111179169,,
2014.0,GBR,,,GBR,GBR,,,47746.9810645521,,9.97686195,64619000.0,,,64138000.0,24.0,17.984019043155772,10.773692063644358,,
2015.0,GBR,,,GBR,GBR,,,45256.040227057,,9.94044876,65087000.0,,,64619000.0,25.0,17.991235394457203,10.720113522154293,,
1990.0,GEO,100.0,100.0,GEO,GEO,100.0,100.0,1610.98027146868,0.0,7.194592,4802000.0,,,,0.0,15.384543055763336,7.385218684448679,,2.0824656393169514
1991.0,GEO,100.0,100.0,GEO,GEO,100.0,100.0,1307.82342713006,0.0,7.194592,4835900.0,,100.0,4802000.0,1.0,15.391577812256537,7.176883865390348,1.125729808976213,2.067867408341777
1992.0,GEO,100.0,100.0,GEO,GEO,100.0,100.0,757.223548505358,0.0,7.194592,4873500.0,0.0,100.0,4835900.0,2.0,15.399322922759401,6.630978261034853,1.120982664951081,2.0519134092541296
1993.0,GEO,100.0,100.0,GEO,GEO,100.0,100.0,550.015542609224,0.0,7.194592,4911100.0,0.0,100.0,4873500.0,3.0,15.40700850726571,6.311763016757298,1.115768741215703,2.03620370181833
1994.0,GEO,100.0,100.0,GEO,GEO,100.0,100.0,519.815578814965,0.0,7.194592,4836076.0,0.0,100.0,4911100.0,4.0,15.391614206060662,6.255396003686148,1.1106079527431667,2.0677921521498006
1995.0,GEO,100.0,100.0,GEO,GEO,100.0,100.0,578.336923460866,0.0,7.194592,4657722.0,0.0,100.0,4836076.0,5.0,15.354037045378298,6.361884214136069,1.1209581341924109,2.14697227528822
1996.0,GEO,100.0,100.0,GEO,GEO,100.0,100.0,689.034634153312,0.0,7.194592,4491699.0,0.0,100.0,4657722.0,6.0,15.317741584581086,6.536741790756697,1.1464408081572917,2.226329057223113
1997.0,GEO,100.0,100.0,GEO,GEO,100.0,100.0,807.032285752352,0.0,7.194592,4349913.0,0.0,100.0,4491699.0,7.0,15.285666402864864,6.694602015337108,1.1713449761202737,2.298896552643696
1998.0,GEO,100.0,100.0,GEO,GEO,100.0,100.0,851.515542450841,0.0,7.194592,4243607.0,0.0,100.0,4349913.0,8.0,15.260924173108734,6.748191440605368,1.1935880345688916,2.3564858857099633
1999.0,GEO,100.0,100.0,GEO,GEO,100.0,100.0,673.537782887275,0.0,7.194592,4157192.0,0.0,100.0,4243607.0,9.0,15.240350404322378,6.514027690220217,1.2108945593259965,2.4054698459921986
2000.0,GEO,100.0,100.0,GEO,GEO,100.0,100.0,749.908534993961,0.0,7.194592,4077131.0,0.0,100.0,4157192.0,10.0,15.220904112754404,6.6212838533935665,1.2253829171576704,2.4527051007191085
2001.0,GEO,100.0,100.0,GEO,GEO,100.0,200.0,801.98383707929,0.0,7.16950893,4014373.0,0.0,100.0,4077131.0,11.0,15.20539172878451,6.688334585573938,1.2391580109724756,2.491049038044048
2002.0,GEO,100.0,200.0,GEO,GEO,100.0,200.0,853.526171868939,0.0,7.81474257,3978515.0,0.0,100.0,4014373.0,12.0,15.196419192057794,6.750547130370915,1.2502022750148019,5.027001280628576
2003.0,GEO,100.0,200.0,GEO,GEO,200.0,200.0,1010.03151630868,0.0,8.02952862,3951736.0,0.0,200.0,3978515.0,13.0,15.189665533999134,6.9187263919358575,1.7962495869828117,5.061066832399735
2004.0,GEO,100.0,500.0,GEO,GEO,200.0,500.0,1305.04748557208,8.0,8.08910847,3927340.0,0.0,200.0,3951736.0,14.0,15.183472909898887,7.174760668725216,1.8018858295375806,12.731263399654729
2005.0,GEO,100.0,500.0,GEO,GEO,500.0,500.0,1642.78359414797,17.0,8.07734203,3902469.0,0.0,500.0,3927340.0,15.0,15.177119987714292,7.404755933221701,2.619675233001357,12.812401584740327
2006.0,GEO,100.0,500.0,GEO,GEO,500.0,500.0,1996.02013272284,23.0,7.63208008,3880347.0,8.0,500.0,3902469.0,16.0,15.171435140590255,7.5994114148486425,2.625566854165915,12.885445554224919
2007.0,GEO,100.0,500.0,GEO,GEO,500.0,500.0,2635.36650276116,24.0,7.43517828,3860158.0,17.0,500.0,3880347.0,17.0,15.166218673245783,7.8771569234238825,2.6308412091330085,12.952837681773648
2008.0,GEO,100.0,500.0,GEO,GEO,500.0,500.0,3324.7537205015,28.0,8.44424057,3848449.0,23.0,500.0,3860158.0,18.0,15.16318076795237,8.109451610258871,2.635682905629019,12.99224700652133
2009.0,GEO,100.0,500.0,GEO,GEO,500.0,500.0,2822.68939668797,30.0,9.56681633,3814419.0,24.0,500.0,3848449.0,19.0,15.154298917524867,7.945799605555609,2.638503390971097,13.108156183156597
2010.0,GEO,100.0,500.0,GEO,GEO,500.0,500.0,3281.72930937343,32.0,9.02123737,3786695.0,28.0,500.0,3814419.0,20.0,15.147004164955543,8.096430461885783,2.6467530828509878,13.204126553630541
2011.0,GEO,100.0,500.0,GEO,GEO,500.0,540.0,4119.66818307193,37.0,7.88224316,3756441.0,30.0,500.0,3786695.0,21.0,15.1389825245586,8.323770609551024,2.6535325247588735,13.310471267883615
2012.0,GEO,100.0,540.0,GEO,GEO,500.0,570.0,4530.69533409431,48.0,7.95168972,3728874.0,32.0,500.0,3756441.0,22.0,15.13161686937046,8.41885139440147,2.6609915257922387,14.481583448515558
2013.0,GEO,100.0,560.0,GEO,GEO,520.0,600.0,4712.00229382665,53.0,8.00574589,3717668.0,37.0,540.0,3728874.0,23.0,15.128607147956398,8.45808041362564,2.739651152886106,15.063206289534191
2014.0,GEO,100.0,590.0,GEO,GEO,550.0,620.0,4830.33486170249,57.0,8.2940836,3719414.0,48.0,560.0,3717668.0,24.0,15.129076686958946,8.482878077346276,2.776531333021596,15.862713857613056
2015.0,GEO,100.0,600.0,GEO,GEO,560.0,640.0,4086.6223465965,61.0,8.6599493,3725276.0,53.0,590.0,3719414.0,25.0,15.130651501010707,8.315718746646612,2.825104903891588,16.106189179003113
1990.0,GHA,4600.0,29000.0,GHA,GHA,19000.0,37000.0,382.54246368354,0.0,1.66343236,15394648.0,,,,0.0,16.54953047451292,5.949450341362153,,188.37715548936228
1991.0,GHA,6000.0,34000.0,GHA,GHA,25000.0,42000.0,418.254121349986,0.0,1.66343236,15787496.0,,29000.0,15394648.0,1.0,16.57472879227585,6.038477230947156,5.243740558320903,215.36030792976922
1992.0,GHA,7500.0,35000.0,GHA,GHA,28000.0,44000.0,396.426407640517,0.0,1.66343236,16184855.0,0.0,34000.0,15787496.0,2.0,16.59958648638978,5.985009778942952,5.376945110230949,216.2515512187165
1993.0,GHA,9100.0,37000.0,GHA,GHA,32000.0,45000.0,359.800844097528,0.0,1.66343236,16589519.0,0.0,35000.0,16184855.0,3.0,16.624281668376813,5.888326127702162,5.381055904367266,223.03238568881955
1994.0,GHA,11000.0,37000.0,GHA,GHA,32000.0,46000.0,320.50390343252,0.0,1.66343236,16993190.0,0.0,37000.0,16589519.0,4.0,16.648323233528295,5.773009684918184,5.411790620372453,217.73428061476392
1995.0,GHA,13000.0,35000.0,GHA,GHA,30000.0,42000.0,371.537243033836,0.0,1.66343236,17399017.0,0.0,37000.0,16993190.0,5.0,16.671924268336024,5.9203370141207055,5.387857662608873,201.16078971587876
1996.0,GHA,14000.0,34000.0,GHA,GHA,29000.0,41000.0,389.271267898831,0.0,1.66343236,17810181.0,0.0,35000.0,17399017.0,6.0,16.695280818044075,5.966842056049793,5.309063369462686,190.9020464194047
1997.0,GHA,16000.0,33000.0,GHA,GHA,28000.0,38000.0,377.841935501461,0.0,1.66343236,18238958.0,0.0,34000.0,17810181.0,7.0,16.71907041378566,5.937119061365705,5.256985066945354,180.93138873393974
1998.0,GHA,18000.0,32000.0,GHA,GHA,27000.0,37000.0,400.366799508524,0.0,1.66343236,18688036.0,0.0,33000.0,18238958.0,8.0,16.743394090978097,5.994875721203825,5.203629631021742,171.23254685511094
1999.0,GHA,19000.0,31000.0,GHA,GHA,27000.0,37000.0,403.037326127273,0.0,1.66343236,19149864.0,0.0,32000.0,18688036.0,9.0,16.767806171738034,6.001507265097469,5.148845580261464,161.88104521264486
2000.0,GHA,21000.0,30000.0,GHA,GHA,26000.0,35000.0,253.746936203344,0.0,1.66343236,19637087.0,0.0,31000.0,19149864.0,10.0,16.79293053013453,5.5402706453508035,5.093020150413308,152.77214996297567
2001.0,GHA,22000.0,29000.0,GHA,GHA,25000.0,34000.0,263.542156494853,0.0,1.86866331,20167069.0,0.0,30000.0,19637087.0,11.0,16.819561584547177,5.578000620431512,5.035471961110132,143.79878404739924
2002.0,GHA,23000.0,28000.0,GHA,GHA,24000.0,33000.0,297.46164468774,0.0,1.94694591,20729388.0,0.0,29000.0,20167069.0,12.0,16.847062961544907,5.69864143106825,4.975345082453645,135.07393464775708
2003.0,GHA,24000.0,27000.0,GHA,GHA,23000.0,33000.0,358.39927142073,0.0,2.14935279,21296705.0,0.0,28000.0,20729388.0,13.0,16.874062923877492,5.884433947137415,4.91319837513479,126.78017561871661
2004.0,GHA,25000.0,26000.0,GHA,GHA,22000.0,32000.0,406.132105329565,1.0,2.36955285,21868298.0,0.0,27000.0,21296705.0,14.0,16.90054856612203,6.009137715896214,4.8503114095566975,118.89356912915673
2005.0,GHA,25000.0,26000.0,GHA,GHA,22000.0,31000.0,478.611909191028,1.0,3.27344108,22449438.0,0.0,26000.0,21868298.0,15.0,16.926776138431624,6.172977254352627,4.786604425308613,115.81581685920156
2006.0,GHA,24000.0,25000.0,GHA,GHA,21000.0,30000.0,906.441027564887,2.0,3.67208791,23040702.0,1.0,26000.0,22449438.0,16.0,16.9527728620778,6.810628580627919,4.760598479540977,108.50363847420968
2007.0,GHA,23000.0,24000.0,GHA,GHA,20000.0,29000.0,1050.12461524926,4.0,3.70900321,23642279.0,1.0,25000.0,23040702.0,17.0,16.97854715025489,6.9576159321159015,4.69595777677949,101.51305633437453
2008.0,GHA,22000.0,23000.0,GHA,GHA,19000.0,29000.0,1182.65761256016,7.0,3.72533512,24249946.0,2.0,24000.0,23642279.0,18.0,17.00392494854116,7.076364595042817,4.62999016933841,94.84557202725318
2009.0,GHA,21000.0,23000.0,GHA,GHA,19000.0,28000.0,1047.70430093586,10.0,4.17717743,24862664.0,4.0,23000.0,24249946.0,19.0,17.028877798402146,6.955310682039025,4.5627382715257765,92.50818818128259
2010.0,GHA,20000.0,22000.0,GHA,GHA,19000.0,28000.0,1263.89251760539,13.0,4.52302933,25474995.0,7.0,23000.0,24862664.0,20.0,17.05320794080219,7.1427424312319285,4.538049006591615,86.3591926122066
2011.0,GHA,18000.0,21000.0,GHA,GHA,17000.0,26000.0,1507.43573198753,19.0,4.46374655,26095088.0,10.0,22000.0,25474995.0,21.0,17.07725765534751,7.318828453772107,4.470028269877497,80.47491543236029
2012.0,GHA,16000.0,21000.0,GHA,GHA,17000.0,26000.0,1543.77524235764,22.0,3.93023658,26734268.0,13.0,21000.0,26095088.0,22.0,17.101456746150973,7.342633704547273,4.400295186764944,78.55086961797495
2013.0,GHA,16000.0,21000.0,GHA,GHA,17000.0,27000.0,2294.79584693743,24.0,4.59225416,27386193.0,19.0,21000.0,26734268.0,23.0,17.125549539245963,7.738834836647022,4.376396686439632,76.68097570188014
2014.0,GHA,16000.0,21000.0,GHA,GHA,17000.0,26000.0,1949.90832923846,26.0,4.01644135,28041592.0,22.0,21000.0,27386193.0,24.0,17.149199394553204,7.576050352967933,4.352610384433024,74.88875809904088
2015.0,GHA,16000.0,21000.0,GHA,GHA,17000.0,27000.0,1722.77282833606,26.0,4.54299259,28696068.0,24.0,21000.0,28041592.0,25.0,17.172270667859696,7.452270672434501,4.329268558794386,73.18075772611077
1990.0,GIN,530.0,3500.0,GIN,GIN,1500.0,5400.0,604.304422702532,0.0,4.74101353,6434374.0,,,,0.0,15.67716511378303,6.405731509499946,,54.395345996362664
1991.0,GIN,700.0,4400.0,GIN,GIN,2100.0,6400.0,656.42373119518,0.0,4.74101353,6697166.0,,3500.0,6434374.0,1.0,15.717195009803147,6.488328759141375,4.014495582938556,65.69943167005268
1992.0,GIN,920.0,5400.0,GIN,GIN,2900.0,7700.0,692.647802662806,0.0,4.74101353,6914366.0,0.0,4400.0,6697166.0,2.0,15.74911183413438,6.541964342732206,4.200196432196411,78.09826671020886
1993.0,GIN,1200.0,6500.0,GIN,GIN,3800.0,9100.0,670.741778229959,0.0,4.74101353,7128177.0,0.0,5400.0,6914366.0,3.0,15.779566079474314,6.50987400809053,4.3706909618939385,91.18741018916899
1994.0,GIN,1500.0,7400.0,GIN,GIN,4700.0,10000.0,671.576385058752,0.0,4.74101353,7345107.0,0.0,6500.0,7128177.0,4.0,15.809544935217158,6.511115688756337,4.52382357231448,100.74734105303027
1995.0,GIN,1800.0,8400.0,GIN,GIN,5900.0,11000.0,713.031460558683,0.0,4.74101353,7553249.0,0.0,7400.0,7345107.0,5.0,15.837488359785151,6.570927023775984,4.622492691824303,111.21042084009146
1996.0,GIN,2200.0,9500.0,GIN,GIN,7500.0,12000.0,726.025442583799,0.0,4.74101353,7770035.0,0.0,8400.0,7553249.0,6.0,15.86578522683819,6.588961473597627,4.72037586613843,122.26457152380911
1997.0,GIN,2700.0,10000.0,GIN,GIN,8300.0,13000.0,695.58174225826,0.0,4.74101353,7931370.0,0.0,9500.0,7770035.0,7.0,15.886336340354017,6.5461851477955095,4.814333033308199,126.08162272091707
1998.0,GIN,3100.0,11000.0,GIN,GIN,8700.0,13000.0,647.379920832778,0.0,4.74101353,8081990.0,0.0,10000.0,7931370.0,8.0,15.905148687302296,6.4744768221284446,4.844829578606199,136.1050929288455
1999.0,GIN,3600.0,11000.0,GIN,GIN,9100.0,14000.0,610.614842942762,0.0,4.74101353,8265123.0,0.0,11000.0,8081990.0,9.0,15.927555171159193,6.416102742796982,4.920747733426423,133.08936842198236
2000.0,GIN,4000.0,11000.0,GIN,GIN,9300.0,14000.0,518.157066924026,0.0,4.74101353,8428832.0,0.0,11000.0,8265123.0,10.0,15.947168767591052,6.25220647114651,4.898506506175173,130.50443999832953
2001.0,GIN,4500.0,11000.0,GIN,GIN,9300.0,13000.0,483.085120214741,0.0,4.88433027,8539960.0,0.0,11000.0,8428832.0,11.0,15.960266881913034,6.182260759465906,4.879040615293672,128.80622391673967
2002.0,GIN,4800.0,11000.0,GIN,GIN,9100.0,13000.0,495.916073559269,0.0,5.35653734,8674066.0,0.0,11000.0,8539960.0,12.0,15.975848212294776,6.2084211457592176,4.866042753172346,126.81480634341496
2003.0,GIN,5300.0,11000.0,GIN,GIN,9200.0,13000.0,566.48540588068,1.0,4.77216482,8870781.0,0.0,11000.0,8674066.0,13.0,15.998273400015036,6.341215032515068,4.850582390814972,124.00261036767789
2004.0,GIN,5700.0,11000.0,GIN,GIN,8900.0,13000.0,584.897740538081,1.0,4.77632809,9062726.0,0.0,11000.0,8870781.0,14.0,16.019680515765156,6.373145270148156,4.828334620025679,121.37628347144114
2005.0,GIN,5900.0,11000.0,GIN,GIN,9100.0,13000.0,463.17768685098,2.0,4.03452682,9245844.0,1.0,11000.0,9062726.0,15.0,16.039684711227036,6.1402674247207525,4.807100588815624,118.97237288450897
2006.0,GIN,5600.0,10000.0,GIN,GIN,9000.0,12000.0,446.980554135013,5.0,3.61526895,9441171.0,1.0,11000.0,9245844.0,16.0,16.06059057703871,6.104749825524288,4.787261490313556,105.91906448892833
2007.0,GIN,5500.0,10000.0,GIN,GIN,8600.0,12000.0,650.148575304743,6.0,3.48262477,9662281.0,2.0,10000.0,9441171.0,17.0,16.083740306679175,6.478737842443482,4.672072141596528,103.49523057754168
2008.0,GIN,5400.0,10000.0,GIN,GIN,8500.0,12000.0,703.532825784369,9.0,3.26561713,9898870.0,5.0,10000.0,9662281.0,18.0,16.10793116717605,6.5575349246952195,4.649141429957011,101.0216317620092
2009.0,GIN,4800.0,10000.0,GIN,GIN,8500.0,12000.0,662.185914665575,15.0,3.58146644,10143534.0,6.0,10000.0,9898870.0,19.0,16.132347016118135,6.497055365154012,4.625184866897444,98.58497048464568
2010.0,GIN,4400.0,9800.0,GIN,GIN,8100.0,12000.0,659.235326211315,19.0,3.42781734,10396086.0,9.0,10000.0,10143534.0,20.0,16.156939947121767,6.492596326335519,4.601011254455654,94.2662459698775
2011.0,GIN,4400.0,9200.0,GIN,GIN,7700.0,11000.0,636.694958747648,21.0,3.78955102,10656810.0,15.0,9800.0,10396086.0,21.0,16.18170968238694,6.457860047923266,4.5566755608264184,86.32977410688564
2012.0,GIN,4400.0,8900.0,GIN,GIN,7300.0,11000.0,699.353377212197,25.0,3.50398517,10921581.0,19.0,9200.0,10656810.0,22.0,16.20625129802117,6.551585032251193,4.46969145976119,81.4900333568922
2013.0,GIN,4400.0,8100.0,GIN,GIN,6300.0,10000.0,748.455020824734,24.0,3.46108651,11191873.0,21.0,8900.0,10921581.0,23.0,16.23069844787208,6.619346303499997,4.41267747824754,72.37394491520767
2014.0,GIN,5000.0,9500.0,GIN,GIN,7600.0,12000.0,765.146999389279,27.0,4.787992,11472924.0,25.0,8100.0,11191873.0,24.0,16.255500382511105,6.641374056537078,4.295568898695066,82.80365144927309
2015.0,GIN,5200.0,9200.0,GIN,GIN,7400.0,12000.0,747.356966759448,28.0,5.80919266,11767070.0,24.0,9500.0,11472924.0,25.0,16.280815510268347,6.617880092425306,4.428476579919092,78.18428886715215
1990.0,GMB,100.0,500.0,GMB,GMB,200.0,680.0,300.639895740381,0.0,10.78532791,1054696.0,,,,0.0,13.86876313170987,5.709233907691836,,47.40702534189946
1991.0,GMB,100.0,520.0,GMB,GMB,500.0,870.0,627.578919318827,0.0,10.78532791,1099959.0,,500.0,1054696.0,1.0,13.91078346434668,6.443461587878165,3.879644954881236,47.274489321874725
1992.0,GMB,100.0,740.0,GMB,GMB,500.0,1200.0,623.485927783598,0.0,10.78532791,1145582.0,0.0,520.0,1099959.0,2.0,13.951423362774577,6.436928795738646,3.876903249737128,64.59598701795244
1993.0,GMB,200.0,960.0,GMB,GMB,590.0,1500.0,635.3611677282,0.0,10.78532791,1188365.0,0.0,740.0,1145582.0,3.0,13.988088970773711,6.4557662759472985,4.183514520572046,80.78326103511968
1994.0,GMB,200.0,1200.0,GMB,GMB,800.0,1800.0,608.2774907808,0.0,10.78532791,1227226.0,0.0,960.0,1188365.0,4.0,14.020266895811377,6.4122738138193816,4.40407258984605,97.78150071787918
1995.0,GMB,500.0,1500.0,GMB,GMB,1000.0,2100.0,621.681391269646,0.0,10.78532791,1264313.0,0.0,1200.0,1227226.0,5.0,14.050039449616817,6.434034977490401,4.592910347524702,118.64150728498402
1996.0,GMB,500.0,1700.0,GMB,GMB,1200.0,2400.0,651.784945724837,0.0,10.78532791,1301410.0,0.0,1500.0,1264313.0,6.0,14.07895885004608,6.4812477423007095,4.784499832186098,130.6275501187174
1997.0,GMB,500.0,2000.0,GMB,GMB,1400.0,2800.0,600.224023405754,0.0,10.78532791,1338889.0,0.0,1700.0,1301410.0,7.0,14.107350723552267,6.398967616171883,4.8799763443877735,149.37758096451608
1998.0,GMB,500.0,2200.0,GMB,GMB,1600.0,3000.0,610.234711461724,0.0,10.78532791,1376987.0,0.0,2000.0,1338889.0,8.0,14.135408336852866,6.415481028552718,5.013149337668855,159.7691190984374
1999.0,GMB,590.0,2300.0,GMB,GMB,1700.0,3100.0,575.459893151216,0.0,10.78532791,1415779.0,0.0,2200.0,1376987.0,9.0,14.163190467608747,6.3569057677334735,5.079969292894058,162.4547334011876
2000.0,GMB,700.0,2400.0,GMB,GMB,1800.0,3200.0,538.054072348854,0.0,10.78532791,1455084.0,0.0,2300.0,1415779.0,10.0,14.190574188880067,6.289815885633994,5.096536092072948,164.93893136066373
2001.0,GMB,830.0,2400.0,GMB,GMB,1900.0,3200.0,459.803068381399,0.0,8.29925728,1495011.0,0.0,2400.0,1455084.0,11.0,14.217644122639387,6.132970768173312,5.11161983730136,160.53393587070596
2002.0,GMB,950.0,2500.0,GMB,GMB,1900.0,3300.0,376.531026962584,0.0,6.2326026,1535691.0,0.0,2400.0,1495011.0,12.0,14.244491000576978,5.933652755940976,5.084715249819034,162.79316607312276
2003.0,GMB,1100.0,2500.0,GMB,GMB,1900.0,3400.0,308.719123437587,0.0,5.29709053,1577611.0,0.0,2500.0,1535691.0,13.0,14.271422235422833,5.735665833337542,5.09860444938331,158.46745490491637
2004.0,GMB,1200.0,2500.0,GMB,GMB,1900.0,3200.0,593.285346326581,0.0,5.42000151,1621312.0,0.0,2500.0,1577611.0,14.0,14.298746255978728,6.387359585037801,5.0718398569217085,154.19610784352426
2005.0,GMB,1300.0,2500.0,GMB,GMB,2000.0,3300.0,616.483657865348,2.0,5.386024,1667037.0,0.0,2500.0,1621312.0,15.0,14.326558357047501,6.42565260315654,5.0446895291068445,149.96667740428077
2006.0,GMB,1300.0,2500.0,GMB,GMB,2000.0,3400.0,614.544307904464,2.0,5.43720818,1715275.0,0.0,2500.0,1667037.0,16.0,14.35508397558174,6.422506929880799,5.017059133019784,145.7492238853828
2007.0,GMB,1400.0,2500.0,GMB,GMB,2000.0,3300.0,724.726407242432,2.0,4.95501947,1765774.0,2.0,2500.0,1715275.0,17.0,14.38409967913689,6.587173094270837,4.988725170008584,141.58097242342453
2008.0,GMB,1500.0,2500.0,GMB,GMB,1900.0,3300.0,859.127671411226,4.0,4.65938759,1817852.0,2.0,2500.0,1765774.0,18.0,14.413166142264924,6.757080833358514,4.959910065861375,137.5249470253904
2009.0,GMB,1500.0,2400.0,GMB,GMB,1900.0,3300.0,774.888030908091,5.0,4.46430635,1871422.0,2.0,2500.0,1817852.0,19.0,14.44220912765952,6.654008219705513,4.931050432334213,128.24472513414932
2010.0,GMB,1500.0,2300.0,GMB,GMB,1700.0,3100.0,801.033372714536,9.0,4.11944056,1926630.0,4.0,2400.0,1871422.0,20.0,14.471282920657487,6.687150218864276,4.861707701214528,119.37943455671302
2011.0,GMB,1300.0,2200.0,GMB,GMB,1600.0,3000.0,710.608411468152,13.0,4.36967373,1983784.0,5.0,2300.0,1926630.0,21.0,14.50051668993234,6.567527776222313,4.79064870895552,110.89917047420485
2012.0,GMB,1300.0,2200.0,GMB,GMB,1600.0,3000.0,692.579361628102,16.0,4.26872253,2043094.0,9.0,2200.0,1983784.0,22.0,14.529975883509774,6.541865669585484,4.71759820219125,107.67982285690232
2013.0,GMB,1300.0,2100.0,GMB,GMB,1500.0,2900.0,653.862713272743,16.0,3.91374874,2103820.0,13.0,2200.0,2043094.0,23.0,14.559265297849215,6.484425615609629,4.688406154605607,99.8184255307013
2014.0,GMB,1400.0,2100.0,GMB,GMB,1400.0,2800.0,568.00453558864,17.0,3.05234575,2164528.0,16.0,2100.0,2103820.0,24.0,14.587712881793438,6.343888405252101,4.613321131895977,97.01884198310209
2015.0,GMB,1500.0,1900.0,GMB,GMB,1300.0,2700.0,619.536364296461,19.0,3.1761291,2224529.0,16.0,2100.0,2164528.0,25.0,14.615055765780705,6.430584207756573,4.585159725323694,85.41133875980039
1990.0,GNB,100.0,500.0,GNB,GNB,500.0,660.0,651.337640650994,0.0,4.18953228,973669.0,,,,0.0,13.788826689138473,6.480562281645861,,51.35215355526365
1991.0,GNB,100.0,620.0,GNB,GNB,500.0,900.0,672.07387884966,0.0,4.18953228,994639.0,,500.0,973669.0,1.0,13.81013513623743,6.511855099027962,3.9579930741067804,62.33417350415578
1992.0,GNB,100.0,870.0,GNB,GNB,580.0,1200.0,574.32110641811,0.0,4.18953228,1024356.0,0.0,620.0,994639.0,2.0,13.83957468041316,6.354928330868981,4.148425049259477,84.931410564296
1993.0,GNB,200.0,1200.0,GNB,GNB,820.0,1700.0,581.612681813953,0.0,4.18953228,1058745.0,0.0,870.0,1024356.0,3.0,13.872594802387074,6.367522611905919,4.4535494264620885,113.34173951234717
1994.0,GNB,500.0,1800.0,GNB,GNB,1100.0,2300.0,560.883422537973,0.0,4.18953228,1092031.0,0.0,1200.0,1058745.0,4.0,13.903549823162436,6.331294395169994,4.739191679226723,164.83048558145327
1995.0,GNB,500.0,2500.0,GNB,GNB,1700.0,3100.0,589.487023081945,0.0,4.18953228,1119949.0,0.0,1800.0,1092031.0,5.0,13.92879370652021,6.380947659243431,5.110966095409945,223.22445039908067
1996.0,GNB,500.0,3400.0,GNB,GNB,2400.0,4200.0,614.729892454585,0.0,4.18953228,1143535.0,0.0,2500.0,1119949.0,6.0,13.949634899759687,6.422808381095277,5.412647560887586,297.323649910147
1997.0,GNB,560.0,4300.0,GNB,GNB,3200.0,5200.0,598.953470198484,0.0,4.18953228,1165545.0,0.0,3400.0,1143535.0,7.0,13.96869934675121,6.396852102539822,5.698178970678218,368.92612468845044
1998.0,GNB,750.0,5100.0,GNB,GNB,4100.0,6200.0,497.724279563733,0.0,4.18953228,1187473.0,0.0,4300.0,1165545.0,8.0,13.987338077790342,6.212053397077279,5.913303322698771,429.48344930790006
1999.0,GNB,970.0,5500.0,GNB,GNB,4600.0,6500.0,478.733190989909,0.0,4.18953228,1210206.0,0.0,5100.0,1187473.0,9.0,14.006301151016274,6.173230097254528,6.064908877850931,454.4680822934277
2000.0,GNB,1200.0,5600.0,GNB,GNB,4700.0,6700.0,316.945495037639,0.0,4.18953228,1234741.0,0.0,5500.0,1210206.0,10.0,14.026371789451423,5.761879968836938,6.121325642441198,453.53640966000154
2001.0,GNB,1500.0,5100.0,GNB,GNB,4300.0,6200.0,327.138431972397,0.0,4.12891531,1261273.0,0.0,5600.0,1234741.0,11.0,14.04763208636079,5.793435568042976,6.119278019671888,404.35337948247525
2002.0,GNB,1700.0,4600.0,GNB,GNB,3900.0,5600.0,362.034574570354,0.0,3.87280011,1289307.0,0.0,5100.0,1261273.0,12.0,14.069615422686912,5.8944980764794535,6.004759228595151,356.7808132585955
2003.0,GNB,1900.0,4200.0,GNB,GNB,3500.0,5000.0,419.78486611807,0.0,3.50201416,1318806.0,0.0,4600.0,1289307.0,13.0,14.092237339759901,6.042121696228447,5.879920545429399,318.46988867202606
2004.0,GNB,2200.0,3800.0,GNB,GNB,3200.0,4500.0,431.376557669634,0.0,4.27070189,1349563.0,0.0,4200.0,1318806.0,14.0,14.115291394307555,6.069296869840341,5.766663024218258,281.572627583892
2005.0,GNB,2400.0,3500.0,GNB,GNB,3000.0,4300.0,463.073962650452,0.0,4.53462505,1381585.0,0.0,3800.0,1349563.0,15.0,14.13874194877825,6.14004394178697,5.643935606337373,253.33222349692565
2006.0,GNB,2500.0,3400.0,GNB,GNB,2900.0,4100.0,448.513075469701,1.0,5.07826185,1415303.0,0.0,3500.0,1381585.0,16.0,14.162854200411623,6.108164942408958,5.538641378898801,240.2312437690021
2007.0,GNB,2600.0,3400.0,GNB,GNB,2800.0,4000.0,519.069789794741,2.0,4.92573404,1450986.0,0.0,3400.0,1415303.0,17.0,14.187753883301514,6.253963013713696,5.485755991161491,234.32341869597641
2008.0,GNB,2500.0,3200.0,GNB,GNB,2700.0,3900.0,640.210331101753,5.0,5.35239792,1488054.0,1.0,3400.0,1450986.0,18.0,14.212979784039277,6.463357532741832,5.460960817750562,215.04595935362562
2009.0,GNB,2400.0,3100.0,GNB,GNB,2500.0,3700.0,583.190020139094,8.0,4.61063194,1526377.0,2.0,3200.0,1488054.0,19.0,14.238407511428461,6.37022630685513,5.375491159836125,203.09530345386494
2010.0,GNB,2400.0,2900.0,GNB,GNB,2300.0,3400.0,600.194298540768,10.0,4.87133694,1566347.0,5.0,3100.0,1526377.0,20.0,14.264256714639473,6.3989181743687285,5.318587058545971,185.14416026589254
2011.0,GNB,2300.0,2600.0,GNB,GNB,2100.0,3200.0,719.539573498937,13.0,6.21634817,1608076.0,8.0,2900.0,1566347.0,21.0,14.290548991285748,6.580000338981823,5.2265214287060004,161.68390051216485
2012.0,GNB,2200.0,2400.0,GNB,GNB,1900.0,2900.0,635.461653303881,17.0,5.94134808,1651417.0,10.0,2600.0,1608076.0,22.0,14.317144265208228,6.455924169998582,5.091809057344686,145.32973803709177
2013.0,GNB,2100.0,2100.0,GNB,GNB,1600.0,2700.0,654.304534409417,18.0,7.03943443,1695973.0,13.0,2400.0,1651417.0,23.0,14.343767175395943,6.4851000656147,4.985862554882626,123.82272595141549
2014.0,GNB,2000.0,1800.0,GNB,GNB,1300.0,2400.0,652.022501029449,22.0,9.96897411,1741122.0,17.0,2100.0,1695973.0,24.0,14.37004029096494,6.481611586614545,4.826894538326997,103.38161254639249
2015.0,GNB,1900.0,1800.0,GNB,GNB,1200.0,2300.0,645.066837207039,26.0,8.13228226,1786457.0,18.0,1800.0,1741122.0,25.0,14.395744886746469,6.470902961599449,4.648053534902148,100.75809269408668
1990.0,GNQ,,,GNQ,GNQ,,,236.402188376265,,1.22260201,474274.0,,,,0.0,13.069540492737158,5.469755700230238,,
1991.0,GNQ,,,GNQ,GNQ,,,225.319378519763,,1.22260201,492217.0,,,474274.0,1.0,13.106674955148005,5.421947180965164,,
1992.0,GNQ,,,GNQ,GNQ,,,263.733547088944,,1.22260201,510770.0,,,492217.0,2.0,13.143674670014041,5.578723837466177,,
1993.0,GNQ,,,GNQ,GNQ,,,256.683023652574,,1.22260201,530023.0,,,510770.0,3.0,13.180675680813131,5.551730239091688,,
1994.0,GNQ,,,GNQ,GNQ,,,183.239482711964,,1.22260201,550138.0,,,530023.0,4.0,13.217924434827141,5.2162364478226655,,
1995.0,GNQ,,,GNQ,GNQ,,,248.314896208855,,1.22260201,571264.0,,,550138.0,5.0,13.255606728548887,5.51871674088584,,
1996.0,GNQ,,,GNQ,GNQ,,,391.686868235732,,1.22260201,593492.0,,,571264.0,6.0,13.293779013581283,5.973012521339926,,
1997.0,GNQ,,,GNQ,GNQ,,,717.041481576821,,1.22260201,616893.0,,,593492.0,7.0,13.332450868075481,6.576527341163256,,
1998.0,GNQ,,,GNQ,GNQ,,,577.868525342745,,1.22260201,641474.0,,,616893.0,8.0,13.371523932208671,6.361075379841357,,
1999.0,GNQ,,,GNQ,GNQ,,,930.912549299779,,1.22260201,667214.0,,,641474.0,9.0,13.410866113019958,6.837238979059753,,
2000.0,GNQ,,,GNQ,GNQ,,,1487.3165506701,,1.22260201,703279.0,,,667214.0,10.0,13.463508962615279,7.305400928433404,,
2001.0,GNQ,,,GNQ,GNQ,,,1948.61145907844,,1.32559299,749836.0,,,703279.0,11.0,13.527609794934785,7.5753853799498785,,
2002.0,GNQ,,,GNQ,GNQ,,,2264.21065580365,,2.88730073,797957.0,,,749836.0,12.0,13.589809990268334,7.725423038362282,,
2003.0,GNQ,,,GNQ,GNQ,,,2930.60183743733,,1.97185338,847862.0,,,797957.0,13.0,13.650473165682069,7.983304254820952,,
2004.0,GNQ,,,GNQ,GNQ,,,4901.30127408119,,1.58463597,899917.0,,,847862.0,14.0,13.710057815831496,8.497460021620393,,
2005.0,GNQ,,,GNQ,GNQ,,,8673.9026086535,,1.42048728,947367.0,,,899917.0,15.0,13.761441836692873,9.068189378083856,,
2006.0,GNQ,,,GNQ,GNQ,,,10184.8841248541,,1.41217864,990343.0,,,947367.0,16.0,13.80580662675222,9.228758131457411,,
2007.0,GNQ,,,GNQ,GNQ,,,12616.9532942011,,1.42080677,1036044.0,,,990343.0,17.0,13.850920171942168,9.442875943402356,,
2008.0,GNQ,,,GNQ,GNQ,,,18210.5552970599,,1.23333216,1084530.0,,,1036044.0,18.0,13.896657271383754,9.809811578028931,,
2009.0,GNQ,,,GNQ,GNQ,,,13232.5019378102,,1.87389886,1135673.0,,,1084530.0,19.0,13.942735984713186,9.490506918818467,,
2010.0,GNQ,,,GNQ,GNQ,,,13720.1658723222,,1.73363662,1189085.0,,,1135673.0,20.0,13.988694661763649,9.526694873786388,,
2011.0,GNQ,,,GNQ,GNQ,,,17198.2136668275,,1.54309607,1241835.0,,,1189085.0,21.0,14.03210068240864,9.752618944711577,,
2012.0,GNQ,,,GNQ,GNQ,,,17308.5723924575,,1.62290311,1293483.0,,,1241835.0,22.0,14.072849137885598,9.759014944945289,,
2013.0,GNQ,,,GNQ,GNQ,,,16304.0713196418,,1.75622749,1346218.0,,,1293483.0,23.0,14.112809737439497,9.699231462310253,,
2014.0,GNQ,,,GNQ,GNQ,,,15548.6624656619,,1.868559,1399828.0,,,1346218.0,24.0,14.151859929895073,9.65179421098349,,
2015.0,GNQ,,,GNQ,GNQ,,,9068.91003238645,,2.45693421,1453923.0,,,1399828.0,25.0,14.189775978314302,9.112717623808216,,
1990.0,GRC,100.0,500.0,GRC,GRC,200.0,500.0,9466.66238502174,48.0,7.51388931,10196792.0,,,,0.0,16.137583718981997,9.15563731146638,,4.903502984075776
1991.0,GRC,100.0,500.0,GRC,GRC,500.0,500.0,10046.6663875475,48.0,7.51388931,10319927.0,,500.0,10196792.0,1.0,16.149587244349263,9.215095686280542,1.7755459008405965,4.844995512080657
1992.0,GRC,100.0,500.0,GRC,GRC,500.0,500.0,11021.012224607,48.0,7.51388931,10399061.0,48.0,500.0,10319927.0,2.0,16.157226071573813,9.307649663552255,1.7655858271017792,4.808126426030197
1993.0,GRC,100.0,500.0,GRC,GRC,500.0,500.0,10257.3085789073,48.0,7.51388931,10460415.0,48.0,500.0,10399061.0,3.0,16.16310869076622,9.235843249277552,1.7592580448527675,4.779925079454305
1994.0,GRC,100.0,500.0,GRC,GRC,500.0,500.0,10937.0223808611,48.0,7.51388931,10512922.0,48.0,500.0,10460415.0,4.0,16.168115725144922,9.300000290061243,1.754390720568151,4.756051647677021
1995.0,GRC,100.0,500.0,GRC,GRC,500.0,500.0,12779.081491606,48.0,7.51388931,10562153.0,48.0,500.0,10512922.0,5.0,16.17278769803692,9.455643104406189,1.7502517618265996,4.73388332852213
1996.0,GRC,100.0,500.0,GRC,GRC,500.0,500.0,13432.5262183244,48.0,7.51388931,10608800.0,48.0,500.0,10562153.0,6.0,16.177194403345528,9.505508817847778,1.7463930199437625,4.7130683960485635
1997.0,GRC,100.0,500.0,GRC,GRC,500.0,500.0,13015.9175046854,48.0,7.51388931,10661259.0,48.0,500.0,10608800.0,7.0,16.182127074793783,9.474005136940455,1.7427562516728607,4.689877621395372
1998.0,GRC,100.0,500.0,GRC,GRC,500.0,500.0,13022.9648774809,48.0,7.51388931,10720509.0,48.0,500.0,10661259.0,8.0,16.18766919382301,9.474546391485068,1.7386887402435671,4.663957653503206
1999.0,GRC,100.0,500.0,GRC,GRC,500.0,500.0,12742.5404388143,48.0,7.51388931,10761698.0,48.0,500.0,10720509.0,9.0,16.191503906939197,9.452779789955231,1.7341228799339512,4.646106961931101
2000.0,GRC,100.0,500.0,GRC,GRC,500.0,500.0,11638.2010697215,48.0,7.51388931,10805808.0,48.0,500.0,10761698.0,10.0,16.19559432532158,9.362134082307964,1.730966274379284,4.627141255887574
2001.0,GRC,100.0,500.0,GRC,GRC,500.0,500.0,12156.9572824221,49.0,8.24545956,10862132.0,48.0,500.0,10805808.0,11.0,16.200793169961198,9.405739154765902,1.7276015433682583,4.6031478903036716
2002.0,GRC,100.0,500.0,GRC,GRC,500.0,500.0,13782.195640943,49.0,8.46998692,10902022.0,48.0,500.0,10862132.0,12.0,16.20445883458268,9.53120542195944,1.723328563077514,4.586305182653272
2003.0,GRC,100.0,500.0,GRC,GRC,500.0,550.0,18020.612039764,48.0,8.68253994,10928070.0,49.0,500.0,10902022.0,13.0,16.206845266335883,9.79932698552765,1.7203180995167158,4.575373327586664
2004.0,GRC,100.0,520.0,GRC,GRC,500.0,640.0,21449.2552764245,46.0,8.30002213,10955141.0,49.0,500.0,10928070.0,14.0,16.20931940176411,9.973491825284158,1.7183592796936906,4.746629915580274
2005.0,GRC,100.0,590.0,GRC,GRC,500.0,690.0,22054.1315756886,45.0,8.76117897,10987314.0,48.0,520.0,10955141.0,15.0,16.21225189250464,10.001300578319867,1.7486135813463397,5.369829241250409
2006.0,GRC,100.0,640.0,GRC,GRC,520.0,730.0,24416.0232970275,45.0,8.39596939,11020362.0,46.0,590.0,10987314.0,16.0,16.215255210514304,10.103035844126142,1.851572662513684,5.807431734093671
2007.0,GRC,100.0,670.0,GRC,GRC,540.0,750.0,28440.7625328955,45.0,8.52304935,11048473.0,45.0,640.0,11020362.0,17.0,16.217802786333664,10.255613855727388,1.9180149174719667,6.064186426486266
2008.0,GRC,100.0,680.0,GRC,GRC,540.0,760.0,31695.8331092209,45.0,8.948102,11077841.0,45.0,670.0,11048473.0,18.0,16.220457364700927,10.363972052957521,1.9550378540188607,6.138380213256355
2009.0,GRC,100.0,680.0,GRC,GRC,550.0,770.0,29425.4573200263,46.0,9.53581333,11107017.0,45.0,680.0,11077841.0,19.0,16.223087628714396,10.289649457496003,1.9654858897262035,6.1222558676195415
2010.0,GRC,100.0,680.0,GRC,GRC,540.0,770.0,26653.0488008626,47.0,9.61952496,11121341.0,45.0,680.0,11107017.0,20.0,16.224376433041076,10.190696343040022,1.9632245105819905,6.1143705601689575
2011.0,GRC,100.0,680.0,GRC,GRC,540.0,770.0,25504.7866510124,49.0,9.18577003,11104899.0,46.0,680.0,11121341.0,21.0,16.222896920267054,10.14666063289305,1.962116761032345,6.123423544869701
2012.0,GRC,100.0,670.0,GRC,GRC,530.0,770.0,21624.346052551,51.0,9.04327774,11045011.0,47.0,680.0,11104899.0,22.0,16.217489390761617,9.981621334102147,1.9633884448134111,6.066087213493947
2013.0,GRC,100.0,660.0,GRC,GRC,510.0,750.0,21573.3449762805,55.0,8.52183914,10965211.0,49.0,670.0,11045011.0,23.0,16.210238182695036,9.979260155179297,1.9553068915573508,6.019036022197841
2014.0,GRC,100.0,640.0,GRC,GRC,500.0,740.0,21474.7257123892,58.0,7.94358587,10892413.0,51.0,660.0,10965211.0,24.0,16.203577049794717,9.974678539640692,1.9486258898333972,5.875649408446044
2015.0,GRC,100.0,630.0,GRC,GRC,500.0,730.0,17980.7298238137,62.0,8.26719952,10820883.0,55.0,640.0,10892413.0,25.0,16.196988436185933,9.797111511618905,1.9279860985019595,5.822075703064159
1990.0,GTM,500.0,2300.0,GTM,GTM,1400.0,3600.0,847.688561830359,0.0,5.39686108,9024773.0,,,,0.0,16.015483909512323,6.743692289602332,,25.48540556089333
1991.0,GTM,500.0,2800.0,GTM,GTM,1800.0,4200.0,1014.40279682682,0.0,5.39686108,9272584.0,,2300.0,9024773.0,1.0,16.042572647350415,6.923040656918423,3.2765938477315557,30.19654499759722
1992.0,GTM,510.0,3200.0,GTM,GTM,2100.0,4300.0,1096.45976992698,0.0,5.39686108,9522266.0,0.0,2800.0,9272584.0,2.0,16.069143403654127,7.000753488174496,3.4403073514271147,33.60544643470367
1993.0,GTM,650.0,3500.0,GTM,GTM,2400.0,4700.0,1165.67442716224,0.0,5.39686108,9779761.0,0.0,3200.0,9522266.0,3.0,16.095825604084585,7.06191261064062,3.5440110810834233,35.78819564199984
1994.0,GTM,800.0,3500.0,GTM,GTM,2500.0,4800.0,1292.67202750483,0.0,5.39686108,10043718.0,0.0,3500.0,9779761.0,4.0,16.1224579224019,7.165239986602154,3.6051770231191624,34.84765303048134
1995.0,GTM,950.0,3500.0,GTM,GTM,2400.0,4600.0,1421.06177809796,0.0,5.39686108,10312996.0,0.0,3500.0,10043718.0,5.0,16.14891540543815,7.259863053932834,3.5792780985283126,33.937761635900955
1996.0,GTM,1100.0,3400.0,GTM,GTM,2400.0,4600.0,1481.05986750672,0.0,5.39686108,10583526.0,0.0,3500.0,10312996.0,6.0,16.17480919919357,7.301188201468404,3.553568239571384,32.12539941792556
1997.0,GTM,1300.0,3100.0,GTM,GTM,2200.0,4200.0,1638.46281851789,0.0,5.39686108,10857754.0,0.0,3400.0,10583526.0,7.0,16.200390037084784,7.402123917477915,3.50030034213333,28.551024456807546
1998.0,GTM,1400.0,2900.0,GTM,GTM,2100.0,4100.0,1741.20114182856,0.0,5.39686108,11139145.0,0.0,3100.0,10857754.0,8.0,16.225976039069113,7.462904616779228,3.3861184118402536,26.03431412375007
1999.0,GTM,1600.0,2700.0,GTM,GTM,1900.0,3800.0,1603.64776144934,0.0,5.39686108,11422965.0,0.0,2900.0,11139145.0,9.0,16.251136360717695,7.380659548207089,3.29710695257503,23.63659522724617
2000.0,GTM,1700.0,2700.0,GTM,GTM,1900.0,3500.0,1648.96578971559,0.0,5.39686108,11697592.0,0.0,2700.0,11422965.0,10.0,16.274893566619983,7.408509833173981,3.204232948405073,23.081673561533005
2001.0,GTM,1800.0,2300.0,GTM,GTM,1700.0,3100.0,1537.68663578252,0.0,6.07023716,11969422.0,0.0,2700.0,11697592.0,11.0,16.297865788983152,7.338684497630489,3.181451118089266,19.215631297818724
2002.0,GTM,1900.0,2300.0,GTM,GTM,1600.0,3000.0,1669.33517469705,0.0,6.01301289,12246915.0,0.0,2300.0,11969422.0,12.0,16.32078462650412,7.420779588683973,3.006456131782394,18.780239758339142
2003.0,GTM,1600.0,2000.0,GTM,GTM,1400.0,2600.0,1722.54701910774,11.0,6.15306854,12525842.0,0.0,2300.0,12246915.0,13.0,16.34330442822457,7.45213966676132,2.984683447371819,15.966990482555984
2004.0,GTM,1400.0,1700.0,GTM,GTM,1200.0,2300.0,1840.91184884,11.0,6.26182795,12807402.0,0.0,2000.0,12525842.0,14.0,16.365533842999678,7.518559359448608,2.8312697201221164,13.273574140953802
2005.0,GTM,1400.0,1700.0,GTM,GTM,1100.0,2200.0,2046.46611650758,12.0,6.14826393,13087629.0,11.0,1700.0,12807402.0,15.0,16.387177990845878,7.624358266876047,2.6584098655062114,12.989365759069116
2006.0,GTM,1300.0,1400.0,GTM,GTM,970.0,2000.0,2225.1234753878,18.0,6.36362219,13367459.0,11.0,1700.0,13087629.0,16.0,16.408333878659867,7.708016999923253,2.6382974523437177,10.473194643798795
2007.0,GTM,970.0,1300.0,GTM,GTM,900.0,1900.0,2458.81573919384,28.0,6.1918335,13652040.0,12.0,1400.0,13367459.0,17.0,16.429399518978073,7.807841723354325,2.4400134140525775,9.522386397930273
2008.0,GTM,680.0,1200.0,GTM,GTM,830.0,1700.0,2763.05988172926,36.0,6.08129978,13935174.0,18.0,1300.0,13652040.0,18.0,16.449926705364902,7.924455849533221,2.3535050254940963,8.611302592992379
2009.0,GTM,510.0,1100.0,GTM,GTM,730.0,1500.0,2611.64632773352,40.0,6.33938646,14215611.0,28.0,1200.0,13935174.0,19.0,16.46985128490819,7.868118905320232,2.26293975937346,7.7379720083786765
2010.0,GTM,500.0,1000.0,GTM,GTM,690.0,1500.0,2805.25960237322,44.0,6.1247797,14500112.0,36.0,1100.0,14215611.0,20.0,16.489666931498903,7.939607773265813,2.1676781270883927,6.896498454632626
2011.0,GTM,500.0,840.0,GTM,GTM,520.0,1300.0,3168.98370607705,49.0,5.96306896,14792126.0,40.0,1000.0,14500112.0,21.0,16.50960557013072,8.06148172681933,2.066419427625126,5.678696895902591
2012.0,GTM,500.0,830.0,GTM,GTM,530.0,1300.0,3286.61959336267,54.0,6.07316971,15089647.0,44.0,840.0,14792126.0,22.0,16.52951943749493,8.097919054033525,1.8989228930551771,5.500460017388081
2013.0,GTM,500.0,750.0,GTM,GTM,500.0,1200.0,3444.15802275864,59.0,5.77188921,15387337.0,49.0,830.0,15089647.0,23.0,16.54905545640493,8.144725052572428,1.8718729463032369,4.874137740662988
2014.0,GTM,500.0,780.0,GTM,GTM,500.0,1300.0,3689.14510410202,60.0,5.8885684,15681725.0,54.0,750.0,15387337.0,24.0,16.56800657959068,8.213421059866304,1.770559281712087,4.973942598789355
2015.0,GTM,500.0,890.0,GTM,GTM,580.0,1500.0,3893.50533299068,58.0,6.00602007,15971743.0,59.0,780.0,15681725.0,25.0,16.58633165637714,8.267321949723728,1.787407111242459,5.572341102658614
1990.0,GUY,100.0,500.0,GUY,GUY,200.0,580.0,528.851095342994,0.0,3.18737936,749894.0,,,,0.0,13.527687142190663,6.272596014888679,,66.6760902207512
1991.0,GUY,100.0,500.0,GUY,GUY,200.0,1000.0,466.039938988882,0.0,3.18737936,747861.0,,500.0,749894.0,1.0,13.524972410811284,6.146414776472193,4.214732945023376,66.85734381121625
1992.0,GUY,100.0,500.0,GUY,GUY,500.0,1100.0,498.156636569954,0.0,3.18737936,749911.0,0.0,500.0,747861.0,2.0,13.52770981180438,6.212919947436717,4.217407616403393,66.67457871667438
1993.0,GUY,100.0,500.0,GUY,GUY,500.0,900.0,603.084316652805,0.0,3.18737936,752965.0,0.0,500.0,749911.0,3.0,13.531774024958075,6.403713785299338,4.214710610385671,66.40414893122522
1994.0,GUY,100.0,500.0,GUY,GUY,500.0,880.0,721.437561135572,0.0,3.18737936,755822.0,0.0,500.0,752965.0,4.0,13.53556117770358,6.582630995678511,4.210706572866821,66.15314187732032
1995.0,GUY,200.0,530.0,GUY,GUY,500.0,930.0,819.668541584905,0.0,3.18737936,758388.0,0.0,500.0,755822.0,5.0,13.538950407012958,6.710119302701915,4.206975710814668,69.88507202118177
1996.0,GUY,200.0,570.0,GUY,GUY,500.0,990.0,927.523847211669,0.0,3.18737936,760526.0,0.0,530.0,758388.0,6.0,13.541765578131274,6.83359606405117,4.261059861597601,74.94812800614312
1997.0,GUY,200.0,610.0,GUY,GUY,500.0,1000.0,982.804753805587,0.0,3.18737936,762245.0,0.0,570.0,760526.0,7.0,13.544023305301273,6.8914274564349345,4.330050581024304,80.0267630486261
1998.0,GUY,200.0,630.0,GUY,GUY,500.0,1000.0,939.685488169724,0.0,3.18737936,763586.0,0.0,610.0,762245.0,8.0,13.545781036459266,6.846608852229514,4.394779508107463,82.50544143030386
1999.0,GUY,500.0,670.0,GUY,GUY,500.0,1100.0,908.790631391797,0.0,3.18737936,764483.0,0.0,630.0,763586.0,9.0,13.546955067347964,6.813214497645863,4.4249117965635305,87.64092857525935
2000.0,GUY,500.0,680.0,GUY,GUY,500.0,1000.0,931.796651718955,0.0,3.18737936,764832.0,0.0,670.0,764483.0,10.0,13.547411480848202,6.838187226094669,4.4845936987480215,88.90841387389649
2001.0,GUY,500.0,680.0,GUY,GUY,500.0,1000.0,931.574723847673,0.0,3.05506778,764477.0,0.0,680.0,764832.0,11.0,13.5469472188758,6.837949281120026,4.498791528576436,88.94970025259099
2002.0,GUY,500.0,680.0,GUY,GUY,500.0,1000.0,950.866932470993,0.0,3.19353795,763652.0,0.0,680.0,764477.0,12.0,13.545867466996013,6.858425248205492,4.499250628012902,89.0457957289446
2003.0,GUY,500.0,650.0,GUY,GUY,500.0,1000.0,973.742598054188,2.0,3.26884198,763101.0,0.0,680.0,763652.0,13.0,13.545145673721107,6.882173434147481,4.50031838234708,85.17876401682084
2004.0,GUY,500.0,610.0,GUY,GUY,500.0,950.0,1033.31030902188,10.0,3.43770432,762418.0,0.0,650.0,763101.0,14.0,13.544250240697151,6.941490115482766,4.456423790205301,80.00860420399309
2005.0,GUY,200.0,580.0,GUY,GUY,500.0,940.0,1084.06541388904,22.0,3.79409742,760914.0,2.0,610.0,762418.0,15.0,13.54227562125938,6.989395553455887,4.394555373771646,76.22411993996694
2006.0,GUY,200.0,550.0,GUY,GUY,500.0,930.0,3135.60553528326,28.0,3.93144464,758966.0,10.0,580.0,760914.0,16.0,13.53971225959048,8.050896454438696,4.34671184268878,72.46701433265785
2007.0,GUY,200.0,530.0,GUY,GUY,500.0,910.0,3608.28685240188,33.0,4.28126192,756861.0,22.0,550.0,758966.0,17.0,13.536934896008594,8.191265484000674,4.296836520895158,70.02606819482045
2008.0,GUY,200.0,500.0,GUY,GUY,500.0,900.0,4008.9628671603,40.0,4.20242214,754606.0,28.0,530.0,756861.0,18.0,13.533951037713177,8.296537260197965,4.263046967328958,66.25974349528097
2009.0,GUY,100.0,500.0,GUY,GUY,500.0,900.0,4209.13230624565,44.0,4.35117149,752094.0,33.0,500.0,754606.0,19.0,13.530616595120128,8.345249352844295,4.208561892675369,66.48105157068133
2010.0,GUY,100.0,500.0,GUY,GUY,500.0,830.0,4581.76179693492,46.0,4.21897697,749256.0,40.0,500.0,752094.0,20.0,13.526835993154855,8.430057107800497,4.211846840998572,66.73286566941071
2011.0,GUY,100.0,500.0,GUY,GUY,500.0,840.0,4947.22170589917,50.0,4.17213488,746153.0,44.0,500.0,749256.0,21.0,13.522685951990812,8.506783539683015,4.215571522525335,67.01038526950907
2012.0,GUY,100.0,500.0,GUY,GUY,500.0,890.0,5444.39751913913,53.0,3.7081871,746288.0,46.0,500.0,746153.0,22.0,13.522866863665536,8.602526038972046,4.219660418066503,66.99826340501254
2013.0,GUY,100.0,500.0,GUY,GUY,500.0,870.0,5556.91231156932,56.0,3.80231309,750021.0,50.0,500.0,746288.0,23.0,13.5278564851205,8.622977833202338,4.219482166688422,66.6648000522652
2014.0,GUY,100.0,500.0,GUY,GUY,500.0,890.0,5472.68820452237,57.0,3.94755435,754229.0,53.0,500.0,750021.0,24.0,13.533451314406328,8.607707928629159,4.214566104558688,66.29286330809343
2015.0,GUY,100.0,500.0,GUY,GUY,500.0,880.0,5640.41560569466,58.0,4.02264786,758781.0,56.0,500.0,754229.0,25.0,13.539468477193392,8.637890306915894,4.209054188057349,65.895166062408
1990.0,HND,520.0,2800.0,HND,HND,2100.0,3800.0,749.818113552631,0.0,6.26817989,4980488.0,,,,0.0,15.421038436167807,6.621163430090795,,56.21939054968108
1991.0,HND,660.0,3200.0,HND,HND,2500.0,4200.0,722.000657931123,0.0,6.26817989,5123792.0,,2800.0,4980488.0,1.0,15.449405347888337,6.583410132159904,4.046892836563513,62.45374519496498
1992.0,HND,810.0,3600.0,HND,HND,2900.0,4600.0,782.111518709432,0.0,6.26817989,5271431.0,0.0,3200.0,5123792.0,2.0,15.477812420659943,6.663275110765598,4.150311218343809,68.29265146409011
1993.0,HND,990.0,3900.0,HND,HND,3300.0,4900.0,772.74224772986,0.0,6.26817989,5423249.0,0.0,3600.0,5271431.0,3.0,15.506205640314013,6.65123880485958,4.238338861094055,71.91261179414775
1994.0,HND,1200.0,4100.0,HND,HND,3500.0,4900.0,735.886147157389,0.0,6.26817989,5579242.0,0.0,3900.0,5423249.0,4.0,15.534563482836187,6.602433398786903,4.289261625343079,73.48668510883736
1995.0,HND,1400.0,4200.0,HND,HND,3600.0,4900.0,814.049075569071,0.0,6.26817989,5739637.0,0.0,4100.0,5579242.0,5.0,15.562906525877871,6.70324832685016,4.310620386041278,73.17535934763819
1996.0,HND,1600.0,4000.0,HND,HND,3500.0,4800.0,812.817047602244,0.0,6.26817989,5903954.0,0.0,4200.0,5739637.0,6.0,15.59113285390418,6.701735583495445,4.306432010757509,67.75120537863269
1997.0,HND,1800.0,3900.0,HND,HND,3500.0,4600.0,917.272651200904,0.0,6.26817989,6071454.0,0.0,4000.0,5903954.0,7.0,15.619108673065856,6.822494352188512,4.230494269173096,64.23502508624787
1998.0,HND,2000.0,3700.0,HND,HND,3200.0,4300.0,988.655986927253,0.0,6.26817989,6234431.0,0.0,3900.0,6071454.0,8.0,15.645597873910264,6.897357394788438,4.177996519269609,59.34783783796789
1999.0,HND,2100.0,3400.0,HND,HND,2900.0,3900.0,999.004383328908,0.0,6.26817989,6400463.0,0.0,3700.0,6234431.0,9.0,15.671880889463218,6.907759662301438,4.1001251198589515,53.121157016297104
2000.0,HND,2300.0,3000.0,HND,HND,2600.0,3500.0,1092.56400746252,0.0,6.26817989,6577773.0,0.0,3400.0,6400463.0,10.0,15.699206796166399,6.997197372891647,3.9912251817935243,45.60814123564313
2001.0,HND,2400.0,2500.0,HND,HND,2100.0,2900.0,1132.1648753329,0.0,5.92998314,6757993.0,0.0,3000.0,6577773.0,11.0,15.726236510446425,7.0327697714760635,3.8417752305000588,36.99323157037895
2002.0,HND,2500.0,2100.0,HND,HND,1800.0,2500.0,1132.49965345317,1.0,6.2445755,6938859.0,0.0,2500.0,6757993.0,12.0,15.752647909744407,7.033065164215882,3.637408027292771,30.2643417311117
2003.0,HND,2300.0,1700.0,HND,HND,1400.0,2100.0,1156.08162681357,7.0,6.89004707,7119213.0,0.0,2100.0,6938859.0,13.0,15.778307743570993,7.053656275105779,3.4424782062993455,23.879043933648283
2004.0,HND,2000.0,1300.0,HND,HND,1000.0,1600.0,1215.13995412761,9.0,6.85484362,7298994.0,1.0,1700.0,7119213.0,14.0,15.803247088403017,7.103437149758265,3.21402584002847,17.810673635298233
2005.0,HND,1800.0,1100.0,HND,HND,780.0,1400.0,1304.70039153826,13.0,7.50086403,7478355.0,7.0,1300.0,7298994.0,15.0,15.827523405978662,7.174494874282417,2.9344244552872185,14.709117178844812
2006.0,HND,1700.0,830.0,HND,HND,560.0,1100.0,1425.84780051892,17.0,7.86318684,7656832.0,9.0,1100.0,7478355.0,16.0,15.851108879146711,7.263222954829167,2.754241255834613,10.839992310135576
2007.0,HND,1500.0,680.0,HND,HND,500.0,950.0,1577.73789197407,22.0,8.08494949,7834798.0,13.0,830.0,7656832.0,17.0,15.87408565169134,7.3643810042601965,2.4714829799738562,8.679228232814681
2008.0,HND,1400.0,560.0,HND,HND,500.0,860.0,1732.49062702803,25.0,8.60362625,8012587.0,17.0,680.0,7834798.0,18.0,15.896524238186435,7.457892358146532,2.2699821700950262,6.9890036763407375
2009.0,HND,1200.0,500.0,HND,HND,500.0,810.0,1781.15703614674,29.0,8.99592495,8189899.0,22.0,560.0,8012587.0,19.0,15.918412123640879,7.48557972768724,2.0780660556751323,6.105081393555647
2010.0,HND,1200.0,500.0,HND,HND,500.0,760.0,1893.32722662035,33.0,8.72536373,8365878.0,25.0,500.0,8189899.0,20.0,15.939671848042664,7.546619028949885,1.9608102172970492,5.97665899502718
2011.0,HND,1100.0,500.0,HND,HND,500.0,750.0,2073.66121088074,37.0,8.79187012,8540583.0,29.0,500.0,8365878.0,21.0,15.960339830413591,7.637553147469793,1.9425701481753164,5.85440127447974
2012.0,HND,1000.0,500.0,HND,HND,500.0,750.0,2126.03474686503,41.0,8.65655136,8715076.0,33.0,500.0,8540583.0,22.0,15.980564957494906,7.662484151157557,1.9248909677672237,5.737184621224187
2013.0,HND,910.0,500.0,HND,HND,500.0,740.0,2081.12843527945,45.0,8.47723007,8889278.0,37.0,500.0,8715076.0,23.0,16.00035638934384,7.641145935686984,1.9076421256737204,5.624753776403438
2014.0,HND,830.0,500.0,HND,HND,500.0,700.0,2179.88171977271,48.0,7.91455746,9063122.0,41.0,500.0,8889278.0,24.0,16.01972421027259,7.687484532623134,1.8908132053557234,5.516862732290264
2015.0,HND,780.0,500.0,HND,HND,500.0,680.0,2271.20265980349,52.0,7.4837904,9237305.0,45.0,500.0,9063122.0,25.0,16.038760734408207,7.72850497472023,1.8743930841071264,5.412834154550488
1990.0,HRV,100.0,100.0,HRV,HRV,100.0,100.0,5369.10978590681,26.0,7.65084314,4777368.0,,,,0.0,15.37940032520152,8.588603631596873,,2.093202784462072
1991.0,HRV,100.0,100.0,HRV,HRV,100.0,100.0,4000.91677428625,26.0,7.65084314,4689022.0,,100.0,4777368.0,1.0,15.360734589892663,8.294528718897016,1.1292070539405161,2.1326408790575093
1992.0,HRV,100.0,100.0,HRV,HRV,100.0,100.0,2321.15204123035,26.0,7.65084314,4575818.0,26.0,100.0,4689022.0,2.0,15.336296038523543,7.750249638680251,1.1418763801391483,2.1854016046966906
1993.0,HRV,100.0,100.0,HRV,HRV,100.0,100.0,2447.50319141761,26.0,7.65084314,4600463.0,26.0,100.0,4575818.0,3.0,15.341667508568147,7.803232174558966,1.1585783736015658,2.173694256425929
1994.0,HRV,100.0,100.0,HRV,HRV,100.0,100.0,3237.92646315285,26.0,7.65084314,4652024.0,26.0,100.0,4600463.0,4.0,15.352812951678752,8.082997215348565,1.1548962899363604,2.1496019796974393
1995.0,HRV,100.0,100.0,HRV,HRV,100.0,100.0,4929.02083885825,26.0,7.65084314,4620030.0,26.0,100.0,4652024.0,5.0,15.345911756543332,8.503098493976736,1.1472760892023872,2.164488109384571
1996.0,HRV,100.0,100.0,HRV,HRV,100.0,100.0,5299.74887884048,26.0,7.65084314,4557097.0,26.0,100.0,4620030.0,6.0,15.332196355953206,8.575603387453036,1.1519913077240531,2.19437944814429
1997.0,HRV,100.0,100.0,HRV,HRV,100.0,100.0,5330.9148941072,26.0,7.65084314,4534920.0,26.0,100.0,4557097.0,7.0,15.327318000802459,8.58146571982598,1.1613928430322695,2.2051105642436912
1998.0,HRV,100.0,100.0,HRV,HRV,100.0,100.0,5712.49829262763,26.0,7.65084314,4532135.0,26.0,100.0,4534920.0,8.0,15.326703688859368,8.65058677575547,1.1647465872015395,2.2064656061657475
1999.0,HRV,100.0,100.0,HRV,HRV,100.0,100.0,5269.01488637462,26.0,7.65084314,4512597.0,26.0,100.0,4532135.0,9.0,15.322383377237117,8.569788466270435,1.165169273263817,2.216018846797088
2000.0,HRV,100.0,100.0,HRV,HRV,100.0,100.0,4953.57515008131,26.0,7.65084314,4468302.0,26.0,100.0,4512597.0,10.0,15.31251902865066,8.508066701429396,1.168144211622026,2.237986599831435
2001.0,HRV,100.0,100.0,HRV,HRV,100.0,100.0,5364.88188501029,28.0,7.16995239,4299642.0,26.0,100.0,4468302.0,11.0,15.27404232138388,8.587816019004636,1.1749517168378112,2.325775029642003
2002.0,HRV,100.0,100.0,HRV,HRV,100.0,100.0,6219.56093667781,30.0,6.14300489,4302174.0,26.0,100.0,4299642.0,12.0,15.274631034295927,8.735615364412634,1.2017027385678412,2.3244062188093744
2003.0,HRV,100.0,100.0,HRV,HRV,100.0,100.0,8189.99059314699,31.0,6.29782534,4303399.0,28.0,100.0,4302174.0,13.0,15.27491573352706,9.010790121077266,1.2012910773511554,2.3237445563379087
2004.0,HRV,100.0,100.0,HRV,HRV,100.0,100.0,9718.92771524605,32.0,6.5067997,4304600.0,30.0,100.0,4303399.0,14.0,15.275194776312215,9.181933460723751,1.201092025766428,2.3230962226455416
2005.0,HRV,100.0,100.0,HRV,HRV,100.0,100.0,10443.4484003498,32.0,6.84068108,4310145.0,31.0,100.0,4304600.0,15.0,15.276482104205444,9.253825862672745,1.2008969455122196,2.3201075601864902
2006.0,HRV,100.0,100.0,HRV,HRV,100.0,100.0,11501.2327422844,33.0,6.90362167,4311159.0,32.0,100.0,4310145.0,16.0,15.27671733544301,9.350296447009368,1.199997180050138,2.3195618625988974
2007.0,HRV,100.0,100.0,HRV,HRV,100.0,200.0,13755.8149054063,35.0,7.38946152,4310217.0,32.0,100.0,4311159.0,17.0,15.276498808840353,9.529289609795088,1.199832805122992,2.3200688039604502
2008.0,HRV,100.0,100.0,HRV,HRV,100.0,200.0,15888.1184388903,38.0,7.63643503,4309705.0,33.0,100.0,4310217.0,18.0,15.276380014261793,9.673389779004351,1.1999855067981293,2.3203444319274755
2009.0,HRV,100.0,100.0,HRV,HRV,100.0,200.0,14474.52513863,40.0,8.03311729,4305181.0,35.0,100.0,4309705.0,19.0,15.275329739094865,9.580214580790383,1.2000685221037715,2.322782712271563
2010.0,HRV,100.0,100.0,HRV,HRV,100.0,200.0,13729.7472872883,43.0,7.94908857,4295427.0,38.0,100.0,4305181.0,20.0,15.273061526386682,9.527392924614356,1.2008025982099948,2.3280572571714058
2011.0,HRV,100.0,100.0,HRV,HRV,100.0,200.0,14691.591757962,46.0,7.62508154,4280622.0,40.0,100.0,4295427.0,21.0,15.269608884101823,9.595098683691875,1.2023887274898712,2.3361090981637718
2012.0,HRV,100.0,100.0,HRV,HRV,100.0,200.0,13507.6349882758,49.0,7.63413,4260368.0,43.0,100.0,4280622.0,22.0,15.264866099491112,9.511084388712403,1.204805187248262,2.3472150762563238
2013.0,HRV,100.0,100.0,HRV,HRV,100.0,200.0,14135.0903485872,53.0,6.37271595,4233922.0,46.0,100.0,4260368.0,23.0,15.258639308211553,9.556486405361904,1.2081286795779445,2.3618762934225055
2014.0,HRV,100.0,100.0,HRV,HRV,100.0,100.0,14186.7712230471,56.0,6.56612396,4201598.0,49.0,100.0,4233922.0,24.0,15.250975487081362,9.560135691083998,1.2124992387777758,2.3800468298014232
2015.0,HRV,100.0,100.0,HRV,HRV,100.0,100.0,12283.8750299177,63.0,6.65548038,4151725.0,53.0,100.0,4201598.0,25.0,15.239034468493696,9.416124112328667,1.2178895643697836,2.408637373621808
1990.0,HTI,3800.0,18000.0,HTI,HTI,14000.0,23000.0,451.720249689216,0.0,3.99165702,6854441.0,,,,0.0,15.740407321336914,6.115274384365341,,262.60347123857366
1991.0,HTI,4600.0,17000.0,HTI,HTI,14000.0,22000.0,496.545987433864,0.0,3.99165702,6995450.0,,18000.0,6854441.0,1.0,15.760770495678,6.209687989379599,5.574445971125007,243.01510267388088
1992.0,HTI,5500.0,16000.0,HTI,HTI,13000.0,20000.0,316.276513134354,0.0,3.99165702,7136571.0,0.0,17000.0,6995450.0,2.0,15.780742966856952,5.759773674842066,5.497230119582141,224.19730708207064
1993.0,HTI,6400.0,15000.0,HTI,HTI,12000.0,19000.0,258.066372258817,0.0,3.99165702,7278181.0,0.0,16000.0,7136571.0,3.0,15.800391526314636,5.5570842924171995,5.416976938299149,206.09545159704052
1994.0,HTI,7200.0,14000.0,HTI,HTI,11000.0,18000.0,292.134224374091,0.0,3.99165702,7419771.0,0.0,15000.0,7278181.0,4.0,15.819658752133613,5.680630607785457,5.333179805809038,188.68506858230532
1995.0,HTI,8000.0,14000.0,HTI,HTI,11000.0,17000.0,372.006104665125,0.0,3.99165702,7562546.0,0.0,14000.0,7419771.0,5.0,15.838718463947362,5.9215947859043245,5.245365163154165,185.122840905695
1996.0,HTI,8700.0,13000.0,HTI,HTI,11000.0,16000.0,377.229465025972,0.0,3.99165702,7707557.0,0.0,14000.0,7562546.0,6.0,15.857711834109192,5.935501061772327,5.226406890698851,168.66563555741462
1997.0,HTI,9300.0,13000.0,HTI,HTI,11000.0,15000.0,425.111085879256,0.0,3.99165702,7854298.0,0.0,13000.0,7707557.0,7.0,15.876571455850003,6.054700077250873,5.1338296505992,165.5144737314525
1998.0,HTI,9800.0,12000.0,HTI,HTI,10000.0,15000.0,465.363306259051,0.0,3.99165702,8002143.0,0.0,13000.0,7854298.0,8.0,15.895219938772009,6.144964957539598,5.115082234960397,149.95982951066983
1999.0,HTI,10000.0,12000.0,HTI,HTI,10000.0,14000.0,509.578585275375,0.0,3.99165702,8151296.0,0.0,12000.0,8002143.0,9.0,15.913687490979868,6.235544563613283,5.017013771692075,147.21585377343675
2000.0,HTI,10000.0,12000.0,HTI,HTI,10000.0,14000.0,820.600046761464,0.0,3.99165702,8303151.0,0.0,12000.0,8151296.0,10.0,15.93214563927656,6.711253715529469,4.998669682669775,144.52344658070172
2001.0,HTI,11000.0,12000.0,HTI,HTI,10000.0,14000.0,748.821159844528,0.0,3.7502923,8455918.0,0.0,12000.0,8303151.0,11.0,15.950377109228805,6.619834724555161,4.980337218513653,141.91244522475264
2002.0,HTI,11000.0,11000.0,HTI,HTI,10000.0,13000.0,720.969568042522,0.0,3.43250132,8607641.0,0.0,12000.0,8455918.0,12.0,15.968160855123674,6.581982988478917,4.962232171589804,127.79343376425666
2003.0,HTI,11000.0,11000.0,HTI,HTI,9500.0,13000.0,578.995291079709,1.0,3.53695321,8759912.0,0.0,11000.0,8607641.0,13.0,15.985696417200016,6.363019984679419,4.858209832279549,125.57203770996786
2004.0,HTI,11000.0,10000.0,HTI,HTI,9000.0,12000.0,683.185298155273,1.0,3.42928433,8910263.0,0.0,11000.0,8759912.0,14.0,16.002714316407545,6.528228784670539,4.8408116141451565,112.2301328254845
2005.0,HTI,10000.0,9700.0,HTI,HTI,8500.0,11000.0,775.845704056916,2.0,3.30554652,9061273.0,1.0,10000.0,8910263.0,15.0,16.019520175875144,6.655241751570884,4.729422321384384,107.04897645176345
2006.0,HTI,9400.0,9200.0,HTI,HTI,8100.0,11000.0,828.805700289589,5.0,3.48013902,9216562.0,1.0,9700.0,9061273.0,16.0,16.036512640961327,6.721191577349249,4.682584609995148,99.82030175677221
2007.0,HTI,8400.0,8600.0,HTI,HTI,7500.0,10000.0,984.566983448521,7.0,3.64734101,9373296.0,2.0,9200.0,9216562.0,17.0,16.0533753533004,6.893217093281994,4.613339741674923,91.75000981511732
2008.0,HTI,7600.0,8400.0,HTI,HTI,7100.0,10000.0,1094.66058421644,10.0,3.75722051,9530774.0,5.0,8600.0,9373296.0,18.0,16.07003648954126,6.999112733611464,4.529907807310907,88.13554911699721
2009.0,HTI,6800.0,8000.0,HTI,HTI,6900.0,9900.0,1196.8528706018,13.0,3.50277376,9689581.0,7.0,8400.0,9530774.0,19.0,16.086561742477976,7.088285958613954,4.4901582348941576,82.56290958298403
2010.0,HTI,6800.0,8200.0,HTI,HTI,7100.0,10000.0,1209.72733503094,13.0,4.54871035,9803294.0,10.0,8000.0,9689581.0,20.0,16.098229009613284,7.0989765613319,4.425599756366787,83.64535430641986
2011.0,HTI,6900.0,7700.0,HTI,HTI,6400.0,9700.0,1312.03953552013,16.0,5.91197777,9914904.0,13.0,8200.0,9803294.0,21.0,16.109549637589613,7.1800999846797335,4.438470225873115,77.66086287875304
2012.0,HTI,6300.0,7100.0,HTI,HTI,5900.0,8900.0,1361.39396587374,20.0,5.56462336,10069771.0,13.0,7700.0,9914904.0,22.0,16.125048523621867,7.216998700297082,4.365145736670843,70.50805822694478
2013.0,HTI,5600.0,7200.0,HTI,HTI,5900.0,9100.0,1457.83221179626,25.0,4.10524035,10222362.0,16.0,7100.0,10069771.0,23.0,16.14008823149665,7.28539153971368,4.269810145824267,70.43381950277245
2014.0,HTI,5200.0,7100.0,HTI,HTI,5800.0,8900.0,1460.18898613914,29.0,4.52035809,10373235.0,20.0,7200.0,10222362.0,24.0,16.154739489126978,7.287005757347647,4.268771419706681,68.44537890060333
2015.0,HTI,5000.0,7200.0,HTI,HTI,5900.0,9100.0,1411.12684746796,32.0,5.07518148,10523242.0,25.0,7100.0,10373235.0,25.0,16.169096892702647,7.252852249335489,4.240540528478337,68.4199793181607
1990.0,HUN,,,HUN,HUN,,,3323.53967237633,,6.76979256,10373988.0,,,,0.0,16.154812077154816,8.109086499107548,,
1991.0,HUN,,,HUN,HUN,,,3361.22268037924,,6.76979256,10373400.0,,,10373988.0,1.0,16.154755395320922,8.12035754627225,,
1992.0,HUN,,,HUN,HUN,,,3747.32966394956,,6.76979256,10369341.0,,,10373400.0,2.0,16.15436402948824,8.229065596787404,,
1993.0,HUN,,,HUN,HUN,,,3886.66608419616,,6.76979256,10357523.0,,,10369341.0,3.0,16.15322367354431,8.265564278197711,,
1994.0,HUN,,,HUN,HUN,,,4187.0311799663,,6.76979256,10343355.0,,,10357523.0,4.0,16.15185484250128,8.339986017035852,,
1995.0,HUN,,,HUN,HUN,,,4509.41740910077,,6.76979256,10328965.0,,,10343355.0,5.0,16.150462642465264,8.414144980121105,,
1996.0,HUN,,,HUN,HUN,,,4542.0120380978,,6.76979256,10311238.0,,,10328965.0,6.0,16.148744926378974,8.421345515568307,,
1997.0,HUN,,,HUN,HUN,,,4606.0569733295,,6.76979256,10290486.0,,,10311238.0,7.0,16.146730337015615,8.43534453154699,,
1998.0,HUN,,,HUN,HUN,,,4751.7732430202,,6.76979256,10266570.0,,,10290486.0,8.0,16.144403543646952,8.466483567295883,,
1999.0,HUN,,,HUN,HUN,,,4801.95949584162,,6.76979256,10237530.0,,,10266570.0,9.0,16.1415709375421,8.476987568533621,,
2000.0,HUN,,,HUN,HUN,,,4629.91760812548,,6.76979256,10210971.0,,,10237530.0,10.0,16.138973288459212,8.440510314943836,,
2001.0,HUN,,,HUN,HUN,,,5280.94887987063,,6.8197937,10187576.0,,,10210971.0,11.0,16.13667949662613,8.572050414633535,,
2002.0,HUN,,,HUN,HUN,,,6658.04494326809,,7.1181159,10158608.0,,,10187576.0,12.0,16.133831982854158,8.8037313513397,,
2003.0,HUN,,,HUN,HUN,,,8410.09248198479,,8.12986469,10129552.0,,,10158608.0,13.0,16.13096765017287,9.037306647263396,,
2004.0,HUN,,,HUN,HUN,,,10291.2694721409,,7.76592064,10107146.0,,,10129552.0,14.0,16.12875325638632,9.239148355738713,,
2005.0,HUN,,,HUN,HUN,,,11212.2046968994,,7.99248505,10087065.0,,,10107146.0,15.0,16.12676446795395,9.324847353613919,,
2006.0,HUN,,,HUN,HUN,,,11478.4891640501,,7.78556442,10071370.0,,,10087065.0,16.0,16.125207303107437,9.348317170978452,,
2007.0,HUN,,,HUN,HUN,,,13934.605460375,,7.20719147,10055780.0,,,10071370.0,17.0,16.123658151526826,9.542202387868835,,
2008.0,HUN,,,HUN,HUN,,,15762.6322515113,,7.09275723,10038188.0,,,10055780.0,18.0,16.121907177852076,9.665460809668723,,
2009.0,HUN,,,HUN,HUN,,,13051.1831777184,,7.2366724,10022650.0,,,10038188.0,19.0,16.12035808971257,9.476710692070629,,
2010.0,HUN,,,HUN,HUN,,,13189.8433874768,,7.46420383,10000023.0,,,10022650.0,20.0,16.118097950955676,9.487278185098338,,
2011.0,HUN,,,HUN,HUN,,,14211.460557822,,7.49342251,9971727.0,,,10000023.0,21.0,16.115264346596206,9.561874362879708,,
2012.0,HUN,,,HUN,HUN,,,12950.1594488143,,7.43047714,9920362.0,,,9971727.0,22.0,16.110099970530726,9.468940595846842,,
2013.0,HUN,,,HUN,HUN,,,13739.4620151401,,7.23645353,9872734.0,,,9920362.0,23.0,16.10528737406514,9.528100190767063,,
2014.0,HUN,,,HUN,HUN,,,14352.501883174,,7.04192352,9833038.0,,,9872734.0,24.0,16.10125849829261,9.571749225087057,,
2015.0,HUN,,,HUN,HUN,,,12782.9412577973,,6.8501935,9797755.0,,,9833038.0,25.0,16.09766383576494,9.45594507301719,,
1990.0,IDN,100.0,200.0,IDN,IDN,200.0,200.0,578.420121135382,0.0,1.85297656,183501098.0,,,,0.0,19.027731209092224,6.362027812270029,,0.10899117344791039
1991.0,IDN,100.0,500.0,IDN,IDN,500.0,500.0,624.387495384411,0.0,1.85297656,186778238.0,,200.0,183501098.0,1.0,19.04543257804315,6.438371450235441,0.10345074931754004,0.26769713932090955
1992.0,IDN,100.0,500.0,IDN,IDN,500.0,500.0,673.67103954742,0.0,1.85297656,190043744.0,0.0,500.0,186778238.0,2.0,19.062764835204487,6.51422522326086,0.2372019783700393,0.2630973214251136
1993.0,IDN,100.0,670.0,IDN,IDN,580.0,740.0,817.395116417856,0.0,1.85297656,193305168.0,0.0,500.0,190043744.0,3.0,19.079780679465244,6.707345247388254,0.23356689615989643,0.34660221810520864
1994.0,IDN,100.0,1100.0,IDN,IDN,970.0,1200.0,899.793982949817,0.0,1.85297656,196591828.0,0.0,670.0,193305168.0,4.0,19.096640198180665,6.8032765776892905,0.29758454431705905,0.5595349568650432
1995.0,IDN,100.0,1800.0,IDN,IDN,1500.0,2000.0,1011.22614205568,0.0,1.85297656,199888057.0,0.0,1100.0,196591828.0,5.0,19.113268052813396,6.919907285413154,0.44438767224575454,0.9005040256106948
1996.0,IDN,200.0,2800.0,IDN,IDN,2400.0,3100.0,1118.92133024129,0.0,1.85297656,203204348.0,0.0,1800.0,199888057.0,6.0,19.12972267107747,7.0210137209661445,0.6421191276299768,1.3779232716024363
1997.0,IDN,200.0,4200.0,IDN,IDN,3700.0,4800.0,1044.60674832472,0.0,1.85297656,206536095.0,0.0,2800.0,203204348.0,7.0,19.1459857492795,6.952352616310532,0.8662275318112953,2.0335428536111326
1998.0,IDN,500.0,6300.0,IDN,IDN,5500.0,7100.0,454.877800792123,0.0,1.85297656,209826788.0,0.0,4200.0,206536095.0,8.0,19.161792929283727,6.1222247928821085,1.109731195088346,3.0024764998070697
1999.0,IDN,500.0,9500.0,IDN,IDN,8300.0,11000.0,657.268934667018,0.0,1.85297656,213004668.0,0.0,6300.0,209826788.0,9.0,19.176824638926515,6.48961356312339,1.386913294492875,4.459996153699318
2000.0,IDN,770.0,17000.0,IDN,IDN,15000.0,19000.0,763.711124950924,0.0,1.85297656,216077790.0,0.0,9500.0,213004668.0,10.0,19.191149039702886,6.639498148069012,1.697448085305891,7.867536964349737
2001.0,IDN,1200.0,33000.0,IDN,IDN,30000.0,37000.0,732.307093405708,0.0,2.11850214,219097902.0,0.0,17000.0,216077790.0,11.0,19.205029228983566,6.597564568318627,2.182397076176798,15.061759925022011
2002.0,IDN,2000.0,42000.0,IDN,IDN,38000.0,48000.0,881.002913569131,0.0,1.98062706,222088495.0,0.0,33000.0,219097902.0,12.0,19.218586486532395,6.782195359367697,2.7764412868871657,18.911380348630846
2003.0,IDN,3100.0,42000.0,IDN,IDN,38000.0,47000.0,1043.2105838671,0.0,2.24837184,225048008.0,0.0,42000.0,222088495.0,13.0,19.23182430629768,6.951016456787084,2.991291445086837,18.6626846303834
2004.0,IDN,4400.0,46000.0,IDN,IDN,41000.0,51000.0,1126.84004447173,0.0,2.12002277,227926649.0,0.0,42000.0,225048008.0,14.0,19.24453442024509,7.02805961745645,2.978722658315309,20.18193142478921
2005.0,IDN,6100.0,50000.0,IDN,IDN,44000.0,55000.0,1238.21447629488,0.0,2.53189397,230871650.0,0.0,46000.0,227926649.0,15.0,19.257372486362165,7.122232971002534,3.0531485269877225,21.657054904749025
2006.0,IDN,7600.0,51000.0,IDN,IDN,45000.0,56000.0,1558.31562847163,2.0,2.61946416,233951652.0,0.0,50000.0,230871650.0,16.0,19.27062503658946,7.352002304289044,3.120471278254187,21.799375881303888
2007.0,IDN,9100.0,49000.0,IDN,IDN,44000.0,54000.0,1823.21976255073,2.0,2.82385564,237062337.0,0.0,51000.0,233951652.0,17.0,19.283833689830768,7.508907647231247,3.126733161958708,20.669668839044643
2008.0,IDN,11000.0,49000.0,IDN,IDN,44000.0,53000.0,2124.55483920618,3.0,2.54842305,240157903.0,2.0,49000.0,237062337.0,18.0,19.296807194132423,7.661788148080543,3.075913533430788,20.403242778148343
2009.0,IDN,13000.0,49000.0,IDN,IDN,44000.0,54000.0,2218.48541852977,4.0,2.62324095,243220028.0,2.0,49000.0,240157903.0,19.0,19.30947705663923,7.705030654543012,3.063542442237214,20.146367222686116
2010.0,IDN,15000.0,49000.0,IDN,IDN,44000.0,54000.0,3065.68348377765,5.0,2.7908783,246305322.0,3.0,49000.0,243220028.0,20.0,19.322082470652692,8.028351958194524,3.051468128218665,19.894007811978987
2011.0,IDN,17000.0,49000.0,IDN,IDN,44000.0,54000.0,3579.46442466152,6.0,2.98942471,249470032.0,4.0,49000.0,246305322.0,21.0,19.33484935371735,8.183247798539938,3.039462410301481,19.641637757917152
2012.0,IDN,20000.0,48000.0,IDN,IDN,43000.0,52000.0,3632.27254030331,7.0,2.91427088,252698525.0,5.0,49000.0,249470032.0,22.0,19.347707735380563,8.197889047382532,3.027310286201714,18.994966432827418
2013.0,IDN,22000.0,45000.0,IDN,IDN,41000.0,50000.0,3566.60284506078,8.0,2.86934805,255852467.0,6.0,48000.0,252698525.0,23.0,19.360111535537463,8.179649177263643,2.995480563519049,17.58826112862926
2014.0,IDN,24000.0,43000.0,IDN,IDN,39000.0,47000.0,3441.06808464008,10.0,2.96433568,258877399.0,7.0,45000.0,255852467.0,24.0,19.371865144657846,8.14382775712207,2.922530259361051,16.610179245504547
2015.0,IDN,25000.0,41000.0,IDN,IDN,37000.0,45000.0,3288.22269725538,12.0,2.92428517,261799249.0,8.0,43000.0,258877399.0,25.0,19.383088542833974,8.098406553612692,2.868477101076673,15.660854703215746
1990.0,IND,,,IND,IND,,,371.085936203765,,4.10568476,864972221.0,,,,0.0,20.578207949929606,5.9191248388945885,,
1991.0,IND,,,IND,IND,,,305.574055928592,,4.10568476,883927600.0,,,864972221.0,1.0,20.599885716795402,5.725459344229149,,
1992.0,IND,,,IND,IND,,,319.182472626315,,4.10568476,902957070.0,,,883927600.0,2.0,20.621185568722886,5.768891060233393,,
1993.0,IND,,,IND,IND,,,302.884806246174,,4.10568476,922118387.0,,,902957070.0,3.0,20.642184175664106,5.716648702773516,,
1994.0,IND,,,IND,IND,,,347.73421473994,,4.10568476,941163767.0,,,922118387.0,4.0,20.662627717476383,5.854310069716765,,
1995.0,IND,,,IND,IND,,,375.17600537305,,4.10568476,960301044.0,,,941163767.0,5.0,20.68275738076787,5.930057133261959,,
1996.0,IND,,,IND,IND,,,401.046754673579,,4.10568476,979678458.0,,,960301044.0,6.0,20.702734971709337,5.996568387014257,,
1997.0,IND,,,IND,IND,,,416.228116203753,,4.10568476,999133762.0,,,979678458.0,7.0,20.72239922354547,6.033633113482281,,
1998.0,IND,,,IND,IND,,,413.630864056851,,4.10568476,1018665080.0,,,999133762.0,8.0,20.74175886198974,6.02738864020453,,
1999.0,IND,,,IND,IND,,,441.927991436397,,4.10568476,1038225823.0,,,1018665080.0,9.0,20.760779153904945,6.093407209285215,,
2000.0,IND,,,IND,IND,,,442.750218937263,,4.10568476,1057922733.0,,,1038225823.0,10.0,20.779573136524686,6.095261834169252,,
2001.0,IND,,,IND,IND,,,450.357900514128,,4.33754253,1077898575.0,,,1057922733.0,11.0,20.798279218735953,6.1122605957764735,,
2002.0,IND,,,IND,IND,,,469.149928973927,,4.31453371,1097600380.0,,,1077898575.0,12.0,20.816392161145746,6.1530516416519845,,
2003.0,IND,,,IND,IND,,,544.143133545002,,4.07877731,1116803006.0,,,1097600380.0,13.0,20.833735981587672,6.301048390539731,,
2004.0,IND,,,IND,IND,,,624.258826510066,,4.02679491,1135991513.0,,,1116803006.0,14.0,20.850771686266757,6.438165686427485,,
2005.0,IND,,,IND,IND,,,710.488080408949,,3.85508275,1154676322.0,,,1135991513.0,15.0,20.867085900952766,6.56735866462633,,
2006.0,IND,,,IND,IND,,,801.668353659022,,3.66901541,1172878890.0,,,1154676322.0,16.0,20.882727153205458,6.687941619493055,,
2007.0,IND,,,IND,IND,,,1021.88707706826,,3.58103991,1190676021.0,,,1172878890.0,17.0,20.89778706764467,6.930384375761356,,
2008.0,IND,,,IND,IND,,,992.519584923828,,3.58856082,1207930964.0,,,1190676021.0,18.0,20.912174785819346,6.901253774856281,,
2009.0,IND,,,IND,IND,,,1094.94974598436,,3.54637694,1225524753.0,,,1207930964.0,19.0,20.926634959014873,6.999376614252665,,
2010.0,IND,,,IND,IND,,,1347.51939071367,,3.33625913,1243481564.0,,,1225524753.0,20.0,20.941180995203176,7.206762521945196,,
2011.0,IND,,,IND,IND,,,1445.46127486037,,3.24634218,1261224954.0,,,1243481564.0,21.0,20.955349271357615,7.276875352443838,,
2012.0,IND,,,IND,IND,,,1429.32199520032,,3.32935286,1278674502.0,,,1261224954.0,22.0,20.969089833017946,7.265654869375418,,
2013.0,IND,,,IND,IND,,,1432.84397512195,,3.74944186,1295829511.0,,,1278674502.0,23.0,20.982416876068694,7.268114211280397,,
2014.0,IND,,,IND,IND,,,1553.88396075118,,3.61956549,1312277191.0,,,1295829511.0,24.0,20.995029778781227,7.349156198517738,,
2015.0,IND,,,IND,IND,,,1583.99815907985,,3.59565973,1328024498.0,,,1312277191.0,25.0,21.00695833511966,7.368338524846889,,
1990.0,IRL,100.0,200.0,IRL,IRL,200.0,200.0,14031.3025675469,40.0,5.8990283,3513974.0,,,,0.0,15.07225814872628,9.549117277060999,,5.69156174746882
1991.0,IRL,100.0,200.0,IRL,IRL,200.0,200.0,14087.2074393708,40.0,5.8990283,3534235.0,,200.0,3513974.0,1.0,15.078007426538338,9.553093374611278,1.9008472919586823,5.658933262785299
1992.0,IRL,100.0,200.0,IRL,IRL,200.0,200.0,15714.3847487231,40.0,5.8990283,3558430.0,40.0,200.0,3534235.0,2.0,15.084829994318202,9.66239543182876,1.8959593009706346,5.6204562124307635
1993.0,IRL,100.0,200.0,IRL,IRL,200.0,200.0,14657.0615549805,40.0,5.8990283,3576261.0,40.0,200.0,3558430.0,3.0,15.089828399189333,9.592745739888937,1.8901642818389037,5.592432990768851
1994.0,IRL,100.0,200.0,IRL,IRL,200.0,200.0,15902.9296755168,40.0,5.8990283,3590386.0,40.0,200.0,3576261.0,4.0,15.093770275575869,9.674321507075513,1.885922474729308,5.570431702886542
1995.0,IRL,100.0,200.0,IRL,IRL,200.0,200.0,19158.4564773907,40.0,5.8990283,3608841.0,40.0,200.0,3590386.0,5.0,15.098897226129056,9.86055168355415,1.8825795385397388,5.541945461160522
1996.0,IRL,100.0,200.0,IRL,IRL,200.0,500.0,20835.8977130847,40.0,5.8990283,3637510.0,40.0,200.0,3608841.0,6.0,15.106809939599,9.944480622650184,1.8782345923588066,5.498266671431831
1997.0,IRL,100.0,200.0,IRL,IRL,200.0,500.0,22551.1139134126,40.0,5.8990283,3674171.0,40.0,200.0,3637510.0,7.0,15.116838086951185,10.023584083925773,1.8715354754063447,5.443404784371767
1998.0,IRL,100.0,200.0,IRL,IRL,200.0,500.0,24294.8547674007,40.0,5.8990283,3712696.0,40.0,200.0,3674171.0,8.0,15.1272688553123,10.09806102907357,1.8630570936326685,5.386920986797734
1999.0,IRL,100.0,200.0,IRL,IRL,200.0,500.0,26338.1077543817,40.0,5.8990283,3754786.0,40.0,200.0,3712696.0,9.0,15.138541850877248,10.17881010055427,1.8542523035616028,5.3265352539399045
2000.0,IRL,100.0,500.0,IRL,IRL,200.0,500.0,26334.5672050501,40.0,5.8990283,3805174.0,40.0,200.0,3754786.0,10.0,15.151872277535919,10.178675669754663,1.8447527330555713,13.140003584592979
2001.0,IRL,100.0,500.0,IRL,IRL,200.0,500.0,28282.409882073,45.0,6.39249372,3866243.0,40.0,500.0,3805174.0,11.0,15.167793792439848,10.250030688486994,2.6490079139756775,12.932451478088678
2002.0,IRL,100.0,500.0,IRL,IRL,200.0,500.0,32705.4345565698,48.0,6.67263031,3931947.0,40.0,500.0,3866243.0,12.0,15.184645281012877,10.395327112957869,2.634220757813371,12.716346380050393
2003.0,IRL,100.0,500.0,IRL,IRL,200.0,500.0,41203.5295847568,52.0,7.00761414,3996521.0,45.0,500.0,3931947.0,13.0,15.200934790632179,10.6263034706721,2.6185882880037634,12.510881339044634
2004.0,IRL,100.0,500.0,IRL,IRL,200.0,500.0,47754.2023194244,54.0,7.21972942,4070262.0,48.0,500.0,3996521.0,14.0,15.219217928811268,10.773843289072248,2.603495385895005,12.28422150711674
2005.0,IRL,100.0,500.0,IRL,IRL,200.0,500.0,50933.0216095589,55.0,7.64242792,4159914.0,52.0,500.0,4070262.0,15.0,15.241004958946831,10.838286380231825,2.586576978105736,12.019479248849857
2006.0,IRL,100.0,500.0,IRL,IRL,500.0,500.0,54329.1618599624,56.0,7.51646996,4273591.0,54.0,500.0,4159914.0,16.0,15.267965015382789,10.902834818741617,2.5664466397324612,11.699762565018505
2007.0,IRL,100.0,500.0,IRL,IRL,500.0,500.0,61396.417461176,57.0,7.80773735,4398942.0,55.0,500.0,4273591.0,17.0,15.296874615429205,11.02512305235775,2.541583297621945,11.366369458838058
2008.0,IRL,100.0,500.0,IRL,IRL,500.0,500.0,61353.1065629523,58.0,9.12564754,4489544.0,56.0,500.0,4398942.0,18.0,15.317261695540926,11.02441738454034,2.5149806476784287,11.136988522665108
2009.0,IRL,100.0,500.0,IRL,IRL,500.0,500.0,52133.0906162544,59.0,10.52275753,4535375.0,57.0,500.0,4489544.0,19.0,15.32741832830016,10.861574344206971,2.4962576924753557,11.024446710580714
2010.0,IRL,100.0,500.0,IRL,IRL,500.0,500.0,48623.9666422487,61.0,10.52062798,4560155.0,58.0,500.0,4535375.0,20.0,15.33286717214095,10.79189239489992,2.4869418033391395,10.964539582536121
2011.0,IRL,100.0,500.0,IRL,IRL,500.0,500.0,52613.8540355689,64.0,10.4888649,4580084.0,59.0,500.0,4560155.0,21.0,15.337227896533534,10.870753754973,2.4819472402635863,10.916830346342993
2012.0,IRL,100.0,500.0,IRL,IRL,500.0,500.0,49335.8408099555,67.0,10.47466946,4599533.0,61.0,500.0,4580084.0,22.0,15.341465334566513,10.806426359049933,2.4779517157350317,10.870668826596091
2013.0,IRL,100.0,500.0,IRL,IRL,500.0,500.0,52537.6108648692,70.0,10.0333004,4623816.0,64.0,500.0,4599533.0,23.0,15.34673089615507,10.869303623317657,2.47407055299849,10.813579087057096
2014.0,IRL,100.0,500.0,IRL,IRL,500.0,500.0,57214.5379785709,73.0,9.23077869,4657740.0,67.0,500.0,4623816.0,24.0,15.354040909920927,10.954580783461623,2.4692496399328436,10.734819891191865
2015.0,IRL,100.0,500.0,IRL,IRL,500.0,500.0,64250.1385181257,75.0,7.07827806,4701957.0,70.0,500.0,4657740.0,25.0,15.363489362995674,11.070554722726937,2.4625604811828077,10.633870109828738
1990.0,IRN,,,IRN,IRN,,,2137.94222739877,,4.72250843,58380092.0,,,,0.0,17.88248549927115,7.668066699553916,,
1991.0,IRN,,,IRN,IRN,,,2194.43906803657,,4.72250843,59986931.0,,,58380092.0,1.0,17.90963727979421,7.694137336501899,,
1992.0,IRN,,,IRN,IRN,,,1957.48507794252,,4.72250843,61184983.0,,,59986931.0,2.0,17.929412341555988,7.579926533951264,,
1993.0,IRN,,,IRN,IRN,,,1038.10985682067,,4.72250843,61403543.0,,,61184983.0,3.0,17.932978095035644,6.946119718734763,,
1994.0,IRN,,,IRN,IRN,,,1167.76272513795,,4.72250843,61520598.0,,,61403543.0,4.0,17.934882603530543,7.063700968362192,,
1995.0,IRN,,,IRN,IRN,,,1550.0095955025,,4.72250843,62205567.0,,,61520598.0,5.0,17.945955055312094,7.346661349812785,,
1996.0,IRN,,,IRN,IRN,,,1914.78121294313,,4.72250843,62881300.0,,,62205567.0,6.0,17.956759380171768,7.557880762523806,,
1997.0,IRN,,,IRN,IRN,,,1790.06617575598,,4.72250843,63639638.0,,,62881300.0,7.0,17.968747073171297,7.490566350432261,,
1998.0,IRN,,,IRN,IRN,,,1709.19334096046,,4.72250843,64519859.0,,,63639638.0,8.0,17.982483625850016,7.444361707994511,,
1999.0,IRN,,,IRN,IRN,,,1739.59462001458,,4.72250843,65445391.0,,,64519859.0,9.0,17.996726627672498,7.461982069470814,,
2000.0,IRN,,,IRN,IRN,,,1650.01385833785,,4.72250843,66418659.0,,,65445391.0,10.0,18.011488584007164,7.40914483779032,,
2001.0,IRN,,,IRN,IRN,,,1881.02266635283,,5.16087341,67452005.0,,,66418659.0,11.0,18.026926865898997,7.540102363830945,,
2002.0,IRN,,,IRN,IRN,,,1891.25756091033,,4.65182209,68011317.0,,,67452005.0,12.0,18.03518467576362,7.545525871906134,,
2003.0,IRN,,,IRN,IRN,,,2208.99636552406,,4.95589161,68769340.0,,,68011317.0,13.0,18.04626856404188,7.700746149951197,,
2004.0,IRN,,,IRN,IRN,,,2672.4226651404,,5.12801409,70256316.0,,,68769340.0,14.0,18.067660769610004,7.891114827522082,,
2005.0,IRN,,,IRN,IRN,,,3132.0508192007,,5.29996157,71828455.0,,,70256316.0,15.0,18.089791264700906,8.049762511440077,,
2006.0,IRN,,,IRN,IRN,,,3618.91601364428,,5.15990877,73392747.0,,,71828455.0,16.0,18.111335673988354,8.194206103899926,,
2007.0,IRN,,,IRN,IRN,,,4687.99166260718,,4.91188192,74602648.0,,,73392747.0,17.0,18.127686560522573,8.452972841013187,,
2008.0,IRN,,,IRN,IRN,,,5377.4115072957,,5.03990459,75514204.0,,,74602648.0,18.0,18.139831328974893,8.59014835069138,,
2009.0,IRN,,,IRN,IRN,,,5415.52280553446,,6.11493444,76457825.0,,,75514204.0,19.0,18.152249839581536,8.597209339758825,,
2010.0,IRN,,,IRN,IRN,,,6291.19443655454,,6.29153061,77420842.0,,,76457825.0,20.0,18.164766578797337,8.747065165886742,,
2011.0,IRN,,,IRN,IRN,,,8025.68743364356,,6.09787989,78383598.0,,,77420842.0,21.0,18.17712525424967,8.990527197999253,,
2012.0,IRN,,,IRN,IRN,,,8114.08099831877,,6.12235355,79370580.0,,,78383598.0,22.0,18.18963832858729,9.001479461207415,,
2013.0,IRN,,,IRN,IRN,,,6222.74194840326,,5.73697805,80414686.0,,,79370580.0,23.0,18.20270737916012,8.736126604266584,,
2014.0,IRN,,,IRN,IRN,,,5672.06372896319,,6.81539536,81502045.0,,,80414686.0,24.0,18.21613866992083,8.643484590995744,,
2015.0,IRN,,,IRN,IRN,,,4952.73355532178,,8.38232708,82619362.0,,,81502045.0,25.0,18.22975461780189,8.507896824856799,,
1990.0,IRQ,100.0,100.0,IRQ,IRQ,100.0,100.0,10261.4157706888,37.0,2.99693608,17581206.0,,,,0.0,16.68234104855098,9.236243546242354,,0.5687891945524101
1991.0,IRQ,100.0,100.0,IRQ,IRQ,100.0,100.0,22.9521327615352,37.0,2.99693608,17767253.0,,100.0,17581206.0,1.0,16.692867601799588,3.176057370478177,0.4503041081610891,0.5628332078121474
1992.0,IRQ,100.0,100.0,IRQ,IRQ,100.0,100.0,30.2539012636825,37.0,2.99693608,18300845.0,37.0,100.0,17767253.0,2.0,16.72245779160901,3.4421442088283314,0.44650033289300506,0.5464228564309462
1993.0,IRQ,100.0,100.0,IRQ,IRQ,100.0,100.0,53.7437842348819,37.0,2.99693608,19201195.0,37.0,100.0,18300845.0,3.0,16.77048307464454,4.002663832295102,0.4359444292159379,0.5208009189011413
1994.0,IRQ,100.0,100.0,IRQ,IRQ,100.0,100.0,198.182101881974,37.0,2.99693608,20139807.0,37.0,100.0,19201195.0,4.0,16.81820886228921,5.2942194911236555,0.41923711641411265,0.4965290878904649
1995.0,IRQ,100.0,100.0,IRQ,IRQ,100.0,100.0,619.135530927038,37.0,2.99693608,20825860.0,37.0,100.0,20139807.0,5.0,16.85170604168311,6.429938052419433,0.4031484854023465,0.4801722473885832
1996.0,IRQ,100.0,100.0,IRQ,IRQ,100.0,100.0,485.258492784825,37.0,2.99693608,21501321.0,37.0,100.0,20825860.0,6.0,16.883624933070884,6.186740360661518,0.392158464374669,0.46508770321600246
1997.0,IRQ,100.0,100.0,IRQ,IRQ,100.0,100.0,936.341170908421,37.0,2.99693608,22176593.0,37.0,100.0,21501321.0,7.0,16.914547921234732,6.843047325794083,0.3819151063536047,0.45092589289977947
1998.0,IRQ,100.0,100.0,IRQ,IRQ,100.0,100.0,900.937142559106,37.0,2.99693608,22884399.0,37.0,100.0,22176593.0,8.0,16.945965969981533,6.804544830892822,0.37220189947563764,0.4369789217536366
1999.0,IRQ,100.0,100.0,IRQ,IRQ,100.0,100.0,1560.36466710272,37.0,2.99693608,23636527.0,37.0,100.0,22884399.0,9.0,16.97830382769601,7.353315504445087,0.36254293875941035,0.42307399898470704
2000.0,IRQ,100.0,100.0,IRQ,IRQ,100.0,100.0,1980.18916038782,37.0,2.99693608,24424056.0,37.0,100.0,23636527.0,10.0,17.01107910622095,7.591452529463409,0.3528193198531282,0.4094324054939933
2001.0,IRQ,100.0,100.0,IRQ,IRQ,100.0,100.0,1435.695683789,32.0,2.99693608,25197840.0,37.0,100.0,24424056.0,11.0,17.042268834522257,7.270101091758663,0.34318707405031884,0.39685941334654085
2002.0,IRQ,100.0,100.0,IRQ,IRQ,100.0,100.0,1266.15961275094,29.0,2.99693608,26006559.0,37.0,100.0,25197840.0,12.0,17.073859333401995,7.1445331493014255,0.33422644052687883,0.3845183824588251
2003.0,IRQ,100.0,100.0,IRQ,IRQ,100.0,100.0,817.887862499622,27.0,2.99693608,26802659.0,32.0,100.0,26006559.0,13.0,17.104011656977374,6.707947154453786,0.325352340867443,0.37309731097948157
2004.0,IRQ,100.0,100.0,IRQ,IRQ,100.0,200.0,1328.37157628292,24.0,3.90128636,27577878.0,29.0,100.0,26802659.0,14.0,17.13252448755795,7.192461610517556,0.3170689989862715,0.3626094799607134
2005.0,IRQ,100.0,100.0,IRQ,IRQ,100.0,200.0,1762.39360423421,24.0,3.01704645,28407448.0,27.0,100.0,27577878.0,15.0,17.16216192227012,7.474995415695124,0.30940159659193556,0.3520203574780811
2006.0,IRQ,100.0,100.0,IRQ,IRQ,100.0,200.0,2276.55435744086,23.0,2.49370432,28616515.0,24.0,100.0,28407448.0,16.0,17.169494556683844,7.730857496002255,0.30160003481368525,0.34944856143384334
2007.0,IRQ,100.0,100.0,IRQ,IRQ,100.0,200.0,3128.99010329066,23.0,3.2148056,28391607.0,24.0,100.0,28616515.0,17.0,17.161604131285365,8.048785121641233,0.29969603599054456,0.3522167660322996
2008.0,IRQ,100.0,100.0,IRQ,IRQ,100.0,200.0,4542.96609046032,21.0,3.06604242,28971036.0,23.0,100.0,28391607.0,18.0,17.181807130238326,8.421555497886418,0.3017452946748537,0.3451723300471547
2009.0,IRQ,100.0,100.0,IRQ,IRQ,100.0,200.0,3714.71205987194,21.0,3.77203989,30058206.0,23.0,100.0,28971036.0,19.0,17.21864625986942,8.220325610352356,0.2965221312754239,0.33268785236218024
2010.0,IRQ,100.0,100.0,IRQ,IRQ,100.0,200.0,4461.75196161555,20.0,3.23955345,31045366.0,21.0,100.0,30058206.0,20.0,17.250960112049693,8.403520886480655,0.28719784450398445,0.3221092642296438
2011.0,IRQ,100.0,100.0,IRQ,IRQ,100.0,100.0,5775.54229080293,21.0,2.80316377,32161424.0,21.0,100.0,31045366.0,21.0,17.286278279901737,8.661560563077426,0.27922838871732353,0.3109315060178927
2012.0,IRQ,100.0,100.0,IRQ,IRQ,100.0,100.0,6477.59618450955,21.0,2.69365859,33654842.0,20.0,100.0,32161424.0,22.0,17.33166749671975,8.776259127683907,0.2707379578163269,0.2971340646911966
2013.0,IRQ,100.0,100.0,IRQ,IRQ,100.0,100.0,6650.35282247395,23.0,2.80868459,35281989.0,21.0,100.0,33654842.0,23.0,17.37888316506473,8.802575544911397,0.2601572652131509,0.28343073288753645
2014.0,IRQ,100.0,100.0,IRQ,IRQ,100.0,100.0,6249.39226978969,24.0,2.78786659,36550059.0,21.0,100.0,35281989.0,24.0,17.414193358385845,8.740399503927273,0.24953675250816787,0.2735973695692256
2015.0,IRQ,100.0,100.0,IRQ,IRQ,100.0,200.0,4440.14189252367,27.0,3.15587044,37560535.0,23.0,100.0,36550059.0,25.0,17.44146445607936,8.398666805361218,0.2418454707550522,0.266236889330783
1990.0,ISL,100.0,100.0,ISL,ISL,100.0,100.0,26272.2452156659,31.0,8.89924335,254826.0,,,,0.0,12.448336238290661,10.176306408192968,,39.24246348488773
1991.0,ISL,100.0,100.0,ISL,ISL,100.0,100.0,27739.8886025504,31.0,8.89924335,257797.0,,100.0,254826.0,1.0,12.459927732491664,10.230662726612813,3.6949227437210013,38.79021090237668
1992.0,ISL,100.0,100.0,ISL,ISL,100.0,100.0,28072.4041083276,31.0,8.89924335,261057.0,31.0,100.0,257797.0,2.0,12.472494053265628,10.242577934120181,3.683620924811236,38.30581060841119
1993.0,ISL,100.0,100.0,ISL,ISL,100.0,100.0,24404.0275812365,31.0,8.89924335,263725.0,31.0,100.0,261057.0,3.0,12.48266217255001,10.102544438467566,3.6713723605774207,37.91828609346857
1994.0,ISL,100.0,100.0,ISL,ISL,100.0,100.0,24858.2031335605,31.0,8.89924335,266021.0,31.0,100.0,263725.0,4.0,12.491330532016077,10.120983310390075,3.6614642196952483,37.59101725051782
1995.0,ISL,100.0,100.0,ISL,ISL,100.0,100.0,27564.569102386,31.0,8.89924335,267468.0,31.0,100.0,266021.0,5.0,12.496755211994193,10.224322776643639,3.6530195356715915,37.3876501114152
1996.0,ISL,100.0,100.0,ISL,ISL,100.0,100.0,28583.5208959793,31.0,8.89924335,268916.0,31.0,100.0,267468.0,6.0,12.502154342160287,10.260620622878209,3.647735796183657,37.18633327879338
1997.0,ISL,100.0,100.0,ISL,ISL,100.0,100.0,28461.7664095122,31.0,8.89924335,271128.0,31.0,100.0,268916.0,7.0,12.510346313074875,10.256352070346185,3.6424776840275896,36.882948275353336
1998.0,ISL,100.0,100.0,ISL,ISL,100.0,100.0,31519.1647473126,31.0,8.89924335,274047.0,31.0,100.0,271128.0,8.0,12.521054903506846,10.358382770712998,3.634501097267831,36.490091115757515
1999.0,ISL,100.0,100.0,ISL,ISL,100.0,100.0,32834.4215745364,31.0,8.89924335,277381.0,31.0,100.0,274047.0,9.0,12.53314729136642,10.399263137724512,3.6240766611465083,36.05149595682473
2000.0,ISL,100.0,100.0,ISL,ISL,100.0,100.0,32503.578963236,31.0,8.89924335,281205.0,31.0,100.0,277381.0,10.0,12.546839219699402,10.389136249570091,3.612308727629401,35.56124535481233
2001.0,ISL,100.0,100.0,ISL,ISL,100.0,100.0,29208.1981853568,37.0,8.75266171,284968.0,31.0,100.0,281205.0,11.0,12.560132172245083,10.282238945000126,3.598988809321243,35.09165941439039
2002.0,ISL,100.0,100.0,ISL,ISL,100.0,100.0,32749.379004627,43.0,9.40382481,287523.0,31.0,100.0,284968.0,12.0,12.569058136019713,10.396669813656802,3.586061797492096,34.77982630954741
2003.0,ISL,100.0,100.0,ISL,ISL,100.0,100.0,39944.2104095591,48.0,9.72930241,289521.0,37.0,100.0,287523.0,13.0,12.575983112224474,10.595264054384034,3.577384223668215,34.53980885669779
2004.0,ISL,100.0,100.0,ISL,ISL,100.0,100.0,47809.6073050042,51.0,9.32854366,292074.0,43.0,100.0,289521.0,14.0,12.584762473801348,10.775002804007665,3.5706534444536797,34.237898614734625
2005.0,ISL,100.0,100.0,ISL,ISL,100.0,100.0,57783.7745608117,54.0,8.94694996,296734.0,48.0,100.0,292074.0,15.0,12.600591393579396,10.964480604057494,3.5621221686070994,33.700216355389
2006.0,ISL,100.0,100.0,ISL,ISL,100.0,100.0,58172.1426656622,57.0,8.55709076,303782.0,51.0,100.0,296734.0,16.0,12.624065617882234,10.971179060985486,3.5467459219589954,32.91834275895214
2007.0,ISL,100.0,100.0,ISL,ISL,100.0,100.0,70483.0117228535,59.0,8.3535862,311566.0,54.0,100.0,303782.0,17.0,12.6493664727763,11.163141179007964,3.5239559523879307,32.095928310534525
2008.0,ISL,100.0,100.0,ISL,ISL,100.0,100.0,57489.3399795216,61.0,8.34370804,317414.0,57.0,100.0,311566.0,18.0,12.667962194482293,10.959372212315655,3.499410263050121,31.50459652063236
2009.0,ISL,100.0,100.0,ISL,ISL,100.0,100.0,41483.7843682814,64.0,8.77518463,318499.0,59.0,100.0,317414.0,19.0,12.671374614272,10.633081997261119,3.4813815107392863,31.397272832881736
2010.0,ISL,100.0,100.0,ISL,ISL,100.0,100.0,43776.4677400475,66.0,8.36173058,318041.0,61.0,100.0,318499.0,20.0,12.66993558426906,10.68687452883864,3.478074247430999,31.44248697494977
2011.0,ISL,100.0,100.0,ISL,ISL,100.0,100.0,48254.953927254,68.0,8.25498867,319014.0,64.0,100.0,318041.0,21.0,12.672990267951304,10.784274496610333,3.479468890148079,31.346586670177484
2012.0,ISL,100.0,100.0,ISL,ISL,100.0,100.0,46594.9869146614,69.0,8.23091221,320716.0,66.0,100.0,319014.0,22.0,12.678311275300475,10.749269698694265,3.4765085028662392,31.180234225919506
2013.0,ISL,100.0,100.0,ISL,ISL,100.0,100.0,50173.3360061057,70.0,8.22651291,323764.0,68.0,100.0,320716.0,23.0,12.687770134304166,10.82325894001655,3.4713524201555077,30.886695247155338
2014.0,ISL,100.0,100.0,ISL,ISL,100.0,100.0,55140.364935793,70.0,8.29044247,327386.0,69.0,100.0,323764.0,24.0,12.698895181856445,10.917655438275638,3.4621888458983583,30.544983597343812
2015.0,ISL,100.0,100.0,ISL,ISL,100.0,100.0,53505.6964079339,71.0,8.13121986,330815.0,70.0,100.0,327386.0,25.0,12.709314585722742,10.887562091554862,3.451414577846217,30.228375375965417
1990.0,ISR,,,ISR,ISR,,,13300.0985026479,,6.59421921,4660000.0,,,,0.0,15.354526006101828,9.495601904983186,,
1991.0,ISR,,,ISR,ISR,,,14337.2280625182,,6.59421921,4949000.0,,,4660000.0,1.0,15.414696093934023,9.570684540446045,,
1992.0,ISR,,,ISR,ISR,,,15500.4201495689,,6.59421921,5123000.0,,,4949000.0,2.0,15.44925076292134,9.64868692126308,,
1993.0,ISR,,,ISR,ISR,,,15169.4731267116,,6.59421921,5261000.0,,,5123000.0,3.0,15.475831680712945,9.627106260169455,,
1994.0,ISR,,,ISR,ISR,,,16796.463811535,,6.59421921,5399000.0,,,5261000.0,4.0,15.501724309200425,9.728983190396091,,
1995.0,ISR,,,ISR,ISR,,,19013.94330229,,6.59421921,5545000.0,,,5399000.0,5.0,15.528407178766605,9.852980438621916,,
1996.0,ISR,,,ISR,ISR,,,20212.9229756617,,6.59421921,5692000.0,,,5545000.0,6.0,15.55457223819188,9.914126902182197,,
1997.0,ISR,,,ISR,ISR,,,20457.3857209047,,6.59421921,5836000.0,,,5692000.0,7.0,15.579556188624814,9.926148137121386,,
1998.0,ISR,,,ISR,ISR,,,20175.625397054,,6.59421921,5971000.0,,,5836000.0,8.0,15.602424975529129,9.91228005480271,,
1999.0,ISR,,,ISR,ISR,,,19808.8555169876,,6.59421921,6125000.0,,,5971000.0,9.0,15.627889314395064,9.893934846227715,,
2000.0,ISR,,,ISR,ISR,,,21690.237340061,,6.59421921,6289000.0,,,6125000.0,10.0,15.65431263352564,9.984663648761876,,
2001.0,ISR,,,ISR,ISR,,,20948.7745727671,,6.99914265,6439000.0,,,6289000.0,11.0,15.67788380652032,9.949883165042612,,
2002.0,ISR,,,ISR,ISR,,,19058.7462869465,,6.90767479,6570000.0,,,6439000.0,12.0,15.698024390460793,9.855333865836622,,
2003.0,ISR,,,ISR,ISR,,,19624.0321412582,,6.84975958,6689700.0,,,6570000.0,13.0,15.716079588049604,9.884561180420386,,
2004.0,ISR,,,ISR,ISR,,,20550.0694706176,,6.79696989,6809000.0,,,6689700.0,14.0,15.733755824465105,9.930668260936043,,
2005.0,ISR,,,ISR,ISR,,,21261.7474251846,,6.8828454,6930100.0,,,6809000.0,15.0,15.751384801076405,9.964711873329398,,
2006.0,ISR,,,ISR,ISR,,,22499.7541717986,,6.70000744,7053700.0,,,6930100.0,16.0,15.769062859812223,10.021304106377375,,
2007.0,ISR,,,ISR,ISR,,,25688.901610248,,6.67256165,7180100.0,,,7053700.0,17.0,15.78682386850402,10.153853260211347,,
2008.0,ISR,,,ISR,ISR,,,30231.0191013609,,6.80668306,7308800.0,,,7180100.0,18.0,15.80458965956372,10.316656876855035,,
2009.0,ISR,,,ISR,ISR,,,28469.6817348489,,6.86992359,7485600.0,,,7308800.0,19.0,15.82849173294384,10.256630125712432,,
2010.0,ISR,,,ISR,ISR,,,31398.9266927022,,6.85038328,7623600.0,,,7485600.0,20.0,15.846759257042624,10.354560837266302,,
2011.0,ISR,,,ISR,ISR,,,34476.7252065949,,6.80594969,7765800.0,,,7623600.0,21.0,15.865240035658584,10.44806874831454,,
2012.0,ISR,,,ISR,ISR,,,33268.7066672115,,6.94185257,7910500.0,,,7765800.0,22.0,15.883701548871256,10.412402552238202,,
2013.0,ISR,,,ISR,ISR,,,36980.622214228,,6.94074392,8059500.0,,,7910500.0,23.0,15.902362077819124,10.518176371318832,,
2014.0,ISR,,,ISR,ISR,,,38265.3651949373,,7.02990532,8215700.0,,,8059500.0,24.0,15.921557515805082,10.55232659598738,,
2015.0,ISR,,,ISR,ISR,,,36138.13561386,,7.02090645,8380100.0,,,8215700.0,25.0,15.94137040556129,10.495131646147403,,
1990.0,ITA,2000.0,4500.0,ITA,ITA,3700.0,5300.0,20873.7834092719,31.0,7.54701233,56719240.0,,,,0.0,17.853624040944638,9.946297174061488,,7.933815756346524
1991.0,ITA,2500.0,4600.0,ITA,ITA,3800.0,5300.0,22007.1350964074,31.0,7.54701233,56758521.0,,4500.0,56719240.0,1.0,17.85431635283417,9.999167441099175,2.1898435999667183,8.104509981858055
1992.0,ITA,2900.0,4600.0,ITA,ITA,3800.0,5300.0,23297.0460325456,31.0,7.54701233,56797087.0,31.0,4600.0,56758521.0,2.0,17.85499559716498,10.056124774773103,2.20876989315448,8.099006908576138
1993.0,ITA,3300.0,4700.0,ITA,ITA,3800.0,5300.0,18781.9529427137,31.0,7.54701233,56831821.0,31.0,4600.0,56797087.0,3.0,17.85560695569501,9.840704979097696,2.2081652766418927,8.270014786258566
1994.0,ITA,3700.0,4700.0,ITA,ITA,3800.0,5300.0,19382.2002150155,31.0,7.54701233,56843400.0,31.0,4700.0,56831821.0,4.0,17.855810676434466,9.872162001586098,2.2267849746421406,8.268330184330987
1995.0,ITA,4100.0,4700.0,ITA,ITA,3800.0,5300.0,20712.1798690324,31.0,7.54701233,56844303.0,31.0,4700.0,56843400.0,5.0,17.85582656205756,9.938525485289416,2.2266032322120703,8.268198837797343
1996.0,ITA,4000.0,4600.0,ITA,ITA,3800.0,5300.0,23122.9337219116,31.0,7.54701233,56860281.0,31.0,4700.0,56844303.0,6.0,17.85610760613763,10.048623451994816,2.2265890605693115,8.090005745838647
1997.0,ITA,3300.0,4600.0,ITA,ITA,3800.0,5200.0,21883.9872666651,31.0,7.54701233,56890372.0,31.0,4600.0,56860281.0,7.0,17.85663667564024,9.993556167795496,2.2071755402946494,8.085726702578075
1998.0,ITA,2300.0,4500.0,ITA,ITA,3700.0,5200.0,22365.1837644545,31.0,7.54701233,56906744.0,31.0,4600.0,56890372.0,8.0,17.85692441579901,10.015305443795752,2.206704687925781,7.907674352270092
1999.0,ITA,1600.0,4500.0,ITA,ITA,3700.0,5200.0,22049.9990620261,31.0,7.54701233,56916317.0,31.0,4500.0,56906744.0,9.0,17.857092624243567,10.001113188783997,2.1869131919543525,7.906344326531177
2000.0,ITA,1100.0,4500.0,ITA,ITA,3700.0,5100.0,20190.0035636084,31.0,7.54701233,56942108.0,31.0,4500.0,56916317.0,10.0,17.85754566055495,9.912992416045252,2.186763868461954,7.90276327669499
2001.0,ITA,830.0,4500.0,ITA,ITA,3600.0,5100.0,20570.4385917862,37.0,7.71115828,56976981.0,31.0,4500.0,56942108.0,11.0,17.858157902127378,9.931658916603423,2.1863617090765164,7.897926357312614
2002.0,ITA,630.0,4400.0,ITA,ITA,3600.0,5100.0,22451.3964379368,42.0,7.83638906,57089824.0,31.0,4500.0,56976981.0,12.0,17.860136445084052,10.019152633038612,2.1858182560304975,7.707152854421131
2003.0,ITA,510.0,4400.0,ITA,ITA,3600.0,5100.0,27577.5700319855,46.0,7.80670929,57399184.0,37.0,4400.0,57089824.0,13.0,17.865540645160873,10.22479430199681,2.1641448550410853,7.665614201065994
2004.0,ITA,500.0,4400.0,ITA,ITA,3600.0,5100.0,31348.1901841445,50.0,8.13726902,57828179.0,42.0,4400.0,57399184.0,14.0,17.872986740791998,10.352943714280682,2.159362803640601,7.608747285644254
2005.0,ITA,500.0,4500.0,ITA,ITA,3600.0,5100.0,32062.723833669,53.0,8.30906773,58166682.0,46.0,4400.0,57828179.0,15.0,17.878823274548928,10.375480571435546,2.1527788125747613,7.736387645422169
2006.0,ITA,500.0,4500.0,ITA,ITA,3600.0,5100.0,33537.1286994269,57.0,8.39791012,58399861.0,50.0,4500.0,58166682.0,16.0,17.882824067658635,10.420438240720733,2.1674967913493743,7.7054977921950885
2007.0,ITA,500.0,4400.0,ITA,ITA,3500.0,5200.0,37826.1754554823,59.0,8.10167217,58756247.0,53.0,4500.0,58399861.0,17.0,17.888908037250598,10.540783050696886,2.163954756214133,7.4885654286258285
2008.0,ITA,500.0,4500.0,ITA,ITA,3500.0,5200.0,40828.5795580937,62.0,8.50157547,59211181.0,57.0,4400.0,58756247.0,18.0,17.896620950264115,10.61716208688352,2.138720014152591,7.599915968573571
2009.0,ITA,500.0,4500.0,ITA,ITA,3600.0,5200.0,37099.6133958219,64.0,8.91290951,59555454.0,59.0,4500.0,59211181.0,19.0,17.90241843647352,10.521388782038953,2.1517524321156283,7.5559830338964415
2010.0,ITA,500.0,4500.0,ITA,ITA,3500.0,5200.0,35856.8625485539,66.0,8.87928963,59819407.0,62.0,4500.0,59555454.0,20.0,17.90684069804439,10.487318139932395,2.146630808270138,7.522642275607982
2011.0,ITA,500.0,4500.0,ITA,ITA,3500.0,5200.0,38432.3742820019,69.0,8.728508,60026841.0,64.0,4500.0,59819407.0,21.0,17.910302370155193,10.556681483035183,2.1427264190070887,7.496646375244034
2012.0,ITA,500.0,4400.0,ITA,ITA,3500.0,5200.0,34854.3949441965,71.0,8.7983427,60191247.0,66.0,4500.0,60026841.0,22.0,17.91303750103654,10.458963208919178,2.1396715415543364,7.310032968747101
2013.0,ITA,500.0,4400.0,ITA,ITA,3400.0,5200.0,35701.6746002376,72.0,8.7897644,60311613.0,69.0,4400.0,60191247.0,23.0,17.915035230219583,10.482980883735621,2.1174635762177423,7.295444079733035
2014.0,ITA,500.0,4400.0,ITA,ITA,3400.0,5200.0,36028.3494022349,74.0,8.85913563,60320707.0,71.0,4400.0,60311613.0,24.0,17.915186002417567,10.49208914646656,2.115706458042211,7.294344212510639
2015.0,ITA,500.0,4400.0,ITA,ITA,3300.0,5100.0,30639.8829751432,75.0,8.84596729,60229605.0,72.0,4400.0,60320707.0,25.0,17.913674566804808,10.330090441165911,2.115573862350858,7.305377480061509
1990.0,JAM,,2300.0,JAM,JAM,1600.0,3300.0,1929.59891905857,0.0,5.97869205,2379877.0,,,,0.0,14.682559363639896,7.56558555451514,,96.64365007099106
1991.0,JAM,,2800.0,JAM,JAM,2100.0,3900.0,1710.30058243722,0.0,5.97869205,2400869.0,,2300.0,2379877.0,1.0,14.691341313115156,7.445008934931166,4.581324627773506,116.62443890108123
1992.0,JAM,,3300.0,JAM,JAM,2600.0,4200.0,1458.10146892635,0.0,5.97869205,2424701.0,0.0,2800.0,2400869.0,2.0,14.701218775782706,7.285576093003998,4.767496827658937,136.0992551246525
1993.0,JAM,,3600.0,JAM,JAM,2900.0,4600.0,2220.51518327186,0.0,5.97869205,2449916.0,0.0,3300.0,2424701.0,3.0,14.711564296218855,7.705944757046219,4.920705153472929,146.94381358381267
1994.0,JAM,,3800.0,JAM,JAM,3200.0,4700.0,2202.85831038471,0.0,5.97869205,2475220.0,0.0,3600.0,2449916.0,4.0,14.721839838923433,7.697964880722025,4.996832563736175,153.52170716138363
1995.0,JAM,,3900.0,JAM,JAM,3300.0,4700.0,2630.84935382822,0.0,5.97869205,2500151.0,0.0,3800.0,2475220.0,5.0,14.731861688014423,7.875442054419689,5.040334585895112,155.9905781690786
1996.0,JAM,,3800.0,JAM,JAM,3300.0,4500.0,2928.89692611996,0.0,5.97869205,2524463.0,0.0,3900.0,2500151.0,6.0,14.741538924806104,7.982722522593676,5.056185791885617,150.527062587172
1997.0,JAM,,3800.0,JAM,JAM,3300.0,4400.0,3296.91634805083,0.0,5.97869205,2547848.0,0.0,3800.0,2524463.0,7.0,14.7507596392637,8.101046138349963,5.020764239935247,149.14547492629072
1998.0,JAM,,3600.0,JAM,JAM,3200.0,4100.0,3419.49352868739,0.0,5.97869205,2569736.0,0.0,3800.0,2547848.0,8.0,14.75931372785955,8.13754012627919,5.0116046569541695,140.09221180697162
1999.0,JAM,,3400.0,JAM,JAM,3100.0,3900.0,3431.56813468335,0.0,5.97869205,2589795.0,0.0,3600.0,2569736.0,9.0,14.767089279963997,8.141063987316453,4.949413661070137,131.28452252012224
2000.0,JAM,,3300.0,JAM,JAM,2900.0,3700.0,3453.09252800226,0.0,5.97869205,2607826.0,0.0,3400.0,2589795.0,10.0,14.774027482011538,8.147315046999308,4.884955076523131,126.5421849463883
2001.0,JAM,,2900.0,JAM,JAM,2700.0,3300.0,3503.55026688858,0.0,5.15652943,2624403.0,0.0,3300.0,2607826.0,11.0,14.780363999570634,8.161817479364,4.848447172200226,110.50132163391065
2002.0,JAM,,2800.0,JAM,JAM,2500.0,3100.0,3680.64551727724,0.0,5.57934141,2640572.0,0.0,2900.0,2624403.0,12.0,14.786506118320332,8.211115082654599,4.714036444048854,106.03763124050396
2003.0,JAM,,2600.0,JAM,JAM,2400.0,2900.0,3549.70758394618,0.0,4.99239254,2656623.0,0.0,2800.0,2640572.0,13.0,14.792566325325815,8.174902182029443,4.673180466468611,97.86860988555773
2004.0,JAM,,2500.0,JAM,JAM,2300.0,2900.0,3807.56293124552,1.0,5.83766747,2672225.0,0.0,2600.0,2656623.0,14.0,14.798422016680323,8.24500721356907,4.59379179578752,93.55499630457764
2005.0,JAM,,2300.0,JAM,JAM,2100.0,2600.0,4184.43974867497,5.0,5.82104874,2687066.0,0.0,2500.0,2672225.0,15.0,14.803960450005311,8.339367054745027,4.549181636696983,85.59521798124794
2006.0,JAM,,2100.0,JAM,JAM,1900.0,2500.0,4417.00127135363,7.0,5.51022339,2700968.0,1.0,2300.0,2687066.0,16.0,14.809120785240669,8.3934426717468,4.461244594427656,77.74990299774008
2007.0,JAM,,2100.0,JAM,JAM,1800.0,2400.0,4716.48612542727,10.0,6.19109583,2713800.0,5.0,2100.0,2700968.0,17.0,14.81386042469399,8.459031336152481,4.3662770459302545,77.38226840592527
2008.0,JAM,,1900.0,JAM,JAM,1700.0,2300.0,5029.80095281745,13.0,6.65533972,2725635.0,7.0,2100.0,2713800.0,18.0,14.81821198645572,8.523334485569789,4.361597733484688,69.70852663691213
2009.0,JAM,,1800.0,JAM,JAM,1600.0,2100.0,4428.38153333557,18.0,6.37021589,2736995.0,10.0,1900.0,2725635.0,19.0,14.822371161203463,8.396015244565113,4.258566168698626,65.76555675110843
2010.0,JAM,,1700.0,JAM,JAM,1500.0,2000.0,4809.977380312,20.0,6.44219255,2748568.0,13.0,1800.0,2736995.0,20.0,14.826590606744496,8.47865554002804,4.201187330067809,61.85038900256424
2011.0,JAM,,1700.0,JAM,JAM,1400.0,2000.0,5232.63644918132,23.0,6.5231781,2760494.0,18.0,1700.0,2748568.0,21.0,14.830920207184585,8.562861621216708,4.1407571243976,61.58318040176867
2012.0,JAM,,1600.0,JAM,JAM,1400.0,1900.0,5340.83333232158,26.0,6.18602896,2772430.0,20.0,1700.0,2760494.0,22.0,14.83523474991678,8.583324193692661,4.13649655832631,57.71110542015488
2013.0,JAM,,1500.0,JAM,JAM,1300.0,1800.0,5124.21301411137,30.0,6.28453302,2783687.0,23.0,1600.0,2772430.0,23.0,14.839286865955009,8.541927366871908,4.072628898380444,53.88536857771725
2014.0,JAM,,1300.0,JAM,JAM,1100.0,1600.0,4975.11325459872,33.0,6.28673887,2793749.0,26.0,1500.0,2783687.0,24.0,14.842894979402118,8.51240439432856,4.005246802571177,46.53245513465956
2015.0,JAM,,1200.0,JAM,JAM,1100.0,1500.0,5339.30718256806,35.0,6.61477137,2802534.0,30.0,1300.0,2793749.0,25.0,14.846034565879837,8.58303845512523,3.8614127437134935,42.81839221219082
1990.0,JOR,100.0,100.0,JOR,JOR,100.0,100.0,1148.59005469899,11.0,9.34367943,3621908.0,,,,0.0,15.102511516771592,7.047160683630482,,2.760975706726952
1991.0,JOR,100.0,100.0,JOR,JOR,100.0,100.0,1109.65564611997,11.0,9.34367943,3915149.0,,100.0,3621908.0,1.0,15.180363945431228,7.012705792108385,1.3246784202083517,2.5541812074074324
1992.0,JOR,100.0,100.0,JOR,JOR,100.0,100.0,1286.6347360596,11.0,9.34367943,4127693.0,11.0,100.0,3915149.0,2.0,15.2332292132229,7.160562276429208,1.268124715322777,2.422660793813881
1993.0,JOR,100.0,100.0,JOR,JOR,100.0,100.0,1289.4145431007,11.0,9.34367943,4348020.0,11.0,100.0,4127693.0,3.0,15.285231127028664,7.162718796974319,1.230418258468806,2.299897424574864
1994.0,JOR,100.0,100.0,JOR,JOR,100.0,100.0,1367.18721776691,11.0,9.34367943,4561406.0,11.0,100.0,4348020.0,4.0,15.33314146729895,7.221241943911462,1.1938913845271713,2.1923064949710684
1995.0,JOR,100.0,100.0,JOR,JOR,100.0,100.0,1415.71151592128,11.0,9.34367943,4752096.0,11.0,100.0,4561406.0,5.0,15.374096341840762,7.256093631046614,1.1607436947057417,2.1043345925671537
1996.0,JOR,100.0,100.0,JOR,JOR,100.0,100.0,1410.17424189419,11.0,9.34367943,4912516.0,11.0,100.0,4752096.0,6.0,15.407296792151806,7.252177432459947,1.132799390508767,2.0356167796705393
1997.0,JOR,100.0,100.0,JOR,JOR,100.0,100.0,1435.87593846863,11.0,9.34367943,5046285.0,11.0,100.0,4912516.0,7.0,15.434162886968682,7.270226548648946,1.110414626161326,1.9816558121469556
1998.0,JOR,100.0,100.0,JOR,JOR,100.0,100.0,1532.11380395602,11.0,9.34367943,5164284.0,11.0,100.0,5046285.0,8.0,15.457277025563473,7.335056112226052,1.0924787878656967,1.9363768530158296
1999.0,JOR,100.0,100.0,JOR,JOR,100.0,100.0,1544.58750592979,11.0,9.34367943,5276444.0,11.0,100.0,5164284.0,9.0,15.478762943941161,7.343159379788022,1.0771764584471735,1.8952157930606293
2000.0,JOR,100.0,100.0,JOR,JOR,100.0,100.0,1570.61002940477,11.0,9.34367943,5386945.0,11.0,100.0,5276444.0,10.0,15.499488991846304,7.3598558693162515,1.0630596481643129,1.8563397250203966
2001.0,JOR,100.0,100.0,JOR,JOR,100.0,100.0,1632.29454010563,12.0,9.57236385,5498894.0,11.0,100.0,5386945.0,11.0,15.52005753907212,7.3983544441928135,1.0495409887408624,1.8185475115541416
2002.0,JOR,100.0,100.0,JOR,JOR,100.0,100.0,1706.26744384401,13.0,9.2786417,5616066.0,11.0,100.0,5498894.0,12.0,15.54114197675548,7.4426493852990365,1.036221685432767,1.7806058547032746
2003.0,JOR,100.0,100.0,JOR,JOR,100.0,100.0,1775.67625581432,13.0,8.78901005,5741828.0,12.0,100.0,5616066.0,13.0,15.563288184494885,7.482499625746064,1.0226688373050252,1.7416056349998643
2004.0,JOR,100.0,100.0,JOR,JOR,100.0,100.0,1940.08641342805,14.0,8.74670506,5882061.0,13.0,100.0,5741828.0,14.0,15.58741776866454,7.571003102233689,1.0085437469452279,1.7000843751875405
2005.0,JOR,100.0,100.0,JOR,JOR,100.0,100.0,2087.87079273635,19.0,8.49441624,6029587.0,13.0,100.0,5882061.0,15.0,15.612189075478822,7.644378908392549,0.9932830225914696,1.6584883840302829
2006.0,JOR,100.0,100.0,JOR,JOR,100.0,100.0,2342.63459574933,21.0,7.67925692,6427371.0,14.0,100.0,6029587.0,16.0,15.676076147909107,7.759458249359482,0.9777576845828714,1.5558460838809522
2007.0,JOR,100.0,100.0,JOR,JOR,100.0,100.0,2506.20599484139,24.0,7.90982628,6827227.0,19.0,100.0,6427371.0,17.0,15.736429146177212,7.826924262649229,0.9383833171281751,1.4647235253786053
2008.0,JOR,100.0,100.0,JOR,JOR,100.0,100.0,3669.83012701745,26.0,8.48880577,6989866.0,21.0,100.0,6827227.0,18.0,15.759971943783038,8.208173108118723,0.9020796411144248,1.4306425902871387
2009.0,JOR,100.0,100.0,JOR,JOR,100.0,100.0,3845.34388086274,30.0,9.22396946,7141753.0,24.0,100.0,6989866.0,19.0,15.781468822388387,8.254878334752473,0.888155662841627,1.400216445458139
2010.0,JOR,100.0,100.0,JOR,JOR,100.0,100.0,4139.04283161368,33.0,8.17025661,7297043.0,26.0,100.0,7141753.0,20.0,15.802979755563065,8.328461412566249,0.8755589188949804,1.3704181269042817
2011.0,JOR,100.0,100.0,JOR,JOR,100.0,100.0,4363.42800211536,35.0,8.14807701,7480424.0,30.0,100.0,7297043.0,21.0,15.827800032836134,8.381242417788993,0.8630663644401327,1.3368226186109238
2012.0,JOR,100.0,100.0,JOR,JOR,100.0,100.0,4593.83609729005,39.0,7.81799555,7587127.0,33.0,100.0,7480424.0,22.0,15.841963553339202,8.432688364358187,0.8487921513542571,1.3180219600910859
2013.0,JOR,100.0,100.0,JOR,JOR,100.0,100.0,4739.02253641778,38.0,7.16592407,7991809.0,35.0,100.0,7587127.0,23.0,15.893927700126044,8.463797169196338,0.8407142185961901,1.2512811554930805
2014.0,JOR,100.0,100.0,JOR,JOR,100.0,100.0,4610.60460269382,37.0,7.20892906,8791710.0,39.0,100.0,7991809.0,24.0,15.989319789990201,8.436331145427044,0.8114994566096385,1.1374351519783978
2015.0,JOR,100.0,100.0,JOR,JOR,100.0,100.0,4441.61896013754,38.0,7.4609561,9544729.0,38.0,100.0,8791710.0,25.0,16.071499622910746,8.3989993374165,0.7596065831128437,1.0476986826970154
1990.0,JPN,,,JPN,JPN,,,26344.7273187725,,7.03456163,123478000.0,,,,0.0,18.631573560512088,10.179061389731372,,
1991.0,JPN,,,JPN,JPN,,,30048.1401766828,,7.03456163,123964000.0,,,123478000.0,1.0,18.635501758836906,10.310589326465232,,
1992.0,JPN,,,JPN,JPN,,,32666.5024513195,,7.03456163,124425000.0,,,123964000.0,2.0,18.639213682708892,10.394136053901777,,
1993.0,JPN,,,JPN,JPN,,,37110.6114371751,,7.03456163,124829000.0,,,124425000.0,3.0,18.642455358700328,10.521685176371786,,
1994.0,JPN,,,JPN,JPN,,,40774.4450809919,,7.03456163,125178000.0,,,124829000.0,4.0,18.645247282340065,10.615835342965923,,
1995.0,JPN,,,JPN,JPN,,,44947.4763611465,,7.03456163,125472000.0,,,125178000.0,5.0,18.647593184074196,10.713272143021525,,
1996.0,JPN,,,JPN,JPN,,,39929.7185750327,,7.03456163,125757000.0,,,125472000.0,6.0,18.649862031398804,10.594901195763931,,
1997.0,JPN,,,JPN,JPN,,,36331.0311480645,,7.03456163,126057000.0,,,125757000.0,7.0,18.65224474357472,10.500455031939376,,
1998.0,JPN,,,JPN,JPN,,,32835.1192750829,,7.03456163,126400000.0,,,126057000.0,8.0,18.65496203967703,10.39928438591018,,
1999.0,JPN,,,JPN,JPN,,,37028.7168989208,,7.03456163,126631000.0,,,126400000.0,9.0,18.656787903418433,10.519476028696712,,
2000.0,JPN,,,JPN,JPN,,,39752.937397755,,7.03456163,126843000.0,,,126631000.0,10.0,18.658460659199566,10.590464169208524,,
2001.0,JPN,,,JPN,JPN,,,34910.166403687,,7.23947906,127149000.0,,,126843000.0,11.0,18.660870185074774,10.460562011276442,,
2002.0,JPN,,,JPN,JPN,,,33315.9165174962,,7.35235405,127445000.0,,,127149000.0,12.0,18.663195456945832,10.41382055050684,,
2003.0,JPN,,,JPN,JPN,,,35808.6816792388,,7.48654842,127718000.0,,,127445000.0,13.0,18.66533526643363,10.4859735737946,,
2004.0,JPN,,,JPN,JPN,,,38677.5708064787,,7.53518438,127761000.0,,,127718000.0,14.0,18.665671889016355,10.56304099972427,,
2005.0,JPN,,,JPN,JPN,,,38158.6758263963,,7.65818596,127773000.0,,,127761000.0,15.0,18.66576580998193,10.549534630410738,,
2006.0,JPN,,,JPN,JPN,,,36354.4271646349,,7.68688869,127854000.0,,,127773000.0,16.0,18.66639954587611,10.50109877483317,,
2007.0,JPN,,,JPN,JPN,,,36129.9535132925,,7.77935696,128001000.0,,,127854000.0,17.0,18.667548634353373,10.494905214972313,,
2008.0,JPN,,,JPN,JPN,,,40294.2081309702,,8.08909321,128063000.0,,,128001000.0,18.0,18.668032888299354,10.603987835926317,,
2009.0,JPN,,,JPN,JPN,,,41678.1783063195,,8.9587822,128047000.0,,,128063000.0,19.0,18.66790794198706,10.637756961893174,,
2010.0,JPN,,,JPN,JPN,,,45378.1378109399,,9.0630064,128070000.0,,,128047000.0,20.0,18.668087547402255,10.72280775883514,,
2011.0,JPN,,,JPN,JPN,,,49122.077634247,,10.48780155,127833000.0,,,128070000.0,21.0,18.666235282538146,10.802084216278594,,
2012.0,JPN,,,JPN,JPN,,,49626.6830327571,,10.67169094,127629000.0,,,127833000.0,22.0,18.664638175779704,10.812304082679246,,
2013.0,JPN,,,JPN,JPN,,,41369.1948479498,,10.67438698,127445000.0,,,127629000.0,23.0,18.663195456945832,10.630315969329544,,
2014.0,JPN,,,JPN,JPN,,,39172.8471161948,,10.7290144,127276000.0,,,127445000.0,24.0,18.66186851472436,10.575764637721486,,
2015.0,JPN,,,JPN,JPN,,,35664.6446110613,,10.74969959,127141000.0,,,127276000.0,25.0,18.660807264786893,10.481943168600713,,
1990.0,KAZ,,100.0,KAZ,KAZ,100.0,100.0,1570.00883112591,0.0,4.16032028,17154054.0,,,,0.0,16.65774508848138,7.359473259580311,,0.582952577857106
1991.0,KAZ,,100.0,KAZ,KAZ,100.0,100.0,1442.42455540825,0.0,4.16032028,17278600.0,,100.0,17154054.0,1.0,16.66497929953949,7.274773732692615,0.4592918233162952,0.5787505932193581
1992.0,KAZ,,100.0,KAZ,KAZ,100.0,100.0,1437.59848100913,0.0,4.16032028,17332625.0,0.0,100.0,17278600.0,2.0,16.668101121657966,7.271424641551376,0.4566337704350557,0.576946654069998
1993.0,KAZ,,100.0,KAZ,KAZ,100.0,100.0,1355.13493859139,0.0,4.16032028,17274487.0,0.0,100.0,17332625.0,3.0,16.664741231084452,7.212393975784865,0.4554904799325174,0.578888391881044
1994.0,KAZ,,200.0,KAZ,KAZ,100.0,200.0,1246.83633018218,0.0,4.16032028,17043771.0,0.0,100.0,17274487.0,4.0,16.65129535769849,7.129166394641669,0.4567210499894466,1.1734492325671355
1995.0,KAZ,,200.0,KAZ,KAZ,200.0,200.0,1217.79138769863,0.0,4.16032028,16730536.0,0.0,200.0,17043771.0,5.0,16.632746110704424,7.1056149808727955,0.7763154137168856,1.1954189632657315
1996.0,KAZ,,500.0,KAZ,KAZ,200.0,500.0,1281.39152895397,0.0,4.16032028,16416027.0,0.0,200.0,16730536.0,6.0,16.613768671688124,7.156481995654351,0.7863728999607175,3.045803957315616
1997.0,KAZ,,500.0,KAZ,KAZ,500.0,500.0,1381.63593295187,0.0,4.16032028,16043251.0,0.0,500.0,16416027.0,7.0,16.590798820663668,7.23174705257882,1.397680284115299,3.116575312572246
1998.0,KAZ,,500.0,KAZ,KAZ,500.0,500.0,1414.59289652597,0.0,4.16032028,15647785.0,0.0,500.0,16043251.0,8.0,16.56583993138729,7.255303730463501,1.4150215828816495,3.1953404267760583
1999.0,KAZ,,520.0,KAZ,KAZ,500.0,590.0,1091.54727722159,0.0,4.16032028,15455874.0,0.0,500.0,15647785.0,9.0,16.553499683227294,6.996267200378143,1.4339744872287967,3.36441666126419
2000.0,KAZ,,720.0,KAZ,KAZ,660.0,800.0,1180.0444563226,0.0,4.16032028,15501103.0,0.0,520.0,15455874.0,10.0,16.556421740647952,7.074154458437741,1.4734845403298276,4.644830758172499
2001.0,KAZ,,870.0,KAZ,KAZ,790.0,960.0,1422.27331810957,0.0,3.47098041,15575550.0,0.0,720.0,15501103.0,11.0,16.561212935015906,7.260714651402984,1.730740216314724,5.585677552317575
2002.0,KAZ,,980.0,KAZ,KAZ,890.0,1100.0,1573.55219932325,0.0,3.6148138,15656677.0,0.0,870.0,15575550.0,12.0,16.566408029330592,7.361726192943739,1.8848972231925372,6.259310324917606
2003.0,KAZ,,1200.0,KAZ,KAZ,1100.0,1300.0,1958.02050246511,0.0,3.72335005,15747380.0,0.0,980.0,15656677.0,13.0,16.572184560192003,7.580199883670842,1.982284827756422,7.620315252441993
2004.0,KAZ,,1400.0,KAZ,KAZ,1300.0,1500.0,2722.47407755402,0.0,3.98307681,15850159.0,0.0,1200.0,15747380.0,14.0,16.578690089782988,7.909663578714918,2.154121656215903,8.832718965153598
2005.0,KAZ,,1500.0,KAZ,KAZ,1400.0,1600.0,3577.35804001782,3.0,3.90172958,15968117.0,0.0,1400.0,15850159.0,15.0,16.586104604660846,8.182659326143847,2.2857154946058524,9.393718745923518
2006.0,KAZ,,1700.0,KAZ,KAZ,1600.0,1900.0,5030.13494711519,3.0,3.39824843,16103716.0,0.0,1500.0,15968117.0,16.0,16.594560610776163,8.523400873251282,2.3412016569478227,10.556569676216347
2007.0,KAZ,,1900.0,KAZ,KAZ,1700.0,2000.0,6449.43931096532,4.0,2.70314813,16257214.0,3.0,1700.0,16103716.0,17.0,16.604047306690035,8.771903517697604,2.4472540783962304,11.68711933053228
2008.0,KAZ,,2000.0,KAZ,KAZ,1900.0,2200.0,8123.54705891736,5.0,3.02569842,16426525.0,3.0,1900.0,16257214.0,18.0,16.61440796429593,9.002645259049253,2.540587252847047,12.175429678522999
2009.0,KAZ,,2100.0,KAZ,KAZ,1900.0,2300.0,6938.01175663001,7.0,3.47355628,16619846.0,4.0,2000.0,16426525.0,19.0,16.626108081404002,8.844914645181152,2.5783537070662543,12.635496141179646
2010.0,KAZ,,2300.0,KAZ,KAZ,2100.0,2500.0,8793.07589980782,8.0,2.73641396,16836810.0,5.0,2100.0,16619846.0,20.0,16.639078118905598,9.08183358056635,2.612676402960789,13.660544960714054
2011.0,KAZ,,2500.0,KAZ,KAZ,2300.0,2700.0,11287.1464926039,10.0,2.60236669,17066002.0,7.0,2300.0,16836810.0,21.0,16.65259885527074,9.331508471177347,2.685159869076876,14.649008010194772
2012.0,KAZ,,2700.0,KAZ,KAZ,2500.0,3000.0,12018.7966527993,13.0,3.03725982,17306106.0,8.0,2500.0,17066002.0,22.0,16.6665699451734,9.394310290541712,2.7504075290471426,15.601429923057216
2013.0,KAZ,,2800.0,KAZ,KAZ,2600.0,3100.0,13478.459627612,17.0,2.66286755,17556502.0,10.0,2700.0,17306106.0,23.0,16.68093492359426,9.50892229669039,2.8094888315958713,15.94850728237322
2014.0,KAZ,,2800.0,KAZ,KAZ,2600.0,3100.0,12427.7094576939,20.0,2.97468448,17816285.0,13.0,2800.0,17556502.0,24.0,16.69562348464815,9.427764354311202,2.830179764011744,15.715958742240597
2015.0,KAZ,,2900.0,KAZ,KAZ,2600.0,3100.0,10196.1226255982,24.0,3.04051113,18084169.0,17.0,2800.0,17816285.0,25.0,16.71054747263056,9.229860863946346,2.816363876422812,16.036125298320314
1990.0,KEN,27000.0,210000.0,KEN,KEN,130000.0,320000.0,374.458992895562,0.0,3.62451434,22892651.0,,,,0.0,16.94632649998901,5.928149258571098,,917.3249528855351
1991.0,KEN,37000.0,240000.0,KEN,KEN,150000.0,370000.0,344.722642127742,0.0,3.62451434,23646514.0,,210000.0,22892651.0,1.0,16.978726262460665,5.845636841247176,6.822551307162785,1014.9487573517179
1992.0,KEN,47000.0,250000.0,KEN,KEN,160000.0,390000.0,336.68139978696,0.0,3.62451434,24382460.0,0.0,240000.0,23646514.0,2.0,17.009374579306098,5.82210284677174,6.923578191189063,1025.327222929926
1993.0,KEN,59000.0,250000.0,KEN,KEN,160000.0,380000.0,228.998032843434,0.0,3.62451434,25117188.0,0.0,250000.0,24382460.0,3.0,17.039062950623062,5.438070756031984,6.933741905614042,995.3343503261592
1994.0,KEN,71000.0,230000.0,KEN,KEN,140000.0,350000.0,276.447871981244,0.0,3.62451434,25857130.0,0.0,250000.0,25117188.0,4.0,17.068096942937093,5.625633066824472,6.90408289435083,889.5032047253504
1995.0,KEN,83000.0,200000.0,KEN,KEN,130000.0,310000.0,340.064842175429,0.0,3.62451434,26601751.0,0.0,230000.0,25857130.0,5.0,17.09648759865309,5.832072612213849,6.791786701516447,751.8302084701116
1996.0,KEN,94000.0,180000.0,KEN,KEN,120000.0,280000.0,440.527078880876,0.0,3.62451434,27344211.0,0.0,200000.0,26601751.0,6.0,17.124015400808617,6.090239351981691,6.623839715614452,658.2746161518429
1997.0,KEN,100000.0,170000.0,KEN,KEN,110000.0,260000.0,466.723814611399,0.0,3.62451434,28101768.0,0.0,180000.0,27344211.0,7.0,17.15134305047418,6.147877981997431,6.49114016416745,604.9441444395954
1998.0,KEN,110000.0,150000.0,KEN,KEN,99000.0,240000.0,487.883239905452,0.0,3.62451434,28888057.0,0.0,170000.0,28101768.0,8.0,17.17893881507512,6.1921236877645285,6.40678781092956,519.2457215104498
1999.0,KEN,120000.0,140000.0,KEN,KEN,93000.0,230000.0,433.721235701305,0.0,3.62451434,29733408.0,0.0,150000.0,28888057.0,9.0,17.20778182008974,6.074704988196323,6.254301241329211,470.8508355315341
2000.0,KEN,130000.0,130000.0,KEN,KEN,85000.0,210000.0,414.626365130846,0.0,3.62451434,30642890.0,0.0,140000.0,29733408.0,10.0,17.23791121953753,6.029786695930069,6.156662909222443,424.2419693442753
2001.0,KEN,130000.0,130000.0,KEN,KEN,81000.0,200000.0,410.700452474814,0.0,3.74002314,31619170.0,0.0,130000.0,30642890.0,11.0,17.269274140191722,6.020296027815367,6.052658346545687,411.14298699175214
2002.0,KEN,140000.0,120000.0,KEN,KEN,76000.0,180000.0,402.936385605382,0.0,3.82159472,32629808.0,0.0,130000.0,31619170.0,12.0,17.300736784396506,6.00125740418999,6.021370344944814,367.761894277772
2003.0,KEN,140000.0,110000.0,KEN,KEN,72000.0,180000.0,442.898457253405,0.0,4.03365707,33652223.0,0.0,120000.0,32629808.0,13.0,17.331589674280117,6.095595836396701,5.910151162802361,326.87290821768295
2004.0,KEN,130000.0,110000.0,KEN,KEN,68000.0,170000.0,463.662781300121,2.0,4.21159506,34713455.0,0.0,110000.0,33652223.0,14.0,17.36263792192203,6.141311940996427,5.792626058350241,316.8800109352411
2005.0,KEN,120000.0,100000.0,KEN,KEN,64000.0,150000.0,523.456312433863,4.0,4.2174139,35796484.0,0.0,110000.0,34713455.0,15.0,17.393360234257283,6.262362130628175,5.76167398747251,279.357045233828
2006.0,KEN,110000.0,93000.0,KEN,KEN,59000.0,140000.0,699.80237063381,9.0,5.0134387,36904008.0,2.0,100000.0,35796484.0,16.0,17.42383072099844,6.552225922370185,5.636063952390639,252.00514805871492
2007.0,KEN,95000.0,86000.0,KEN,KEN,55000.0,130000.0,840.201439476765,13.0,5.12358475,38036349.0,4.0,93000.0,36904008.0,17.0,17.454052813117308,6.734831155045299,5.533409836578663,226.09951338915312
2008.0,KEN,81000.0,76000.0,KEN,KEN,48000.0,120000.0,915.54435473604,18.0,5.19050598,39206351.0,9.0,86000.0,38036349.0,18.0,17.484349306943752,6.820610461892726,5.425388306393026,193.8461449778889
2009.0,KEN,68000.0,72000.0,KEN,KEN,46000.0,110000.0,1047.9678324485,24.0,5.29172945,40408891.0,13.0,76000.0,39206351.0,19.0,17.514560392976016,6.955561942958052,5.2722102470259475,178.17860925705682
2010.0,KEN,58000.0,67000.0,KEN,KEN,43000.0,100000.0,1091.51873101194,31.0,5.38849831,41598567.0,18.0,72000.0,40408891.0,20.0,17.543576277522792,6.99624107191379,5.1883831254307315,161.06324047172106
2011.0,KEN,51000.0,59000.0,KEN,KEN,38000.0,92000.0,1096.14499807675,38.0,5.20212841,42758461.0,24.0,67000.0,41598567.0,21.0,17.57107765189249,7.000466628456539,5.0879866323387875,137.98438629491366
2012.0,KEN,46000.0,57000.0,KEN,KEN,36000.0,88000.0,1285.00536171512,43.0,5.0180583,43888303.0,31.0,59000.0,42758461.0,22.0,17.597158396072984,7.159296074085234,4.934361598007768,129.87515147259168
2013.0,KEN,43000.0,52000.0,KEN,KEN,33000.0,81000.0,1370.87885214659,47.0,4.93100405,44986791.0,38.0,57000.0,43888303.0,23.0,17.62187947131192,7.223936504202438,4.874243826573731,115.58948492236311
2014.0,KEN,41000.0,46000.0,KEN,KEN,30000.0,72000.0,1482.81566253497,54.0,4.91267347,46051440.0,43.0,52000.0,44986791.0,24.0,17.645269590534987,7.302372199391162,4.758659089081107,99.88829882409757
2015.0,KEN,36000.0,38000.0,KEN,KEN,24000.0,59000.0,1489.11959777284,65.0,4.76439571,47088526.0,47.0,46000.0,46051440.0,25.0,17.667539919967243,7.306611662679923,4.614013952588144,80.69906456617478
1990.0,KGZ,100.0,100.0,KGZ,KGZ,100.0,100.0,605.798144966488,0.0,4.41414976,4391236.0,,,,0.0,15.295121294398822,6.408196190394042,,2.277263166907905
1991.0,KGZ,100.0,100.0,KGZ,KGZ,100.0,100.0,569.548584035047,0.0,4.41414976,4463634.0,,100.0,4391236.0,1.0,15.31147379043467,6.346598326123244,1.1870086737573744,2.240327051904345
1992.0,KGZ,100.0,100.0,KGZ,KGZ,100.0,100.0,512.766741120388,0.0,4.41414976,4515400.0,0.0,100.0,4463634.0,2.0,15.32300433448601,6.241769351401938,1.175674266655728,2.2146432209771008
1993.0,KGZ,100.0,100.0,KGZ,KGZ,100.0,100.0,448.554190878232,0.0,4.41414976,4516777.0,0.0,100.0,4515400.0,3.0,15.323309244367795,6.108256404772452,1.1677163782740838,2.2139680573116625
1994.0,KGZ,100.0,100.0,KGZ,KGZ,100.0,100.0,372.481759948941,0.0,4.41414976,4515069.0,0.0,100.0,4516777.0,4.0,15.322931027108474,5.922869167902311,1.16750632865724,2.2148055766146655
1995.0,KGZ,100.0,100.0,KGZ,KGZ,100.0,100.0,364.250365258345,0.0,4.41414976,4560454.0,0.0,100.0,4515069.0,5.0,15.33293273793817,5.9005830506531565,1.1677668820241596,2.192764141464863
1996.0,KGZ,100.0,100.0,KGZ,KGZ,100.0,100.0,394.856879614212,0.0,4.41414976,4628438.0,0.0,100.0,4560454.0,6.0,15.34773000413124,5.981052730812671,1.160887043627198,2.160556109858229
1997.0,KGZ,100.0,100.0,KGZ,KGZ,100.0,100.0,376.427930059811,0.0,4.41414976,4696421.0,0.0,100.0,4628438.0,7.0,15.36231128723829,5.933379636713885,1.1507479962477807,2.129280999297124
1998.0,KGZ,100.0,100.0,KGZ,KGZ,100.0,100.0,345.137046084246,0.0,4.41414976,4769015.0,0.0,100.0,4696421.0,8.0,15.377650342588899,5.846834783584684,1.1408032654794371,2.096869059963116
1999.0,KGZ,100.0,100.0,KGZ,KGZ,100.0,100.0,258.048055936976,0.0,4.41414976,4840422.0,0.0,100.0,4769015.0,9.0,15.392512464974624,5.557013588646558,1.1303916204599032,2.065935573385957
2000.0,KGZ,100.0,100.0,KGZ,KGZ,100.0,200.0,279.621738464365,0.0,4.41414976,4898362.0,0.0,100.0,4840422.0,10.0,15.404411421480646,5.637007636030279,1.1203527669822517,2.0414987704052905
2001.0,KGZ,100.0,650.0,KGZ,KGZ,500.0,3700.0,308.41129550148,0.0,4.27703238,4945073.0,0.0,100.0,4898362.0,11.0,15.413902285316235,5.734671445234306,1.112350410506074,13.144396452792508
2002.0,KGZ,100.0,200.0,KGZ,KGZ,100.0,550.0,321.726775366804,0.0,4.59219551,4990704.0,0.0,650.0,4945073.0,12.0,15.423087539940877,5.7768060685529585,2.649318535253063,4.007450652252668
2003.0,KGZ,100.0,100.0,KGZ,KGZ,100.0,200.0,380.505828812441,0.0,5.82382107,5043308.0,0.0,200.0,4990704.0,13.0,15.433572773950964,5.944126129277364,1.6109269337419623,1.9828255581455665
2004.0,KGZ,100.0,200.0,KGZ,KGZ,100.0,500.0,433.233873286,0.0,6.20281315,5104713.0,0.0,100.0,5043308.0,14.0,15.445674788607782,6.073583267496676,1.092871025158761,3.91794798258002
2005.0,KGZ,100.0,500.0,KGZ,KGZ,500.0,500.0,476.548193640077,3.0,7.45010662,5162640.0,0.0,200.0,5104713.0,15.0,15.456958634527789,6.168665083916953,1.5928913667921556,9.68496738102986
2006.0,KGZ,100.0,500.0,KGZ,KGZ,500.0,550.0,543.113512472219,3.0,8.3118391,5218373.0,0.0,500.0,5162640.0,16.0,15.467696225450945,6.2991578877216785,2.368837835984969,9.581530488525829
2007.0,KGZ,100.0,570.0,KGZ,KGZ,500.0,700.0,721.771577544361,3.0,6.93210649,5268385.0,3.0,500.0,5218373.0,17.0,15.477234421938752,6.583093235233738,2.359110074618934,10.81925485703873
2008.0,KGZ,100.0,690.0,KGZ,KGZ,630.0,800.0,966.388569370494,5.0,6.52511883,5318729.0,3.0,570.0,5268385.0,18.0,15.486744922999904,6.874600244493661,2.469729969131126,12.973024194314092
2009.0,KGZ,200.0,720.0,KGZ,KGZ,660.0,810.0,870.198894546917,7.0,6.89873457,5389643.0,3.0,690.0,5318729.0,19.0,15.499989706925394,6.769870302732405,2.6371286276014345,13.358955314851094
2010.0,KGZ,200.0,750.0,KGZ,KGZ,680.0,840.0,876.954476440354,9.0,6.95027161,5467059.0,5.0,720.0,5389643.0,20.0,15.514251369843779,6.777594743134131,2.664373811311513,13.718527639815118
2011.0,KGZ,200.0,830.0,KGZ,KGZ,760.0,900.0,1117.40174350185,10.0,7.1072917,5546587.0,7.0,750.0,5467059.0,21.0,15.52869334160531,7.019655930403447,2.6891070838288678,14.96415723759494
2012.0,KGZ,200.0,880.0,KGZ,KGZ,810.0,950.0,1168.62244675446,12.0,8.50966358,5652076.0,9.0,830.0,5546587.0,22.0,15.547533469263737,7.064436280632882,2.770346036649065,15.569500480885253
2013.0,KGZ,200.0,850.0,KGZ,KGZ,780.0,930.0,1269.66303464348,18.0,8.18745041,5777150.0,10.0,880.0,5652076.0,23.0,15.569421039460071,7.1472941177415725,2.807563684990424,14.713137100473418
2014.0,KGZ,200.0,860.0,KGZ,KGZ,780.0,930.0,1264.52668823891,24.0,7.35766459,5905848.0,12.0,850.0,5777150.0,24.0,15.591453604415701,7.143243668849263,2.754497120459398,14.56183769037063
2015.0,KGZ,200.0,850.0,KGZ,KGZ,760.0,920.0,1105.65193844261,27.0,7.14930916,6040036.0,18.0,860.0,5905848.0,25.0,15.613920530158136,7.009094464517668,2.7448216152708333,14.072763804719044
1990.0,KHM,100.0,500.0,KHM,KHM,500.0,500.0,190.181470036159,0.0,6.48126554,7374752.0,,,,0.0,15.81357283250611,5.253223081884007,,6.77988900508112
1991.0,KHM,100.0,820.0,KHM,KHM,690.0,950.0,267.336306726982,0.0,6.48126554,7686850.0,,500.0,7374752.0,1.0,15.85502163467659,5.592241069659179,2.051542071389445,10.667568639950044
1992.0,KHM,100.0,2200.0,KHM,KHM,1900.0,2600.0,307.094922385136,0.0,6.48126554,8113083.0,0.0,820.0,7686850.0,2.0,15.90898850181914,5.730407925055056,2.456813081828604,27.116695342571994
1993.0,KHM,200.0,4800.0,KHM,KHM,4100.0,5500.0,294.059372727558,0.0,6.48126554,8616381.0,0.0,2200.0,8113083.0,3.0,15.969175716896395,5.68717659957229,3.336363540213282,55.70784300276416
1994.0,KHM,500.0,8100.0,KHM,KHM,6900.0,9300.0,302.1307854832,0.0,6.48126554,9239162.0,0.0,4800.0,8616381.0,4.0,16.03896174686435,5.714164347639754,4.037912525731488,87.67028871233127
1995.0,KHM,660.0,11000.0,KHM,KHM,9600.0,13000.0,343.485224671585,0.0,6.48126554,10018497.0,0.0,8100.0,9239162.0,5.0,16.11994364236987,5.842051200336805,4.48492486941832,109.7969086580552
1996.0,KHM,1100.0,13000.0,KHM,KHM,11000.0,15000.0,324.655870983004,0.0,6.48126554,10801270.0,0.0,11000.0,10018497.0,6.0,16.195174277773575,5.785841213335976,4.707698873725908,120.35621737073511
1997.0,KHM,1600.0,14000.0,KHM,KHM,12000.0,16000.0,297.59041960803,0.0,6.48126554,11570982.0,0.0,13000.0,10801270.0,7.0,16.264010970244094,5.69907280022343,4.798730165888861,120.99232372844413
1998.0,KHM,2200.0,13000.0,KHM,KHM,11000.0,15000.0,258.780953189377,0.0,6.48126554,12058173.0,0.0,14000.0,11570982.0,8.0,16.305253245249848,5.559838788190118,4.80395812249504,107.81069404129464
1999.0,KHM,2700.0,11000.0,KHM,KHM,9500.0,12000.0,286.753596443196,0.0,6.48126554,12265731.0,0.0,13000.0,12058173.0,9.0,16.322319834387883,5.662104546023264,4.689609620412339,89.68075363792015
2000.0,KHM,3300.0,8600.0,KHM,KHM,7500.0,9700.0,296.426687526334,0.0,6.48126554,12462336.0,0.0,11000.0,12265731.0,10.0,16.338221533687207,5.695167766134285,4.507345136565535,69.00792917154537
2001.0,KHM,3900.0,6900.0,KHM,KHM,6100.0,7800.0,327.500984314444,0.0,6.76028347,12658484.0,0.0,8600.0,12462336.0,11.0,16.353838220274646,5.794539834311178,4.248608509513577,54.508896957961156
2002.0,KHM,4400.0,6200.0,KHM,KHM,5500.0,6900.0,350.147276634294,0.0,6.91952753,12855241.0,0.0,6900.0,12658484.0,12.0,16.36926214607543,5.861205727012642,4.016543313453677,48.22935641579959
2003.0,KHM,4700.0,5600.0,KHM,KHM,4900.0,6300.0,386.691123931778,3.0,6.45762444,13050968.0,0.0,6200.0,12855241.0,13.0,16.384372865227267,5.960208950248643,3.89649012067632,42.90869458878452
2004.0,KHM,4500.0,5100.0,KHM,KHM,4500.0,5600.0,444.199067529081,8.0,6.48521805,13244731.0,0.0,5600.0,13050968.0,14.0,16.399110370931293,6.098521524900277,3.7821123548851654,38.50587829983108
2005.0,KHM,4100.0,4500.0,KHM,KHM,4000.0,5000.0,525.797325120926,12.0,6.15001392,13439202.0,3.0,5100.0,13244731.0,15.0,16.41368651629651,6.266815892257386,3.676449478552061,33.48413097741964
2006.0,KHM,3400.0,3900.0,KHM,KHM,3500.0,4400.0,612.252648550727,22.0,5.36440325,13639028.0,8.0,4500.0,13439202.0,16.0,16.428445946843336,6.418777002005305,3.5404992465488996,28.5944130329522
2007.0,KHM,2700.0,3400.0,KHM,KHM,3000.0,3700.0,731.692295125426,30.0,4.42702723,13841770.0,12.0,3900.0,13639028.0,17.0,16.44320139014996,6.596725825381715,3.387585594627952,24.563332579576166
2008.0,KHM,2100.0,3000.0,KHM,KHM,2600.0,3300.0,866.283999789749,37.0,5.61296654,14053479.0,22.0,3400.0,13841770.0,18.0,16.458380538750696,6.765366489220629,3.241159003622786,21.347027309038566
2009.0,KHM,1700.0,2600.0,KHM,KHM,2300.0,2800.0,875.748936193569,44.0,6.3089695,14276810.0,30.0,3000.0,14053479.0,19.0,16.474147100564853,6.776220675667477,3.106693305906455,18.21135113516255
2010.0,KHM,1400.0,2200.0,KHM,KHM,2000.0,2500.0,952.274616324008,50.0,5.62713194,14500726.0,37.0,2600.0,14276810.0,20.0,16.48970927510291,6.859903021980445,2.955501309297318,15.171654164074269
2011.0,KHM,1300.0,2000.0,KHM,KHM,1800.0,2200.0,1088.98152823081,54.0,6.00443649,14722584.0,44.0,2200.0,14500726.0,21.0,16.50489319933731,6.993916028502356,2.7832599666917317,13.584571838747872
2012.0,KHM,1400.0,1900.0,KHM,KHM,1700.0,2100.0,1192.80263041673,57.0,5.77632856,14945085.0,50.0,2000.0,14722584.0,22.0,16.519893041204913,7.084898979130288,2.679964246615066,12.713209727478967
2013.0,KHM,1600.0,1800.0,KHM,KHM,1600.0,2000.0,1305.6600972686,60.0,5.00863695,15170208.0,54.0,1900.0,14945085.0,23.0,16.534844062502962,7.175229616503199,2.618359581963257,11.865361371445928
2014.0,KHM,1700.0,1800.0,KHM,KHM,1600.0,2000.0,1431.56396469993,63.0,4.40784645,15396772.0,57.0,1800.0,15170208.0,24.0,16.54966843502292,7.26722110008759,2.5545385348414147,11.690762193529917
2015.0,KHM,1800.0,1700.0,KHM,KHM,1500.0,1800.0,1547.32010444393,66.0,4.53898621,15623251.0,60.0,1800.0,15396772.0,25.0,16.56427081132144,7.344925818588925,2.540874342454523,10.88121800001805
1990.0,KNA,100.0,100.0,KNA,KNA,100.0,100.0,5373.44824048425,,4.79933786,40432.0,,,,0.0,10.607376829627976,8.589411194793527,,247.32884843688169
1991.0,KNA,100.0,100.0,KNA,KNA,100.0,100.0,5464.61025672087,,4.79933786,40358.0,,100.0,40432.0,1.0,10.60554491922583,8.606231060748028,5.514753869562655,247.7823479855295
1992.0,KNA,100.0,100.0,KNA,KNA,100.0,100.0,5947.1211356266,,4.79933786,40715.0,,100.0,40358.0,2.0,10.614351853901232,8.690830673147145,5.516578409736836,245.60972614515535
1993.0,KNA,100.0,100.0,KNA,KNA,100.0,100.0,6395.31437746849,,4.79933786,41242.0,,100.0,40715.0,3.0,10.627212433560212,8.763477224945492,5.50780703093039,242.47126715484214
1994.0,KNA,100.0,100.0,KNA,KNA,100.0,100.0,7065.28291984056,,4.79933786,41776.0,,100.0,41242.0,4.0,10.64007729093891,8.863089866721342,5.494998936196073,239.37188816545384
1995.0,KNA,100.0,100.0,KNA,KNA,100.0,100.0,7406.44486096454,,4.79933786,42326.0,,100.0,41776.0,5.0,10.653156833420399,8.910240835743275,5.482187258075605,236.26139961253128
1996.0,KNA,100.0,100.0,KNA,KNA,100.0,100.0,7788.42839854571,,4.79933786,42877.0,,100.0,42326.0,6.0,10.666090830610614,8.960522759862698,5.469162485282115,233.2252722905054
1997.0,KNA,100.0,100.0,KNA,KNA,100.0,100.0,8626.72257471312,,4.79933786,43428.0,,100.0,42877.0,7.0,10.678859673351743,9.062735852925464,5.45628335435341,230.2661877129962
1998.0,KNA,100.0,100.0,KNA,KNA,100.0,100.0,8710.78984057184,,4.79933786,43998.0,,100.0,43428.0,8.0,10.691899457321854,9.072432541338802,5.44356937486365,227.28305832083277
1999.0,KNA,100.0,100.0,KNA,KNA,100.0,100.0,9116.28627997718,,4.79933786,44601.0,,100.0,43998.0,9.0,10.70551155928146,9.117927481769456,5.430586342813883,224.2102195018049
2000.0,KNA,100.0,100.0,KNA,KNA,100.0,100.0,9319.65545093525,,4.79933786,45248.0,,100.0,44601.0,10.0,10.719913749256245,9.139988232560352,5.417034274906446,221.004243281471
2001.0,KNA,100.0,100.0,KNA,KNA,100.0,100.0,10022.5919235637,,4.39693737,45761.0,,100.0,45248.0,11.0,10.731187478961756,9.212696785807458,5.402696495570112,218.5266930355543
2002.0,KNA,100.0,100.0,KNA,KNA,100.0,100.0,10453.6587064313,,4.45210552,46020.0,,100.0,45761.0,12.0,10.736831363589356,9.254802967277424,5.391473833483963,217.29682746631897
2003.0,KNA,100.0,100.0,KNA,KNA,100.0,100.0,10175.6295449989,,4.75159693,46176.0,,100.0,46020.0,13.0,10.740215461573598,9.227849149330503,5.385855730542914,216.56271656271656
2004.0,KNA,100.0,100.0,KNA,KNA,100.0,100.0,10944.6183741768,,4.49067402,46315.0,,100.0,46176.0,14.0,10.743221161688128,9.300694506686877,5.382487160975777,215.9127712404189
2005.0,KNA,100.0,100.0,KNA,KNA,100.0,100.0,11783.7867154145,,4.72803831,46437.0,,100.0,46315.0,15.0,10.745851834241988,9.374564717235693,5.3794952968759056,215.3455218898723
2006.0,KNA,100.0,100.0,KNA,KNA,100.0,100.0,13837.8495311219,,4.98203421,46569.0,,100.0,46437.0,16.0,10.748690362694553,9.535235099352448,5.376876768004505,214.73512422426938
2007.0,KNA,100.0,100.0,KNA,KNA,100.0,100.0,14757.9579751035,,4.79733467,46706.0,,100.0,46569.0,17.0,10.751627915061572,9.599605497769598,5.374051378452111,214.10525414293667
2008.0,KNA,100.0,100.0,KNA,KNA,100.0,100.0,16604.9448615905,,5.30566025,46835.0,,100.0,46706.0,18.0,10.754386065643232,9.717516034425671,5.371127462488317,213.51553325504432
2009.0,KNA,100.0,100.0,KNA,KNA,100.0,100.0,16503.4119292794,,5.28673744,46916.0,,100.0,46835.0,19.0,10.756114047641395,9.711383013799727,5.368382151853584,213.14690084406172
2010.0,KNA,100.0,100.0,KNA,KNA,100.0,100.0,16622.9457908577,,5.21727514,46846.0,,100.0,46916.0,20.0,10.754620905152855,9.718599452437259,5.366662232063417,213.46539725910432
2011.0,KNA,100.0,100.0,KNA,KNA,100.0,100.0,17832.4572919975,,5.17247772,46886.0,,100.0,46846.0,21.0,10.755474402409464,9.788831595144961,5.368148407215528,213.28328285628973
2012.0,KNA,100.0,100.0,KNA,KNA,100.0,100.0,17532.0559008608,,5.01866484,47033.0,,100.0,46886.0,22.0,10.758604761975464,9.771843286787682,5.367298891299966,212.616673399528
2013.0,KNA,100.0,100.0,KNA,KNA,100.0,100.0,18580.1301949935,,5.05167818,47069.0,,100.0,47033.0,23.0,10.759369889215188,9.829901839096614,5.36418316302615,212.4540568102148
2014.0,KNA,100.0,100.0,KNA,KNA,100.0,100.0,20219.3954237956,,4.75296593,47089.0,,100.0,47069.0,24.0,10.75979470708092,9.914447048456221,5.363421618927389,212.36382169933532
2015.0,KNA,100.0,100.0,KNA,KNA,100.0,100.0,20328.8003530109,,5.12752008,47087.0,,100.0,47089.0,25.0,10.759752233414586,9.919843086259903,5.362998791689979,212.3728417609956
1990.0,KOR,,,KOR,KOR,,,6812.9019416767,,3.71794796,42869283.0,,,,0.0,17.57366611345179,8.826720207403643,,
1991.0,KOR,,,KOR,KOR,,,7872.65052449111,,3.71794796,43295704.0,,,42869283.0,1.0,17.583563973270007,8.971277087040312,,
1992.0,KOR,,,KOR,KOR,,,8387.16308258471,,3.71794796,43747962.0,,,43295704.0,2.0,17.59395558682574,9.03457683420104,,
1993.0,KOR,,,KOR,KOR,,,9179.96872485152,,3.71794796,44194628.0,,,43747962.0,3.0,17.60411380119999,9.124888003630058,,
1994.0,KOR,,,KOR,KOR,,,10733.9888860657,,3.71794796,44641540.0,,,44194628.0,4.0,17.614175373650166,9.281263675013388,,
1995.0,KOR,,,KOR,KOR,,,13001.7205867019,,3.71794796,45092991.0,,,44641540.0,5.0,17.624237382195933,9.472913890448673,,
1996.0,KOR,,,KOR,KOR,,,13864.9376534518,,3.71794796,45524681.0,,,45092991.0,6.0,17.63376517641446,9.537190583130853,,
1997.0,KOR,,,KOR,KOR,,,12821.6893313675,,3.71794796,45953580.0,,,45524681.0,7.0,17.643142314503663,9.458971484712418,,
1998.0,KOR,,,KOR,KOR,,,8583.43557499234,,3.71794796,46286503.0,,,45953580.0,8.0,17.650360964679567,9.057706025683041,,
1999.0,KOR,,,KOR,KOR,,,11062.5019301357,,3.71794796,46616677.0,,,46286503.0,9.0,17.65746891061018,9.311406855170743,,
2000.0,KOR,,,KOR,KOR,,,12710.2995795579,,3.71794796,47008111.0,,,46616677.0,10.0,17.665830719253158,9.450246607544816,,
2001.0,KOR,,,KOR,KOR,,,11981.4828218758,,4.16983986,47370164.0,,,47008111.0,11.0,17.67350313700076,9.39120109743174,,
2002.0,KOR,,,KOR,KOR,,,13642.9424537101,,3.90854764,47644736.0,,,47370164.0,12.0,17.67928270976891,9.521050925830295,,
2003.0,KOR,,,KOR,KOR,,,15211.5483770422,,4.46640348,47892330.0,,,47644736.0,13.0,17.684465924298767,9.629875917375669,,
2004.0,KOR,,,KOR,KOR,,,17121.6301633201,,4.43287992,48082519.0,,,47892330.0,14.0,17.688429238665744,9.748156268930746,,
2005.0,KOR,,,KOR,KOR,,,20167.0474902506,,4.65223551,48184561.0,,,48082519.0,15.0,17.69054921650692,9.911854823597759,,
2006.0,KOR,,,KOR,KOR,,,22609.7059431449,,4.95851803,48438292.0,,,48184561.0,16.0,17.695801215911906,10.026178787391627,,
2007.0,KOR,,,KOR,KOR,,,25078.4853957105,,4.95834208,48683638.0,,,48438292.0,17.0,17.70085355624111,10.129805476024009,,
2008.0,KOR,,,KOR,KOR,,,22252.3125108061,,5.24642324,49054708.0,,,48683638.0,18.0,17.70844672305962,10.010246153403484,,
2009.0,KOR,,,KOR,KOR,,,19937.3029137734,,5.68525076,49307835.0,,,49054708.0,19.0,17.713593551334977,9.900397930253547,,
2010.0,KOR,,,KOR,KOR,,,24071.2620526362,,5.79390717,49554112.0,,,49307835.0,20.0,17.71857580217899,10.088815504451865,,
2011.0,KOR,,,KOR,KOR,,,26175.2398553363,,5.90292883,49936638.0,,,49554112.0,21.0,17.726265519764812,10.17260740253807,,
2012.0,KOR,,,KOR,KOR,,,26600.5477433903,,5.9576025,50199853.0,,,49936638.0,22.0,17.731522656370817,10.1887246789188,,
2013.0,KOR,,,KOR,KOR,,,28449.3591104972,,6.06858635,50428893.0,,,50199853.0,23.0,17.736074842592465,10.255916061987897,,
2014.0,KOR,,,KOR,KOR,,,30667.0912467447,,6.24487352,50746659.0,,,50428893.0,24.0,17.7423563412068,10.330978019982325,,
2015.0,KOR,,,KOR,KOR,,,30171.7906545222,,6.46202612,51014947.0,,,50746659.0,25.0,17.74762922618088,10.31469582553944,,
1990.0,KWT,,,KWT,KWT,,,10937.5415268808,26.0,2.20362997,1684819.0,,,,0.0,14.337168697601204,9.300047751447043,,
1991.0,KWT,,,KWT,KWT,,,8147.10807329839,26.0,2.20362997,1351399.0,,,1684819.0,1.0,14.116650910126577,9.00554104104106,,
1992.0,KWT,,,KWT,KWT,,,12146.19505586,26.0,2.20362997,1634961.0,26.0,,1351399.0,2.0,14.307129508817988,9.404853562516514,,
1993.0,KWT,,,KWT,KWT,,,14317.7209419057,26.0,2.20362997,1672151.0,26.0,,1634961.0,3.0,14.329621379553775,9.569323116826071,,
1994.0,KWT,,,KWT,KWT,,,14929.7441110335,26.0,2.20362997,1664361.0,26.0,,1672151.0,4.0,14.324951823949053,9.611177729280113,,
1995.0,KWT,,,KWT,KWT,,,16168.165602374,26.0,2.20362997,1681513.0,26.0,,1664361.0,5.0,14.335204541324964,9.69086134965496,,
1996.0,KWT,,,KWT,KWT,,,18201.0958607918,26.0,2.20362997,1730246.0,26.0,,1681513.0,6.0,14.363774152896784,9.80929202362117,,
1997.0,KWT,,,KWT,KWT,,,16977.3895620399,26.0,2.20362997,1787683.0,26.0,,1730246.0,7.0,14.396430925932446,9.73969661214246,,
1998.0,KWT,,,KWT,KWT,,,14066.9509572183,26.0,2.20362997,1844302.0,26.0,,1787683.0,8.0,14.427611444092584,9.55165450746456,,
1999.0,KWT,,,KWT,KWT,,,15853.6264423466,26.0,2.20362997,1900030.0,26.0,,1844302.0,9.0,14.4573802334857,9.67121662582113,,
2000.0,KWT,,,KWT,KWT,,,19296.3471698729,26.0,2.20362997,1954709.0,26.0,,1900030.0,10.0,14.485751891217616,9.867722913107347,,
2001.0,KWT,,,KWT,KWT,,,17374.2318664227,29.0,3.18719625,2008121.0,26.0,,1954709.0,11.0,14.512710016942401,9.762801015174034,,
2002.0,KWT,,,KWT,KWT,,,18512.7523035862,35.0,3.12441754,2059974.0,26.0,,2008121.0,12.0,14.538203919326891,9.826269102666869,,
2003.0,KWT,,,KWT,KWT,,,22690.655175144,35.0,2.76042604,2109881.0,29.0,,2059974.0,13.0,14.562142105757552,10.029752522453332,,
2004.0,KWT,,,KWT,KWT,,,27552.2827399787,35.0,2.35702467,2157320.0,35.0,,2109881.0,14.0,14.58437726856354,10.223876963198688,,
2005.0,KWT,,,KWT,KWT,,,36122.6142741227,39.0,2.013309,2236788.0,35.0,,2157320.0,15.0,14.62055146620037,10.494702065485166,,
2006.0,KWT,,,KWT,KWT,,,42946.6374104066,36.0,1.8213098,2364733.0,35.0,,2236788.0,16.0,14.676175677128972,10.667736917992697,,
2007.0,KWT,,,KWT,KWT,,,45709.4132876371,34.0,1.92673647,2507887.0,39.0,,2364733.0,17.0,14.734951123898533,10.730081412799619,,
2008.0,KWT,,,KWT,KWT,,,55585.1889344442,32.0,1.92400301,2651421.0,36.0,,2507887.0,18.0,14.79060628065949,10.925690048922533,,
2009.0,KWT,,,KWT,KWT,,,37907.1001320042,31.0,2.70638776,2795484.0,34.0,,2651421.0,19.0,14.843515815948287,10.542920092034423,,
2010.0,KWT,,,KWT,KWT,,,39212.252220155,32.0,2.67879915,2943372.0,32.0,,2795484.0,20.0,14.895066420858585,10.576770035487524,,
2011.0,KWT,,,KWT,KWT,,,49169.6063813095,32.0,2.33303547,3132814.0,31.0,,2943372.0,21.0,14.957442200154103,10.803051292673027,,
2012.0,KWT,,,KWT,KWT,,,52155.2225833921,31.0,2.33311439,3337109.0,32.0,,3132814.0,22.0,15.020615421269575,10.861998774181163,,
2013.0,KWT,,,KWT,KWT,,,49651.0439275077,34.0,2.48789287,3507844.0,32.0,,3337109.0,23.0,15.070512161702048,10.812794835343167,,
2014.0,KWT,,,KWT,KWT,,,44368.7813457751,33.0,2.9159987,3665876.0,31.0,,3507844.0,24.0,15.114577882478034,10.700313916386396,,
2015.0,KWT,,,KWT,KWT,,,29882.2126495698,32.0,4.21497965,3834574.0,34.0,,3665876.0,25.0,15.159568904475215,10.305052151859629,,
1990.0,LAO,100.0,100.0,LAO,LAO,100.0,100.0,200.7349054896,0.0,4.27513599,4311955.0,,,,0.0,15.276901955523936,5.306954486455645,,2.3191336644283163
1991.0,LAO,100.0,100.0,LAO,LAO,100.0,100.0,231.806227548139,0.0,4.27513599,4435118.0,,100.0,4311955.0,1.0,15.305064779910765,5.4502064661358265,1.1997038044271682,2.254731441192771
1992.0,LAO,100.0,100.0,LAO,LAO,100.0,100.0,247.345286150532,0.0,4.27513599,4559646.0,0.0,100.0,4435118.0,2.0,15.332755546898134,5.514820060702928,1.1801097657106805,2.193152714048415
1993.0,LAO,100.0,100.0,LAO,LAO,100.0,100.0,283.400573286349,0.0,4.27513599,4685060.0,0.0,100.0,4559646.0,3.0,15.359889280402962,5.65038371370184,1.161008740352296,2.1344443827827178
1994.0,LAO,100.0,100.0,LAO,LAO,100.0,100.0,320.968128951646,0.0,4.27513599,4809220.0,0.0,100.0,4685060.0,4.0,15.386045466770076,5.774452562234685,1.1424519280053869,2.0793392691538335
1995.0,LAO,100.0,200.0,LAO,LAO,200.0,200.0,357.758162193406,0.0,4.27513599,4929409.0,0.0,100.0,4809220.0,5.0,15.410729660536749,5.882648518573636,1.1247150509701305,4.057281511840467
1996.0,LAO,100.0,500.0,LAO,LAO,200.0,500.0,371.341879197673,0.0,4.27513599,5045678.0,0.0,200.0,4929409.0,6.0,15.434042593225884,5.919812462324819,1.6208290883041325,9.909471036399866
1997.0,LAO,100.0,500.0,LAO,LAO,500.0,500.0,339.09319241187,0.0,4.27513599,5152011.0,0.0,500.0,5045678.0,7.0,15.454897681857215,5.8292196753819745,2.3896313143799235,9.704948223130735
1998.0,LAO,100.0,500.0,LAO,LAO,500.0,540.0,243.923962451418,0.0,4.27513599,5248266.0,0.0,500.0,5152011.0,8.0,15.473408294297181,5.500947805032769,2.3707060853303448,9.526956141323629
1999.0,LAO,100.0,540.0,LAO,LAO,500.0,600.0,272.325307005412,0.0,4.27513599,5340784.0,0.0,500.0,5248266.0,9.0,15.490883016639295,5.6106626865446945,2.353939218957063,10.110875107474858
2000.0,LAO,100.0,650.0,LAO,LAO,590.0,720.0,318.749852236965,0.0,4.27513599,5431212.0,0.0,540.0,5340784.0,10.0,15.507672871423607,5.7675389783383295,2.4079243680990303,11.9678627901102
2001.0,LAO,100.0,790.0,LAO,LAO,710.0,870.0,320.316005439568,0.0,4.29031658,5521482.0,0.0,650.0,5431212.0,11.0,15.524156860480309,5.772425079507834,2.562474203725811,14.307752882287764
2002.0,LAO,200.0,850.0,LAO,LAO,770.0,940.0,313.350817148131,0.0,3.69751263,5610889.0,0.0,790.0,5521482.0,12.0,15.540219731967479,5.750509614310759,2.728359424389503,15.149114516434025
2003.0,LAO,200.0,870.0,LAO,LAO,780.0,950.0,355.097216151461,1.0,4.47920704,5697945.0,0.0,850.0,5610889.0,13.0,15.555616141483751,5.875203772649863,2.7818652194617415,15.268662649428874
2004.0,LAO,200.0,890.0,LAO,LAO,800.0,970.0,409.296298284117,4.0,3.5405724,5781626.0,0.0,870.0,5697945.0,14.0,15.570195515965843,6.016879577433562,2.7892407205218217,15.393593428561445
2005.0,LAO,200.0,920.0,LAO,LAO,830.0,1000.0,466.061506997741,6.0,3.33673191,5869523.0,1.0,890.0,5781626.0,15.0,15.585283927855095,6.146460955629618,2.796890613908762,15.674186812114034
2006.0,LAO,200.0,960.0,LAO,LAO,870.0,1100.0,579.391947440719,8.0,2.93200922,5963200.0,4.0,920.0,5869523.0,16.0,15.601117807707132,6.36370364675927,2.813861823722831,16.098738932116984
2007.0,LAO,500.0,1000.0,LAO,LAO,920.0,1100.0,697.323013673925,10.0,3.12986231,6056236.0,6.0,960.0,5963200.0,17.0,15.616599042957034,6.548681766023701,2.83900471412937,16.511906074994435
2008.0,LAO,500.0,1000.0,LAO,LAO,930.0,1100.0,885.747376088762,14.0,2.76727295,6148969.0,8.0,1000.0,6056236.0,18.0,15.63179498345274,6.787560134629068,2.862880996740808,16.262888949350696
2009.0,LAO,500.0,1100.0,LAO,LAO,950.0,1200.0,935.03237283283,17.0,3.46300411,6241642.0,10.0,1000.0,6148969.0,19.0,15.646753846755724,6.841650062239359,2.8485590499428812,17.62356764453969
2010.0,LAO,500.0,1100.0,LAO,LAO,970.0,1200.0,1125.91610151261,18.0,2.91154933,6334194.0,14.0,1100.0,6241642.0,20.0,15.661473133966593,7.027240067180488,2.9244278563171253,17.36606109632891
2011.0,LAO,500.0,1100.0,LAO,LAO,970.0,1200.0,1361.54704394913,20.0,1.94457507,6426590.0,17.0,1100.0,6334194.0,21.0,15.675954628946826,7.217111053610419,2.910504455785433,17.116386761875273
2012.0,LAO,500.0,1100.0,LAO,LAO,1000.0,1200.0,1563.5650771337,22.0,2.07637572,6518978.0,18.0,1100.0,6426590.0,22.0,15.690228173150253,7.355363158366373,2.8968168746532745,16.87381058810139
2013.0,LAO,500.0,1200.0,LAO,LAO,1000.0,1300.0,1812.51774424651,24.0,2.39984965,6611385.0,20.0,1100.0,6518978.0,23.0,15.704303720892927,7.503023743205836,2.883336545840356,18.150508554561565
2014.0,LAO,500.0,1200.0,LAO,LAO,1100.0,1300.0,1981.03910900473,27.0,2.29845548,6703172.0,22.0,1200.0,6611385.0,24.0,15.71809140516305,7.591881446786444,2.9523292716480127,17.90197237964355
2015.0,LAO,500.0,1200.0,LAO,LAO,1100.0,1300.0,2121.01339097363,29.0,2.45366454,6801645.0,24.0,1200.0,6703172.0,25.0,15.732675052655107,7.660120629697669,2.9392662753319043,17.642790824866633
1990.0,LBN,,,LBN,LBN,,,789.526338484738,3.0,10.82951355,3595175.0,,,,0.0,15.09510322667296,6.672698974860741,,
1991.0,LBN,,,LBN,LBN,,,1278.42125745633,3.0,10.82951355,3668912.0,,,3595175.0,1.0,15.115405718312795,7.154163112054128,,
1992.0,LBN,,,LBN,LBN,,,1559.38100628446,3.0,10.82951355,3747371.0,3.0,,3668912.0,2.0,15.136565085417773,7.3526853052208505,,
1993.0,LBN,,,LBN,LBN,,,2078.63864215562,3.0,10.82951355,3820647.0,3.0,,3747371.0,3.0,15.155930337968735,7.63994942786973,,
1994.0,LBN,,,LBN,LBN,,,2467.76942720577,3.0,10.82951355,3889799.0,3.0,,3820647.0,4.0,15.173868043308483,7.811475097866377,,
1995.0,LBN,,,LBN,LBN,,,2958.74263957462,3.0,10.82951355,3960735.0,3.0,,3889799.0,5.0,15.191940172068595,7.99285759744842,,
1996.0,LBN,,,LBN,LBN,,,3393.05090749359,3.0,10.82951355,4034781.0,3.0,,3960735.0,6.0,15.210462583120304,8.129779444943201,,
1997.0,LBN,,,LBN,LBN,,,3834.0590787531,3.0,10.82951355,4108405.0,3.0,,4034781.0,7.0,15.228545433291837,8.251940118833442,,
1998.0,LBN,,,LBN,LBN,,,4124.85527892575,3.0,10.82951355,4181281.0,3.0,,4108405.0,8.0,15.246128216882013,8.32502861762238,,
1999.0,LBN,,,LBN,LBN,,,4086.93872789633,3.0,10.82951355,4255277.0,3.0,,4181281.0,9.0,15.263670417753197,8.315796143487539,,
2000.0,LBN,,,LBN,LBN,,,3986.83513941026,3.0,10.82951355,4329340.0,3.0,,4255277.0,10.0,15.280925663418547,8.291003791062312,,
2001.0,LBN,,,LBN,LBN,,,4009.55929751102,7.0,10.56254768,4401918.0,3.0,,4329340.0,11.0,15.297550912998632,8.296685986263318,,
2002.0,LBN,,,LBN,LBN,,,4290.85283803266,11.0,9.28233719,4463504.0,3.0,,4401918.0,12.0,15.311444665758875,8.36447381565872,,
2003.0,LBN,,,LBN,LBN,,,4437.71588507526,14.0,8.67109871,4525508.0,7.0,,4463504.0,13.0,15.325240394008269,8.398120398522385,,
2004.0,LBN,,,LBN,LBN,,,4600.68371412993,18.0,7.99923086,4599279.0,11.0,,4525508.0,14.0,15.341410110044027,8.4341775403173,,
2005.0,LBN,,,LBN,LBN,,,4602.19804637945,21.0,7.54867649,4671102.0,14.0,,4599279.0,15.0,15.356905576111592,8.434506568392312,,
2006.0,LBN,,,LBN,LBN,,,4635.2514117486,23.0,8.66057873,4751136.0,18.0,,4671102.0,16.0,15.37389430531187,8.441661433306013,,
2007.0,LBN,,,LBN,LBN,,,5125.25809960149,26.0,8.55984211,4844118.0,21.0,,4751136.0,17.0,15.393275743391449,8.542131256729697,,
2008.0,LBN,,,LBN,LBN,,,5912.04532820842,29.0,7.81751728,4925354.0,23.0,,4844118.0,18.0,15.409906708177804,8.684916261647768,,
2009.0,LBN,,,LBN,LBN,,,7090.85493856621,33.0,7.0073576,4992287.0,26.0,,4925354.0,19.0,15.42340467936598,8.866702212750026,,
2010.0,LBN,,,LBN,LBN,,,7625.81051551165,37.0,7.43864489,5041288.0,29.0,,4992287.0,20.0,15.433172162954348,8.939425017947357,,
2011.0,LBN,,,LBN,LBN,,,7834.96257108993,42.0,8.17744446,5096020.0,33.0,,5041288.0,21.0,15.443970400873217,8.966479002520344,,
2012.0,LBN,,,LBN,LBN,,,8406.98405608118,44.0,7.00420094,5235742.0,37.0,,5096020.0,22.0,15.471019130542755,9.036937016275395,,
2013.0,LBN,,,LBN,LBN,,,8162.37929361396,43.0,7.06742191,5743436.0,42.0,,5235742.0,23.0,15.563568195474259,9.007413491349714,,
2014.0,LBN,,,LBN,LBN,,,7577.6413302369,45.0,7.52191401,6346990.0,44.0,,5743436.0,24.0,15.663491242739862,8.933089218538214,,
2015.0,LBN,,,LBN,LBN,,,7714.1099998804,52.0,7.41596651,6472469.0,43.0,,6346990.0,25.0,15.683068201102348,8.950936022619196,,
1990.0,LBR,1100.0,,LBR,LBR,,,172.867610123278,0.0,2.69215393,2223667.0,,,,0.0,14.614668192926095,5.158294148252145,,
1991.0,LBR,1000.0,,LBR,LBR,,,177.867006590279,0.0,2.69215393,1956518.0,,,2223667.0,1.0,14.486676920692506,5.1866425497517925,,
1992.0,LBR,1400.0,,LBR,LBR,,,107.842801384441,0.0,2.69215393,2072461.0,0.0,,1956518.0,2.0,14.544247347961694,4.6899046521398695,,
1993.0,LBR,1700.0,,LBR,LBR,,,74.4272028642409,0.0,2.69215393,2155126.0,0.0,,2072461.0,3.0,14.583359748488252,4.323167990641055,,
1994.0,LBR,2000.0,,LBR,LBR,,,61.490431307467,0.0,2.69215393,2149928.0,0.0,,2155126.0,4.0,14.580944911171004,4.1350134459409675,,
1995.0,LBR,2200.0,,LBR,LBR,,,62.1438140627579,0.0,2.69215393,2169162.0,0.0,,2149928.0,5.0,14.589851475816623,4.1454148877476085,,
1996.0,LBR,2500.0,,LBR,LBR,,,71.4065248720036,0.0,2.69215393,2232289.0,0.0,,2169162.0,6.0,14.618538074388228,4.282296417872365,,
1997.0,LBR,2700.0,,LBR,LBR,,,122.627993745516,0.0,2.69215393,2412989.0,0.0,,2232289.0,7.0,14.696376785956081,4.817277005993576,,
1998.0,LBR,3300.0,,LBR,LBR,,,134.675393352518,0.0,2.69215393,2670124.0,0.0,,2412989.0,8.0,14.797635471245604,4.910265219171491,,
1999.0,LBR,3700.0,,LBR,LBR,,,156.573166945696,0.0,2.69215393,2821684.0,0.0,,2670124.0,9.0,14.85284442780392,5.059889902430962,,
2000.0,LBR,3900.0,,LBR,LBR,,,298.485340578945,0.0,2.69215393,2928117.0,0.0,,2821684.0,10.0,14.889870112281393,5.7020654700435545,,
2001.0,LBR,4100.0,,LBR,LBR,,,300.463828598983,0.0,2.15581036,3015338.0,0.0,,2928117.0,11.0,14.919222487995986,5.70865003749076,,
2002.0,LBR,4200.0,,LBR,LBR,,,299.536445539621,0.0,2.16462922,3094782.0,0.0,,3015338.0,12.0,14.945228025432689,5.705569029614821,,
2003.0,LBR,4300.0,,LBR,LBR,,,239.779556677091,0.0,2.51847482,3119532.0,0.0,,3094782.0,13.0,14.95319354853454,5.4838818123102815,,
2004.0,LBR,4200.0,,LBR,LBR,,,284.140223992458,0.0,5.90509653,3156892.0,0.0,,3119532.0,14.0,14.965098557262218,5.65298107327807,,
2005.0,LBR,4200.0,,LBR,LBR,,,287.487333441381,0.0,6.69497347,3301015.0,0.0,,3156892.0,15.0,15.009740554902558,5.664651180101745,,
2006.0,LBR,4100.0,,LBR,LBR,,,320.55808618515,2.0,5.77426577,3490787.0,0.0,,3301015.0,16.0,15.065637770189648,5.7731781997849705,,
2007.0,LBR,4000.0,,LBR,LBR,,,374.211308104278,3.0,4.32884932,3669050.0,0.0,,3490787.0,17.0,15.115443330936031,5.9274893555485795,,
2008.0,LBR,3900.0,,LBR,LBR,,,451.713856283285,4.0,5.99615717,3821003.0,2.0,,3669050.0,18.0,15.156023511563511,6.115260262065576,,
2009.0,LBR,3700.0,,LBR,LBR,,,448.386367025545,7.0,8.98514843,3943028.0,3.0,,3821003.0,19.0,15.187459514026537,6.107883023344367,,
2010.0,LBR,3400.0,,LBR,LBR,,,492.252808033724,10.0,8.43860245,4058890.0,4.0,,3943028.0,20.0,15.216420095182814,6.201021837808414,,
2011.0,LBR,3100.0,,LBR,LBR,,,568.087865520004,13.0,8.58399582,4221178.0,7.0,,4058890.0,21.0,15.255624793977374,6.3440348431536835,,
2012.0,LBR,3200.0,,LBR,LBR,,,638.368751462083,12.0,7.62987185,4373043.0,10.0,,4221178.0,22.0,15.290969663413257,6.460481363773808,,
2013.0,LBR,3100.0,,LBR,LBR,,,710.744570927863,15.0,7.15610409,4470239.0,13.0,,4373043.0,23.0,15.312952432721934,6.567719098349446,,
2014.0,LBR,3000.0,,LBR,LBR,,,706.714490064507,16.0,8.09817886,4564293.0,12.0,,4470239.0,24.0,15.333774185975361,6.5620407497407305,,
2015.0,LBR,2900.0,,LBR,LBR,,,692.590082351257,18.0,10.38244438,4659431.0,15.0,,4564293.0,25.0,15.354403895642358,6.541881126562571,,
1990.0,LBY,100.0,100.0,LBY,LBY,100.0,100.0,6502.27886565421,12.0,3.31908512,4445239.0,,,,0.0,15.307344193763646,8.780061769566082,,2.2495978281482727
1991.0,LBY,100.0,100.0,LBY,LBY,100.0,100.0,7039.83391970596,12.0,3.31908512,4544400.0,,100.0,4445239.0,1.0,15.329406263677887,8.859481896640595,1.1785312434994322,2.200510518440278
1992.0,LBY,100.0,100.0,LBY,LBY,100.0,100.0,7302.68908679226,12.0,3.31908512,4640352.0,12.0,100.0,4544400.0,2.0,15.350300783394022,8.896134853843078,1.1633103340935917,2.1550089303570075
1993.0,LBY,100.0,100.0,LBY,LBY,100.0,100.0,6477.87035840641,12.0,3.31908512,4733045.0,12.0,100.0,4640352.0,3.0,15.370079316554998,8.776301446743114,1.1489913265302187,2.1128047588814387
1994.0,LBY,100.0,100.0,LBY,LBY,100.0,100.0,5933.29121354077,12.0,3.31908512,4822037.0,12.0,100.0,4733045.0,4.0,15.388707010858477,8.688502875066353,1.1355241714975748,2.073812374314009
1995.0,LBY,100.0,100.0,LBY,LBY,100.0,200.0,5205.25706378741,12.0,3.31908512,4906843.0,12.0,100.0,4822037.0,5.0,15.406141319451159,8.55761646270413,1.1229186069211485,2.037970238705416
1996.0,LBY,100.0,200.0,LBY,LBY,200.0,200.0,5591.02027544558,12.0,3.31908512,4987393.0,12.0,100.0,4906843.0,6.0,15.422423886316038,8.629095909702063,1.111189607781099,4.010111094112696
1997.0,LBY,100.0,200.0,LBY,LBY,200.0,200.0,6061.81366033598,12.0,3.31908512,5064639.0,12.0,200.0,4987393.0,7.0,15.437793419679636,8.709929271694763,1.6114580893245154,3.948948779962402
1998.0,LBY,100.0,200.0,LBY,LBY,200.0,500.0,5301.08354775559,12.0,3.31908512,5140704.0,12.0,200.0,5064639.0,8.0,15.452700593033047,8.575855144505956,1.599175186343026,3.890517718973899
1999.0,LBY,100.0,500.0,LBY,LBY,200.0,500.0,6894.51875534758,12.0,3.31908512,5218038.0,12.0,200.0,5140704.0,9.0,15.467632027136004,8.838627023850883,1.5872981708834275,9.582145626382943
2000.0,LBY,100.0,500.0,LBY,LBY,500.0,500.0,7214.10040377084,12.0,3.31908512,5305021.0,12.0,500.0,5218038.0,10.0,15.484164288552074,8.8839313870877,2.3591682060941985,9.42503337875571
2001.0,LBY,100.0,500.0,LBY,LBY,500.0,500.0,6312.80030498965,13.0,3.92571616,5403639.0,12.0,500.0,5305021.0,11.0,15.502583173462233,8.750493041280064,2.3442099694788485,9.253023749365937
2002.0,LBY,100.0,500.0,LBY,LBY,500.0,500.0,3718.29434696755,15.0,4.73818302,5508410.0,12.0,500.0,5403639.0,12.0,15.521786573242654,8.22128923759806,2.327572662018631,9.077029487637994
2003.0,LBY,100.0,500.0,LBY,LBY,500.0,500.0,4674.09943200321,13.0,3.97301245,5619398.0,13.0,500.0,5508410.0,13.0,15.54173509869467,8.4500057103743,2.3102585255257986,8.89775025723396
2004.0,LBY,100.0,500.0,LBY,LBY,500.0,500.0,5773.76333234281,18.0,3.38328195,5736693.0,15.0,500.0,5619398.0,14.0,15.562393469863522,8.661252553137732,2.292307484572046,8.715822861707956
2005.0,LBY,100.0,500.0,LBY,LBY,500.0,500.0,8079.24957329001,20.0,2.51707149,5858798.0,13.0,500.0,5736693.0,15.0,15.583455021059399,8.99717803882154,2.2737557793668897,8.53417373324699
2006.0,LBY,100.0,500.0,LBY,LBY,500.0,500.0,10048.8480434289,23.0,2.29996443,5980211.0,18.0,500.0,5858798.0,16.0,15.603966409585276,9.215312793316087,2.2548825791094727,8.360909004715719
2007.0,LBY,100.0,500.0,LBY,LBY,500.0,500.0,11144.9448413435,27.0,2.41929626,6104380.0,20.0,500.0,5980211.0,17.0,15.624517104268216,9.318831019377196,2.2365424016624895,8.19084001978907
2008.0,LBY,100.0,500.0,LBY,LBY,500.0,500.0,13906.1407818125,32.0,2.24441886,6235430.0,23.0,500.0,6104380.0,18.0,15.645758100235504,9.540157712517363,2.218207338043335,8.01869317753547
2009.0,LBY,100.0,500.0,LBY,LBY,500.0,500.0,9551.05403869755,38.0,3.5828805,6366686.0,27.0,500.0,6235430.0,19.0,15.666589640993353,9.164511492933963,2.199299443039028,7.853379293403193
2010.0,LBY,100.0,500.0,LBY,LBY,500.0,500.0,11600.9068649472,44.0,3.28064442,6497839.0,32.0,500.0,6366686.0,20.0,15.686980218049815,9.358924748493978,2.1807992271996,7.694865939276118
2011.0,LBY,100.0,500.0,LBY,LBY,500.0,500.0,7593.8391525702,50.0,4.01902008,6343203.0,38.0,500.0,6497839.0,21.0,15.662894403887623,8.935224236737175,2.1627327295477787,7.88245307615096
2012.0,LBY,100.0,500.0,LBY,LBY,500.0,500.0,14975.8902795144,52.0,3.95612097,6179328.0,44.0,500.0,6343203.0,22.0,15.636720085657405,9.614263644033425,2.1840777661691124,8.091494738586462
2013.0,LBY,100.0,500.0,LBY,LBY,500.0,500.0,11951.7134126011,51.0,4.97548628,6304628.0,50.0,500.0,6179328.0,23.0,15.65679452484752,9.388713595400562,2.2073393323592723,7.930682032310234
2014.0,LBY,100.0,500.0,LBY,LBY,500.0,500.0,8926.42074591474,55.0,5.17777824,6427252.0,52.0,500.0,6304628.0,24.0,15.676057633169313,9.096882801906347,2.1894927673706377,7.779374451165133
2015.0,LBY,100.0,500.0,LBY,LBY,500.0,500.0,7458.48917756374,59.0,5.80638647,6531819.0,51.0,500.0,6427252.0,25.0,15.69219602295189,8.91724221599589,2.172405158088919,7.654835506005295
1990.0,LCA,100.0,100.0,LCA,LCA,100.0,100.0,4204.57161863111,,4.86549902,137857.0,,,,0.0,11.833972194995843,8.344165501011645,,72.53893527350805
1991.0,LCA,100.0,100.0,LCA,LCA,100.0,100.0,4398.67906897723,,4.86549902,139520.0,,100.0,137857.0,1.0,11.845963239142806,8.389286878377373,4.297814997572885,71.67431192660551
1992.0,LCA,100.0,100.0,LCA,LCA,100.0,100.0,4759.83867808296,,4.86549902,141617.0,,100.0,139520.0,2.0,11.860881509532726,8.468179124579896,4.285987978585954,70.61299137815375
1993.0,LCA,100.0,100.0,LCA,LCA,100.0,100.0,4764.72464839218,,4.86549902,143726.0,,100.0,141617.0,3.0,11.875663988199067,8.469204881837825,4.271276501336622,69.57683369745209
1994.0,LCA,100.0,100.0,LCA,LCA,100.0,100.0,4892.06733637469,,4.86549902,145890.0,,100.0,143726.0,4.0,11.89060819206594,8.495574652971396,4.256701956054264,68.54479402289395
1995.0,LCA,100.0,100.0,LCA,LCA,100.0,100.0,5147.92024022295,,4.86549902,148208.0,,100.0,145890.0,5.0,11.906371971493808,8.546542309582982,4.2419710632730405,67.47274101263089
1996.0,LCA,100.0,100.0,LCA,LCA,100.0,100.0,5244.01665086076,,4.86549902,150436.0,,100.0,148208.0,6.0,11.921293023557562,8.565033695441327,4.226435724647033,66.47345050386876
1997.0,LCA,100.0,100.0,LCA,LCA,100.0,100.0,5282.37011402006,,4.86549902,152569.0,,100.0,150436.0,7.0,11.935372231717281,8.57231945225726,4.211734194636964,65.54411446624151
1998.0,LCA,100.0,100.0,LCA,LCA,100.0,100.0,5672.51373770766,,4.86549902,154677.0,,100.0,152569.0,8.0,11.949094350653398,8.643563911609563,4.197865103157791,64.65085306800624
1999.0,LCA,100.0,100.0,LCA,LCA,100.0,100.0,5882.83398968649,,4.86549902,156702.0,,100.0,154677.0,9.0,11.962101191504527,8.679963867469892,4.184350594845741,63.81539482584778
2000.0,LCA,100.0,100.0,LCA,LCA,100.0,100.0,5879.56191426207,,4.86549902,158616.0,,100.0,156702.0,10.0,11.974241465818398,8.67940759997677,4.171543149614842,63.04534221011752
2001.0,LCA,100.0,100.0,LCA,LCA,100.0,100.0,5570.45247098106,,5.12139463,160237.0,,100.0,158616.0,11.0,11.984409248247319,8.625411065710537,4.15959130454492,62.40755880352228
2002.0,LCA,100.0,100.0,LCA,LCA,100.0,100.0,5567.89428424719,,5.38887024,161641.0,,100.0,160237.0,12.0,11.993133105760752,8.624951800512596,4.14958307836688,61.865492047191005
2003.0,LCA,100.0,100.0,LCA,LCA,100.0,100.0,6058.60622059326,,5.24069643,162976.0,,100.0,161641.0,13.0,12.001358229684332,8.70940009685194,4.140997397059626,61.358727665423125
2004.0,LCA,100.0,100.0,LCA,LCA,100.0,100.0,6494.60034867886,,4.76760817,164239.0,,100.0,162976.0,14.0,12.009077963023524,8.77888035727017,4.132903640925355,60.88687826886428
2005.0,LCA,100.0,100.0,LCA,LCA,100.0,100.0,6863.43641919345,,4.86039829,165450.0,,100.0,164239.0,15.0,12.016424313349757,8.834109220031445,4.125308174486633,60.44122091266244
2006.0,LCA,100.0,100.0,LCA,LCA,100.0,100.0,7611.17856675319,,5.1270175,166639.0,,100.0,165450.0,16.0,12.023585074956694,8.93750468672644,4.118080960267344,60.009961653634505
2007.0,LCA,100.0,100.0,LCA,LCA,100.0,100.0,7964.38211480117,,5.54166603,167758.0,,100.0,166639.0,17.0,12.030277743711698,8.982860195430858,4.111037156637658,59.60967584258276
2008.0,LCA,100.0,100.0,LCA,LCA,100.0,100.0,8516.96075488787,,5.09061956,168808.0,,100.0,167758.0,18.0,12.036517253385894,9.049932243157198,4.104454547699143,59.23889863039667
2009.0,LCA,100.0,100.0,LCA,LCA,100.0,100.0,8250.52180732734,,5.24410772,169869.0,,100.0,168808.0,19.0,12.042782830741375,9.01815292381202,4.098318300296558,58.868893088203265
2010.0,LCA,100.0,100.0,LCA,LCA,100.0,100.0,8673.68720340529,,5.05056047,170906.0,,100.0,169869.0,20.0,12.048868976737841,9.068164546920634,4.092157056177791,58.51169648812798
2011.0,LCA,100.0,100.0,LCA,LCA,100.0,100.0,9128.99442011613,,5.06134319,171801.0,,100.0,170906.0,21.0,12.054092109237121,9.119320362429587,4.086172872864743,58.206878888947095
2012.0,LCA,100.0,100.0,LCA,LCA,100.0,100.0,9260.30006551714,,4.92510271,172587.0,,100.0,171801.0,22.0,12.058656736139021,9.133599713629835,4.08103773258799,57.941791676082204
2013.0,LCA,100.0,100.0,LCA,LCA,100.0,100.0,9577.21733754358,,5.07107592,173369.0,,100.0,172587.0,23.0,12.063177549952686,9.167246771973527,4.076550375152284,57.680438832778634
2014.0,LCA,100.0,100.0,LCA,LCA,100.0,100.0,10044.8218377677,,4.6836338,174138.0,,100.0,173369.0,24.0,12.067603367304594,9.21491208950886,4.0721064316513615,57.42571983139809
2015.0,LCA,100.0,100.0,LCA,LCA,100.0,100.0,10334.9860823918,,4.57866001,174905.0,,100.0,174138.0,25.0,12.071998248362508,9.243386879503655,4.0677562009548955,57.173894399817044
1990.0,LKA,100.0,100.0,LKA,LKA,100.0,100.0,491.213686238493,0.0,4.10818672,16352458.0,,,,0.0,16.60988878039959,6.198912943824926,,0.6115288600649518
1991.0,LKA,100.0,100.0,LKA,LKA,100.0,100.0,546.292515570886,0.0,4.10818672,16475354.0,,100.0,16352458.0,1.0,16.617376125223668,6.304983422870702,0.4771833309339388,0.6069672311745168
1992.0,LKA,100.0,100.0,LKA,LKA,100.0,100.0,579.655117618283,0.0,4.10818672,16739284.0,0.0,100.0,16475354.0,2.0,16.633268850306802,6.364156979255412,0.47434869524349793,0.5973971168659304
1993.0,LKA,100.0,200.0,LKA,LKA,200.0,200.0,607.231847102846,0.0,4.10818672,17025918.0,0.0,100.0,16739284.0,3.0,16.650247329251027,6.410556136751111,0.46837550260778016,1.174679685406684
1994.0,LKA,100.0,200.0,LKA,LKA,200.0,500.0,678.268012020205,0.0,4.10818672,17275773.0,0.0,200.0,17025918.0,4.0,16.664815673360753,6.521015765467138,0.7768813826178108,1.1576905994307751
1995.0,LKA,100.0,500.0,LKA,LKA,500.0,500.0,741.838255293455,0.0,4.10818672,17564068.0,0.0,200.0,17275773.0,5.0,16.681365782211707,6.610478329624467,0.7690384827991931,2.8467209304814807
1996.0,LKA,100.0,500.0,LKA,LKA,500.0,500.0,776.192371057587,0.0,4.10818672,17905018.0,0.0,500.0,17564068.0,6.0,16.700591566719947,6.655687901523028,1.347221079023302,2.7925132496376155
1997.0,LKA,100.0,500.0,LKA,LKA,500.0,500.0,827.035756058631,0.0,4.10818672,18248200.0,0.0,500.0,17905018.0,7.0,16.719577002991517,6.7190563370985625,1.3330289258765347,2.739996273605068
1998.0,LKA,100.0,500.0,LKA,LKA,500.0,500.0,847.533577843861,0.0,4.10818672,18596003.0,0.0,500.0,18248200.0,8.0,16.738457223117617,6.743509657072027,1.3190846150636628,2.688749835112416
1999.0,LKA,100.0,500.0,LKA,LKA,500.0,540.0,829.356379527539,0.0,4.10818672,18944731.0,0.0,500.0,18596003.0,9.0,16.757036403336933,6.721854981561213,1.3052876025748867,2.639256266029853
2000.0,LKA,200.0,500.0,LKA,LKA,500.0,550.0,860.199884304769,0.0,4.10818672,19293054.0,0.0,500.0,18944731.0,10.0,16.775255692723814,6.758326631148314,1.2917793382526883,2.5916062848318364
2001.0,LKA,200.0,500.0,LKA,LKA,500.0,560.0,803.544026627385,0.0,4.05662823,19600362.0,0.0,500.0,19293054.0,11.0,16.791058593417944,6.69027569038861,1.2785995355326358,2.5509732932483593
2002.0,LKA,200.0,500.0,LKA,LKA,500.0,570.0,834.936014905338,0.0,4.03715754,19805752.0,0.0,500.0,19600362.0,12.0,16.801482958526847,6.728552072961009,1.2672217330226037,2.524519139692348
2003.0,LKA,200.0,500.0,LKA,LKA,500.0,560.0,946.382255128072,0.0,3.64646697,19951521.0,0.0,500.0,19805752.0,13.0,16.808815938995483,6.8537026602404305,1.2597440126872848,2.50607459952552
2004.0,LKA,500.0,500.0,LKA,LKA,500.0,530.0,1028.62068132555,0.0,4.03912592,20087605.0,0.0,500.0,19951521.0,14.0,16.815613516145543,6.936945742837708,1.254497063946812,2.489097132286303
2005.0,LKA,500.0,500.0,LKA,LKA,500.0,510.0,1207.21994764165,1.0,3.87908745,20216524.0,0.0,500.0,20087605.0,15.0,16.822010847777566,7.096903437783255,1.2496430013947395,2.473224378236338
2006.0,LKA,500.0,500.0,LKA,LKA,500.0,500.0,1388.89739119932,2.0,3.85019565,20352411.0,0.0,500.0,20216524.0,16.0,16.82870993949355,7.236985204118896,1.2450833781352477,2.456711394045649
2007.0,LKA,500.0,500.0,LKA,LKA,500.0,500.0,1578.63451125392,3.0,3.82258177,20492545.0,1.0,500.0,20352411.0,17.0,16.83557171943225,7.364948777270764,1.2403176729435126,2.4399116849566513
2008.0,LKA,500.0,500.0,LKA,LKA,500.0,500.0,1973.58476901287,3.0,3.85482955,20629378.0,2.0,500.0,20492545.0,18.0,16.842226734326303,7.588113411693164,1.235445798078033,2.4237279475900824
2009.0,LKA,500.0,500.0,LKA,LKA,500.0,500.0,2026.65939950702,5.0,4.05676842,20756435.0,3.0,500.0,20629378.0,19.0,16.848366877045493,7.614637401645032,1.2307300005638437,2.4088915076216124
2010.0,LKA,500.0,500.0,LKA,LKA,500.0,500.0,2808.36245207687,7.0,3.7414515,20879089.0,3.0,500.0,20756435.0,20.0,16.854258689758684,7.940712851203513,1.2263871673696634,2.3947404984958873
2011.0,LKA,500.0,500.0,LKA,LKA,500.0,500.0,3224.95745082305,8.0,3.5819521,21009048.0,5.0,500.0,20879089.0,21.0,16.860463760038268,8.078985069144686,1.2222273217110142,2.3799269724168366
2012.0,LKA,500.0,500.0,LKA,LKA,500.0,500.0,3327.77612404326,10.0,3.30659294,21169458.0,7.0,500.0,21009048.0,22.0,16.868070040515946,8.11035998510133,1.2178541034676835,2.361893252061531
2013.0,LKA,500.0,500.0,LKA,LKA,500.0,500.0,3739.43182292825,13.0,3.69365358,20585000.0,8.0,500.0,21169458.0,23.0,16.84007321318614,8.22695634441951,1.2125042831621529,2.428953121204761
2014.0,LKA,500.0,500.0,LKA,LKA,500.0,500.0,3972.04377042271,16.0,3.46786141,20778000.0,10.0,500.0,20585000.0,24.0,16.849405292612612,8.28728777272414,1.232255002114295,2.40639137549331
2015.0,LKA,500.0,500.0,LKA,LKA,500.0,500.0,4057.71582716521,20.0,3.6826396,20970000.0,13.0,500.0,20778000.0,25.0,16.858603402878103,8.308621903835004,1.2256534833001005,2.384358607534573
1990.0,LSO,580.0,8400.0,LSO,LSO,6600.0,10000.0,329.563785157203,0.0,5.15633392,1809696.0,,,,0.0,14.40866943333475,5.800799636607495,,464.16635722242853
1991.0,LSO,970.0,13000.0,LSO,LSO,11000.0,16000.0,382.291247739142,0.0,5.15633392,1842379.0,,8400.0,1809696.0,1.0,14.42656822924736,5.9487951381554005,6.142395099075001,705.6094321526679
1992.0,LSO,1600.0,20000.0,LSO,LSO,16000.0,24000.0,443.624297195576,0.0,5.15633392,1873274.0,0.0,13000.0,1842379.0,2.0,14.443198260102312,6.097229649599562,6.560478083481109,1067.649473595427
1993.0,LSO,2400.0,26000.0,LSO,LSO,22000.0,32000.0,439.365410681482,0.0,5.15633392,1901793.0,0.0,20000.0,1873274.0,3.0,14.458307683357182,6.087604861077128,6.974150956033317,1367.1309127754703
1994.0,LSO,3500.0,32000.0,LSO,LSO,27000.0,39000.0,455.593586203956,0.0,5.15633392,1927707.0,0.0,26000.0,1901793.0,4.0,14.471841771649515,6.123793687137545,7.2212007900771775,1660.0033096315988
1995.0,LSO,4900.0,35000.0,LSO,LSO,30000.0,42000.0,513.413448796175,0.0,5.15633392,1951437.0,0.0,32000.0,1927707.0,5.0,14.484076582222364,6.2430273172087345,7.415177102164951,1793.550086423492
1996.0,LSO,6400.0,35000.0,LSO,LSO,31000.0,40000.0,479.671394625707,0.0,5.15633392,1972418.0,0.0,35000.0,1951437.0,6.0,14.49477075922841,6.175183865381614,7.4925096212728235,1774.4717397630723
1997.0,LSO,8100.0,33000.0,LSO,LSO,29000.0,37000.0,501.981388900965,0.0,5.15633392,1988130.0,0.0,35000.0,1972418.0,7.0,14.502705056414795,6.220553169218326,7.481821435479827,1659.8512169727333
1998.0,LSO,9800.0,31000.0,LSO,LSO,27000.0,34000.0,464.683745548265,0.0,5.15633392,1998049.0,0.0,33000.0,1988130.0,8.0,14.507681762414439,6.143506746111569,7.415085531232056,1551.5135014206357
1999.0,LSO,12000.0,29000.0,LSO,LSO,25000.0,32000.0,455.650054387377,0.0,5.15633392,2003234.0,0.0,31000.0,1998049.0,9.0,14.51027343258733,6.1239173522384736,7.347630510337056,1447.6591351784164
2000.0,LSO,13000.0,27000.0,LSO,LSO,24000.0,31000.0,442.779545779081,0.0,5.15633392,2003913.0,0.0,29000.0,2003234.0,10.0,14.510612327070861,6.095327920610505,7.278393673224316,1347.363882563764
2001.0,LSO,15000.0,26000.0,LSO,LSO,24000.0,29000.0,412.677473676821,0.0,6.59075689,2000853.0,0.0,27000.0,2003913.0,11.0,14.509084147598946,6.02508662111907,7.206647197599038,1299.4457863721123
2002.0,LSO,16000.0,26000.0,LSO,LSO,23000.0,29000.0,388.92334985135,0.0,5.8607502,1994679.0,0.0,26000.0,2000853.0,12.0,14.505993693104305,5.96595018096471,7.170462397262474,1303.4678762848557
2003.0,LSO,18000.0,26000.0,LSO,LSO,23000.0,29000.0,583.270036200288,0.0,5.33754826,1985059.0,0.0,26000.0,1994679.0,13.0,14.501159194583625,6.3703632667124825,7.173550478964917,1309.7847469521057
2004.0,LSO,19000.0,26000.0,LSO,LSO,23000.0,29000.0,766.685820928242,1.0,5.24658537,1971129.0,0.0,26000.0,1985059.0,14.0,14.49411703300382,6.6433805621156035,7.178381280315168,1319.041016595058
2005.0,LSO,18000.0,25000.0,LSO,LSO,23000.0,29000.0,861.381496414995,3.0,4.67452669,1953076.0,0.0,26000.0,1971129.0,15.0,14.484916123592194,6.7596977440050185,7.185418088275729,1280.0321134456622
2006.0,LSO,17000.0,25000.0,LSO,LSO,23000.0,29000.0,925.467485502842,7.0,5.40532398,1945063.0,1.0,25000.0,1953076.0,16.0,14.480804925255617,6.831378951210896,7.155421370626744,1285.3054117013176
2007.0,LSO,14000.0,24000.0,LSO,LSO,22000.0,28000.0,861.188420899563,15.0,7.22251844,1953268.0,3.0,25000.0,1945063.0,17.0,14.485014425226742,6.759473832507664,7.159529366260238,1228.7100387658018
2008.0,LSO,11000.0,24000.0,LSO,LSO,21000.0,27000.0,898.482517882593,20.0,7.66648197,1966541.0,7.0,24000.0,1953268.0,18.0,14.49178671986117,6.801819617829393,7.114533679734412,1220.4169656264476
2009.0,LSO,9400.0,22000.0,LSO,LSO,19000.0,25000.0,878.847950537772,27.0,8.9529829,1980883.0,15.0,24000.0,1966541.0,19.0,14.49905326285625,6.779749109063663,7.10776691100405,1110.6158213281653
2010.0,LSO,8200.0,19000.0,LSO,LSO,17000.0,22000.0,1119.47557793042,33.0,7.4048481,1996251.0,20.0,22000.0,1980883.0,20.0,14.506781479450495,7.021508497314403,7.01356993069992,951.7841193316872
2011.0,LSO,7600.0,18000.0,LSO,LSO,15000.0,21000.0,1280.73390931581,34.0,8.99487114,2014009.0,27.0,19000.0,1996251.0,21.0,14.515637820969626,7.1559690569012275,6.859388350534101,893.7397995738847
2012.0,LSO,7700.0,17000.0,LSO,LSO,14000.0,20000.0,1217.93071228944,37.0,9.98601341,2034354.0,33.0,18000.0,2014009.0,22.0,14.525688881745149,7.105729288070456,6.796532949272557,835.6461068230997
2013.0,LSO,7800.0,17000.0,LSO,LSO,14000.0,20000.0,1151.03735837227,40.0,10.97986031,2056504.0,34.0,17000.0,2034354.0,23.0,14.536518011702997,7.049287269872619,6.729401169637579,826.6456082750144
2014.0,LSO,7800.0,15000.0,LSO,LSO,13000.0,18000.0,1173.5377928819,44.0,9.98823929,2080089.0,37.0,17000.0,2056504.0,24.0,14.547921239223639,7.068629981428781,6.718585053433429,721.1229904105064
2015.0,LSO,7600.0,13000.0,LSO,LSO,11000.0,16000.0,1121.19851342518,51.0,9.25280476,2104611.0,40.0,15000.0,2080089.0,25.0,14.559641209921583,7.023044998619131,6.582195471214409,617.6913453365016
1990.0,LTU,100.0,100.0,LTU,LTU,100.0,200.0,2182.69156931505,0.0,6.18559313,3697838.0,,,,0.0,15.12325888250614,7.688772104050817,,2.7042828809699073
1991.0,LTU,100.0,100.0,LTU,LTU,100.0,200.0,2182.69156931505,0.0,6.18559313,3704134.0,,100.0,3697838.0,1.0,15.124960051199663,7.688772104050817,1.3094896856198939,2.699686350439806
1992.0,LTU,100.0,100.0,LTU,LTU,100.0,200.0,2182.69156931505,0.0,6.18559313,3700114.0,0.0,100.0,3704134.0,2.0,15.123874187950621,7.688772104050817,1.3082480459055825,2.7026194328066646
1993.0,LTU,100.0,200.0,LTU,LTU,100.0,200.0,2182.69156931505,0.0,6.18559313,3682613.0,0.0,100.0,3700114.0,3.0,15.119133112523619,7.688772104050817,1.3090405239809955,5.430926355823976
1994.0,LTU,100.0,200.0,LTU,LTU,100.0,200.0,2182.69156931505,0.0,6.18559313,3657144.0,0.0,200.0,3682613.0,4.0,15.11219307289443,7.688772104050817,1.8611185956525407,5.468748291016159
1995.0,LTU,100.0,200.0,LTU,LTU,100.0,200.0,2182.69156931505,0.0,6.18559313,3629102.0,0.0,200.0,3657144.0,5.0,15.10449579271672,7.688772104050817,1.866982626274869,5.51100520183781
1996.0,LTU,100.0,200.0,LTU,LTU,100.0,200.0,2340.67545970008,0.0,6.18559313,3601613.0,0.0,200.0,3629102.0,6.0,15.096892358634976,7.758621960558849,1.8734938531851093,5.553067472823982
1997.0,LTU,100.0,200.0,LTU,LTU,200.0,200.0,2844.16286797492,0.0,6.18559313,3575137.0,0.0,200.0,3601613.0,7.0,15.08951405505431,7.95337559201324,1.879933256482908,5.59419121560936
1998.0,LTU,100.0,200.0,LTU,LTU,200.0,200.0,3180.64498555255,0.0,6.18559313,3549331.0,0.0,200.0,3575137.0,8.0,15.082269692988309,8.06515363307959,1.8861891426533213,5.634864711124434
1999.0,LTU,100.0,200.0,LTU,LTU,200.0,200.0,3127.51176667183,0.0,6.18559313,3524238.0,0.0,200.0,3549331.0,9.0,15.075174800647591,8.048312696553873,1.892338277391576,5.674985628098897
2000.0,LTU,100.0,200.0,LTU,LTU,200.0,200.0,3300.63634928559,0.0,6.18559313,3499536.0,0.0,200.0,3524238.0,10.0,15.068140946242702,8.102173487974808,1.898367051190197,5.715043365749059
2001.0,LTU,100.0,200.0,LTU,LTU,200.0,200.0,3532.52787363242,0.0,6.00193262,3470818.0,0.0,200.0,3499536.0,11.0,15.059900859012261,8.170052048491595,1.9043502879959053,5.762330378602393
2002.0,LTU,100.0,200.0,LTU,LTU,200.0,500.0,4148.13091485015,0.0,6.13477659,3443067.0,0.0,200.0,3470818.0,12.0,15.051873201904776,8.330654173185312,1.911367561211429,5.808774560587987
2003.0,LTU,100.0,200.0,LTU,LTU,200.0,500.0,5507.47434187652,2.0,6.17724085,3415213.0,0.0,200.0,3443067.0,13.0,15.043750420930708,8.614042974854508,1.9182121569187858,5.8561501142095675
2004.0,LTU,100.0,500.0,LTU,LTU,200.0,500.0,6734.57487061946,3.0,5.48347187,3377075.0,0.0,200.0,3415213.0,14.0,15.032520508182385,8.815158440898898,1.9251460763605595,14.805712043706462
2005.0,LTU,100.0,500.0,LTU,LTU,200.0,500.0,7857.03148786492,4.0,5.64637566,3322528.0,2.0,500.0,3377075.0,15.0,15.01623649692304,8.969291407219682,2.7603713964532512,15.048782132159609
2006.0,LTU,100.0,500.0,LTU,LTU,200.0,500.0,9210.10118229413,4.0,5.85725737,3269909.0,3.0,500.0,3322528.0,16.0,15.000272713740031,9.128164685869182,2.7756329670807975,15.290945405514343
2007.0,LTU,100.0,500.0,LTU,LTU,200.0,500.0,12295.1212779366,5.0,5.75978613,3231294.0,4.0,500.0,3269909.0,17.0,14.988393234167441,9.417039148372181,2.79060945687311,15.473677108922926
2008.0,LTU,100.0,500.0,LTU,LTU,200.0,500.0,14955.5345462921,7.0,6.29010201,3198231.0,4.0,500.0,3231294.0,18.0,14.978108402412788,9.612903576718805,2.8017637802858744,15.633642472979593
2009.0,LTU,100.0,500.0,LTU,LTU,500.0,500.0,11854.3711053096,7.0,7.34499836,3162916.0,5.0,500.0,3198231.0,19.0,14.967004944869064,9.380536301705009,2.8114272994665295,15.808197245832643
2010.0,LTU,200.0,500.0,LTU,LTU,500.0,500.0,11829.122609457,8.0,6.9058671,3097282.0,7.0,500.0,3162916.0,20.0,14.946035510670518,9.378404321200803,2.821866698709006,16.143186187115028
2011.0,LTU,100.0,500.0,LTU,LTU,200.0,500.0,14261.8433787325,10.0,6.54017687,3028115.0,7.0,500.0,3097282.0,21.0,14.923450871682235,9.565413069514697,2.841600787790902,16.511922433593174
2012.0,LTU,100.0,500.0,LTU,LTU,200.0,500.0,14288.1853493139,12.0,6.30798101,2989139.0,8.0,500.0,3028115.0,22.0,14.910495944032245,9.567258260853377,2.862881930881902,16.727224796170404
2013.0,LTU,100.0,500.0,LTU,LTU,200.0,500.0,15636.5252586048,18.0,6.15501022,2961250.0,10.0,500.0,2989139.0,23.0,14.901122034455133,9.657428770032363,2.8751015819559487,16.884761502743775
2014.0,LTU,100.0,500.0,LTU,LTU,200.0,500.0,16446.1647181663,14.0,6.22244453,2937253.0,12.0,500.0,2961250.0,24.0,14.892985348792818,9.707908383779968,2.8839490375783883,17.02270795195375
2015.0,LTU,100.0,500.0,LTU,LTU,200.0,500.0,14269.8039878287,22.0,6.47396851,2911109.0,18.0,500.0,2937253.0,25.0,14.884044666204003,9.565971050007025,2.8916325156932694,17.17558497466086
1990.0,LUX,100.0,100.0,LUX,LUX,100.0,100.0,33465.478207919,40.0,5.92533875,381850.0,,,,0.0,12.85278314031653,10.418299566318321,,26.188293832656804
1991.0,LUX,100.0,100.0,LUX,LUX,100.0,100.0,35747.3377992066,40.0,5.92533875,387000.0,,100.0,381850.0,1.0,12.866179972011919,10.484259051914133,3.3027865068651856,25.839793281653744
1992.0,LUX,100.0,100.0,LUX,LUX,100.0,100.0,39570.8615665986,40.0,5.92533875,392175.0,40.0,100.0,387000.0,2.0,12.879463447724442,10.585873578170508,3.2898856101980294,25.49882067954357
1993.0,LUX,100.0,100.0,LUX,LUX,100.0,100.0,40066.7242518773,40.0,5.92533875,397475.0,40.0,100.0,392175.0,3.0,12.89288731801691,10.598326407704313,3.2771002293431706,25.158815019812565
1994.0,LUX,100.0,100.0,LUX,LUX,100.0,100.0,43933.235442736,40.0,5.92533875,402925.0,40.0,100.0,397475.0,4.0,12.90650571939092,10.69044914576956,3.2641862281552627,24.81851461190048
1995.0,LUX,100.0,100.0,LUX,LUX,100.0,100.0,51032.349635318,40.0,5.92533875,408625.0,40.0,100.0,402925.0,5.0,12.920553144026512,10.840234612415589,3.2510918551773154,24.47231569287244
1996.0,LUX,100.0,100.0,LUX,LUX,100.0,100.0,50444.3591236175,40.0,5.92533875,414225.0,40.0,100.0,408625.0,6.0,12.934164583437498,10.82864603192939,3.237592203306608,24.141469008389162
1997.0,LUX,100.0,100.0,LUX,LUX,100.0,100.0,46641.6408754876,40.0,5.92533875,419450.0,40.0,100.0,414225.0,7.0,12.946699608274441,10.750270441966139,3.2245186345651033,23.840743831207533
1998.0,LUX,100.0,100.0,LUX,LUX,100.0,100.0,47445.3863148198,40.0,5.92533875,424700.0,40.0,100.0,419450.0,8.0,12.959138316301363,10.767355643389132,3.212485201512572,23.54603249352484
1999.0,LUX,100.0,100.0,LUX,LUX,100.0,100.0,50872.4492684624,40.0,5.92533875,430475.0,40.0,100.0,424700.0,9.0,12.972644529154387,10.83709644107075,3.2005502319552943,23.230152738254255
2000.0,LUX,100.0,100.0,LUX,LUX,100.0,100.0,48659.6390968187,40.0,5.92533875,436300.0,40.0,100.0,430475.0,10.0,12.986085359111701,10.792625750176844,3.187597838492192,22.920009168003666
2001.0,LUX,100.0,100.0,LUX,LUX,100.0,100.0,48440.1805564662,41.0,6.38193941,441525.0,40.0,100.0,436300.0,11.0,12.997989922564571,10.78810556889082,3.1747153123601026,22.648774135099938
2002.0,LUX,100.0,100.0,LUX,LUX,100.0,100.0,53005.731801629,42.0,6.76099968,446175.0,40.0,100.0,441525.0,12.0,13.008466530724217,10.878174199593596,3.1633112799835374,22.412730430884743
2003.0,LUX,100.0,100.0,LUX,LUX,100.0,100.0,65689.3214536911,41.0,6.96221447,451630.0,41.0,100.0,446175.0,13.0,13.02061853952068,11.092706879369615,3.1532799099378854,22.14201890928415
2004.0,LUX,100.0,100.0,LUX,LUX,100.0,100.0,76544.9170868473,42.0,7.2793355,458095.0,42.0,100.0,451630.0,14.0,13.034831865167812,11.245646063110117,3.1416499655519083,21.829533175433045
2005.0,LUX,100.0,100.0,LUX,LUX,100.0,100.0,80988.2044869403,45.0,7.12328196,465158.0,41.0,100.0,458095.0,15.0,13.050132411801899,11.302071146833274,3.12805501247601,21.49807162297542
2006.0,LUX,100.0,100.0,LUX,LUX,100.0,100.0,90788.8164271049,48.0,6.6364212,472637.0,42.0,100.0,465158.0,16.0,13.066082930979347,11.416302404413157,3.113429599891899,21.1578864964021
2007.0,LUX,100.0,100.0,LUX,LUX,100.0,100.0,107475.320297978,47.0,6.15803099,479993.0,45.0,100.0,472637.0,17.0,13.081526799444402,11.58502582598759,3.0981934826195294,20.833637157208543
2008.0,LUX,100.0,100.0,LUX,LUX,100.0,100.0,120422.137934157,50.0,6.23101091,488650.0,48.0,100.0,479993.0,18.0,13.099401765766983,11.698766968926371,3.0834517694736134,20.464545175483476
2009.0,LUX,100.0,100.0,LUX,LUX,100.0,100.0,109419.746953106,51.0,6.94993162,497783.0,47.0,100.0,488650.0,19.0,13.117919518071346,11.60295579407145,3.0664025123294354,20.08907495836539
2010.0,LUX,100.0,100.0,LUX,LUX,100.0,100.0,110885.991378721,53.0,6.66263008,506953.0,50.0,100.0,497783.0,20.0,13.136173576106584,11.616266865995831,3.0487551319054713,19.72569449238884
2011.0,LUX,100.0,100.0,LUX,LUX,100.0,100.0,119025.057203467,56.0,5.95225334,518347.0,51.0,100.0,506953.0,21.0,13.158400181139255,11.687097716220013,3.031374210345987,19.29209583541527
2012.0,LUX,100.0,100.0,LUX,LUX,100.0,100.0,112584.676270958,59.0,5.29404306,530946.0,53.0,100.0,518347.0,22.0,13.182415600137544,11.631469777634685,3.0102314425109173,18.834307067008698
2013.0,LUX,100.0,100.0,LUX,LUX,100.0,100.0,120000.140729859,59.0,5.23557377,543360.0,56.0,100.0,530946.0,23.0,13.205527362665064,11.69525652780116,2.987413118493879,18.404004711425205
2014.0,LUX,100.0,100.0,LUX,LUX,100.0,100.0,123678.706919314,64.0,5.23040915,556319.0,59.0,100.0,543360.0,24.0,13.22909714971347,11.725450494149246,2.9654794731898466,17.97529834501428
2015.0,LUX,100.0,100.0,LUX,LUX,100.0,100.0,105462.012584423,66.0,5.08113575,569604.0,59.0,100.0,556319.0,25.0,13.252696661527155,11.566115578809805,2.943138046215494,17.556056488367357
1990.0,LVA,100.0,200.0,LVA,LVA,100.0,200.0,2256.77360387054,1.0,5.57169294,2663151.0,,,,0.0,14.795020566155095,7.722134475675103,,7.509900865553624
1991.0,LVA,100.0,200.0,LVA,LVA,100.0,500.0,2256.77360387054,1.0,5.57169294,2650581.0,,200.0,2663151.0,1.0,14.79028941921469,7.722134475675103,2.1412302933462937,7.545515492641047
1992.0,LVA,100.0,200.0,LVA,LVA,100.0,500.0,2256.77360387054,1.0,5.57169294,2614338.0,1.0,200.0,2650581.0,2.0,14.77652146855634,7.722134475675103,2.145406641563769,7.650120221639283
1993.0,LVA,100.0,200.0,LVA,LVA,100.0,720.0,2256.77360387054,1.0,5.57169294,2563290.0,1.0,200.0,2614338.0,3.0,14.756802147599304,7.722134475675103,2.1575732193026136,7.802472603568071
1994.0,LVA,100.0,200.0,LVA,LVA,100.0,1600.0,2256.77360387054,1.0,5.57169294,2520742.0,1.0,200.0,2563290.0,4.0,14.740063860591793,7.722134475675103,2.1750326596955154,7.934171763710844
1995.0,LVA,100.0,500.0,LVA,LVA,100.0,870.0,2256.77360387054,1.0,5.57169294,2485056.0,1.0,200.0,2520742.0,5.0,14.725805752470219,7.722134475675103,2.1898834485914125,20.120270931520256
1996.0,LVA,100.0,500.0,LVA,LVA,100.0,500.0,2360.1714816213,1.0,5.57169294,2457222.0,1.0,500.0,2485056.0,6.0,14.714542001511985,7.766913165376138,3.050233286952762,20.34818180856268
1997.0,LVA,100.0,500.0,LVA,LVA,200.0,500.0,2609.89308697195,1.0,5.57169294,2432851.0,1.0,500.0,2457222.0,7.0,14.70457437862441,7.8674476207033415,3.06096657485677,20.552019009795504
1998.0,LVA,100.0,600.0,LVA,LVA,500.0,730.0,2893.79998716563,1.0,5.57169294,2410019.0,1.0,500.0,2432851.0,8.0,14.695145189253187,7.970671298558377,3.0704695017108405,24.89606928410108
1999.0,LVA,200.0,900.0,LVA,LVA,740.0,1100.0,3063.89794599707,1.0,5.57169294,2390482.0,1.0,600.0,2410019.0,9.0,14.687005577214466,8.027769551240787,3.2540911920953826,37.64931089211297
2000.0,LVA,200.0,590.0,LVA,LVA,530.0,670.0,3278.17896440803,1.0,5.57169294,2367550.0,1.0,900.0,2390482.0,10.0,14.677366223143542,8.09534835431472,3.654528945433682,24.9202762349264
2001.0,LVA,200.0,580.0,LVA,LVA,510.0,670.0,3504.61829462397,1.0,5.89092207,2337170.0,1.0,590.0,2367550.0,11.0,14.664451353708055,8.162122187513107,3.255025528638953,24.81633770756941
2002.0,LVA,200.0,580.0,LVA,LVA,500.0,680.0,4003.60935783538,1.0,5.95477772,2310173.0,1.0,580.0,2337170.0,12.0,14.65283297146862,8.295201316127377,3.2510075359923243,25.106344849498285
2003.0,LVA,200.0,580.0,LVA,LVA,510.0,680.0,4914.57992829302,2.0,5.73644829,2287955.0,1.0,580.0,2310173.0,13.0,14.643168963456244,8.500165017135163,3.2621783824671207,25.350148932124974
2004.0,LVA,500.0,580.0,LVA,LVA,520.0,660.0,6109.73265186817,2.0,6.47518539,2263122.0,1.0,580.0,2287955.0,14.0,14.632255833900501,8.717801955266367,3.2714739270444526,25.62831345371571
2005.0,LVA,500.0,580.0,LVA,LVA,520.0,650.0,7283.78738127622,2.0,6.08161736,2238799.0,2.0,580.0,2263122.0,15.0,14.621450119331383,8.893543532379947,3.281975065252307,25.906747323006666
2006.0,LVA,500.0,570.0,LVA,LVA,510.0,650.0,9211.7374468148,3.0,6.02127075,2218357.0,2.0,580.0,2238799.0,16.0,14.612277389756501,9.12834231058224,3.2923770850067946,25.69469206263915
2007.0,LVA,500.0,570.0,LVA,LVA,500.0,640.0,13370.9789452508,6.0,5.81969213,2200325.0,2.0,570.0,2218357.0,17.0,14.604115634690672,9.500916672998725,3.2844647464909413,25.905263995091634
2008.0,LVA,500.0,570.0,LVA,LVA,500.0,640.0,15677.6080864506,6.0,5.86603212,2177322.0,3.0,570.0,2200325.0,18.0,14.59360623924693,9.660052519967337,3.292321955013357,26.178948267642543
2009.0,LVA,500.0,550.0,LVA,LVA,500.0,630.0,11996.0322729773,8.0,6.2683239,2141669.0,6.0,570.0,2177322.0,19.0,14.577095989571017,9.392414587598607,3.302442712891268,25.680905872943015
2010.0,LVA,500.0,540.0,LVA,LVA,500.0,610.0,11188.4191700977,9.0,6.22420359,2097555.0,6.0,550.0,2141669.0,20.0,14.556282938672206,9.32272389380131,3.283948173729758,25.744259387715697
2011.0,LVA,500.0,520.0,LVA,LVA,500.0,590.0,12902.574053337,10.0,5.91758251,2059709.0,8.0,540.0,2097555.0,21.0,14.538075268651406,9.46525961037439,3.286319847983256,25.246284790715578
2012.0,LVA,500.0,510.0,LVA,LVA,500.0,570.0,13329.3499931271,11.0,5.62075043,2034319.0,9.0,520.0,2059709.0,22.0,14.52567167711848,9.497798668876616,3.2675244472388014,25.06981451778212
2013.0,LVA,500.0,500.0,LVA,LVA,500.0,560.0,14484.4715282132,13.0,5.60404825,2012647.0,10.0,510.0,2034319.0,23.0,14.51496132908557,9.58090146253611,3.26077811314381,24.84290588463849
2014.0,LVA,500.0,500.0,LVA,LVA,500.0,540.0,15185.814581236,14.0,5.66363621,1993782.0,11.0,500.0,2012647.0,24.0,14.505543895543228,9.628182868610898,3.2520361294274602,25.077967400648618
2015.0,LVA,500.0,500.0,LVA,LVA,500.0,500.0,13321.9753140616,15.0,5.84916782,1977527.0,13.0,500.0,1993782.0,25.0,14.49735763213377,9.497245291077132,3.2610907969295053,25.28410484408051
1990.0,MAR,200.0,590.0,MAR,MAR,500.0,910.0,1229.07104492188,0.0,3.69304585,24375551.0,,,,0.0,17.009091179720897,7.114827206797503,,2.420458105747025
1991.0,MAR,200.0,720.0,MAR,MAR,510.0,1000.0,1292.23376464844,0.0,3.69304585,24799014.0,,590.0,24375551.0,1.0,17.02631445228032,7.164901154889061,1.2297744911529787,2.903341237679853
1992.0,MAR,200.0,840.0,MAR,MAR,610.0,1200.0,1327.02954101563,0.0,3.69304585,25212468.0,0.0,720.0,24799014.0,2.0,17.042849192032097,7.191451574529654,1.3618329139641934,3.3316849425450936
1993.0,MAR,200.0,950.0,MAR,MAR,720.0,1300.0,1226.43054199219,0.0,3.69304585,25614586.0,0.0,840.0,25212468.0,3.0,17.058672512819985,7.112678273132609,1.465956598549593,3.708824339382257
1994.0,MAR,500.0,1100.0,MAR,MAR,840.0,1400.0,1358.79443359375,0.0,3.69304585,26000822.0,0.0,950.0,25614586.0,4.0,17.073638710870615,7.215088815536216,1.5494382673977154,4.230635477601439
1995.0,MAR,500.0,1200.0,MAR,MAR,920.0,1500.0,1466.78820800781,0.0,3.69304585,26399429.0,0.0,1100.0,26000822.0,5.0,17.08885293909476,7.291511926291943,1.6545327769290918,4.545552860253151
1996.0,MAR,500.0,1300.0,MAR,MAR,1000.0,1600.0,1596.83239746094,0.0,3.69304585,26808107.0,0.0,1200.0,26399429.0,6.0,17.104214899737183,7.376403238135371,1.7129963201158949,4.849279361649817
1997.0,MAR,500.0,1400.0,MAR,MAR,1100.0,1600.0,1426.30114746094,0.0,3.69304585,27213337.0,0.0,1300.0,26808107.0,7.0,17.119217741975675,7.263540630573563,1.766318467612975,5.144536298506868
1998.0,MAR,500.0,1500.0,MAR,MAR,1200.0,1700.0,1668.49755859375,0.0,3.69304585,27621648.0,0.0,1400.0,27213337.0,8.0,17.134110371073458,7.420277997024898,1.815563280204416,5.430523189637345
1999.0,MAR,550.0,1600.0,MAR,MAR,1300.0,1900.0,1635.65673828125,0.0,3.69304585,28027179.0,0.0,1500.0,27621648.0,9.0,17.148685275907102,7.400410865878788,1.8610559019125639,5.708744358467187
2000.0,MAR,630.0,1700.0,MAR,MAR,1400.0,1900.0,1499.107421875,0.0,3.69304585,28423435.0,0.0,1600.0,28027179.0,10.0,17.162724538917185,7.313291999109433,1.9034118035869436,5.980980131359915
2001.0,MAR,700.0,1700.0,MAR,MAR,1500.0,2000.0,1506.24523925781,0.0,3.81601191,28814643.0,0.0,1700.0,28423435.0,11.0,17.176394253395625,7.318038918802782,1.9431893268819245,5.899778109345307
2002.0,MAR,780.0,1800.0,MAR,MAR,1600.0,2000.0,1596.02062988281,0.0,4.06117535,29198142.0,0.0,1700.0,28814643.0,12.0,17.18961563507704,7.375895066029392,1.9314892530202346,6.164775827174208
2003.0,MAR,780.0,1700.0,MAR,MAR,1500.0,2000.0,1941.87255859375,4.0,4.08037519,29571415.0,0.0,1800.0,29198142.0,13.0,17.202318743237026,7.571922857207664,1.9691767735854058,5.748794908867229
2004.0,MAR,740.0,1700.0,MAR,MAR,1500.0,2000.0,2183.55541992188,6.0,4.23211098,29953018.0,0.0,1700.0,29571415.0,14.0,17.21514064539556,7.689167617683732,1.9093639569260306,5.675554964110795
2005.0,MAR,780.0,1700.0,MAR,MAR,1500.0,1900.0,2242.98828125,7.0,4.37350655,30358144.0,4.0,1700.0,29953018.0,15.0,17.228575375553174,7.716010044369592,1.8984523415210732,5.59981532467861
2006.0,MAR,840.0,1700.0,MAR,MAR,1500.0,1900.0,2438.12646484375,8.0,4.56586647,30771178.0,6.0,1700.0,30358144.0,16.0,17.24208903060831,7.799395247976147,1.8870416675315997,5.524650372501176
2007.0,MAR,890.0,1600.0,MAR,MAR,1500.0,1900.0,2755.5859375,9.0,4.80759001,31186468.0,7.0,1700.0,30771178.0,17.0,17.25549484074816,7.921748213854306,1.8755873690147093,5.130430287905639
2008.0,MAR,900.0,1600.0,MAR,MAR,1400.0,1900.0,3183.20043945313,12.0,4.83789158,31606767.0,8.0,1600.0,31186468.0,18.0,17.26888180120087,8.065956497072424,1.813264941270237,5.062207090019679
2009.0,MAR,900.0,1600.0,MAR,MAR,1400.0,1800.0,3119.58862304688,14.0,5.27312183,32030778.0,9.0,1600.0,31606767.0,19.0,17.28220781101873,8.04577692424221,1.8020739400480916,4.995195558471917
2010.0,MAR,920.0,1500.0,MAR,MAR,1400.0,1800.0,3067.9853515625,16.0,5.41861057,32467016.0,12.0,1600.0,32030778.0,20.0,17.29573523964036,8.029102281575598,1.790958408209653,4.620073492433059
2011.0,MAR,930.0,1500.0,MAR,MAR,1300.0,1800.0,3301.98876953125,19.0,5.37019396,32912588.0,14.0,1500.0,32467016.0,21.0,17.3093657565393,8.102583025303645,1.7263447407654815,4.557526743263094
2012.0,MAR,870.0,1400.0,MAR,MAR,1200.0,1600.0,3164.17724609375,25.0,5.39619017,33355241.0,16.0,1500.0,32912588.0,22.0,17.322725469403203,8.059964334935582,1.7151531789477572,4.197241447003786
2013.0,MAR,800.0,1300.0,MAR,MAR,1100.0,1600.0,3379.7431640625,29.0,5.25540543,33787571.0,19.0,1400.0,33355241.0,23.0,17.335603570933483,8.125850835333381,1.648127993866458,3.847568681394706
2014.0,MAR,750.0,1200.0,MAR,MAR,1000.0,1500.0,3435.40698242188,33.0,5.41626596,34204780.0,25.0,1300.0,33787571.0,24.0,17.347875958348336,8.142181722662047,1.5784772764499162,3.5082815910524787
2015.0,MAR,750.0,1200.0,MAR,MAR,1000.0,1500.0,3146.24780273438,37.0,5.10435581,34607588.0,29.0,1200.0,34204780.0,25.0,17.35958352234221,8.054283636491984,1.5059160589677005,3.467447659166539
1990.0,MDA,100.0,200.0,MDA,MDA,100.0,200.0,1206.50208704977,0.0,5.92687273,2977912.0,,,,0.0,14.906732941755902,7.0963091139308405,,6.716115184061853
1991.0,MDA,100.0,500.0,MDA,MDA,200.0,500.0,1037.89950336245,0.0,5.92687273,2981566.0,,200.0,2977912.0,1.0,14.907959223808758,6.945917262034645,2.043311022882017,16.769710950554174
1992.0,MDA,100.0,500.0,MDA,MDA,500.0,500.0,778.017667420102,0.0,5.92687273,2980965.0,0.0,500.0,2981566.0,2.0,14.907757631564781,6.6580337252285915,2.877495375886497,16.773091934994202
1993.0,MDA,100.0,510.0,MDA,MDA,500.0,700.0,796.989388848336,0.0,5.92687273,2975966.0,0.0,500.0,2980965.0,3.0,14.906079250138674,6.682095300178864,2.877685624498072,17.137292563154283
1994.0,MDA,100.0,770.0,MDA,MDA,540.0,1000.0,573.798647201304,0.0,5.92687273,2966745.0,0.0,510.0,2975966.0,4.0,14.902975950180048,6.354019800690103,2.8979701812409364,25.954370867735513
1995.0,MDA,100.0,1100.0,MDA,MDA,760.0,1500.0,593.593177049161,0.0,5.92687273,2953200.0,0.0,770.0,2966745.0,5.0,14.898399886167148,6.387877435639703,3.294145468536108,37.24773127454964
1996.0,MDA,200.0,1400.0,MDA,MDA,1000.0,1900.0,575.145455139019,0.0,5.92687273,2947293.0,0.0,1100.0,2953200.0,6.0,14.896397679919858,6.356360155099515,3.644084245429785,47.50121552217577
1997.0,MDA,200.0,1800.0,MDA,MDA,1300.0,2400.0,657.29213459795,0.0,5.92687273,2936413.0,0.0,1400.0,2947293.0,7.0,14.89269932639872,6.489648806351336,3.8815888599422856,61.299279086422786
1998.0,MDA,500.0,2100.0,MDA,MDA,1500.0,2900.0,578.734627562193,0.0,5.92687273,2935227.0,0.0,1800.0,2936413.0,8.0,14.892295350672644,6.3625704601518285,4.131949854079951,71.5447220947477
1999.0,MDA,500.0,2300.0,MDA,MDA,1700.0,3200.0,399.499818596336,0.0,5.92687273,2930622.0,0.0,2100.0,2935227.0,9.0,14.890725245153039,5.99271331356533,4.284203228162154,78.48163290932779
2000.0,MDA,500.0,2500.0,MDA,MDA,1800.0,3400.0,440.538683980372,0.0,5.92687273,2924668.0,0.0,2300.0,2930622.0,10.0,14.888691527932492,6.090265635640248,4.375525962381075,85.47978779129802
2001.0,MDA,500.0,2500.0,MDA,MDA,1800.0,3400.0,507.404076252819,0.0,6.23449755,2918135.0,0.0,2500.0,2924668.0,11.0,14.886455271559466,6.231276557089646,4.459910719480787,85.6711564064034
2002.0,MDA,600.0,2500.0,MDA,MDA,1800.0,3400.0,570.799866188293,0.0,7.40437651,2911385.0,0.0,2500.0,2918135.0,12.0,14.884139470938953,6.348789045869808,4.462121145694871,85.86978362531922
2003.0,MDA,710.0,2500.0,MDA,MDA,1700.0,3300.0,682.319095965299,0.0,7.02227592,2903198.0,0.0,2500.0,2911385.0,13.0,14.881323445985748,6.526961948074556,4.464410257481565,86.11193587209691
2004.0,MDA,810.0,2400.0,MDA,MDA,1700.0,3300.0,897.178494749468,1.0,8.97114944,2896023.0,0.0,2500.0,2903198.0,14.0,14.878848974445157,6.800368817758979,4.467193910888848,82.8722700061429
2005.0,MDA,900.0,2300.0,MDA,MDA,1700.0,3200.0,1034.39197746993,1.0,9.55814838,2888985.0,0.0,2400.0,2896023.0,15.0,14.876415787326897,6.94253535619549,4.429295046400203,79.61273596089977
2006.0,MDA,980.0,2300.0,MDA,MDA,1600.0,3100.0,1183.02481442894,2.0,10.54445267,2880967.0,1.0,2300.0,2888985.0,16.0,14.873636559644938,7.076674773356883,4.389656651432845,79.83430563418463
2007.0,MDA,1000.0,2200.0,MDA,MDA,1500.0,3000.0,1531.21618590748,3.0,11.02066803,2874299.0,1.0,2300.0,2880967.0,17.0,14.871319376396219,7.334470453861592,4.392401450101227,76.54040167706978
2008.0,MDA,1100.0,2100.0,MDA,MDA,1500.0,2800.0,2110.55305353857,4.0,10.94920063,2868833.0,2.0,2200.0,2874299.0,18.0,14.86941588483433,7.655179000053407,4.350799112485618,73.2004965085106
2009.0,MDA,1100.0,2000.0,MDA,MDA,1400.0,2700.0,1898.43975710988,5.0,13.6766243,2865213.0,3.0,2100.0,2868833.0,19.0,14.868153250917223,7.549314256994384,4.306770841640308,69.80283839281756
2010.0,MDA,1100.0,1900.0,MDA,MDA,1300.0,2500.0,2436.79935102421,7.0,10.13112831,2862354.0,4.0,2000.0,2865213.0,20.0,14.867154921177052,7.798851006007988,4.259899090190113,66.37893146689753
2011.0,MDA,1100.0,1800.0,MDA,MDA,1300.0,2400.0,2941.36224066021,9.0,9.09670353,2860699.0,5.0,1900.0,2862354.0,21.0,14.866576558528259,7.986968020930647,4.21033237954007,62.92168452535551
2012.0,MDA,1100.0,1700.0,MDA,MDA,1200.0,2300.0,3044.8084324815,11.0,9.13962078,2860324.0,7.0,1800.0,2860699.0,22.0,14.866445463092868,8.021521639974235,4.157658654761511,59.43382637771105
2013.0,MDA,1100.0,1600.0,MDA,MDA,1100.0,2200.0,3321.04397795719,14.0,8.68300343,2859558.0,9.0,1700.0,2860324.0,23.0,14.86617762539811,8.108335528483323,4.101548987543327,55.95270318000194
2014.0,MDA,1000.0,1400.0,MDA,MDA,1000.0,2000.0,3289.95758568777,17.0,8.73206043,2857815.0,11.0,1600.0,2859558.0,24.0,14.86556790479601,8.09893386088939,4.042221154613992,48.98847546114777
2015.0,MDA,980.0,1400.0,MDA,MDA,970.0,1900.0,2749.55137054338,21.0,8.50013351,2835978.0,14.0,1400.0,2857815.0,25.0,14.857897409199271,7.919556668942914,3.91179248808402,49.365686193616455
1990.0,MDG,100.0,200.0,MDG,MDG,100.0,500.0,326.099253221978,0.0,3.99177623,12055639.0,,,,0.0,16.3050430752436,5.790263651515067,,1.658974692258121
1991.0,MDG,100.0,200.0,MDG,MDG,100.0,500.0,262.024402380479,0.0,3.99177623,12421412.0,,200.0,12055639.0,1.0,16.334932315608306,5.572246812590179,0.9779405944488044,1.6101229071219922
1992.0,MDG,100.0,200.0,MDG,MDG,100.0,500.0,290.2120463948,0.0,3.99177623,12800870.0,0.0,200.0,12421412.0,2.0,16.365023695330073,5.674051683580905,0.9593973110772007,1.5623938060459954
1993.0,MDG,100.0,500.0,MDG,MDG,100.0,540.0,307.887603096441,0.0,3.99177623,13197345.0,0.0,200.0,12800870.0,3.0,16.395526230962332,5.732977466702378,0.940941902062776,3.7886408213167115
1994.0,MDG,100.0,500.0,MDG,MDG,200.0,640.0,258.723806434505,0.0,3.99177623,13613850.0,0.0,500.0,13197345.0,4.0,16.426598214859702,5.559618783448895,1.5662466177786596,3.6727303444653794
1995.0,MDG,100.0,500.0,MDG,MDG,200.0,750.0,273.149653945976,0.0,3.99177623,14051275.0,0.0,500.0,13613850.0,5.0,16.4582236969577,5.613674139569399,1.5417435570383922,3.558395946275338
1996.0,MDG,100.0,500.0,MDG,MDG,500.0,940.0,339.877283663608,0.0,3.99177623,14510711.0,0.0,500.0,14051275.0,6.0,16.490397624349058,5.8315225405598365,1.5169707954743743,3.445730536567092
1997.0,MDG,200.0,520.0,MDG,MDG,500.0,1100.0,284.371843967244,0.0,3.99177623,14990814.0,0.0,500.0,14510711.0,7.0,16.52294817147301,5.6537930455413035,1.4919442056456786,3.4687909542470474
1998.0,MDG,200.0,670.0,MDG,MDG,500.0,1400.0,284.192923139852,0.0,3.99177623,15489364.0,0.0,520.0,14990814.0,8.0,16.55566415280254,5.653165874557144,1.497117892004938,4.325548808847155
1999.0,MDG,200.0,830.0,MDG,MDG,500.0,1700.0,267.360530991414,0.0,3.99177623,16000506.0,0.0,670.0,15489364.0,9.0,16.588130904703995,5.592331341346084,1.6725157689791956,5.187335950500565
2000.0,MDG,500.0,1100.0,MDG,MDG,600.0,1900.0,280.282905559649,0.0,3.99177623,16516338.0,0.0,830.0,16000506.0,10.0,16.619860630782345,5.639360944220369,1.8225046144929178,6.660071984479852
2001.0,MDG,500.0,1300.0,MDG,MDG,770.0,2300.0,319.283278235657,0.0,4.11513853,17032939.0,0.0,1100.0,16516338.0,11.0,16.65065961555291,5.76920584868239,2.036021381160022,7.632270625756365
2002.0,MDG,500.0,1600.0,MDG,MDG,990.0,2600.0,304.941777398445,0.0,4.92866945,17549913.0,0.0,1300.0,17032939.0,12.0,16.680559550598904,5.723394813909037,2.155507578919017,9.116854311471515
2003.0,MDG,500.0,2000.0,MDG,MDG,1300.0,3000.0,352.620095849925,0.0,5.00276566,18071854.0,0.0,1600.0,17549913.0,13.0,16.709866258301414,5.8682231613033675,2.3142027767515305,11.066933143660854
2004.0,MDG,500.0,2300.0,MDG,MDG,1500.0,3400.0,272.20074858856,0.0,5.25090027,18606608.0,0.0,2000.0,18071854.0,14.0,16.73902734440761,5.610206867768137,2.490468913648574,12.361199848999883
2005.0,MDG,570.0,2800.0,MDG,MDG,1900.0,3800.0,305.812074924388,0.0,5.21557808,19159707.0,0.0,2300.0,18606608.0,15.0,16.768320038114485,5.726235426360031,2.5923549731327853,14.614002186985427
2006.0,MDG,690.0,3100.0,MDG,MDG,2300.0,4200.0,324.146874882604,1.0,5.07203865,19730909.0,0.0,2800.0,19159707.0,16.0,16.797696948909135,5.7842770029591275,2.748168087763763,15.711389677992027
2007.0,MDG,820.0,3500.0,MDG,MDG,2600.0,4500.0,419.548001431865,1.0,4.60865784,20318583.0,0.0,3100.0,19730909.0,17.0,16.82704644399104,6.041558626124808,2.8160905036012776,17.225610663893242
2008.0,MDG,980.0,3800.0,MDG,MDG,2900.0,4900.0,512.579800058444,1.0,4.08111811,20923840.0,1.0,3500.0,20318583.0,18.0,16.856399736721933,6.241405421498027,2.9028277842685344,18.16110235979629
2009.0,MDG,1200.0,4000.0,MDG,MDG,3100.0,5100.0,446.315238370592,1.0,4.38469839,21547280.0,1.0,3800.0,20923840.0,19.0,16.88576014845041,6.103263577308983,2.9528823053238042,18.563828009846254
2010.0,MDG,1300.0,4200.0,MDG,MDG,3300.0,5300.0,450.009391645726,1.0,4.69762659,22183340.0,1.0,4000.0,21547280.0,20.0,16.91485211466316,6.111488163334034,2.973682351483605,18.933127292824256
2011.0,MDG,1500.0,4300.0,MDG,MDG,3400.0,5500.0,506.163691559309,1.0,4.521595,22822300.0,1.0,4200.0,22183340.0,21.0,16.943248686101125,6.228833814518241,2.992383035754666,18.84122108639357
2012.0,MDG,1700.0,4400.0,MDG,MDG,3400.0,5700.0,493.511162904211,1.0,3.91105914,23462438.0,1.0,4300.0,22822300.0,22.0,16.97091131735876,6.203569724931759,2.987761646656031,18.753379337645985
2013.0,MDG,1900.0,4700.0,MDG,MDG,3600.0,6000.0,515.301589361832,2.0,3.75156307,24109290.0,1.0,4400.0,23462438.0,23.0,16.998107801362067,6.246691070249705,2.9833245824138137,19.49455998082067
2014.0,MDG,2100.0,5000.0,MDG,MDG,3700.0,6600.0,505.684922503435,2.0,4.46240282,24764348.0,1.0,4700.0,24109290.0,24.0,17.024915596179603,6.227889355779882,3.02015948413913,20.190315529405417
2015.0,MDG,2300.0,5200.0,MDG,MDG,3900.0,7100.0,445.320069480568,3.0,5.0062542,25426702.0,2.0,5000.0,24764348.0,25.0,17.051310439644617,6.101036339211593,3.0535442626556795,20.450941691140283
1990.0,MDV,100.0,100.0,MDV,MDV,100.0,100.0,956.763019768672,0.0,7.73655844,224762.0,,,,0.0,12.32279734356704,6.864600377608612,,44.49150657139552
1991.0,MDV,100.0,100.0,MDV,MDV,100.0,100.0,1054.33413828759,0.0,7.73655844,231802.0,,100.0,224762.0,1.0,12.353638837978263,6.961612714521379,3.8175256397715853,43.14026626172337
1992.0,MDV,100.0,100.0,MDV,MDV,100.0,100.0,1194.2325242813,0.0,7.73655844,238543.0,0.0,100.0,231802.0,2.0,12.382304866560661,7.086096026425722,3.787372433019807,41.92116306074796
1993.0,MDV,100.0,100.0,MDV,MDV,100.0,100.0,1316.614548774,0.0,7.73655844,244884.0,0.0,100.0,238543.0,3.0,12.408539908017087,7.18357822067709,3.7593650157352316,40.83566096600839
1994.0,MDV,100.0,100.0,MDV,MDV,100.0,100.0,1419.39276513408,0.0,7.73655844,250822.0,0.0,100.0,244884.0,4.0,12.432498803192036,7.258688707514761,3.7337491089775616,39.86891102056438
1995.0,MDV,100.0,100.0,MDV,MDV,100.0,100.0,1554.60942754604,0.0,7.73655844,256649.0,0.0,100.0,250822.0,5.0,12.455464671623952,7.349622662655386,3.7103696522631497,38.96372087948911
1996.0,MDV,100.0,100.0,MDV,MDV,100.0,100.0,1716.74281753716,0.0,7.73655844,262347.0,0.0,100.0,256649.0,6.0,12.477423333943701,7.448766392582205,3.6879720645477407,38.117455126225956
1997.0,MDV,100.0,100.0,MDV,MDV,100.0,100.0,1898.43225010526,0.0,7.73655844,267707.0,0.0,100.0,262347.0,7.0,12.497648377840463,7.5493103047661405,3.6665687900399937,37.35427164773428
1998.0,MDV,100.0,100.0,MDV,MDV,100.0,100.0,1980.38448396751,0.0,7.73655844,272723.0,0.0,100.0,267707.0,8.0,12.516211907044623,7.591551113665183,3.6468659074704064,36.66724112011088
1999.0,MDV,100.0,100.0,MDV,MDV,100.0,100.0,2124.06007530631,0.0,7.73655844,277412.0,0.0,100.0,272723.0,9.0,12.533259044759243,7.661555351691288,3.628790780904331,36.047467304947155
2000.0,MDV,100.0,100.0,MDV,MDV,100.0,100.0,2213.81235053178,0.0,7.73655844,282019.0,0.0,100.0,277412.0,10.0,12.549729723537123,7.702922961297622,3.612199990564691,35.458603852931894
2001.0,MDV,100.0,100.0,MDV,MDV,100.0,100.0,3033.93234507036,0.0,8.21364975,286767.0,0.0,100.0,282019.0,11.0,12.56642531832587,8.017944411670298,3.5961774759482728,34.87151589966768
2002.0,MDV,100.0,100.0,MDV,MDV,100.0,100.0,3076.07007160101,0.0,8.78440189,291616.0,0.0,100.0,286767.0,12.0,12.583193147295853,8.031733147763758,3.57994355158425,34.2916712388895
2003.0,MDV,100.0,100.0,MDV,MDV,100.0,100.0,3548.5767011056,0.0,6.77857542,296491.0,0.0,100.0,291616.0,13.0,12.599772142827687,8.174583636234729,3.563646993859411,33.72783659537726
2004.0,MDV,100.0,100.0,MDV,MDV,100.0,100.0,4070.2609459446,0.0,7.48356962,301413.0,0.0,100.0,296491.0,14.0,12.616236696294804,8.311708045182371,3.5475415727160446,33.17706933675721
2005.0,MDV,100.0,100.0,MDV,MDV,100.0,100.0,3796.51546524644,0.0,8.82753372,306429.0,0.0,100.0,301413.0,15.0,12.632741359889362,8.242102306942593,3.5315549319621518,32.63398699209279
2006.0,MDV,100.0,100.0,MDV,MDV,100.0,100.0,5018.94335409159,0.0,8.04819012,313851.0,0.0,100.0,306429.0,16.0,12.656673629976064,8.52117392857661,3.515537073351741,31.862253107366232
2007.0,MDV,100.0,100.0,MDV,MDV,100.0,100.0,5758.10286933053,71.0,8.30568123,324479.0,0.0,100.0,313851.0,17.0,12.689976098086108,8.658536989707018,3.4923246771290706,30.81863541246121
2008.0,MDV,100.0,100.0,MDV,MDV,100.0,100.0,6757.43280929292,70.0,11.47104168,336170.0,0.0,100.0,324479.0,18.0,12.725372263375544,8.818546309214764,3.460052137403685,29.74685427016093
2009.0,MDV,100.0,100.0,MDV,MDV,100.0,100.0,6734.03165601895,69.0,10.0928812,348275.0,71.0,100.0,336170.0,19.0,12.760747676574425,8.815077789058948,3.425787688862141,28.712942358768213
2010.0,MDV,100.0,100.0,MDV,MDV,100.0,100.0,7173.59601844692,9.0,8.48758984,360792.0,70.0,100.0,348275.0,20.0,12.79605689397578,8.87830173499348,3.3915827205441276,27.716800815982616
2011.0,MDV,100.0,100.0,MDV,MDV,100.0,100.0,7424.520410971,12.0,7.92251587,373674.0,69.0,100.0,360792.0,21.0,12.831139038528136,8.912678050234444,3.357482345774289,26.761294604387782
2012.0,MDV,100.0,100.0,MDV,MDV,100.0,100.0,7461.29703686309,19.0,8.67304802,386818.0,9.0,100.0,373674.0,22.0,12.865709577155878,8.917618559590704,3.323642770155945,25.8519510467455
2013.0,MDV,100.0,100.0,MDV,MDV,100.0,100.0,8236.08177944126,21.0,8.15509319,400070.0,12.0,100.0,386818.0,23.0,12.899394810779405,9.01640140719611,3.2903384829981825,24.995625765491038
2014.0,MDV,100.0,100.0,MDV,MDV,100.0,100.0,8939.07416571472,26.0,7.91345072,413617.0,19.0,100.0,400070.0,24.0,12.932695703846179,9.098299164074392,3.257928284078775,24.176955976180864
2015.0,MDV,100.0,100.0,MDV,MDV,100.0,100.0,9644.90655028145,30.0,8.68310642,428154.0,21.0,100.0,413617.0,25.0,12.967238222930842,9.17428891265761,3.2259291307674793,23.356082157354596
1990.0,MEX,720.0,9900.0,MEX,MEX,8500.0,11000.0,3154.46920349038,9.0,4.24436522,82820170.0,,,,0.0,18.23218218872388,8.056892481347571,,11.953609851320035
1991.0,MEX,1100.0,10000.0,MEX,MEX,9000.0,12000.0,3708.8420548157,9.0,4.24436522,84430572.0,,9900.0,82820170.0,1.0,18.251440121465798,8.218744581869275,2.5613745022988343,11.844050991387338
1992.0,MEX,1500.0,11000.0,MEX,MEX,9400.0,12000.0,4220.56643677057,9.0,4.24436522,86044809.0,9.0,10000.0,84430572.0,2.0,18.270378753409958,8.347961531702305,2.5528807462744583,12.784036745319522
1993.0,MEX,2000.0,11000.0,MEX,MEX,9800.0,12000.0,6048.34840388099,9.0,4.24436522,87653807.0,9.0,11000.0,86044809.0,3.0,18.288905602501234,8.707705843386774,2.6235111650171654,12.5493693616753
1994.0,MEX,2500.0,11000.0,MEX,MEX,10000.0,13000.0,6202.36588372862,9.0,4.24436522,89259205.0,9.0,11000.0,87653807.0,4.0,18.307055110560643,8.732847308197078,2.6063400046688385,12.323658943635
1995.0,MEX,2800.0,12000.0,MEX,MEX,11000.0,13000.0,4183.87847727479,9.0,4.24436522,90862455.0,9.0,11000.0,89259205.0,5.0,18.32485743752109,8.339232944813752,2.589541322858444,13.206775009546023
1996.0,MEX,3000.0,12000.0,MEX,MEX,11000.0,13000.0,4674.36792733681,9.0,4.24436522,92452702.0,9.0,12000.0,90862455.0,6.0,18.342207741979298,8.450063139660635,2.653718964173143,12.979609833361062
1997.0,MEX,3400.0,13000.0,MEX,MEX,11000.0,14000.0,5567.35599516667,9.0,4.24436522,94021207.0,9.0,12000.0,92452702.0,7.0,18.359030921171964,8.624855135883996,2.6375998275006856,13.826667849520375
1998.0,MEX,4000.0,13000.0,MEX,MEX,12000.0,14000.0,5832.69342004468,9.0,4.24436522,95575245.0,9.0,13000.0,94021207.0,8.0,18.375424400975326,8.671405598488846,2.6964274410530162,13.601848470281192
1999.0,MEX,4700.0,13000.0,MEX,MEX,12000.0,14000.0,6499.97182950425,9.0,4.24436522,97115707.0,9.0,13000.0,95575245.0,9.0,18.391413681250704,8.779706956939313,2.6811481282537373,13.38609417733014
2000.0,MEX,5000.0,14000.0,MEX,MEX,12000.0,15000.0,7524.0271380091,9.0,4.24436522,98625552.0,9.0,13000.0,97115707.0,10.0,18.406840934072825,8.92598969599052,2.666262057880718,14.195104327527616
2001.0,MEX,5000.0,14000.0,MEX,MEX,12000.0,15000.0,7952.76479510706,11.0,4.58201361,100099099.0,9.0,14000.0,98625552.0,11.0,18.42167124324594,8.981400654687603,2.720973292256842,13.98613987524503
2002.0,MEX,4900.0,14000.0,MEX,MEX,13000.0,16000.0,7983.03398381759,14.0,4.83042812,101548624.0,9.0,14000.0,100099099.0,12.0,18.436048295923484,8.98519907447242,2.7071257656263747,13.786498968218417
2003.0,MEX,4700.0,15000.0,MEX,MEX,13000.0,16000.0,7434.07465031562,18.0,5.53978777,102978515.0,11.0,14000.0,101548624.0,13.0,18.450030932202516,8.913963899235998,2.6937145325562204,14.566145180866126
2004.0,MEX,4600.0,15000.0,MEX,MEX,13000.0,16000.0,7849.66759649565,19.0,5.6835022,104394131.0,14.0,15000.0,102978515.0,14.0,18.46368401535751,8.96835385129998,2.7450983752871063,14.368623845338586
2005.0,MEX,4800.0,16000.0,MEX,MEX,14000.0,17000.0,8671.75891798441,21.0,5.58110142,105811504.0,18.0,15000.0,104394131.0,15.0,18.477169804936775,9.067942233455549,2.7323280184306493,15.121229162379167
2006.0,MEX,4700.0,16000.0,MEX,MEX,14000.0,17000.0,9512.63575346699,24.0,5.40647888,107253666.0,19.0,16000.0,105811504.0,16.0,18.4907072970064,9.160481390939479,2.7801369849394786,14.917904997298645
2007.0,MEX,4500.0,16000.0,MEX,MEX,14000.0,18000.0,10134.3327129706,26.0,5.50668049,108774360.0,21.0,16000.0,107253666.0,17.0,18.504786202848813,9.223782886464743,2.7674445761097,14.709348784033295
2008.0,MEX,4400.0,17000.0,MEX,MEX,15000.0,18000.0,10523.7685427665,28.0,5.44587374,110374288.0,24.0,16000.0,108774360.0,18.0,18.519387766131466,9.261486667122691,2.754255999087117,15.402137860223387
2009.0,MEX,4500.0,17000.0,MEX,MEX,15000.0,19000.0,8423.56933148639,30.0,5.84786463,111999721.0,26.0,17000.0,110374288.0,19.0,18.534006938184838,9.038907635989533,2.7974116836650684,15.17860923957123
2010.0,MEX,4700.0,18000.0,MEX,MEX,15000.0,19000.0,9728.80078307432,31.0,5.4897337,113623895.0,28.0,17000.0,111999721.0,20.0,18.548404385442133,9.182948700466264,2.7836899524088397,15.841738218884329
2011.0,MEX,4900.0,18000.0,MEX,MEX,16000.0,20000.0,10664.4944032313,32.0,5.30093002,115243504.0,30.0,18000.0,113623895.0,21.0,18.562557873827334,9.274768987377273,2.8238602231361125,15.61910161981885
2012.0,MEX,4800.0,18000.0,MEX,MEX,16000.0,20000.0,10744.1335236186,36.0,5.42140484,116818208.0,31.0,18000.0,115243504.0,22.0,18.57612950661971,9.282208235580937,2.810552733803799,15.408556857848737
2013.0,MEX,4700.0,19000.0,MEX,MEX,16000.0,21000.0,11216.800851866,36.0,5.5773263,118343573.0,32.0,18000.0,116818208.0,23.0,18.589102587422236,9.325257157358198,2.797802958385851,16.054948755011814
2014.0,MEX,4900.0,19000.0,MEX,MEX,17000.0,21000.0,11391.3773503964,37.0,5.35336781,119784261.0,36.0,19000.0,118343573.0,24.0,18.60120285771938,9.340699757260152,2.8364404111760813,15.861850164104617
2015.0,MEX,4800.0,19000.0,MEX,MEX,17000.0,22000.0,10021.2386113616,43.0,5.52738619,121072306.0,36.0,19000.0,119784261.0,25.0,18.611898495334945,9.212561763993142,2.825053683451314,15.693101608224097
1990.0,MKD,100.0,100.0,MKD,MKD,100.0,100.0,2277.30372314314,7.0,8.86991501,2063689.0,,,,0.0,14.540005715935902,7.731186463979651,,4.845691380823371
1991.0,MKD,100.0,100.0,MKD,MKD,100.0,100.0,2402.13517656378,7.0,8.86991501,2055994.0,,100.0,2063689.0,1.0,14.536269987264998,7.784529487405991,1.765704873783965,4.863827423620886
1992.0,MKD,100.0,100.0,MKD,MKD,100.0,100.0,1198.92829846257,7.0,8.86991501,2032523.0,7.0,100.0,2055994.0,2.0,14.524788436453237,7.090017082709721,1.7688025343458427,4.919993525288521
1993.0,MKD,100.0,100.0,MKD,MKD,100.0,100.0,1336.64775641463,7.0,8.86991501,2006854.0,7.0,100.0,2032523.0,3.0,14.512078879741269,7.198667944754275,1.7783353551940528,4.9829235210932135
1994.0,MKD,100.0,100.0,MKD,MKD,100.0,100.0,1786.35488334914,7.0,8.86991501,1992666.0,7.0,100.0,2006854.0,4.0,14.504983998597801,7.488492087132211,1.788909331624075,5.0184024819011315
1995.0,MKD,100.0,100.0,MKD,MKD,100.0,100.0,2355.24705371138,7.0,8.86991501,1998534.0,7.0,100.0,1992666.0,5.0,14.50792446974837,7.7648254007812705,1.7948218556493294,5.003667688415609
1996.0,MKD,100.0,100.0,MKD,MKD,100.0,100.0,2306.53366957635,7.0,8.86991501,2012553.0,7.0,100.0,1998534.0,6.0,14.514914623331812,7.743934557636253,1.7923705638742833,4.968813243676067
1997.0,MKD,100.0,100.0,MKD,MKD,100.0,100.0,1959.56073782188,7.0,8.86991501,1996869.0,7.0,100.0,2012553.0,7.0,14.507091011848686,7.580985802033864,1.7865481209899,5.00783977316489
1998.0,MKD,100.0,100.0,MKD,MKD,100.0,100.0,1875.81662735988,7.0,8.86991501,2007523.0,7.0,100.0,1996869.0,8.0,14.512412181773538,7.537332337280192,1.7930652451922455,4.9812629793033505
1999.0,MKD,100.0,100.0,MKD,MKD,100.0,100.0,1915.39281060996,7.0,8.86991501,2017142.0,7.0,100.0,2007523.0,9.0,14.517192216044789,7.558199953493873,1.7886317462152432,4.957509188743281
2000.0,MKD,100.0,100.0,MKD,MKD,100.0,100.0,1861.89899780644,7.0,8.86991501,2026350.0,7.0,100.0,2017142.0,10.0,14.521746703065936,7.529889154320554,1.784652472371993,4.934981617193476
2001.0,MKD,100.0,100.0,MKD,MKD,100.0,100.0,1823.02267682636,8.0,8.3815918,2034882.0,7.0,100.0,2026350.0,11.0,14.525948389919638,7.508799603027587,1.7808639307010596,4.914289870370862
2002.0,MKD,100.0,100.0,MKD,MKD,100.0,100.0,1989.13537265159,8.0,8.97826958,2020157.0,7.0,100.0,2034882.0,12.0,14.518685789129407,7.595957941862929,1.7773714344954195,4.95011031320833
2003.0,MKD,100.0,100.0,MKD,MKD,100.0,100.0,2445.36286400013,9.0,9.00857735,2022725.0,8.0,100.0,2020157.0,13.0,14.519956170182017,7.8023576552035205,1.7834097594206875,4.9438257795795275
2004.0,MKD,100.0,100.0,MKD,MKD,100.0,100.0,2818.5814561242,3.0,8.46505451,2016186.0,8.0,100.0,2022725.0,14.0,14.51671816582229,7.944343733102735,1.7823529966863616,4.9598598541999595
2005.0,MKD,100.0,100.0,MKD,MKD,100.0,100.0,3120.98401394233,9.0,7.67907524,2005330.0,9.0,100.0,2016186.0,15.0,14.511319193708278,8.046223980608177,1.7850469664048108,4.98671041673939
2006.0,MKD,100.0,100.0,MKD,MKD,100.0,100.0,3440.4411057968,13.0,7.38314581,1994287.0,3.0,100.0,2005330.0,16.0,14.50579715094212,8.143645588746125,1.7895420820978476,5.014323414834474
2007.0,MKD,100.0,100.0,MKD,MKD,100.0,100.0,4204.11328760452,16.0,6.57065344,1982933.0,9.0,100.0,1994287.0,17.0,14.50008761974001,8.344056513210496,1.7941438601131694,5.043034736927572
2008.0,MKD,100.0,100.0,MKD,MKD,100.0,100.0,5026.4202989873,20.0,6.55317593,1971493.0,13.0,100.0,1982933.0,18.0,14.494301681697523,8.522662268510167,1.7989063256547373,5.072297999536392
2009.0,MKD,100.0,100.0,MKD,MKD,100.0,100.0,4799.78722768888,18.0,6.52846384,1958782.0,16.0,100.0,1971493.0,19.0,14.487833409468506,8.476535189217023,1.8037371165465685,5.105213341760338
2010.0,MKD,100.0,100.0,MKD,MKD,100.0,100.0,4833.36586759968,22.0,6.71369696,1946298.0,20.0,100.0,1958782.0,20.0,14.481439664639325,8.483505244704636,1.80914305236738,5.137959346410467
2011.0,MKD,100.0,100.0,MKD,MKD,100.0,100.0,5416.86672931659,23.0,6.51887369,1937398.0,18.0,100.0,1946298.0,21.0,14.476856393662544,8.597457424578868,1.8144923329124087,5.16156205384748
2012.0,MKD,100.0,100.0,MKD,MKD,100.0,100.0,5049.8265386157,26.0,6.61468363,1929821.0,22.0,100.0,1937398.0,22.0,14.472937810465892,8.527307179889776,1.818330325569457,5.181827744645747
2013.0,MKD,100.0,100.0,MKD,MKD,100.0,100.0,5626.26115664893,28.0,6.71928358,1922716.0,23.0,100.0,1929821.0,23.0,14.469249327756843,8.635378129703192,1.821613979304528,5.200976119198051
2014.0,MKD,100.0,100.0,MKD,MKD,100.0,100.0,5925.38592218015,30.0,6.28993368,1917557.0,26.0,100.0,1922716.0,24.0,14.46656253798773,8.68716984956692,1.824706718239224,5.214968837953709
2015.0,MKD,100.0,100.0,MKD,MKD,100.0,100.0,5262.68671928674,37.0,6.34227896,1912430.0,28.0,100.0,1917557.0,25.0,14.463885242705794,8.568586957420827,1.826960710944265,5.22894955632363
1990.0,MLI,2000.0,12000.0,MLI,MLI,7200.0,18000.0,353.903252431339,0.0,5.4663372,9178830.0,,,,0.0,16.032410303493716,5.8718452239703876,,130.7356166308778
1991.0,MLI,2500.0,14000.0,MLI,MLI,9300.0,20000.0,381.993534663018,0.0,5.4663372,9362888.0,,12000.0,9178830.0,1.0,16.052264347871482,5.948018108262755,4.880797009779668,149.52651361417546
1992.0,MLI,3100.0,14000.0,MLI,MLI,11000.0,19000.0,385.278654501558,0.0,5.4663372,9553540.0,0.0,14000.0,9362888.0,2.0,16.072422324400094,5.95655901187208,5.014139238866641,146.5425381586302
1993.0,MLI,3700.0,14000.0,MLI,MLI,11000.0,18000.0,372.412257638931,0.0,5.4663372,9754786.0,0.0,14000.0,9553540.0,3.0,16.093268594330755,5.922683057668265,4.994116528498031,143.51929401629107
1994.0,MLI,4300.0,14000.0,MLI,MLI,12000.0,18000.0,266.455340175594,0.0,5.4663372,9967031.0,0.0,14000.0,9754786.0,4.0,16.11479330420863,5.588952599783321,4.9734130212432275,140.46309277055525
1995.0,MLI,4900.0,14000.0,MLI,MLI,11000.0,17000.0,331.193112418678,0.0,5.4663372,10185365.0,0.0,14000.0,9967031.0,5.0,16.136462444016132,5.805716463727286,4.952038854584988,137.45211879986627
1996.0,MLI,5500.0,13000.0,MLI,MLI,11000.0,16000.0,359.662096056414,0.0,5.4663372,10407278.0,0.0,14000.0,10185365.0,6.0,16.158015927052684,5.887941497986338,4.930524553218659,124.9125852120026
1997.0,MLI,6000.0,12000.0,MLI,MLI,10000.0,15000.0,320.751522972854,0.0,5.4663372,10646495.0,0.0,13000.0,10407278.0,7.0,16.18074128797057,5.773779579869397,4.835587898024275,112.71315113565545
1998.0,MLI,6500.0,11000.0,MLI,MLI,9500.0,14000.0,356.64704402466,0.0,5.4663372,10919573.0,0.0,12000.0,10646495.0,8.0,16.206067424952405,5.879546589525578,4.733679059289028,100.73653978960532
1999.0,MLI,7000.0,11000.0,MLI,MLI,9400.0,14000.0,364.415678421892,0.0,5.4663372,11227415.0,0.0,11000.0,10919573.0,9.0,16.23386911321842,5.901035550581947,4.622386528491951,97.9744669632324
2000.0,MLI,7500.0,11000.0,MLI,MLI,9200.0,13000.0,304.652870189314,0.0,5.4663372,11559290.0,0.0,11000.0,11227415.0,10.0,16.26300000063718,5.7224500468749895,4.594861907407926,95.16155404008377
2001.0,MLI,7900.0,10000.0,MLI,MLI,8700.0,12000.0,346.224554248587,0.0,4.51952076,11912158.0,0.0,11000.0,11559290.0,11.0,16.293070117193544,5.849971701047659,4.566029631638878,83.94784555409692
2002.0,MLI,8200.0,10000.0,MLI,MLI,8600.0,13000.0,378.191678628068,0.0,4.99775982,12288050.0,0.0,10000.0,11912158.0,12.0,16.32413780337173,5.938041825593848,4.442037486455511,81.37987719776531
2003.0,MLI,8300.0,9400.0,MLI,MLI,8000.0,12000.0,441.910358475171,1.0,5.05061436,12684955.0,0.0,10000.0,12288050.0,13.0,16.355927203512184,6.093367398497547,4.4113411983266255,74.10353446267645
2004.0,MLI,8100.0,9400.0,MLI,MLI,8000.0,12000.0,495.006294675661,3.0,5.21768713,13102409.0,0.0,9400.0,12684955.0,14.0,16.388306664394882,6.206588617522748,4.318867621080437,71.74253223204985
2005.0,MLI,8100.0,9700.0,MLI,MLI,8100.0,12000.0,548.730382848879,3.0,5.19517279,13538647.0,1.0,9400.0,13102409.0,15.0,16.421058894310697,6.309427945030802,4.286926251051484,71.64674579372667
2006.0,MLI,7600.0,9400.0,MLI,MLI,7900.0,12000.0,586.985415512593,7.0,5.4559021,13990139.0,3.0,9700.0,13538647.0,16.0,16.45386328226064,6.376702144041002,4.285608596084313,67.19018302820294
2007.0,MLI,6600.0,9100.0,MLI,MLI,7800.0,12000.0,670.853394978069,11.0,5.2530427,14457775.0,3.0,9400.0,13990139.0,17.0,16.486742890102846,6.5100401544872915,4.222300610620511,62.94191187786502
2008.0,MLI,6100.0,9100.0,MLI,MLI,7700.0,12000.0,767.194838946144,15.0,5.02688074,14940782.0,7.0,9100.0,14457775.0,18.0,16.519605079003263,6.6440433975166036,4.1579750443086105,60.907119854904515
2009.0,MLI,5800.0,8400.0,MLI,MLI,6900.0,11000.0,787.48256428259,18.0,5.21225691,15435539.0,11.0,9100.0,14940782.0,19.0,16.552183135943608,6.670110293644455,4.125635194964643,54.419868331128576
2010.0,MLI,5500.0,7800.0,MLI,MLI,6400.0,11000.0,797.151541141189,21.0,4.67867136,15945198.0,15.0,8400.0,15435539.0,20.0,16.584668276034993,6.682298480600297,4.014938163595283,48.91754871905636
2011.0,MLI,5200.0,7400.0,MLI,MLI,5800.0,10000.0,938.292902579598,25.0,4.01485014,16469049.0,18.0,7800.0,15945198.0,21.0,16.61699335913882,6.8451273608978225,3.910372618669953,44.93277055645411
2012.0,MLI,5200.0,6700.0,MLI,MLI,5300.0,9400.0,872.506092463946,25.0,3.7521801,16957033.0,21.0,7400.0,16469049.0,22.0,16.646193231986327,6.772515104322479,3.827178817799834,39.5116291865446
2013.0,MLI,5600.0,7500.0,MLI,MLI,5900.0,10000.0,901.920957649814,25.0,3.96408582,17459615.0,25.0,6700.0,16957033.0,23.0,16.6754010577317,6.8056350165290596,3.701589073304085,42.95627366353725
2014.0,MLI,5800.0,6900.0,MLI,MLI,5500.0,9400.0,947.915033293219,27.0,4.48158312,18020267.0,25.0,7500.0,17459615.0,24.0,16.70700762690484,6.855319261717762,3.7831953594169954,38.290220672091046
2015.0,MLI,5600.0,6700.0,MLI,MLI,5100.0,9000.0,838.11986940103,30.0,4.11143351,18593022.0,25.0,6900.0,18020267.0,25.0,16.738296907002503,6.732353568015323,3.6709756500496593,36.03502432256575
1990.0,MLT,100.0,100.0,MLT,MLT,100.0,100.0,7192.38994693962,22.0,6.62621355,354170.0,,,,0.0,12.777532302833015,8.880917820401223,,28.23502837620352
1991.0,MLT,100.0,100.0,MLT,MLT,100.0,100.0,7558.75921583164,22.0,6.62621355,363845.0,,100.0,354170.0,1.0,12.804483231754194,8.930594618908644,3.3753675922515347,27.484230922508207
1992.0,MLT,100.0,100.0,MLT,MLT,100.0,100.0,8220.33403924666,22.0,6.62621355,367618.0,22.0,100.0,363845.0,2.0,12.814799634532543,9.014487766761478,3.3493506331825156,27.202150057940578
1993.0,MLT,100.0,100.0,MLT,MLT,100.0,100.0,7296.35111127489,22.0,6.62621355,371308.0,22.0,100.0,367618.0,3.0,12.824787185852802,8.895266699817137,3.339398218227086,26.931819405991792
1994.0,MLT,100.0,100.0,MLT,MLT,100.0,100.0,8000.3453286604,22.0,6.62621355,374797.0,22.0,100.0,371308.0,4.0,12.834139825045426,8.987364972606192,3.329766519474981,26.68111004090214
1995.0,MLT,100.0,100.0,MLT,MLT,100.0,100.0,9828.32366424667,22.0,6.62621355,377419.0,22.0,100.0,374797.0,5.0,12.841111255111457,9.193125407543913,3.3207502325791274,26.495751406262006
1996.0,MLT,100.0,100.0,MLT,MLT,100.0,100.0,10061.8500714248,22.0,6.62621355,379905.0,22.0,100.0,377419.0,6.0,12.84767650044736,9.216605710828484,3.314031498419304,26.32237006620076
1997.0,MLT,100.0,100.0,MLT,MLT,100.0,100.0,9893.18885431564,22.0,6.62621355,382791.0,22.0,100.0,379905.0,7.0,12.855244427312762,9.199702879367324,3.307705782996976,26.123916184027316
1998.0,MLT,100.0,100.0,MLT,MLT,100.0,100.0,10408.1156430599,22.0,6.62621355,385287.0,22.0,100.0,382791.0,8.0,12.861743790102143,9.250437205364399,3.300415854713124,25.954677941378762
1999.0,MLT,100.0,100.0,MLT,MLT,100.0,100.0,10609.1105181418,22.0,6.62621355,387578.0,22.0,100.0,385287.0,9.0,12.867672397841941,9.269562647966767,3.2941568608218206,25.801258069343458
2000.0,MLT,100.0,100.0,MLT,MLT,100.0,100.0,10348.485765125,22.0,6.62621355,390087.0,22.0,100.0,387578.0,10.0,12.87412507015095,9.244692112930213,3.288448829300978,25.635306995618926
2001.0,MLT,100.0,100.0,MLT,MLT,100.0,100.0,10357.7026407269,21.0,7.0297122,393028.0,22.0,100.0,390087.0,11.0,12.881636135132803,9.245582280242763,3.2822376663254,25.443479853852654
2002.0,MLT,100.0,100.0,MLT,MLT,100.0,100.0,11251.2024877398,20.0,7.73333311,395969.0,22.0,100.0,393028.0,12.0,12.889091204344075,9.328319165158794,3.27500961955517,25.254502246387972
2003.0,MLT,100.0,100.0,MLT,MLT,100.0,100.0,13593.9787182902,20.0,7.93917513,398582.0,21.0,100.0,395969.0,13.0,12.89566852768799,9.517455791658225,3.267837488478876,25.088940293339892
2004.0,MLT,100.0,100.0,MLT,MLT,100.0,100.0,15212.1312964883,18.0,8.03966808,401268.0,20.0,100.0,398582.0,14.0,12.902384812233276,9.629914234971361,3.2615114809737835,24.921000428641207
2005.0,MLT,100.0,100.0,MLT,MLT,100.0,100.0,15831.3439802756,21.0,8.69497585,403834.0,20.0,100.0,401268.0,15.0,12.908759181415304,9.669810213946047,3.2550534675232345,24.762649999752373
2006.0,MLT,100.0,100.0,MLT,MLT,100.0,100.0,16653.6038312389,21.0,8.84659672,405308.0,18.0,100.0,403834.0,16.0,12.912402550886933,9.72044196356846,3.248925768606318,24.67259466874574
2007.0,MLT,100.0,100.0,MLT,MLT,100.0,100.0,19444.1743635565,23.0,8.18593979,406724.0,21.0,100.0,405308.0,17.0,12.915890101710632,9.875354213562064,3.2454240676381247,24.5866976131234
2008.0,MLT,100.0,100.0,MLT,MLT,100.0,100.0,22405.6426266551,27.0,7.82490158,409379.0,21.0,100.0,406724.0,18.0,12.922396656316284,10.017112739714923,3.2420725919465596,24.4272422376331
2009.0,MLT,100.0,100.0,MLT,MLT,100.0,100.0,21261.5428699817,30.0,7.88854265,412477.0,23.0,100.0,409379.0,19.0,12.929935725626605,9.964702252926973,3.235821128316812,24.243776016602137
2010.0,MLT,100.0,100.0,MLT,MLT,100.0,100.0,21946.6073066905,33.0,7.89857197,414508.0,27.0,100.0,412477.0,20.0,12.93484755373312,9.996413406032767,3.2285796309446386,24.124986731257298
2011.0,MLT,100.0,100.0,MLT,MLT,100.0,100.0,23516.972445816,34.0,8.31816673,416268.0,30.0,100.0,414508.0,21.0,12.939084562585071,10.06552019276162,3.223862838269938,24.022985192231925
2012.0,MLT,100.0,100.0,MLT,MLT,100.0,100.0,22878.3095862582,39.0,8.24921417,420028.0,33.0,100.0,416268.0,22.0,12.948076654704094,10.037988269612669,3.2197948101611114,23.80793661374956
2013.0,MLT,100.0,100.0,MLT,MLT,100.0,100.0,25415.5525389054,41.0,8.30319595,424810.0,34.0,100.0,420028.0,23.0,12.959397289122435,10.143155915518893,3.2111636267219055,23.53993550057673
2014.0,MLT,100.0,100.0,MLT,MLT,100.0,100.0,27424.5693619702,44.0,8.88463974,433481.0,39.0,100.0,424810.0,24.0,12.979603244945778,10.219231045619642,3.2003018109409545,23.069061850461726
2015.0,MLT,100.0,100.0,MLT,MLT,100.0,100.0,25529.6693210673,48.0,8.70199776,444220.0,41.0,100.0,433481.0,25.0,13.0040752141925,10.147635726933283,3.180927275150969,22.511368240961687
1990.0,MMR,200.0,11000.0,MMR,MMR,9100.0,12000.0,53.1225401094506,0.0,2.00781965,39817251.0,,,,0.0,17.49981081855678,3.991250736965609,,27.626216586373577
1991.0,MMR,500.0,18000.0,MMR,MMR,15000.0,21000.0,51.2408970610106,0.0,2.00781965,40394154.0,,11000.0,39817251.0,1.0,17.514195629490597,3.955865656739013,3.35432296180528,44.56090354064601
1992.0,MMR,670.0,18000.0,MMR,MMR,15000.0,21000.0,58.8896739558883,0.0,2.00781965,40950342.0,0.0,18000.0,40394154.0,2.0,17.52787071987683,4.092504102212267,3.819049970266573,43.95567685368781
1993.0,MMR,1100.0,15000.0,MMR,MMR,13000.0,17000.0,76.212889482598,0.0,2.00781965,41502429.0,0.0,18000.0,40950342.0,3.0,17.541262513608586,4.346566405303911,3.805677045572704,36.14246289054552
1994.0,MMR,1600.0,14000.0,MMR,MMR,12000.0,16000.0,105.391561114159,0.0,2.00781965,42055143.0,0.0,15000.0,41502429.0,4.0,17.554492243682013,4.667126260925263,3.614760867418567,33.28962643165902
1995.0,MMR,2300.0,15000.0,MMR,MMR,13000.0,16000.0,124.14348039051,0.0,2.00781965,42605338.0,0.0,14000.0,42055143.0,5.0,17.567490108553883,4.82946092215814,3.534842872034004,35.20685600475696
1996.0,MMR,3000.0,16000.0,MMR,MMR,14000.0,18000.0,141.897267580367,0.0,2.00781965,43154860.0,0.0,15000.0,42605338.0,6.0,17.580305599510602,4.962125963551938,3.589248493295851,37.07577779188717
1997.0,MMR,3800.0,19000.0,MMR,MMR,17000.0,21000.0,108.039770292032,0.0,2.00781965,43708798.0,0.0,16000.0,43154860.0,7.0,17.593059967033334,4.691712680746586,3.6395783264619332,43.46950927362496
1998.0,MMR,4700.0,21000.0,MMR,MMR,19000.0,24000.0,145.950830383757,0.0,2.00781965,44257793.0,0.0,19000.0,43708798.0,8.0,17.60554202690649,4.990098043640094,3.7948037694634045,47.449270685503905
1999.0,MMR,5600.0,24000.0,MMR,MMR,22000.0,27000.0,189.490155849067,0.0,2.00781965,44787724.0,0.0,21000.0,44257793.0,9.0,17.617444641978317,5.249600517898558,3.8805172852927026,53.58611212304515
2000.0,MMR,6700.0,26000.0,MMR,MMR,23000.0,29000.0,196.619580625284,0.0,2.00781965,45290841.0,0.0,24000.0,44787724.0,10.0,17.62861538458057,5.286343872637675,3.9997794936759172,57.4067502963789
2001.0,MMR,7800.0,26000.0,MMR,MMR,23000.0,29000.0,141.525660705722,0.0,2.16208982,45771139.0,0.0,26000.0,45290841.0,11.0,17.639164297616237,4.959522058624999,4.06743147042125,56.80435437711087
2002.0,MMR,8900.0,25000.0,MMR,MMR,23000.0,28000.0,146.598390364449,0.0,2.59446764,46232653.0,0.0,26000.0,45771139.0,12.0,17.649196881295993,4.9944950067169955,4.057064108084908,54.0743357297709
2003.0,MMR,10000.0,25000.0,MMR,MMR,22000.0,27000.0,224.292688912409,0.0,2.3959713,46667192.0,0.0,25000.0,46232653.0,13.0,17.658551948984964,5.417400396456318,4.008683831422223,53.57082551699275
2004.0,MMR,11000.0,24000.0,MMR,MMR,21000.0,26000.0,224.508811413327,0.0,2.33253765,47068772.0,0.0,25000.0,46667192.0,14.0,17.667120324233096,5.418359233182993,3.999499408754467,50.98922062381403
2005.0,MMR,12000.0,23000.0,MMR,MMR,20000.0,25000.0,252.685193060728,1.0,2.3447094,47438365.0,0.0,24000.0,47068772.0,15.0,17.67494184747298,5.536094100931666,3.951036401396821,48.48396440307334
2006.0,MMR,12000.0,22000.0,MMR,MMR,19000.0,24000.0,303.495087119254,3.0,2.26559186,47785135.0,0.0,23000.0,47438365.0,16.0,17.682225165832765,5.71865495276447,3.901648665637974,46.03942209224689
2007.0,MMR,12000.0,21000.0,MMR,MMR,18000.0,23000.0,419.375780725042,5.0,2.03606868,48125043.0,1.0,22000.0,47785135.0,17.0,17.689313244078317,6.041149027269633,3.8509860180609694,43.63632464702421
2008.0,MMR,12000.0,19000.0,MMR,MMR,17000.0,22000.0,658.442487229705,6.0,2.12175322,48390793.0,3.0,21000.0,48125043.0,18.0,17.694820126318632,6.491394761727971,3.7985479815075127,39.263667367468024
2009.0,MMR,12000.0,18000.0,MMR,MMR,16000.0,20000.0,758.442935789255,9.0,2.17283702,48660459.0,5.0,19000.0,48390793.0,19.0,17.700377328074175,6.632585185295102,3.6954495081511407,36.99101975178656
2010.0,MMR,12000.0,18000.0,MMR,MMR,16000.0,19000.0,1010.53417343401,12.0,1.96793783,49024382.0,6.0,18000.0,48660459.0,20.0,17.70782832415387,6.919223440944676,3.6373498094764596,36.71642408465241
2011.0,MMR,12000.0,17000.0,MMR,MMR,15000.0,19000.0,1213.62898703376,16.0,1.95077813,49419820.0,9.0,18000.0,49024382.0,21.0,17.715862116268003,7.102193948676607,3.6300956516979315,34.399154023628576
2012.0,MMR,11000.0,17000.0,MMR,MMR,15000.0,18000.0,1202.6658960055,21.0,2.43605232,49837446.0,12.0,17000.0,49419820.0,22.0,17.724277187149717,7.093127092347858,3.566687922216565,34.11089725585055
2013.0,MMR,11000.0,16000.0,MMR,MMR,15000.0,18000.0,1199.09561597055,26.0,3.11112022,50262658.0,16.0,17000.0,49837446.0,23.0,17.732772973679367,7.090156512577269,3.5585115454177605,31.832777327454508
2014.0,MMR,10000.0,16000.0,MMR,MMR,14000.0,17000.0,1293.00042298688,33.0,4.14940882,50681634.0,21.0,16000.0,50262658.0,24.0,17.741074154412857,7.165493801944008,3.4914273251773458,31.569621453009983
2015.0,MMR,9400.0,15000.0,MMR,MMR,14000.0,17000.0,1166.73305546337,40.0,5.19711542,51089056.0,26.0,16000.0,50681634.0,25.0,17.749080863939174,7.062819588862356,3.483379996654127,29.360495523738003
1990.0,MNE,100.0,100.0,MNE,MNE,100.0,100.0,1375.32616813442,8.0,7.96692181,606372.0,,,,0.0,13.31524893810176,7.227173031198922,,16.491526653605376
1991.0,MNE,100.0,100.0,MNE,MNE,100.0,100.0,1375.32616813442,8.0,7.96692181,607105.0,,100.0,606372.0,1.0,13.316457036960085,7.227173031198922,2.8617165724484965,16.471615288953313
1992.0,MNE,100.0,100.0,MNE,MNE,100.0,100.0,1375.32616813442,8.0,7.96692181,608516.0,8.0,100.0,607105.0,2.0,13.318778485230016,7.227173031198922,2.8605775806017477,16.43342163558559
1993.0,MNE,100.0,100.0,MNE,MNE,100.0,100.0,1375.32616813442,8.0,7.96692181,610170.0,8.0,100.0,608516.0,3.0,13.32149288584765,7.227173031198922,2.8583891475286927,16.38887523149286
1994.0,MNE,100.0,100.0,MNE,MNE,100.0,100.0,1375.32616813442,8.0,7.96692181,611389.0,8.0,100.0,610170.0,4.0,13.323488696782093,7.227173031198922,2.855830647234324,16.356198753984778
1995.0,MNE,100.0,100.0,MNE,MNE,100.0,100.0,1375.32616813442,8.0,7.96692181,611712.0,8.0,100.0,611389.0,5.0,13.324016862497775,7.227173031198922,2.8539497194714096,16.347562251517054
1996.0,MNE,100.0,100.0,MNE,MNE,100.0,100.0,1375.32616813442,8.0,7.96692181,611003.0,8.0,100.0,611712.0,6.0,13.322857148125312,7.227173031198922,2.853451992285895,16.366531751889926
1997.0,MNE,100.0,100.0,MNE,MNE,100.0,100.0,1375.32616813442,8.0,7.96692181,609520.0,8.0,100.0,611003.0,7.0,13.32042704114689,7.227173031198922,2.8545448914558493,16.406352539703374
1998.0,MNE,100.0,100.0,MNE,MNE,100.0,100.0,1405.81632669854,8.0,7.96692181,607662.0,8.0,100.0,609520.0,8.0,13.317374085314272,7.249084506090161,2.856835228080597,16.4565169452755
1999.0,MNE,100.0,100.0,MNE,MNE,100.0,100.0,1367.90257335097,8.0,7.96692181,606001.0,8.0,100.0,607662.0,9.0,13.314636915215106,7.221764656467455,2.8597130428407835,16.501622934615618
2000.0,MNE,100.0,100.0,MNE,MNE,100.0,100.0,1627.06511911987,8.0,7.96692181,604950.0,8.0,100.0,606001.0,10.0,13.312901088969625,7.395147545221908,2.8622936157503545,16.530291759649558
2001.0,MNE,100.0,100.0,MNE,MNE,100.0,100.0,1909.59870186179,11.0,7.96692181,607389.0,8.0,100.0,604950.0,11.0,13.316924721452846,7.555171928395601,2.8639303422429916,16.463913571039317
2002.0,MNE,100.0,100.0,MNE,MNE,100.0,100.0,2109.30631947331,11.0,7.96692181,609828.0,8.0,100.0,607389.0,12.0,13.320932229176151,7.65458839103906,2.8601366702568876,16.398066340017184
2003.0,MNE,100.0,100.0,MNE,MNE,100.0,100.0,2789.95435110345,13.0,7.96692181,612267.0,11.0,100.0,609828.0,13.0,13.324923740864213,7.934138877653175,2.85635907016103,16.332743721284995
2004.0,MNE,100.0,100.0,MNE,MNE,100.0,100.0,3386.38099417981,15.0,7.96692181,613353.0,11.0,100.0,612267.0,14.0,13.326695905620372,8.127812333701424,2.852597413255046,16.303825040392727
2005.0,MNE,100.0,100.0,MNE,MNE,100.0,100.0,3675.98851272723,20.0,7.96692181,614261.0,13.0,100.0,613353.0,15.0,13.328175198240986,8.209849357208068,2.8509275776653333,16.279724742414057
2006.0,MNE,100.0,100.0,MNE,MNE,100.0,100.0,4422.55172559508,21.0,7.96692181,615025.0,15.0,100.0,614261.0,16.0,13.329418196368954,8.394698210218944,2.849533833990592,16.259501646274543
2007.0,MNE,100.0,100.0,MNE,MNE,100.0,100.0,5979.43813180981,22.0,7.96692181,615875.0,20.0,100.0,615025.0,17.0,13.330799299846264,8.696249110449774,2.848362811905562,16.23706109194236
2008.0,MNE,100.0,100.0,MNE,MNE,100.0,100.0,7390.01481290503,24.0,7.96692181,616969.0,21.0,100.0,615875.0,18.0,13.332574058513465,8.90802032696432,2.8470617803988656,16.20826978340889
2009.0,MNE,100.0,100.0,MNE,MNE,100.0,100.0,6726.67589734408,25.0,7.96692181,618294.0,22.0,100.0,616969.0,19.0,13.334719351472405,8.813985028278447,2.8453900696324506,16.173535567222068
2010.0,MNE,100.0,100.0,MNE,MNE,100.0,100.0,6678.63939560908,28.0,7.96692181,619428.0,24.0,100.0,618294.0,20.0,13.336551750536655,8.806819282380323,2.843369569100309,16.143926332035363
2011.0,MNE,100.0,100.0,MNE,MNE,100.0,100.0,7265.51771176628,27.0,7.96692181,620345.0,25.0,100.0,619428.0,21.0,13.338031053872388,8.891032461518188,2.841643961150574,16.120062223440183
2012.0,MNE,100.0,100.0,MNE,MNE,100.0,100.0,6552.47970337373,28.0,8.29550457,621418.0,28.0,100.0,620345.0,22.0,13.339759242370604,8.787751439988158,2.8402510052537306,16.092227775828828
2013.0,MNE,100.0,100.0,MNE,MNE,100.0,100.0,7102.7776714702,31.0,8.47144604,622587.0,27.0,100.0,621418.0,23.0,13.34163865659176,8.86838198793652,2.8386238441514906,16.06201221676649
2014.0,MNE,100.0,100.0,MNE,MNE,100.0,100.0,7342.17147363741,34.0,8.00086784,623744.0,28.0,100.0,622587.0,24.0,13.343495306763124,8.90152610916553,2.8368544845081956,16.0322183459881
2015.0,MNE,100.0,100.0,MNE,MNE,100.0,100.0,6421.00005731419,34.0,9.02188778,624651.0,31.0,100.0,623744.0,25.0,13.344948372755196,8.767484883574122,2.8351067472593643,16.008939391756357
1990.0,MNG,100.0,100.0,MNG,MNG,100.0,100.0,1220.17127664137,0.0,6.07605076,2098710.0,,,,0.0,14.556833428228595,7.107565739982545,,4.764831729967456
1991.0,MNG,100.0,100.0,MNG,MNG,100.0,100.0,1098.68017445549,0.0,6.07605076,2165342.0,,100.0,2098710.0,1.0,14.588088874610586,7.002774666015333,1.7517759650847098,4.618208116777858
1992.0,MNG,100.0,100.0,MNG,MNG,100.0,100.0,607.813424662797,0.0,6.07605076,2167790.0,0.0,100.0,2165342.0,2.0,14.58921877338147,6.411511857327347,1.7260127726341963,4.612992955959756
1993.0,MNG,100.0,100.0,MNG,MNG,100.0,100.0,354.898613087701,0.0,6.07605076,2165130.0,0.0,100.0,2167790.0,3.0,14.587990963805403,5.87464589559285,1.7250840810082246,4.618660311390078
1994.0,MNG,100.0,100.0,MNG,MNG,100.0,100.0,422.864349383041,0.0,6.07605076,2189395.0,0.0,100.0,2165130.0,4.0,14.599135807919284,6.049413473342838,1.7260932567326541,4.567471835826792
1995.0,MNG,100.0,100.0,MNG,MNG,100.0,100.0,652.67456284915,0.0,6.07605076,2224945.0,0.0,100.0,2189395.0,5.0,14.615242754175831,6.482609617285694,1.7169410614615643,4.4944931223019
1996.0,MNG,100.0,100.0,MNG,MNG,100.0,100.0,595.5810149554,0.0,6.07605076,2259507.0,0.0,100.0,2224945.0,6.0,14.63065720585921,6.391215049508275,1.7037463401617523,4.425744199951582
1997.0,MNG,100.0,100.0,MNG,MNG,100.0,100.0,515.298004947316,0.0,6.07605076,2291750.0,0.0,100.0,2259507.0,7.0,14.644826275824022,6.246684127743557,1.691155069732824,4.363477691720301
1998.0,MNG,100.0,100.0,MNG,MNG,100.0,100.0,483.878066074871,0.0,6.07605076,2323809.0,0.0,100.0,2291750.0,8.0,14.658718207690091,6.183897449173747,1.6796125877701613,4.303279658526153
1999.0,MNG,100.0,100.0,MNG,MNG,100.0,100.0,448.660368337533,0.0,6.07605076,2356813.0,0.0,100.0,2323809.0,9.0,14.672820840629125,6.108492560779283,1.6683254326736405,4.243018007792727
2000.0,MNG,100.0,100.0,MNG,MNG,100.0,100.0,476.02755082717,0.0,6.07605076,2388299.0,0.0,100.0,2356813.0,10.0,14.686091955036824,6.167574247767907,1.6568972882197686,4.187080428371824
2001.0,MNG,100.0,100.0,MNG,MNG,100.0,100.0,524.453483552485,0.0,5.4423995,2417751.0,0.0,100.0,2388299.0,11.0,14.698348327186817,6.264261667945134,1.646171001008029,4.136075220318387
2002.0,MNG,100.0,100.0,MNG,MNG,100.0,100.0,570.249213248399,0.0,5.49190998,2449027.0,0.0,100.0,2417751.0,12.0,14.711201360781656,6.347825564961775,1.6362892119810333,4.083254288335735
2003.0,MNG,100.0,100.0,MNG,MNG,100.0,100.0,643.168068921658,1.0,4.29768944,2480374.0,0.0,100.0,2449027.0,13.0,14.723919913222629,6.4679596686423135,1.6259516644288179,4.03165006567558
2004.0,MNG,100.0,100.0,MNG,MNG,100.0,100.0,794.154552001815,0.0,4.30204487,2508412.0,0.0,100.0,2480374.0,14.0,14.735160441565569,6.678536500793852,1.6157479751826156,3.9865859356437454
2005.0,MNG,100.0,100.0,MNG,MNG,100.0,100.0,994.90010913241,0.0,3.86456275,2536407.0,1.0,100.0,2508412.0,15.0,14.746259070621269,6.903646960519283,1.6067514943709178,3.942584924264915
2006.0,MNG,100.0,100.0,MNG,MNG,100.0,100.0,1329.89179579053,1.0,3.74971509,2567168.0,0.0,100.0,2536407.0,16.0,14.758313903757747,7.193604519666365,1.5978884583661896,3.8953430394894295
2007.0,MNG,100.0,100.0,MNG,MNG,100.0,100.0,1627.68787743359,1.0,4.07522774,2601850.0,0.0,100.0,2567168.0,17.0,14.771733288429775,7.395529986458299,1.5882843530958468,3.8434191056363742
2008.0,MNG,100.0,100.0,MNG,MNG,100.0,100.0,2127.42678594737,1.0,4.55693007,2643201.0,1.0,100.0,2601850.0,18.0,14.787501240638022,7.663138387658702,1.5776208981109636,3.7832915468781976
2009.0,MNG,100.0,100.0,MNG,MNG,100.0,100.0,1703.32756790019,3.0,4.45980072,2691115.0,1.0,100.0,2643201.0,19.0,14.805466163838663,7.440925923597752,1.5651289176550836,3.715931872105057
2010.0,MNG,100.0,100.0,MNG,MNG,100.0,100.0,2625.21881402433,6.0,3.73945642,2738622.0,1.0,100.0,2691115.0,20.0,14.82296543214969,7.873300377371649,1.5509465364522577,3.6514714334435348
2011.0,MNG,100.0,100.0,MNG,MNG,100.0,100.0,3736.04201455077,9.0,3.58612084,2786317.0,3.0,100.0,2738622.0,21.0,14.840231210050794,8.226049672277721,1.537183606843227,3.588967084506178
2012.0,MNG,100.0,100.0,MNG,MNG,100.0,100.0,4328.89001905655,12.0,3.85800076,2839705.0,6.0,100.0,2786317.0,22.0,14.859210731502754,8.373297420917963,1.5236549626927425,3.5214925494021383
2013.0,MNG,100.0,100.0,MNG,MNG,100.0,100.0,4340.14310544449,20.0,4.08932018,2899011.0,9.0,100.0,2839705.0,23.0,14.87988020230846,8.375892980765093,1.5088421493815227,3.4494522442308773
2014.0,MNG,100.0,100.0,MNG,MNG,100.0,100.0,4126.23975800524,25.0,4.20989752,2963113.0,12.0,100.0,2899011.0,24.0,14.901750962851791,8.325364123050653,1.4927809974177348,3.3748291070910894
2015.0,MNG,100.0,100.0,MNG,MNG,100.0,100.0,3838.92126989984,28.0,4.23154545,3026864.0,20.0,100.0,2963113.0,25.0,14.92303765802194,8.25320714274134,1.4758674578103455,3.3037493590726243
1990.0,MOZ,5200.0,39000.0,MOZ,MOZ,31000.0,49000.0,288.708092484444,0.0,2.14253044,13094537.0,,,,0.0,16.387705678292384,5.668873838401188,,297.8341273158417
1991.0,MOZ,7000.0,48000.0,MOZ,MOZ,39000.0,60000.0,288.708092484444,0.0,2.14253044,13352090.0,,39000.0,13094537.0,1.0,16.4071834848643,5.668873838401188,5.699888661314458,359.49428141961295
1992.0,MOZ,9300.0,59000.0,MOZ,MOZ,49000.0,72000.0,205.585216062094,0.0,2.14253044,13613316.0,0.0,48000.0,13352090.0,2.0,16.42655898933031,5.330712995858395,5.887476093685492,433.3991806257932
1993.0,MOZ,12000.0,69000.0,MOZ,MOZ,59000.0,83000.0,205.189844208699,0.0,2.14253044,14051192.0,0.0,59000.0,13613316.0,3.0,16.458217790002983,5.328797318229773,6.073963882397397,491.0615412557169
1994.0,MOZ,16000.0,83000.0,MOZ,MOZ,72000.0,99000.0,196.763143175646,0.0,2.14253044,15033853.0,0.0,69000.0,14051192.0,4.0,16.525815082834846,5.287070068032815,6.198603792523058,552.0873458054964
1995.0,MOZ,21000.0,100000.0,MOZ,MOZ,89000.0,120000.0,191.826096861406,0.0,2.14253044,15960530.0,0.0,83000.0,15033853.0,5.0,16.585629357454614,5.261788730181459,6.315515938065067,626.545609700931
1996.0,MOZ,26000.0,120000.0,MOZ,MOZ,100000.0,130000.0,244.362651012498,0.0,2.14253044,16492480.0,0.0,100000.0,15960530.0,6.0,16.618415077406002,5.50273732433068,6.441816353146888,727.6043384621355
1997.0,MOZ,32000.0,130000.0,MOZ,MOZ,120000.0,150000.0,287.532091475389,0.0,2.14253044,16949982.0,0.0,120000.0,16492480.0,7.0,16.645777329843266,5.664806315378532,6.591130839075175,766.9624663908197
1998.0,MOZ,38000.0,140000.0,MOZ,MOZ,130000.0,160000.0,320.125121723292,0.0,2.14253044,17340464.0,0.0,130000.0,16949982.0,8.0,16.668553287897524,5.771830834482656,6.643740860066449,807.3601721384157
1999.0,MOZ,44000.0,150000.0,MOZ,MOZ,140000.0,180000.0,354.406245723711,0.0,2.14253044,17734506.0,0.0,140000.0,17340464.0,9.0,16.691022791276964,5.873261489352602,6.695007716797741,845.808730167054
2000.0,MOZ,51000.0,160000.0,MOZ,MOZ,140000.0,180000.0,327.12623979157,0.0,2.14253044,18129653.0,0.0,150000.0,17734506.0,10.0,16.71305944300016,5.793398411751154,6.741474848804938,882.532059493913
2001.0,MOZ,58000.0,160000.0,MOZ,MOZ,150000.0,180000.0,304.792138621913,0.0,2.80098224,18537729.0,0.0,160000.0,18129653.0,11.0,16.735318618689853,5.722905585584114,6.783927578021502,863.104644587263
2002.0,MOZ,65000.0,160000.0,MOZ,MOZ,150000.0,180000.0,313.886661721198,0.0,3.18652654,18958338.0,0.0,160000.0,18537729.0,12.0,16.757754392721093,5.7522127700209325,6.761693877890497,843.9558362130688
2003.0,MOZ,71000.0,160000.0,MOZ,MOZ,150000.0,180000.0,339.488737800648,0.0,3.25095367,19392475.0,0.0,160000.0,18958338.0,13.0,16.780395662188152,5.830382049567225,6.739284361154715,825.0622986493473
2004.0,MOZ,77000.0,160000.0,MOZ,MOZ,150000.0,180000.0,400.056973161545,1.0,3.53062654,19840313.0,0.0,160000.0,19392475.0,14.0,16.803226435906236,5.994103494924076,6.716670192770516,806.4388903541995
2005.0,MOZ,82000.0,160000.0,MOZ,MOZ,150000.0,180000.0,436.773856167384,2.0,4.21435642,20304569.0,0.0,160000.0,19840313.0,15.0,16.826356492578313,6.081702466922351,6.6938673746531805,787.9999816790004
2006.0,MOZ,82000.0,160000.0,MOZ,MOZ,150000.0,180000.0,457.487647833183,3.0,3.94559026,20787087.0,1.0,160000.0,20304569.0,16.0,16.849842534576997,6.127933350947979,6.670766297625343,769.708617662494
2007.0,MOZ,77000.0,150000.0,MOZ,MOZ,140000.0,170000.0,507.874923914304,7.0,3.79955554,21287635.0,2.0,160000.0,20787087.0,17.0,16.873636945682826,6.232202257305675,6.647310374325812,704.634403962676
2008.0,MOZ,73000.0,160000.0,MOZ,MOZ,150000.0,180000.0,592.159111184122,10.0,4.13496828,21819036.0,3.0,150000.0,21287635.0,18.0,16.898293357741554,6.38546267866371,6.559097261954431,733.3046244572859
2009.0,MOZ,71000.0,160000.0,MOZ,MOZ,140000.0,180000.0,547.697144193651,11.0,5.05562353,22391745.0,7.0,160000.0,21819036.0,19.0,16.92420292211687,6.307546639374241,6.598923962214236,714.5490447484107
2010.0,MOZ,73000.0,170000.0,MOZ,MOZ,150000.0,180000.0,496.185839392659,14.0,5.29249668,22999235.0,10.0,160000.0,22391745.0,20.0,16.950971512470705,6.208963878524334,6.5730501427667,739.1550197213081
2011.0,MOZ,72000.0,160000.0,MOZ,MOZ,150000.0,180000.0,618.17649286789,16.0,4.9217639,23649039.0,11.0,170000.0,22999235.0,21.0,16.97883303782715,6.42839035784023,6.60685965036894,676.5602610744563
2012.0,MOZ,74000.0,160000.0,MOZ,MOZ,150000.0,180000.0,685.685748199513,18.0,5.14035702,24337846.0,14.0,160000.0,23649039.0,22.0,17.007543145305245,6.531876761369487,6.518498495033734,657.4123281082475
2013.0,MOZ,72000.0,160000.0,MOZ,MOZ,150000.0,180000.0,686.505672517351,26.0,6.04556036,25051611.0,16.0,160000.0,24337846.0,23.0,17.036448694804506,6.533070080441016,6.489831373531802,638.6814804045935
2014.0,MOZ,63000.0,150000.0,MOZ,MOZ,140000.0,170000.0,697.142680444123,34.0,6.24013042,25788475.0,18.0,160000.0,25051611.0,24.0,17.065438244662896,6.548423495116562,6.460970365598679,581.655177361205
2015.0,MOZ,55000.0,150000.0,MOZ,MOZ,140000.0,170000.0,610.563774706589,41.0,6.60972881,26547572.0,26.0,150000.0,25788475.0,25.0,17.094448851376246,6.41601924193216,6.367595548865324,565.0234228576534
1990.0,MRT,100.0,520.0,MRT,MRT,500.0,910.0,772.033092140219,0.0,3.37824655,1951878.0,,,,0.0,14.484302544001968,6.650321857684319,,26.64100932537792
1991.0,MRT,200.0,640.0,MRT,MRT,500.0,950.0,1061.67704285264,0.0,3.37824655,2009738.0,,520.0,1951878.0,1.0,14.51351492328048,6.968546515484765,3.319300515069863,31.844946953284456
1992.0,MRT,200.0,760.0,MRT,MRT,560.0,1100.0,1036.47437808576,0.0,3.37824655,2088135.0,0.0,640.0,2009738.0,2.0,14.551781881067024,6.944544555978952,3.4917979112810054,36.396114235909074
1993.0,MRT,200.0,890.0,MRT,MRT,650.0,1200.0,849.620301696661,0.0,3.37824655,2174328.0,0.0,760.0,2088135.0,3.0,14.592230209248001,6.7459658500360735,3.6215668015871874,40.93218686417136
1994.0,MRT,500.0,1100.0,MRT,MRT,790.0,1400.0,864.599478365453,0.0,3.37824655,2249454.0,0.0,890.0,2174328.0,4.0,14.626198078065617,6.763422305464324,3.736053714942396,48.900755472216815
1995.0,MRT,500.0,1200.0,MRT,MRT,910.0,1500.0,904.719170071042,0.0,3.37824655,2312017.0,0.0,1100.0,2249454.0,5.0,14.65363086168855,6.808729291184334,3.9100361423666525,51.90273254911188
1996.0,MRT,500.0,1300.0,MRT,MRT,1000.0,1600.0,904.120879798142,0.0,3.37824655,2358188.0,0.0,1200.0,2312017.0,6.0,14.673404085484844,6.808068503618129,3.968454992522844,55.12707214183093
1997.0,MRT,500.0,1400.0,MRT,MRT,1100.0,1700.0,859.28395817576,0.0,3.37824655,2411306.0,0.0,1300.0,2358188.0,7.0,14.695679067401029,6.757262518674139,4.027618265502596,58.05982318295563
1998.0,MRT,500.0,1500.0,MRT,MRT,1200.0,1700.0,821.266378551937,0.0,3.37824655,2474651.0,0.0,1400.0,2411306.0,8.0,14.721609933941059,6.7120644040583,4.0785508824568355,60.61460787804018
1999.0,MRT,520.0,1500.0,MRT,MRT,1200.0,1700.0,781.337033563197,0.0,3.37824655,2541698.0,0.0,1500.0,2474651.0,9.0,14.748342919582505,6.662285636907387,4.120898983303296,59.015665905233426
2000.0,MRT,590.0,1400.0,MRT,MRT,1200.0,1700.0,680.911061879778,0.0,3.37824655,2613441.0,0.0,1500.0,2541698.0,10.0,14.776178301789418,6.524899241538714,4.094605626562397,53.569221574162185
2001.0,MRT,660.0,1400.0,MRT,MRT,1200.0,1600.0,651.817840199777,0.0,3.5718379,2678760.0,0.0,1400.0,2613441.0,11.0,14.800864558847417,6.481298132013878,3.999470016375163,52.26298735235706
2002.0,MRT,710.0,1300.0,MRT,MRT,1100.0,1500.0,648.879643934862,0.0,4.00224972,2738655.0,0.0,1400.0,2678760.0,12.0,14.822977481932822,6.47678718256773,3.97524166879322,47.468556645506645
2003.0,MRT,760.0,1200.0,MRT,MRT,970.0,1400.0,732.017820812675,0.0,4.03254652,2802046.0,0.0,1300.0,2738655.0,13.0,14.845860422589444,6.59717001375029,3.8809152711078703,42.82584939719048
2004.0,MRT,800.0,1000.0,MRT,MRT,850.0,1300.0,823.554457141893,1.0,3.70429492,2868664.0,0.0,1200.0,2802046.0,14.0,14.869356974128129,6.714843188504882,3.7802238121868594,34.8594328230842
2005.0,MRT,790.0,910.0,MRT,MRT,720.0,1100.0,998.96583416747,2.0,3.40312648,2939059.0,0.0,1000.0,2868664.0,15.0,14.89360002005495,6.907721112565942,3.579606651629268,30.96229099177662
2006.0,MRT,750.0,790.0,MRT,MRT,600.0,1000.0,1300.60367988659,5.0,2.70252752,3013660.0,1.0,910.0,2939059.0,16.0,14.918665844904273,7.17135238310319,3.464556801425854,26.213972379100493
2007.0,MRT,700.0,640.0,MRT,MRT,500.0,850.0,1405.15016203368,8.0,2.87644005,3093059.0,2.0,790.0,3013660.0,17.0,14.944671126816669,7.248610867545242,3.303730531816307,20.691490204357564
2008.0,MRT,670.0,520.0,MRT,MRT,500.0,720.0,1635.5630623124,11.0,3.01338983,3183269.0,5.0,640.0,3093059.0,18.0,14.973419214160506,7.400353628067347,3.076920027151734,16.33540866323267
2009.0,MRT,640.0,500.0,MRT,MRT,500.0,580.0,1435.43010811893,14.0,3.11034036,3284448.0,8.0,520.0,3183269.0,19.0,15.004709159251448,7.269916222950221,2.8527511533173007,15.223258215687995
2010.0,MRT,630.0,500.0,MRT,MRT,200.0,520.0,1659.96369705455,17.0,2.63618922,3390965.0,11.0,500.0,3284448.0,20.0,15.036625099615406,7.415153253296513,2.786445904943891,14.74506519530576
2011.0,MRT,630.0,500.0,MRT,MRT,200.0,500.0,1931.19975525465,19.0,2.47383666,3502811.0,14.0,500.0,3390965.0,21.0,15.069076346970142,7.566414402416726,2.7565269952434157,14.274250023766626
2012.0,MRT,630.0,500.0,MRT,MRT,200.0,500.0,1859.11733247641,21.0,2.64919329,3619034.0,17.0,500.0,3502811.0,22.0,15.101717697362206,7.528394846694227,2.726168405571882,13.815841464877092
2013.0,MRT,620.0,500.0,MRT,MRT,200.0,500.0,1936.26950446101,26.0,2.86799884,3734318.0,19.0,500.0,3619034.0,23.0,15.133075762821298,7.5690347887110745,2.6956969775818003,13.389325708201605
2014.0,MRT,570.0,200.0,MRT,MRT,100.0,500.0,1718.97089374709,28.0,3.46724391,3848514.0,21.0,500.0,3734318.0,24.0,15.163197657730846,7.450062647424252,2.6664866614415286,5.196811028880238
2015.0,MRT,530.0,200.0,MRT,MRT,100.0,500.0,1558.84205473416,33.0,3.67363763,3965959.0,26.0,200.0,3848514.0,25.0,15.19325825013653,7.35233984815248,1.8240348095470094,5.042916479973696
1990.0,MWI,20000.0,120000.0,MWI,MWI,110000.0,120000.0,286.730598968269,0.0,2.35247517,9545852.0,,,,0.0,16.071617272551823,5.662024622108333,,1257.0905142883003
1991.0,MWI,25000.0,130000.0,MWI,MWI,120000.0,130000.0,325.75273105931,0.0,2.35247517,9844227.0,,120000.0,9545852.0,1.0,16.10239574995903,5.789203710722837,7.137350385616635,1320.5709295407348
1992.0,MWI,32000.0,130000.0,MWI,MWI,130000.0,140000.0,258.393430877557,0.0,2.35247517,10135079.0,0.0,130000.0,9844227.0,2.0,16.131513132608454,5.558345947265445,7.186576406111906,1282.6737709691263
1993.0,MWI,38000.0,140000.0,MWI,MWI,130000.0,150000.0,293.016883079922,0.0,2.35247517,10284024.0,0.0,130000.0,10135079.0,3.0,16.146102181087482,5.683637191131815,7.157481379514081,1361.334823800489
1994.0,MWI,44000.0,130000.0,MWI,MWI,130000.0,140000.0,169.196526919639,0.0,2.35247517,10164894.0,0.0,140000.0,10284024.0,4.0,16.134450577051208,5.13695381005351,7.216955288950246,1278.911516440801
1995.0,MWI,49000.0,120000.0,MWI,MWI,120000.0,130000.0,200.362370007247,0.0,2.35247517,10150117.0,0.0,130000.0,10164894.0,5.0,16.13299579047923,5.305106120758028,7.154546226743603,1182.2523819183564
1996.0,MWI,55000.0,120000.0,MWI,MWI,110000.0,130000.0,320.662735559137,0.0,2.35247517,10352228.0,0.0,120000.0,10150117.0,6.0,16.152712320209798,5.773503591536521,7.076022181814846,1159.1707601494095
1997.0,MWI,61000.0,110000.0,MWI,MWI,110000.0,120000.0,366.954461274104,0.0,2.35247517,10562035.0,0.0,120000.0,10352228.0,7.0,16.17277652600986,5.907959183973936,7.056322480291873,1041.465967495847
1998.0,MWI,66000.0,110000.0,MWI,MWI,100000.0,120000.0,236.045479450504,0.0,2.35247517,10792876.0,0.0,110000.0,10562035.0,8.0,16.194396844813475,5.468252019140998,6.9493443080521775,1019.1908069730441
1999.0,MWI,71000.0,96000.0,MWI,MWI,91000.0,100000.0,233.935986197873,0.0,2.35247517,11047804.0,0.0,110000.0,10792876.0,9.0,16.217742233146335,5.459313077878782,6.927744954443565,868.9509698035916
2000.0,MWI,74000.0,96000.0,MWI,MWI,91000.0,110000.0,224.22415918428,0.0,2.35247517,11315942.0,0.0,96000.0,11047804.0,10.0,16.24172308590442,5.4170961693050055,6.768436853512943,848.3606579107598
2001.0,MWI,77000.0,91000.0,MWI,MWI,86000.0,100000.0,215.474524898357,0.0,2.06040049,11593058.0,0.0,96000.0,11315942.0,11.0,16.265917028659086,5.377472872613161,6.744483899300901,784.9525120981884
2002.0,MWI,79000.0,86000.0,MWI,MWI,81000.0,96000.0,428.210439838398,0.0,2.69725966,11880440.0,0.0,91000.0,11593058.0,12.0,16.290403908249957,6.061947334408526,6.666896373426138,723.8789135755915
2003.0,MWI,80000.0,81000.0,MWI,MWI,77000.0,91000.0,383.348596852642,0.0,3.32019806,12181574.0,0.0,86000.0,11880440.0,13.0,16.315435040139796,5.951549945086362,6.586004625148185,664.9387016817367
2004.0,MWI,79000.0,78000.0,MWI,MWI,73000.0,87000.0,404.674248445428,1.0,4.07199907,12500737.0,0.0,81000.0,12181574.0,14.0,16.341298160534457,6.0055504938212545,6.501197626787581,623.9632111290719
2005.0,MWI,75000.0,73000.0,MWI,MWI,69000.0,83000.0,414.361121984475,3.0,4.30046511,12840031.0,0.0,78000.0,12500737.0,15.0,16.368078270553394,6.029148315305831,6.437692785810469,568.5344529152617
2006.0,MWI,69000.0,69000.0,MWI,MWI,65000.0,78000.0,440.822149023873,6.0,4.91223288,13198701.0,1.0,73000.0,12840031.0,16.0,16.395628973623197,6.090907423327996,6.3448192778357155,522.7787189057468
2007.0,MWI,60000.0,65000.0,MWI,MWI,61000.0,75000.0,475.180261659331,11.0,5.44258356,13576343.0,3.0,69000.0,13198701.0,17.0,16.423839350750875,6.16579648350729,6.26106930296599,478.77399679722294
2008.0,MWI,51000.0,63000.0,MWI,MWI,58000.0,71000.0,554.048820396119,17.0,6.10668802,13976417.0,6.0,65000.0,13576343.0,18.0,16.452881967214115,6.319056074555461,6.17331515301619,450.75930404766825
2009.0,MWI,43000.0,57000.0,MWI,MWI,52000.0,65000.0,625.869729869625,22.0,5.87333822,14395788.0,11.0,63000.0,13976417.0,19.0,16.482446221759762,6.440738751693224,6.113149524827863,395.9491484592577
2010.0,MWI,38000.0,57000.0,MWI,MWI,52000.0,65000.0,683.124694716799,27.0,5.14304781,14826463.0,17.0,57000.0,14395788.0,20.0,16.511924182633354,6.528140203225063,5.983808182959747,384.4477270135163
2011.0,MWI,34000.0,54000.0,MWI,MWI,49000.0,62000.0,763.061000394572,34.0,5.32226658,15265022.0,22.0,57000.0,14826463.0,21.0,16.54107462535545,6.638647629427595,5.954405585919448,353.7498996070887
2012.0,MWI,29000.0,51000.0,MWI,MWI,47000.0,58000.0,558.46208832772,42.0,6.02199793,15709577.0,27.0,54000.0,15265022.0,22.0,16.56978108434416,6.326975765541464,5.871413033043885,324.64273226452883
2013.0,MWI,26000.0,48000.0,MWI,MWI,44000.0,55000.0,496.947368267313,48.0,8.22379494,16161816.0,34.0,51000.0,15709577.0,23.0,16.59816198098111,6.210494385229257,5.785800867115636,296.9963276404087
2014.0,MWI,24000.0,45000.0,MWI,MWI,42000.0,52000.0,529.5133440206,54.0,6.89776182,16621538.0,42.0,48000.0,16161816.0,24.0,16.626209882219605,6.273845111405173,5.697081163075138,270.733069346531
2015.0,MWI,22000.0,40000.0,MWI,MWI,37000.0,47000.0,539.605363240686,59.0,6.62879086,17085587.0,48.0,45000.0,16621538.0,25.0,16.653745800564966,6.292689554697105,5.604820221747776,234.11545649558312
1990.0,MYS,500.0,7600.0,MYS,MYS,6100.0,8800.0,2468.69080320116,0.0,2.51463366,17833171.0,,,,0.0,16.696570820352957,7.811848240896023,,42.61721036600838
1991.0,MYS,640.0,6300.0,MYS,MYS,5200.0,7400.0,2679.20101106745,0.0,2.51463366,18342464.0,,7600.0,17833171.0,1.0,16.724729366913323,7.893647074821879,3.7754518056336783,34.346530542461466
1992.0,MYS,930.0,5300.0,MYS,MYS,4500.0,6200.0,3141.43321987651,0.0,2.51463366,18834572.0,0.0,6300.0,18342464.0,2.0,16.751204675197318,8.052752689602649,3.5652002416267066,28.139742172001576
1993.0,MYS,1200.0,4900.0,MYS,MYS,4200.0,5700.0,3461.99504214189,0.0,2.51463366,19322664.0,0.0,5300.0,18834572.0,3.0,16.7767892654417,8.149889112735757,3.3721029528213124,25.358822158269685
1994.0,MYS,1600.0,4900.0,MYS,MYS,4200.0,5600.0,3757.65292858601,0.0,2.51463366,19820446.0,0.0,4900.0,19322664.0,4.0,16.802224589135644,8.231815908518245,3.271803025717546,24.721946216548304
1995.0,MYS,1900.0,5000.0,MYS,MYS,4200.0,5600.0,4363.14458333034,0.0,2.51463366,20330599.0,0.0,4900.0,19820446.0,5.0,16.82763764901701,8.381177477323105,3.2473445658903173,24.593471151538623
1996.0,MYS,2300.0,5100.0,MYS,MYS,4400.0,5800.0,4837.16897250768,0.0,2.51463366,20850087.0,0.0,5000.0,20330599.0,6.0,16.85286867886225,8.484291616667486,3.2423372858160118,24.46032958999164
1997.0,MYS,2600.0,5300.0,MYS,MYS,4500.0,5900.0,4678.56390058182,0.0,2.51463366,21375218.0,0.0,5100.0,20850087.0,7.0,16.8777427715655,8.450960200933464,3.2371215384496974,24.795068756725662
1998.0,MYS,2900.0,5400.0,MYS,MYS,4600.0,6100.0,3294.30978444095,0.0,2.51463366,21906713.0,0.0,5300.0,21375218.0,8.0,16.90230367749647,8.100255459039623,3.2501833401989986,24.649978296607074
1999.0,MYS,3200.0,5500.0,MYS,MYS,4800.0,6300.0,3527.81581379249,0.0,2.51463366,22435531.0,0.0,5400.0,21906713.0,9.0,16.926156465487434,8.168717630131995,3.244542725480244,24.514686102147525
2000.0,MYS,3400.0,5700.0,MYS,MYS,5000.0,6500.0,4083.52874483605,0.0,2.51463366,22967816.0,0.0,5500.0,22435531.0,10.0,16.949604489605004,8.31496163829812,3.2392542119573084,24.817335701400605
2001.0,MYS,3600.0,5800.0,MYS,MYS,5000.0,6500.0,3943.79943910239,2.0,2.6753974,23526538.0,0.0,5700.0,22967816.0,11.0,16.973639618556952,8.28015339272333,3.251046192696968,24.653010995497933
2002.0,MYS,3400.0,5700.0,MYS,MYS,5000.0,6400.0,4184.03163773539,4.0,2.66876554,24102477.0,0.0,5800.0,23526538.0,12.0,16.99782517326236,8.339269542688402,3.244660952466088,23.649021633751588
2003.0,MYS,3300.0,5600.0,MYS,MYS,5000.0,6300.0,4465.32194567208,6.0,2.92417073,24679602.0,2.0,5700.0,24102477.0,13.0,17.021487630453276,8.404320517950575,3.2047372093866806,22.69080352268242
2004.0,MYS,3300.0,5600.0,MYS,MYS,4900.0,6200.0,4939.24851854427,8.0,2.86016941,25256772.0,4.0,5600.0,24679602.0,14.0,17.044604875746785,8.505170916314219,3.165086935817621,22.172271262535055
2005.0,MYS,3200.0,5600.0,MYS,MYS,5000.0,6200.0,5555.58179951206,10.0,2.78692698,25836071.0,6.0,5600.0,25256772.0,15.0,17.067282174234148,8.622738413926873,3.142956359645016,21.675122351227476
2006.0,MYS,3200.0,5600.0,MYS,MYS,5000.0,6200.0,6158.40785533236,12.0,3.10897732,26417909.0,8.0,5600.0,25836071.0,16.0,17.08955270933892,8.725735924525923,3.12126839185114,21.197741274678478
2007.0,MYS,3300.0,5700.0,MYS,MYS,5100.0,6200.0,7168.93031942508,14.0,3.07041144,26998389.0,10.0,5600.0,26417909.0,17.0,17.11128775552181,8.877651215195687,3.0999905393180707,21.112370815903127
2008.0,MYS,3300.0,5700.0,MYS,MYS,5200.0,6300.0,8371.82156086005,15.0,3.00692558,27570059.0,12.0,5700.0,26998389.0,18.0,17.132240923004943,9.032746210722125,3.096137217338963,20.67460211093491
2009.0,MYS,3300.0,5700.0,MYS,MYS,5200.0,6300.0,7191.43287234626,17.0,3.2610569,28124778.0,14.0,5700.0,27570059.0,19.0,17.152161525124374,8.880784762375026,3.07614116544782,20.26682663948494
2010.0,MYS,3400.0,5700.0,MYS,MYS,5200.0,6300.0,8899.34505544675,18.0,3.16474271,28655776.0,15.0,5700.0,28124778.0,20.0,17.17086558638999,9.0938453252436,3.0571484238871767,19.891277765432
2011.0,MYS,3600.0,5700.0,MYS,MYS,5100.0,6200.0,10217.1068585031,19.0,3.31451917,29162039.0,17.0,5700.0,28655776.0,21.0,17.188378387214307,9.23191660770483,3.039331740066103,19.545958360456208
2012.0,MYS,3800.0,5600.0,MYS,MYS,5100.0,6100.0,10600.5744240026,20.0,3.45786357,29662831.0,18.0,5700.0,29162039.0,22.0,17.205405338534526,9.26875779963687,3.0226642481423642,18.878845380604435
2013.0,MYS,3800.0,5400.0,MYS,MYS,4900.0,5800.0,10713.6407638899,23.0,3.51276922,30174265.0,19.0,5600.0,29662831.0,23.0,17.222499966739033,9.279366380877141,2.9896561200952947,17.89604485809348
2014.0,MYS,3600.0,5000.0,MYS,MYS,4500.0,5500.0,11013.3107334403,28.0,3.71036959,30696137.0,20.0,5400.0,30174265.0,24.0,17.239647374021196,9.306950682012102,2.938952633398711,16.288694567658464
2015.0,MYS,3300.0,4600.0,MYS,MYS,4200.0,5000.0,9648.6797937523,33.0,3.82201481,31232798.0,23.0,5000.0,30696137.0,25.0,17.256979318585756,9.174680011787917,2.8500527946850487,14.728107292852853
1990.0,NAM,690.0,6000.0,NAM,NAM,5200.0,6900.0,2037.47589359778,0.0,10.04545307,1369303.0,,,,0.0,14.129812409218385,7.619957696630288,,438.17913201095735
1991.0,NAM,1000.0,8600.0,NAM,NAM,7600.0,9800.0,2116.90552516214,0.0,10.04545307,1415684.0,,6000.0,1369303.0,1.0,14.16312336448924,7.658182919482891,6.084907375430259,607.4802003837015
1992.0,NAM,1500.0,11000.0,NAM,NAM,10000.0,13000.0,2346.86242963741,0.0,10.04545307,1461322.0,0.0,8600.0,1415684.0,2.0,14.194852063437352,7.761260588787467,6.410964373498364,752.7430641569756
1993.0,NAM,2000.0,15000.0,NAM,NAM,13000.0,17000.0,2154.96473655435,0.0,10.04545307,1508697.0,0.0,11000.0,1461322.0,3.0,14.226756922359296,7.675993575937034,6.625051546217268,994.2354230173454
1994.0,NAM,2700.0,18000.0,NAM,NAM,16000.0,20000.0,2355.90445673153,0.0,10.04545307,1556304.0,0.0,15000.0,1508697.0,4.0,14.257824337388346,7.7651043661499655,6.90297931521938,1156.5863738704006
1995.0,NAM,3500.0,20000.0,NAM,NAM,18000.0,23000.0,2483.20353415161,0.0,10.04545307,1602170.0,0.0,18000.0,1556304.0,5.0,14.286869518333702,7.817707377760884,7.054092404230719,1248.30698365342
1996.0,NAM,4500.0,21000.0,NAM,NAM,20000.0,24000.0,2423.3982907313,0.0,10.04545307,1646103.0,0.0,20000.0,1602170.0,6.0,14.313921234203036,7.79333864504937,7.130344263475325,1275.7403394562793
1997.0,NAM,5500.0,22000.0,NAM,NAM,20000.0,24000.0,2459.64511763936,0.0,10.04545307,1689264.0,0.0,21000.0,1646103.0,7.0,14.33980348908172,7.808178837489567,7.1520654989875,1302.3423218632493
1998.0,NAM,6700.0,22000.0,NAM,NAM,20000.0,24000.0,2235.24515468625,0.0,10.04545307,1732745.0,0.0,22000.0,1689264.0,8.0,14.365217414189573,7.712553468106775,7.1726872608577885,1269.6617217190064
1999.0,NAM,7900.0,21000.0,NAM,NAM,19000.0,24000.0,2177.78733370092,0.0,10.04545307,1776368.0,0.0,22000.0,1732745.0,9.0,14.39008138827701,7.686523732063633,7.147293084481679,1182.1874746674114
2000.0,NAM,9000.0,20000.0,NAM,NAM,19000.0,23000.0,2156.67590512714,0.0,10.04545307,1818647.0,0.0,21000.0,1776368.0,10.0,14.413603375995864,7.676786951558551,7.075967325359668,1099.718636986727
2001.0,NAM,10000.0,19000.0,NAM,NAM,18000.0,21000.0,1915.58926594875,0.0,10.46567631,1857048.0,0.0,20000.0,1818647.0,11.0,14.43449868814295,7.558302461324611,7.003718551826338,1023.1291813674175
2002.0,NAM,11000.0,18000.0,NAM,NAM,17000.0,20000.0,1772.07565537493,0.0,10.47871208,1889970.0,0.0,19000.0,1857048.0,12.0,14.452071513893975,7.480470975990078,6.931597951321866,952.3960697788855
2003.0,NAM,12000.0,17000.0,NAM,NAM,16000.0,19000.0,2569.24739317883,0.0,10.74474621,1917464.0,0.0,18000.0,1889970.0,13.0,14.466514037601414,7.8517574351936705,6.860030420440942,886.5877012554082
2004.0,NAM,12000.0,16000.0,NAM,NAM,15000.0,18000.0,3403.15496192955,3.0,10.88543797,1942082.0,0.0,17000.0,1917464.0,14.0,14.47927115145279,8.13275201213817,6.788507334783316,823.8581069182455
2005.0,NAM,11000.0,15000.0,NAM,NAM,14000.0,17000.0,3685.77299991587,8.0,10.82506466,1966582.0,0.0,16000.0,1942082.0,15.0,14.491807568433666,8.212506828645767,6.71521137992818,762.7447012125607
2006.0,NAM,9100.0,14000.0,NAM,NAM,13000.0,16000.0,4017.1834716928,15.0,11.30290031,1991888.0,3.0,15000.0,1966582.0,16.0,14.504593490646403,8.298585206774593,6.638233572605844,702.8507626934847
2007.0,NAM,7100.0,13000.0,NAM,NAM,12000.0,15000.0,4379.04313682732,25.0,11.41372871,2018600.0,8.0,14000.0,1991888.0,17.0,14.517914759786896,8.384813851912707,6.556566348875696,644.010700485485
2008.0,NAM,5500.0,12000.0,NAM,NAM,11000.0,14000.0,4204.78555422749,32.0,10.67726994,2047056.0,15.0,13000.0,2018600.0,18.0,14.53191322137719,8.344216369282254,6.469266906558138,586.207705114076
2009.0,NAM,4600.0,12000.0,NAM,NAM,11000.0,14000.0,4302.91374148376,35.0,9.90435314,2077394.0,25.0,12000.0,2047056.0,19.0,14.54662478154601,8.367280060163965,6.3753785990024925,577.6468017140706
2010.0,NAM,4200.0,12000.0,NAM,NAM,10000.0,13000.0,5418.21633365814,41.0,10.62278938,2109811.0,32.0,12000.0,2077394.0,20.0,14.562108927980592,8.597706496093904,6.360692277127806,568.7713259623729
2011.0,NAM,4000.0,11000.0,NAM,NAM,10000.0,13000.0,5834.7917675794,48.0,10.86068344,2146325.0,35.0,12000.0,2109811.0,21.0,14.57926763525421,8.671765228330884,6.345235097811205,512.5039311381082
2012.0,NAM,3900.0,10000.0,NAM,NAM,9100.0,12000.0,5942.64680978673,52.0,10.20360184,2194654.0,41.0,11000.0,2146325.0,22.0,14.601534961086841,8.690078165013528,6.241257684914983,455.65269058357256
2013.0,NAM,3700.0,9100.0,NAM,NAM,7900.0,11000.0,5346.62131149967,56.0,10.08887577,2252508.0,48.0,10000.0,2194654.0,23.0,14.627554820067646,8.584407126346683,6.123923125124212,403.9941256590431
2014.0,NAM,3400.0,8400.0,NAM,NAM,7300.0,10000.0,5378.32326241205,54.0,8.4089098,2312139.0,52.0,9100.0,2252508.0,24.0,14.65368362807447,8.590317857588147,6.003872562455775,363.29995731225506
2015.0,NAM,3800.0,7900.0,NAM,NAM,6800.0,9900.0,4774.10650865775,61.0,9.98106289,2374300.0,56.0,8400.0,2312139.0,25.0,14.680213215165335,8.47117155814413,5.897977586837062,332.72964663269175
1990.0,NER,500.0,3900.0,NER,NER,2900.0,5200.0,423.887460599302,0.0,4.65891504,8286059.0,,,,0.0,15.930085022038256,6.0518243352692025,,47.06700736743487
1991.0,NER,590.0,4900.0,NER,NER,3700.0,6100.0,384.44311679922,0.0,4.65891504,8546900.0,,3900.0,8286059.0,1.0,15.96107920206801,5.954393625174724,3.872596024245723,57.33072810024687
1992.0,NER,830.0,5500.0,NER,NER,4300.0,6800.0,384.029657304316,0.0,4.65891504,8817633.0,0.0,4900.0,8546900.0,2.0,15.992264024619075,5.953320363280238,4.066129023119441,62.37501606156663
1993.0,NER,1100.0,6200.0,NER,NER,5000.0,7500.0,335.429581902384,0.0,4.65891504,9100789.0,0.0,5500.0,8817633.0,3.0,16.02387167102527,5.818388860922196,4.149069715348264,68.12596138642485
1994.0,NER,1500.0,6800.0,NER,NER,5400.0,8200.0,206.214617135856,0.0,4.65891504,9398258.0,0.0,6200.0,9100789.0,4.0,16.05603491091758,5.333755053919545,4.235930367686831,72.3538340828694
1995.0,NER,1800.0,6800.0,NER,NER,5600.0,8400.0,237.01998956862,0.0,4.65891504,9714529.0,0.0,6800.0,9398258.0,5.0,16.089133157889115,5.472354659928648,4.295294774291337,69.99824695566815
1996.0,NER,2200.0,6500.0,NER,NER,5400.0,7700.0,239.494513213973,0.0,4.65891504,10044852.0,0.0,6800.0,9714529.0,6.0,16.122570822424272,5.482697275206457,4.262655185971256,64.70976376754979
1997.0,NER,2600.0,6200.0,NER,NER,5300.0,7400.0,220.562957209,0.0,4.65891504,10383969.0,0.0,6500.0,10044852.0,7.0,16.155773732559457,5.400706780291031,4.1852475258272195,59.7074201589007
1998.0,NER,2900.0,5900.0,NER,NER,5100.0,6900.0,246.090855923026,0.0,4.65891504,10741413.0,0.0,6200.0,10383969.0,8.0,16.189617202636985,5.509756106737304,4.106065933739355,54.927596583429015
1999.0,NER,3200.0,5300.0,NER,NER,4600.0,6200.0,228.271656116064,0.0,4.65891504,11117411.0,0.0,5900.0,10741413.0,9.0,16.22402299593805,5.43490757173965,4.024057936042292,47.67296990279482
2000.0,NER,3500.0,4900.0,NER,NER,4300.0,5800.0,194.771959898935,0.0,4.65891504,11509630.0,0.0,5300.0,11117411.0,10.0,16.25869463422134,5.276950511970576,3.885123843204002,42.573045354194704
2001.0,NER,3700.0,4600.0,NER,NER,4000.0,5400.0,205.417936120931,0.0,4.72659349,11920647.0,0.0,4900.0,11509630.0,11.0,16.293782496651943,5.32990292964255,3.774438733353384,38.588509499526324
2002.0,NER,3900.0,4200.0,NER,NER,3600.0,4900.0,225.294391147438,0.0,4.82717037,12349144.0,0.0,4600.0,11920647.0,12.0,16.3290973068952,5.421836767301131,3.678538912001296,34.01045448980108
2003.0,NER,4000.0,4000.0,NER,NER,3400.0,4600.0,265.225363452469,0.0,4.74740648,12796984.0,0.0,4200.0,12349144.0,13.0,16.364720076125913,5.5843431811084,3.5556467165961396,31.257365016632043
2004.0,NER,4100.0,3800.0,NER,NER,3300.0,4500.0,283.468281798296,0.0,4.97818327,13265836.0,0.0,4000.0,12796984.0,14.0,16.40070256656095,5.650621759823231,3.4737463897774723,28.645009632261395
2005.0,NER,4000.0,3400.0,NER,NER,2800.0,4000.0,318.643121918273,2.0,5.87749624,13756192.0,0.0,3800.0,13265836.0,15.0,16.436999607982685,5.767205129441024,3.389293802079548,24.716142374284974
2006.0,NER,3700.0,3000.0,NER,NER,2600.0,3600.0,333.345078419447,4.0,5.99335575,14268581.0,0.0,3400.0,13756192.0,16.0,16.473570545125273,5.812173628545521,3.2471189026727694,21.025216172512177
2007.0,NER,3500.0,2700.0,NER,NER,2300.0,3200.0,387.168065883301,6.0,5.43105888,14803610.0,2.0,3000.0,14268581.0,17.0,16.51038162790988,5.961438405329826,3.092187986644097,18.2387944562171
2008.0,NER,3400.0,2500.0,NER,NER,2100.0,3000.0,475.044955398162,7.0,5.24640608,15361915.0,4.0,2700.0,14803610.0,18.0,16.54740195239175,6.165512293885641,2.956928785073679,16.27401271260777
2009.0,NER,2800.0,2000.0,NER,NER,1700.0,2600.0,461.131533961487,17.0,5.33850145,15943675.0,6.0,2500.0,15361915.0,19.0,16.58457275682356,6.135849556105151,2.849203216796677,12.544159361000524
2010.0,NER,2200.0,1300.0,NER,NER,940.0,1900.0,474.425692340831,19.0,4.96100473,16548835.0,7.0,2000.0,15943675.0,20.0,16.621826264560415,6.164210597093957,2.6059554109311738,7.855537867167085
2011.0,NER,2000.0,1400.0,NER,NER,1000.0,1900.0,510.75956176268,26.0,4.87323856,17176283.0,17.0,1300.0,16548835.0,21.0,16.659040094883824,6.237854908807844,2.1810430110238745,8.150773948007261
2012.0,NER,1800.0,1300.0,NER,NER,990.0,1800.0,528.510104469655,31.0,4.30732679,17836769.0,19.0,1400.0,17176283.0,22.0,16.696772558848295,6.271952247899335,2.2138384601920325,7.28831550153506
2013.0,NER,1800.0,1300.0,NER,NER,950.0,1700.0,552.103334363117,34.0,4.46636009,18519898.0,26.0,1300.0,17836769.0,23.0,16.734356279607745,6.31554484548204,2.114846752062744,7.019477105111486
2014.0,NER,1800.0,1200.0,NER,NER,890.0,1700.0,565.30989731175,33.0,4.45377159,19215909.0,31.0,1300.0,18519898.0,24.0,16.771249087653718,6.339141450120047,2.0818732208889803,6.2448255765574245
2015.0,NER,1900.0,1400.0,NER,NER,1100.0,1800.0,485.662574175279,38.0,5.34745932,19939498.0,34.0,1200.0,19215909.0,25.0,16.808213146654477,6.187571016770036,1.9802875004735108,7.021239952981765
1990.0,NGA,22000.0,130000.0,NGA,NGA,110000.0,160000.0,556.376449130902,0.0,3.1973834,97120925.0,,,,0.0,18.39146740952994,6.323240862865144,,133.85374984844924
1991.0,NGA,28000.0,150000.0,NGA,NGA,130000.0,180000.0,596.938795710722,0.0,3.1973834,99720162.0,,130000.0,97120925.0,1.0,18.417878441167048,6.393488400402857,4.904190856751576,150.42093493590593
1992.0,NGA,36000.0,170000.0,NGA,NGA,150000.0,200000.0,508.515905682785,0.0,3.1973834,102372770.0,0.0,150000.0,99720162.0,2.0,18.44413131723848,6.2334610703949025,5.020063607110635,166.05978328026097
1993.0,NGA,44000.0,190000.0,NGA,NGA,160000.0,220000.0,539.573202297542,0.0,3.1973834,105122069.0,0.0,170000.0,102372770.0,3.0,18.470632794774765,6.292630062316885,5.1183517320700105,180.74225688994002
1994.0,NGA,53000.0,200000.0,NGA,NGA,170000.0,230000.0,744.884247151377,0.0,3.1973834,107935714.0,0.0,190000.0,105122069.0,4.0,18.49704636712165,6.614570423488039,5.202589512424606,185.29548060431603
1995.0,NGA,63000.0,200000.0,NGA,NGA,180000.0,240000.0,1271.61617353199,0.0,3.1973834,110819428.0,0.0,200000.0,107935714.0,5.0,18.523412659866967,7.148830039763972,5.2273340186139725,180.47377035730594
1996.0,NGA,73000.0,210000.0,NGA,NGA,190000.0,240000.0,1632.72469370276,0.0,3.1973834,113754779.0,0.0,200000.0,110819428.0,6.0,18.54955562809962,7.398617775118548,5.201111127323763,184.60762866059457
1997.0,NGA,83000.0,210000.0,NGA,NGA,190000.0,240000.0,1720.27540949396,0.0,3.1973834,116754792.0,0.0,210000.0,113754779.0,7.0,18.575586498638838,7.450820812167142,5.223634922204576,179.8641378248526
1998.0,NGA,93000.0,210000.0,NGA,NGA,190000.0,240000.0,1822.46998452473,0.0,3.1973834,119846254.0,0.0,210000.0,116754792.0,8.0,18.60172026261986,7.50849654974843,5.19774612965757,175.22450055051365
1999.0,NGA,100000.0,200000.0,NGA,NGA,180000.0,230000.0,480.669363941805,0.0,3.1973834,123047320.0,0.0,210000.0,119846254.0,9.0,18.628079554799832,6.177257911741924,5.171758753497964,162.5390947157565
2000.0,NGA,110000.0,200000.0,NGA,NGA,180000.0,230000.0,547.318298903379,0.0,3.1973834,126382494.0,0.0,200000.0,123047320.0,10.0,18.654823533250017,6.30685595574218,5.097052073166085,158.24976519295467
2001.0,NGA,120000.0,190000.0,NGA,NGA,170000.0,220000.0,566.428231812933,0.0,3.18946862,129862595.0,0.0,200000.0,126382494.0,11.0,18.681987487903633,6.341114277592585,5.070473819995642,146.30848859904577
2002.0,NGA,130000.0,190000.0,NGA,NGA,170000.0,220000.0,712.164852077686,1.0,2.49063969,133471989.0,0.0,190000.0,129862595.0,12.0,18.709402193564518,6.569712602774708,4.992528949771808,142.35196569970947
2003.0,NGA,130000.0,180000.0,NGA,NGA,170000.0,210000.0,763.388745367223,1.0,5.05360985,137202644.0,0.0,190000.0,133471989.0,13.0,18.736969544207398,6.639076488771623,4.9653029048248944,131.19280704240657
2004.0,NGA,140000.0,180000.0,NGA,NGA,160000.0,210000.0,962.48104194733,2.0,4.63368416,141057045.0,1.0,180000.0,137202644.0,14.0,18.764674940992343,6.8705528114255845,4.884261516273231,127.6079475505814
2005.0,NGA,130000.0,170000.0,NGA,NGA,160000.0,200000.0,1211.37703504386,3.0,4.46591949,145017253.0,1.0,180000.0,141057045.0,15.0,18.79236327951345,7.100338203272034,4.8567686104427885,117.22743086300223
2006.0,NGA,130000.0,170000.0,NGA,NGA,150000.0,200000.0,1599.53891556365,7.0,4.25775146,149077334.0,2.0,170000.0,145017253.0,16.0,18.8199757493996,7.378095673743282,4.772610149646553,114.03477338815303
2007.0,NGA,120000.0,160000.0,NGA,NGA,150000.0,190000.0,1815.52697545827,7.0,3.90997243,153267261.0,3.0,170000.0,149077334.0,17.0,18.847693759390673,7.504681701789512,4.745234459944738,104.39280962944852
2008.0,NGA,110000.0,160000.0,NGA,NGA,140000.0,190000.0,2154.10543545364,12.0,3.69581532,157595014.0,7.0,160000.0,153267261.0,18.0,18.87553909783175,7.675594927305578,4.657694413945729,101.52605462505305
2009.0,NGA,100000.0,150000.0,NGA,NGA,130000.0,180000.0,1820.48633854782,16.0,3.5801971,162049464.0,7.0,160000.0,157595014.0,19.0,18.903412179925255,7.507408116309496,4.630116957741219,92.56432961728278
2010.0,NGA,100000.0,150000.0,NGA,NGA,130000.0,170000.0,2202.25672957344,18.0,3.29653287,166642886.0,12.0,150000.0,162049464.0,20.0,18.931363673538026,7.697691876359964,4.538649217016388,90.01284339254663
2011.0,NGA,100000.0,140000.0,NGA,NGA,130000.0,170000.0,2418.41316975875,20.0,3.32077932,171379598.0,16.0,150000.0,166642886.0,21.0,18.959391525537892,7.791280297909606,4.511000632739907,81.69000373078246
2012.0,NGA,97000.0,130000.0,NGA,NGA,120000.0,160000.0,2633.19734671361,26.0,3.35984254,176200625.0,18.0,140000.0,171379598.0,22.0,18.987133818565624,7.876333802318827,4.4150987208517725,73.77953398292429
2013.0,NGA,87000.0,120000.0,NGA,NGA,100000.0,150000.0,2872.79083379398,31.0,3.4206934,181049443.0,20.0,130000.0,176200625.0,23.0,19.014280717672985,7.9633872852131455,4.314544237688473,66.28023705104688
2014.0,NGA,80000.0,110000.0,NGA,NGA,97000.0,140000.0,3088.72131316169,35.0,3.34840417,185896915.0,26.0,120000.0,181049443.0,24.0,19.040702857610455,8.035836175909125,4.208866539009361,59.17257959875235
2015.0,NGA,77000.0,110000.0,NGA,NGA,94000.0,140000.0,2585.73360671797,38.0,3.58194995,190671878.0,31.0,110000.0,185896915.0,25.0,19.066064592470276,7.858151203060115,4.097216760155608,57.69073087956893
1990.0,NIC,,,NIC,NIC,,,242.508390600822,,5.23883677,4162559.0,,,,0.0,15.241640587344557,5.4951514002485675,,
1991.0,NIC,,,NIC,NIC,,,349.514318640612,,5.23883677,4259637.0,,,4162559.0,1.0,15.264694503347261,5.859401557681911,,
1992.0,NIC,,,NIC,NIC,,,411.473330661786,,5.23883677,4357026.0,,,4259637.0,2.0,15.287300272490542,6.022171550743519,,
1993.0,NIC,,,NIC,NIC,,,394.378074021071,,5.23883677,4453732.0,,,4357026.0,3.0,15.309252954355985,5.979842456546131,,
1994.0,NIC,,,NIC,NIC,,,849.179331364895,,5.23883677,4549316.0,,,4453732.0,4.0,15.330487449956166,6.745447305307965,,
1995.0,NIC,,,NIC,NIC,,,891.779352309996,,5.23883677,4642931.0,,,4549316.0,5.0,15.350856405810434,6.79433946446669,,
1996.0,NIC,,,NIC,NIC,,,910.861645917295,,5.23883677,4729974.0,,,4642931.0,6.0,15.369430263624256,6.8154882745280565,,
1997.0,NIC,,,NIC,NIC,,,912.757429788533,,5.23883677,4809573.0,,,4729974.0,7.0,15.38611886475258,6.817565142126453,,
1998.0,NIC,,,NIC,NIC,,,949.155373494771,,5.23883677,4883655.0,,,4809573.0,8.0,15.401404472897054,6.8566255222687,,
1999.0,NIC,,,NIC,NIC,,,980.219744675246,,5.23883677,4954018.0,,,4883655.0,9.0,15.415709522452374,6.8887964351692785,,
2000.0,NIC,,,NIC,NIC,,,1017.3124434882,,5.23883677,5022633.0,,,4954018.0,10.0,15.429464856156851,6.925902068967634,,
2001.0,NIC,,,NIC,NIC,,,1051.874235891,,5.48459768,5087825.0,,,5022633.0,11.0,15.442360988756498,6.959279070899541,,
2002.0,NIC,,,NIC,NIC,,,1014.3339042591,,5.73315859,5149909.0,,,5087825.0,12.0,15.454489602580892,6.9229728070906145,,
2003.0,NIC,,,NIC,NIC,,,1021.35216668794,,6.08317614,5210963.0,,,5149909.0,13.0,15.46627523350153,6.929861297207931,,
2004.0,NIC,,,NIC,NIC,,,1098.62118662335,,6.05740356,5272912.0,,,5210963.0,14.0,15.47809332958139,7.0027210236785455,,
2005.0,NIC,,,NIC,NIC,,,1183.30214010175,,6.22468948,5342105.0,,,5272912.0,15.0,15.49113032801859,7.0769089687863165,,
2006.0,NIC,,,NIC,NIC,,,1248.17371577788,,6.35756445,5418855.0,,,5342105.0,16.0,15.505395096485884,7.130237584343726,,
2007.0,NIC,,,NIC,NIC,,,1350.38145753377,,6.95643044,5497243.0,,,5418855.0,17.0,15.519757251796252,7.208882650092884,,
2008.0,NIC,,,NIC,NIC,,,1523.68437086409,,7.16700697,5576593.0,,,5497243.0,18.0,15.534088574404898,7.329542697695095,,
2009.0,NIC,,,NIC,NIC,,,1467.08288052845,,7.68584394,5656601.0,,,5576593.0,19.0,15.548333739753645,7.291712665706408,,
2010.0,NIC,,,NIC,NIC,,,1526.56706951408,,7.71019173,5737450.0,,,5656601.0,20.0,15.562525418716016,7.331431598110679,,
2011.0,NIC,,,NIC,NIC,,,1679.71192084633,,7.44982004,5819051.0,,,5737450.0,21.0,15.576647747992908,7.426972745043902,,
2012.0,NIC,,,NIC,NIC,,,1784.69836017555,,7.48836899,5901287.0,,,5819051.0,22.0,15.590681020681059,7.487564855893619,,
2013.0,NIC,,,NIC,NIC,,,1835.43996363715,,7.63869238,5983845.0,,,5901287.0,23.0,15.60457389589456,7.515584174084015,,
2014.0,NIC,,,NIC,NIC,,,1958.37047579547,,7.97716141,6066492.0,,,5983845.0,24.0,15.618291071755648,7.580378514814713,,
2015.0,NIC,,,NIC,NIC,,,2074.45620634731,,7.96303272,6149417.0,,,6066492.0,25.0,15.631867838541238,7.6379362669800965,,
1990.0,NLD,500.0,500.0,NLD,NLD,500.0,560.0,21322.1944802703,46.0,7.70382404,14951510.0,,,,0.0,16.520322856044956,9.967550701965141,,3.3441438356393434
1991.0,NLD,500.0,500.0,NLD,NLD,500.0,510.0,21764.2144987258,46.0,7.70382404,15069798.0,,500.0,14951510.0,1.0,16.528203166398708,9.988068309151519,1.46882869341849,3.3178945066151515
1992.0,NLD,500.0,500.0,NLD,NLD,500.0,540.0,23939.2173482108,46.0,7.70382404,15184166.0,46.0,500.0,15069798.0,2.0,16.535763732332676,10.083315057943382,1.4627679007184775,3.292903936903746
1993.0,NLD,520.0,540.0,NLD,NLD,500.0,600.0,23156.4404444568,46.0,7.70382404,15290368.0,46.0,500.0,15184166.0,3.0,16.542733645633927,10.050071409364401,1.4569634123099622,3.531635079024913
1994.0,NLD,550.0,600.0,NLD,NLD,540.0,650.0,24682.5866742863,46.0,7.70382404,15382838.0,46.0,540.0,15290368.0,4.0,16.54876303037667,10.113893794619443,1.5110828189672232,3.90045061906002
1995.0,NLD,580.0,640.0,NLD,NLD,590.0,690.0,29301.1940492376,46.0,7.70382404,15459006.0,46.0,600.0,15382838.0,5.0,16.55370230410182,10.285417674428164,1.5893271639617101,4.139981574494505
1996.0,NLD,500.0,700.0,NLD,NLD,660.0,730.0,29063.6236532536,46.0,7.70382404,15530498.0,46.0,640.0,15459006.0,6.0,16.558316261577897,10.277277031599997,1.6370494947319532,4.507260488362962
1997.0,NLD,200.0,750.0,NLD,NLD,720.0,790.0,26744.9601318097,46.0,7.70382404,15610650.0,46.0,700.0,15530498.0,7.0,16.56346393159907,10.194138717809096,1.7060673104805324,4.804412372322742
1998.0,NLD,100.0,800.0,NLD,NLD,740.0,860.0,27924.281808994,46.0,7.70382404,15707209.0,46.0,750.0,15610650.0,8.0,16.569630336905867,10.237287715524584,1.7586183821745904,5.093202745312678
1999.0,NLD,100.0,850.0,NLD,NLD,760.0,930.0,28318.7466538357,46.0,7.70382404,15812088.0,46.0,800.0,15707209.0,9.0,16.576285268776598,10.251314601928508,1.8071738458338225,5.375634135099678
2000.0,NLD,100.0,840.0,NLD,NLD,740.0,930.0,26225.1697734149,46.0,7.70382404,15925513.0,46.0,850.0,15812088.0,10.0,16.58343297240444,10.174513037547687,1.85248355826996,5.274555362831953
2001.0,NLD,100.0,850.0,NLD,NLD,750.0,930.0,26955.7128032278,49.0,8.04176903,16046180.0,46.0,840.0,15925513.0,11.0,16.59098137298179,10.201987628928682,1.8365026239944284,5.297210924967811
2002.0,NLD,100.0,910.0,NLD,NLD,830.0,990.0,29446.5330872868,51.0,8.61879349,16148929.0,46.0,850.0,16046180.0,12.0,16.597364289644478,10.290365419434883,1.8401068250497703,5.635048615298265
2003.0,NLD,100.0,970.0,NLD,NLD,900.0,1000.0,35896.7504630706,52.0,9.01979256,16225302.0,49.0,910.0,16148929.0,13.0,16.602082433632358,10.48842991131727,1.8923659948557852,5.978317075392495
2004.0,NLD,100.0,1000.0,NLD,NLD,950.0,1100.0,40611.3414353091,53.0,9.07156658,16281779.0,51.0,970.0,16225302.0,14.0,16.605557187752847,10.611827275637548,1.9428077810261002,6.141834992355565
2005.0,NLD,100.0,1000.0,NLD,NLD,970.0,1100.0,42165.396168388,53.0,9.05984592,16319868.0,52.0,1000.0,16281779.0,15.0,16.60789381923223,10.649378883482086,1.9659697450626767,6.127500541058298
2006.0,NLD,100.0,1000.0,NLD,NLD,970.0,1100.0,45123.5432406426,54.0,9.03575516,16346101.0,53.0,1000.0,16319868.0,16.0,16.609499955920807,10.717181573492931,1.9639606177160582,6.1176668368805505
2007.0,NLD,200.0,1000.0,NLD,NLD,960.0,1100.0,52100.7996285947,56.0,9.00052166,16381696.0,53.0,1000.0,16346101.0,17.0,16.61167517193275,10.860954768960541,1.9625799802719484,6.104374052601147
2008.0,NLD,200.0,1000.0,NLD,NLD,940.0,1100.0,58246.7026905874,59.0,9.21819305,16445593.0,54.0,1000.0,16381696.0,18.0,16.615568096547744,10.97245993186202,1.9607106581045435,6.080656380101344
2009.0,NLD,100.0,970.0,NLD,NLD,920.0,1000.0,53172.0261581418,62.0,9.90839005,16530388.0,56.0,1000.0,16445593.0,19.0,16.620710941996023,10.881306519645431,1.9573666124622717,5.867980836263492
2010.0,NLD,100.0,920.0,NLD,NLD,870.0,960.0,51305.7338533973,65.0,10.09452248,16615394.0,59.0,970.0,16530388.0,20.0,16.625840173001556,10.845577286743248,1.926870152737727,5.537033909638255
2011.0,NLD,100.0,850.0,NLD,NLD,810.0,890.0,54701.7728030611,68.0,10.14537811,16693074.0,62.0,920.0,16615394.0,21.0,16.630504460823566,10.909669678223331,1.8774835319566296,5.091932139041617
2012.0,NLD,100.0,770.0,NLD,NLD,730.0,810.0,50473.9442002689,70.0,10.45467281,16754962.0,65.0,850.0,16693074.0,22.0,16.634205011171268,10.829232337687984,1.8069652956146045,4.595653514463358
2013.0,NLD,100.0,690.0,NLD,NLD,640.0,720.0,52602.2860520766,74.0,10.50247383,16804432.0,68.0,770.0,16754962.0,23.0,16.637153219105684,10.870533869247417,1.7219901382428888,4.106059639504626
2014.0,NLD,100.0,600.0,NLD,NLD,550.0,630.0,53457.2234864322,77.0,10.45699596,16865008.0,70.0,690.0,16804432.0,24.0,16.64075150083295,10.886655758434289,1.6304279990300885,3.557662113175398
2015.0,NLD,100.0,510.0,NLD,NLD,500.0,540.0,45793.8135434697,80.0,10.18857956,16939923.0,74.0,600.0,16865008.0,25.0,16.645183701723305,10.731926122281026,1.516809797574462,3.0106394226231132
1990.0,NOR,100.0,,NOR,NOR,,,28137.4837293741,,7.70270586,4241473.0,,,,0.0,15.260421172537145,10.244893446109813,,
1991.0,NOR,100.0,,NOR,NOR,,,28427.2524217324,,7.70270586,4261732.0,,,4241473.0,1.0,15.265186208387194,10.25513873324226,,
1992.0,NOR,100.0,,NOR,NOR,,,30328.210916818,,7.70270586,4286401.0,,,4261732.0,2.0,15.27095801106846,10.31986658375395,,
1993.0,NOR,100.0,,NOR,NOR,,,27792.6599198329,,7.70270586,4311991.0,,,4286401.0,3.0,15.276910304370276,10.232563213231327,,
1994.0,NOR,100.0,,NOR,NOR,,,29129.7350937014,,7.70270586,4336613.0,,,4311991.0,4.0,15.282604186647927,10.279549084571624,,
1995.0,NOR,100.0,,NOR,NOR,,,34658.6948344762,,7.70270586,4359184.0,,,4336613.0,5.0,15.287795441846052,10.453332758686008,,
1996.0,NOR,100.0,,NOR,NOR,,,37072.6000316602,,7.70270586,4381336.0,,,4359184.0,6.0,15.292864258673672,10.520660405852466,,
1997.0,NOR,100.0,,NOR,NOR,,,36324.1473513598,,7.70270586,4405157.0,,,4381336.0,7.0,15.298286458033965,10.500265544902653,,
1998.0,NOR,100.0,,NOR,NOR,,,34515.8977194734,,7.70270586,4431464.0,,,4405157.0,8.0,15.304240561467433,10.449204272082229,,
1999.0,NOR,100.0,,NOR,NOR,,,36151.4491624485,,7.70270586,4461913.0,,,4431464.0,9.0,15.31108815580156,10.495499975290558,,
2000.0,NOR,100.0,,NOR,NOR,,,37991.8907576589,,7.70270586,4490967.0,,,4461913.0,10.0,15.317578604013486,10.545154335881115,,
2001.0,NOR,100.0,,NOR,NOR,,,38458.2530907659,,8.00972462,4513751.0,,,4490967.0,11.0,15.322639073119058,10.55735459853729,,
2002.0,NOR,100.0,,NOR,NOR,,,43048.288735011,,8.98267078,4538159.0,,,4513751.0,12.0,15.328031981169563,10.67010098788457,,
2003.0,NOR,100.0,,NOR,NOR,,,50208.0960234078,,9.19355106,4564855.0,,,4538159.0,13.0,15.333897308089432,10.82395148495128,,
2004.0,NOR,100.0,,NOR,NOR,,,57854.5698169407,,8.79598331,4591910.0,,,4564855.0,14.0,15.339806617486335,10.965705008314579,,
2005.0,NOR,100.0,,NOR,NOR,,,67358.3615969796,,8.29899502,4623291.0,,,4591910.0,15.0,15.346617347128209,11.117797171391778,,
2006.0,NOR,100.0,,NOR,NOR,,,75047.741700385,,7.8822999,4660677.0,,,4623291.0,16.0,15.354671274519818,11.225893070770288,,
2007.0,NOR,100.0,,NOR,NOR,,,86600.2387607877,,8.01673985,4709153.0,,,4660677.0,17.0,15.3650186196726,11.369069398845307,,
2008.0,NOR,100.0,,NOR,NOR,,,99001.5300678626,,7.91507673,4768212.0,,,4709153.0,18.0,15.377481949826118,11.502900685031209,,
2009.0,NOR,100.0,,NOR,NOR,,,81939.726548458,,9.03254128,4828726.0,,,4768212.0,19.0,15.390093222719885,11.313751417896528,,
2010.0,NOR,100.0,,NOR,NOR,,,90020.342257973,,8.8581152,4889252.0,,,4828726.0,20.0,15.402549884515507,11.407802057399758,,
2011.0,NOR,100.0,,NOR,NOR,,,103545.218988177,,8.73474026,4953088.0,,,4889252.0,21.0,15.415521778422436,11.547773352281437,,
2012.0,NOR,100.0,,NOR,NOR,,,104627.93694681,,8.72188568,5018573.0,,,4953088.0,22.0,15.428656188309334,11.558175436205062,,
2013.0,NOR,100.0,,NOR,NOR,,,106333.138368566,,8.87431335,5079623.0,,,5018573.0,23.0,15.440747604202349,11.57434166393447,,
2014.0,NOR,100.0,,NOR,NOR,,,100410.020200979,,9.28297901,5137232.0,,,5079623.0,24.0,15.452024970975842,11.517027243174212,,
2015.0,NOR,100.0,,NOR,NOR,,,77220.9524311414,,10.06992245,5188607.0,,,5137232.0,25.0,15.461975818345426,11.254439053507157,,
1990.0,NPL,100.0,100.0,NPL,NPL,100.0,100.0,185.794600449903,0.0,3.13292074,19524573.0,,,,0.0,16.78718438405268,5.230009619862532,,0.5121750934066522
1991.0,NPL,100.0,100.0,NPL,NPL,100.0,100.0,195.716621410462,0.0,3.13292074,20036500.0,,100.0,19524573.0,1.0,16.813066168229128,5.281764223149136,0.41354907357037446,0.4990891622788411
1992.0,NPL,100.0,200.0,NPL,NPL,100.0,200.0,165.02959412726,0.0,3.13292074,20609707.0,0.0,100.0,20036500.0,2.0,16.84127273636578,5.112166050341991,0.40485769852486875,0.9704165129567344
1993.0,NPL,100.0,500.0,NPL,NPL,500.0,500.0,172.805202579767,0.0,3.13292074,21180159.0,0.0,200.0,20609707.0,3.0,16.86857540519151,5.15793514667422,0.6782449482989887,2.360699936199724
1994.0,NPL,100.0,500.0,NPL,NPL,500.0,560.0,187.258176246151,0.0,3.13292074,21717479.0,0.0,500.0,21180159.0,4.0,16.893627978153617,5.237814298651302,1.2121492666258484,2.302293005555571
1995.0,NPL,100.0,950.0,NPL,NPL,840.0,1100.0,197.843001330326,0.0,3.13292074,22245439.0,0.0,500.0,21717479.0,5.0,16.91764755679941,5.292515575310534,1.1946170773441813,4.270538333723151
1996.0,NPL,100.0,1900.0,NPL,NPL,1600.0,2100.0,198.821907435345,0.0,3.13292074,22741862.0,0.0,950.0,22245439.0,6.0,16.9397179250805,5.297426507027228,1.662132507947856,8.354636924628247
1997.0,NPL,200.0,3400.0,NPL,NPL,2900.0,3800.0,211.834869589153,0.0,3.13292074,23219463.0,0.0,1900.0,22741862.0,7.0,16.960501407351607,5.360516604895049,2.235872148136789,14.642888166707387
1998.0,NPL,500.0,4900.0,NPL,NPL,4300.0,5600.0,205.075246306069,0.0,3.13292074,23680357.0,0.0,3400.0,23219463.0,8.0,16.980156443879952,5.328241375423951,2.7500163834591085,20.692255610842352
1999.0,NPL,500.0,5600.0,NPL,NPL,4900.0,6400.0,208.646667913743,0.0,3.13292074,24125199.0,0.0,4900.0,23680357.0,9.0,16.998767453859966,5.345423579923775,3.0769553125550795,23.21224376221726
2000.0,NPL,580.0,5600.0,NPL,NPL,4900.0,6300.0,223.830289183078,0.0,3.13292074,24546509.0,0.0,5600.0,24125199.0,10.0,17.016080202500817,5.415345847302026,3.186858445805345,22.813834749373118
2001.0,NPL,850.0,5300.0,NPL,NPL,4700.0,5900.0,240.795114544664,0.0,3.81229901,24946748.0,0.0,5600.0,24546509.0,11.0,17.032254030985353,5.488090733446652,3.1702667037831516,21.245254090833804
2002.0,NPL,1100.0,5100.0,NPL,NPL,4600.0,5700.0,238.89140296106,0.0,3.93863344,25328981.0,0.0,5300.0,24946748.0,12.0,17.047459792191155,5.480186333276307,3.1021286865723523,20.13503819991811
2003.0,NPL,1500.0,4900.0,NPL,NPL,4400.0,5400.0,246.429706587633,0.0,3.8560729,25688758.0,0.0,5100.0,25328981.0,13.0,17.06156402225759,5.511126527881849,3.0509322414416813,19.07449165117286
2004.0,NPL,1800.0,4600.0,NPL,NPL,4200.0,5100.0,279.587750044428,0.0,4.04629898,26016656.0,0.0,4900.0,25688758.0,14.0,17.074247506263927,5.636886510423266,2.9994499370301564,17.68098098387433
2005.0,NPL,2100.0,4300.0,NPL,NPL,3900.0,4700.0,309.024168339372,0.0,3.95095325,26309458.0,0.0,4600.0,26016656.0,15.0,17.085439052272164,5.736650256825354,2.9275059466185205,16.343932284731977
2006.0,NPL,2300.0,3800.0,NPL,NPL,3400.0,4100.0,340.431796437968,1.0,3.54402447,26565425.0,0.0,4300.0,26309458.0,16.0,17.095121116233464,5.833147941459849,2.85324272100215,14.304307196289914
2007.0,NPL,2400.0,3400.0,NPL,NPL,3000.0,3700.0,385.449767660642,3.0,3.67297482,26788492.0,0.0,3800.0,26565425.0,17.0,17.10348295027615,5.957001892338162,2.7281343048775484,12.692017154231749
2008.0,NPL,2400.0,3100.0,NPL,NPL,2800.0,3400.0,464.817391891529,6.0,3.81756353,26990037.0,1.0,3400.0,26788492.0,18.0,17.11097835587135,6.143793694433604,2.6168129735324586,11.48571971205523
2009.0,NPL,2300.0,2800.0,NPL,NPL,2500.0,3100.0,473.078751198621,9.0,3.90179515,27173035.0,3.0,3100.0,26990037.0,19.0,17.11773567924948,6.161373449664304,2.524585568210048,10.304332953606398
2010.0,NPL,2400.0,2600.0,NPL,NPL,2300.0,2800.0,585.278491984574,12.0,4.36131525,27341952.0,6.0,2800.0,27173035.0,20.0,17.123932783931608,6.373794918979654,2.4251860994430015,9.509196709876457
2011.0,NPL,2300.0,2300.0,NPL,NPL,2100.0,2500.0,785.518656222132,16.0,4.45220184,27464494.0,9.0,2600.0,27341952.0,21.0,17.12840460114112,6.667616442779155,2.352250750938027,8.374448842931532
2012.0,NPL,2300.0,2100.0,NPL,NPL,1900.0,2300.0,788.202937148377,19.0,4.49078751,27534915.0,12.0,2300.0,27464494.0,22.0,17.130965393693746,6.671023495819661,2.2379877800409664,7.626680525434707
2013.0,NPL,2200.0,1900.0,NPL,NPL,1700.0,2000.0,803.269595420477,22.0,4.63012981,27589996.0,16.0,2100.0,27534915.0,23.0,17.132963801213393,6.689934530659715,2.1548597874665503,6.886554097361956
2014.0,NPL,2200.0,1700.0,NPL,NPL,1600.0,1900.0,821.455224911731,26.0,5.07549381,27672370.0,19.0,1900.0,27589996.0,24.0,17.1359450004262,6.7122940433604485,2.065159296411114,6.14331190281136
2015.0,NPL,2000.0,1600.0,NPL,NPL,1500.0,1700.0,875.543635474862,31.0,5.46615553,27823629.0,22.0,1700.0,27672370.0,25.0,17.141396181674768,6.77598648689264,1.9661765207398043,5.750507958541282
1990.0,NZL,100.0,200.0,NZL,NZL,100.0,200.0,13663.0216184298,32.0,7.46995974,3329800.0,,,,0.0,15.018422800092889,9.522521498172138,,6.006366748753679
1991.0,NZL,100.0,100.0,NZL,NZL,100.0,200.0,12230.0734548834,32.0,7.46995974,3495100.0,,200.0,3329800.0,1.0,15.066872545544014,9.411734997101199,1.9468192712147423,2.8611484649938483
1992.0,NZL,100.0,100.0,NZL,NZL,100.0,200.0,11793.1392416214,32.0,7.46995974,3531700.0,32.0,100.0,3495100.0,2.0,15.077289899386232,9.375358012631287,1.350964669014681,2.83149757906957
1993.0,NZL,100.0,100.0,NZL,NZL,100.0,100.0,13094.3454502639,32.0,7.46995974,3572200.0,32.0,100.0,3531700.0,3.0,15.08869221045252,9.480012136911833,1.343255739578865,2.7993953306085886
1994.0,NZL,100.0,100.0,NZL,NZL,100.0,100.0,15280.3127842922,32.0,7.46995974,3620000.0,32.0,100.0,3572200.0,4.0,15.101984583801954,9.634385974232382,1.3348419305467933,2.7624309392265194
1995.0,NZL,100.0,100.0,NZL,NZL,100.0,100.0,17400.4201848172,32.0,7.46995974,3673400.0,32.0,100.0,3620000.0,5.0,15.11662822167657,9.764307101688985,1.3250652748836866,2.722273642946589
1996.0,NZL,100.0,100.0,NZL,NZL,100.0,100.0,18794.436039393,32.0,7.46995974,3732000.0,32.0,100.0,3673400.0,6.0,15.132454840949372,9.84136935548405,1.314334675922346,2.6795284030010715
1997.0,NZL,100.0,100.0,NZL,NZL,100.0,100.0,17474.187029724,32.0,7.46995974,3781300.0,32.0,100.0,3732000.0,7.0,15.14557842381436,9.768537269747112,1.302784592610348,2.64459312934705
1998.0,NZL,100.0,100.0,NZL,NZL,100.0,100.0,14738.4455703918,32.0,7.46995974,3815000.0,32.0,100.0,3781300.0,8.0,15.154451222700695,9.598282551086909,1.2932447349083662,2.621231979030144
1999.0,NZL,100.0,100.0,NZL,NZL,100.0,200.0,15322.2238340267,32.0,7.46995974,3835100.0,32.0,100.0,3815000.0,9.0,15.159706068062826,9.637124854187121,1.2868142936389595,2.607493937576595
2000.0,NZL,100.0,100.0,NZL,NZL,100.0,200.0,13641.1027183822,32.0,7.46995974,3857700.0,32.0,100.0,3835100.0,10.0,15.16558170892664,9.520916077755457,1.2830133311590284,2.5922181610804365
2001.0,NZL,100.0,200.0,NZL,NZL,100.0,200.0,13882.8568268586,36.0,7.5789361,3880500.0,32.0,100.0,3857700.0,11.0,15.17147456927633,9.538482064832468,1.2787698838630235,5.153975003221235
2002.0,NZL,100.0,200.0,NZL,NZL,100.0,200.0,16874.1874918196,39.0,7.90034246,3948500.0,32.0,200.0,3880500.0,12.0,15.188846317919772,9.733599626305354,1.8170982150165982,5.065214638470305
2003.0,NZL,100.0,200.0,NZL,NZL,200.0,200.0,21913.7081719961,42.0,7.72179937,4027200.0,36.0,200.0,3948500.0,13.0,15.20858190336319,9.994913296405409,1.8025699314598882,4.966229638458482
2004.0,NZL,100.0,200.0,NZL,NZL,200.0,200.0,25420.234882944,45.0,7.90095711,4087500.0,39.0,200.0,4027200.0,14.0,15.223444094187647,10.143340122750926,1.7861151765449648,4.892966360856269
2005.0,NZL,100.0,200.0,NZL,NZL,200.0,200.0,27751.0654708859,46.0,8.27324677,4133900.0,42.0,200.0,4087500.0,15.0,15.234731829284446,10.231065547787978,1.773759497517113,4.838046396864946
2006.0,NZL,100.0,200.0,NZL,NZL,200.0,200.0,26654.5932018985,46.0,8.63846684,4184600.0,45.0,200.0,4133900.0,16.0,15.246921677887288,10.190754283816899,1.7643962197907068,4.779429336137265
2007.0,NZL,100.0,200.0,NZL,NZL,200.0,200.0,32479.9817381467,47.0,8.32899952,4223800.0,46.0,200.0,4184600.0,17.0,15.25624575476241,10.388410019746981,1.7543049470379832,4.73507268336569
2008.0,NZL,100.0,200.0,NZL,NZL,200.0,200.0,31324.7397977102,48.0,8.65133667,4259800.0,46.0,200.0,4223800.0,18.0,15.264732768786637,10.352195396331691,1.7466004241480493,4.695056105920466
2009.0,NZL,100.0,200.0,NZL,NZL,200.0,200.0,28276.7255416225,50.0,9.13566399,4302600.0,47.0,200.0,4259800.0,19.0,15.274730049098721,10.249829690383718,1.7395984486364757,4.648352159159578
2010.0,NZL,100.0,200.0,NZL,NZL,200.0,200.0,33761.9009639947,53.0,9.09511089,4350700.0,48.0,200.0,4302600.0,20.0,15.285847309658937,10.427117874046486,1.731363849373178,4.596961408508975
2011.0,NZL,100.0,200.0,NZL,NZL,200.0,200.0,38425.829997974,57.0,9.10748196,4384000.0,50.0,200.0,4350700.0,21.0,15.293472107609988,10.55651119246401,1.722223844854002,4.562043795620438
2012.0,NZL,100.0,200.0,NZL,NZL,200.0,200.0,40041.7524816244,58.0,9.20243168,4408100.0,53.0,200.0,4384000.0,22.0,15.298954315582971,10.597702974363758,1.7159656298585213,4.537102152854972
2013.0,NZL,100.0,200.0,NZL,NZL,200.0,200.0,42984.9571801167,59.0,8.9393549,4442100.0,57.0,200.0,4408100.0,23.0,15.306637795564919,10.668628764131162,1.7114712868046495,4.502375002813984
2014.0,NZL,100.0,200.0,NZL,NZL,200.0,200.0,44599.8992733675,62.0,8.97204113,4516500.0,58.0,200.0,4442100.0,24.0,15.323247915572034,10.705509300884872,1.7051798177250164,4.42820768294033
2015.0,NZL,100.0,200.0,NZL,NZL,200.0,200.0,38648.7302562109,65.0,8.88920593,4609400.0,59.0,200.0,4516500.0,25.0,15.343608254658527,10.562295074850487,1.6916090026519355,4.338959517507702
1990.0,OMN,100.0,100.0,OMN,OMN,100.0,200.0,7545.70305230441,13.0,2.68485427,1763954.0,,,,0.0,14.383068438111355,8.928866065055816,,5.669082073568812
1991.0,OMN,100.0,200.0,OMN,OMN,200.0,500.0,6977.3285922345,13.0,2.68485427,1851473.0,,100.0,1763954.0,1.0,14.431492096458749,8.850564710382157,1.897482230302409,10.802209916104637
1992.0,OMN,100.0,500.0,OMN,OMN,200.0,500.0,7317.78815838166,13.0,2.68485427,1938238.0,13.0,200.0,1851473.0,2.0,14.477289870910228,8.898200041116437,2.4682867949625336,25.79662559499917
1993.0,OMN,100.0,200.0,OMN,OMN,200.0,500.0,7038.9301587736,13.0,2.68485427,2021675.0,13.0,500.0,1938238.0,3.0,14.519436933695223,8.859353528474129,3.2882759689550425,9.89278692173569
1994.0,OMN,100.0,200.0,OMN,OMN,200.0,200.0,7068.38996979073,13.0,2.68485427,2081834.0,13.0,200.0,2021675.0,4.0,14.548759793950506,8.863529470838452,2.388100819882246,9.606913903798286
1995.0,OMN,100.0,200.0,OMN,OMN,200.0,200.0,7414.30279204109,13.0,2.68485427,2120528.0,13.0,200.0,2081834.0,5.0,14.567175672242522,8.911301088807905,2.3615060435674424,9.431613258584655
1996.0,OMN,100.0,200.0,OMN,OMN,100.0,200.0,8068.00076784612,13.0,2.68485427,2156926.0,13.0,200.0,2120528.0,6.0,14.584194617875056,8.995784933008512,2.3448409318920924,9.272455336900755
1997.0,OMN,100.0,200.0,OMN,OMN,100.0,200.0,8234.64063759005,13.0,2.68485427,2190720.0,13.0,200.0,2156926.0,7.0,14.599740814883903,9.016226434071644,2.3294660739344604,9.129418638621093
1998.0,OMN,100.0,200.0,OMN,OMN,100.0,200.0,7219.02932432025,13.0,2.68485427,2222489.0,13.0,200.0,2190720.0,8.0,14.614138296976622,8.884614293418824,2.3154439265466995,8.998919679692452
1999.0,OMN,100.0,200.0,OMN,OMN,100.0,200.0,7915.44169380534,13.0,2.68485427,2252909.0,13.0,200.0,2222489.0,9.0,14.627732828008336,8.9766971027663,2.3024770551274107,8.877411382350553
2000.0,OMN,100.0,200.0,OMN,OMN,100.0,200.0,9753.84755185404,13.0,2.68485427,2282131.0,13.0,200.0,2252909.0,10.0,14.640620213540908,9.185519625242021,2.290250471595287,8.763738803775945
2001.0,OMN,100.0,100.0,OMN,OMN,100.0,200.0,9611.96360191054,14.0,2.70073724,2310217.0,13.0,200.0,2282131.0,11.0,14.652852017479887,9.170867841718332,2.2786754012282002,4.328597703159486
2002.0,OMN,100.0,200.0,OMN,OMN,100.0,200.0,9869.13050219438,15.0,2.77737164,2337140.0,13.0,100.0,2310217.0,12.0,14.664438517588927,9.197268354446942,1.673088108470139,8.55746767416586
2003.0,OMN,100.0,200.0,OMN,OMN,100.0,200.0,10463.5425832141,15.0,2.77524447,2363796.0,14.0,200.0,2337140.0,13.0,14.675779359368304,9.255747924724071,2.2573228043348283,8.460967020842746
2004.0,OMN,100.0,200.0,OMN,OMN,100.0,200.0,11800.8507411171,16.0,2.59660101,2404821.0,15.0,200.0,2363796.0,14.0,14.692986030477648,9.376011640622814,2.2471745999158665,8.31662730822793
2005.0,OMN,100.0,200.0,OMN,OMN,100.0,200.0,14434.8577924647,17.0,2.26479053,2459802.0,15.0,200.0,2404821.0,15.0,14.715591416864351,9.577470514818113,2.2318006864047115,8.130735725883628
2006.0,OMN,100.0,200.0,OMN,OMN,100.0,200.0,16930.8565071853,18.0,2.01985121,2514795.0,16.0,200.0,2459802.0,16.0,14.737701847259386,9.736952126952488,2.2116462746990564,7.952934533431153
2007.0,OMN,100.0,200.0,OMN,OMN,100.0,200.0,18792.653772482,20.0,2.11371112,2570174.0,17.0,200.0,2514795.0,17.0,14.759484158859728,9.841274526536541,2.191981359375888,7.781574321427265
2008.0,OMN,100.0,200.0,OMN,OMN,200.0,200.0,26576.779241509,26.0,1.75567567,2626529.0,18.0,200.0,2570174.0,18.0,14.781173760624926,10.187830778795892,2.1726556992529678,7.6146122886897505
2009.0,OMN,100.0,200.0,OMN,OMN,100.0,200.0,20655.9180249218,31.0,2.4694581,2684659.0,20.0,200.0,2626529.0,19.0,14.803064275997485,9.935805555598153,2.1534598647524024,7.449735702001632
2010.0,OMN,100.0,200.0,OMN,OMN,100.0,200.0,23570.1798147325,36.0,2.47588587,2757446.0,26.0,200.0,2684659.0,20.0,14.82981544696247,10.067780050457339,2.1341351630102903,7.253088546430283
2011.0,OMN,100.0,200.0,OMN,OMN,100.0,200.0,25188.0074151885,33.0,2.23611403,3076763.0,31.0,200.0,2757446.0,21.0,14.939388628263327,10.134162964647652,2.110587499552178,6.50033818009382
2012.0,OMN,100.0,200.0,OMN,OMN,200.0,200.0,24642.2978768596,32.0,2.27702832,3547106.0,36.0,200.0,3076763.0,22.0,15.08164261771859,10.112260251096377,2.0149481102048865,5.638399303544918
2013.0,OMN,100.0,200.0,OMN,OMN,200.0,200.0,23458.0233840053,35.0,2.5054009,3833913.0,33.0,200.0,3547106.0,23.0,15.159396510624475,10.063010492355675,1.892870865683367,5.216602463331849
2014.0,OMN,100.0,200.0,OMN,OMN,200.0,200.0,23160.6502252547,36.0,3.13740134,4002439.0,32.0,200.0,3833913.0,24.0,15.202414483262165,10.05025318239788,1.827223529754205,4.996953107842494
2015.0,OMN,100.0,200.0,OMN,OMN,200.0,200.0,18808.3077921839,34.0,4.07826233,4184895.0,35.0,200.0,4002439.0,25.0,15.246992171985228,9.842107121627716,1.791251524886583,4.779092426452754
1990.0,PAK,100.0,,PAK,PAK,,,344.45547384189,0.0,2.48079324,116155576.0,,,,0.0,18.570441022916043,5.844863760349545,,
1991.0,PAK,100.0,,PAK,PAK,,,380.019843346229,0.0,2.48079324,120060406.0,,,116155576.0,1.0,18.603505557424764,5.942851456044034,,
1992.0,PAK,100.0,,PAK,PAK,,,395.67720859593,0.0,2.48079324,123546848.0,0.0,,120060406.0,2.0,18.63213097813497,5.983122873376582,,
1993.0,PAK,100.0,,PAK,PAK,,,407.888140688466,0.0,2.48079324,127020117.0,0.0,,123546848.0,3.0,18.659856033453465,6.0134416239870925,,
1994.0,PAK,100.0,,PAK,PAK,,,399.955927561352,0.0,2.48079324,130748083.0,0.0,,127020117.0,4.0,18.688782999233947,5.993851514935633,,
1995.0,PAK,100.0,,PAK,PAK,,,450.550279346206,0.0,2.48079324,134582253.0,0.0,,130748083.0,5.0,18.71768611655623,6.112686727335097,,
1996.0,PAK,100.0,,PAK,PAK,,,456.996961832943,0.0,2.48079324,138557092.0,0.0,,134582253.0,6.0,18.74679301526024,6.126862550539657,,
1997.0,PAK,100.0,,PAK,PAK,,,438.030942680153,0.0,2.48079324,142531804.0,0.0,,138557092.0,7.0,18.77507571873561,6.084569895056299,,
1998.0,PAK,100.0,,PAK,PAK,,,424.453697798497,0.0,2.48079324,146522356.0,0.0,,142531804.0,8.0,18.80268857546169,6.053156123757377,,
1999.0,PAK,100.0,,PAK,PAK,,,418.249257055367,0.0,2.48079324,150565377.0,0.0,,146522356.0,9.0,18.829907946500512,6.038465628621526,,
2000.0,PAK,100.0,,PAK,PAK,,,642.338346499898,0.0,2.48079324,154879127.0,0.0,,150565377.0,10.0,18.858155544854753,6.466670785687349,,
2001.0,PAK,100.0,,PAK,PAK,,,609.939506905073,0.0,2.33959723,159270907.0,0.0,,154879127.0,11.0,18.886117127943965,6.4149979475681,,
2002.0,PAK,100.0,,PAK,PAK,,,599.937345723927,2.0,2.42219901,163222549.0,0.0,,159270907.0,12.0,18.910625158842134,6.398490679057412,,
2003.0,PAK,100.0,,PAK,PAK,,,672.44178669894,2.0,2.10399199,167110248.0,0.0,,163222549.0,13.0,18.934164320230884,6.512401558111726,,
2004.0,PAK,100.0,,PAK,PAK,,,771.902247348954,1.0,2.03666282,171286000.0,2.0,,167110248.0,14.0,18.9588452319918,6.650152581792586,,
2005.0,PAK,500.0,,PAK,PAK,,,827.619861189926,1.0,2.37323904,175453212.0,2.0,,171286000.0,15.0,18.982882967035955,6.719761498931134,,
2006.0,PAK,500.0,,PAK,PAK,,,900.873564984808,1.0,2.73132491,179682690.0,1.0,,175453212.0,16.0,19.006703019902005,6.804474338380434,,
2007.0,PAK,730.0,,PAK,PAK,,,998.090114197524,1.0,2.62370729,184493231.0,1.0,,179682690.0,17.0,19.03312333242494,6.906844978982307,,
2008.0,PAK,1100.0,,PAK,PAK,,,1067.04324565284,2.0,2.56806731,189499113.0,1.0,,184493231.0,18.0,19.059894901737014,6.97358351088466,,
2009.0,PAK,1600.0,,PAK,PAK,,,963.788066395225,2.0,2.49995875,194376534.0,1.0,,189499113.0,19.0,19.085307732828046,6.871908456903084,,
2010.0,PAK,2200.0,,PAK,PAK,,,987.304571124485,2.0,2.42967653,199239047.0,2.0,,194376534.0,20.0,19.11001590298185,6.895990920611232,,
2011.0,PAK,3000.0,,PAK,PAK,,,1131.73513834324,2.0,2.23121333,203746065.0,2.0,,199239047.0,21.0,19.132384997015315,7.032390463481696,,
2012.0,PAK,3900.0,,PAK,PAK,,,1204.36475491585,3.0,2.22185278,207667125.0,2.0,,203746065.0,22.0,19.151446995143782,7.094537501294977,,
2013.0,PAK,4700.0,,PAK,PAK,,,1225.4340119198,3.0,2.4164784,211073978.0,2.0,,207667125.0,23.0,19.167719236627267,7.111866060310524,,
2014.0,PAK,5700.0,,PAK,PAK,,,1266.61340849959,4.0,2.48899078,214264647.0,3.0,,211073978.0,24.0,19.182722477166124,7.144891205624177,,
2015.0,PAK,6600.0,,PAK,PAK,,,1380.47020838317,4.0,2.49493265,217290883.0,3.0,,214264647.0,25.0,19.196747488525045,7.230903579442691,,
1990.0,PAN,100.0,1200.0,PAN,PAN,1000.0,1600.0,2620.13827266274,6.0,6.98486614,2455583.0,,,,0.0,14.713874765559893,7.871363957621588,,48.86823210618415
1991.0,PAN,200.0,1200.0,PAN,PAN,1000.0,1500.0,2820.54547665418,6.0,6.98486614,2508265.0,,1200.0,2455583.0,1.0,14.735101837035103,7.945040055179065,3.909384168883226,47.84183489384096
1992.0,PAN,200.0,1200.0,PAN,PAN,1000.0,1500.0,3139.89952899581,6.0,6.98486614,2561336.0,6.0,1200.0,2508265.0,2.0,14.756039555326346,8.052264512078887,3.8885872180257515,46.850549869286965
1993.0,PAN,500.0,1200.0,PAN,PAN,1000.0,1400.0,3358.41411740053,6.0,6.98486614,2615099.0,6.0,1200.0,2561336.0,3.0,14.77681251327315,8.119521867931795,3.8680826093540848,45.88736411126309
1994.0,PAN,500.0,1200.0,PAN,PAN,1000.0,1300.0,3508.19570069218,6.0,6.98486614,2669546.0,6.0,1200.0,2615099.0,4.0,14.797418978465242,8.163142145100219,3.847748217216935,44.95146365711623
1995.0,PAN,500.0,1200.0,PAN,PAN,1000.0,1300.0,3513.89737854631,6.0,6.98486614,2724557.0,6.0,1200.0,2669546.0,5.0,14.817816404056401,8.164765608525917,3.8275857015504577,44.04385740507539
1996.0,PAN,500.0,1200.0,PAN,PAN,1000.0,1300.0,3308.18429574276,6.0,6.98486614,2780227.0,6.0,1200.0,2724557.0,6.0,14.838043137009517,8.104457001669193,3.8076366241489983,43.16194325139638
1997.0,PAN,500.0,1200.0,PAN,PAN,1000.0,1300.0,3545.97670881078,6.0,6.98486614,2836695.0,6.0,1200.0,2780227.0,7.0,14.858150200080683,8.17385088830458,3.7878634057877134,42.30275020754787
1998.0,PAN,530.0,1200.0,PAN,PAN,1100.0,1300.0,3807.83869182014,6.0,6.98486614,2893914.0,6.0,1200.0,2836695.0,8.0,14.878120469076869,8.24507961636162,3.768216148177303,41.46633244802713
1999.0,PAN,520.0,1200.0,PAN,PAN,1000.0,1300.0,3950.34145012809,6.0,6.98486614,2951822.0,6.0,1200.0,2893914.0,9.0,14.897933164781515,8.281810407868914,3.748711584298335,40.652857794270794
2000.0,PAN,500.0,1200.0,PAN,PAN,1000.0,1300.0,3975.09308659503,6.0,6.98486614,3010369.0,6.0,1200.0,2951822.0,10.0,14.917573220573479,8.288054979623892,3.729369980767286,39.86222287035244
2001.0,PAN,510.0,1200.0,PAN,PAN,1100.0,1300.0,3991.7767076924,9.0,6.91849852,3069537.0,6.0,1200.0,3010369.0,11.0,14.937037293857507,8.292242184561045,3.710205990023108,39.09384379468304
2002.0,PAN,510.0,1200.0,PAN,PAN,1100.0,1300.0,4090.58617397129,11.0,7.05643845,3129344.0,6.0,1200.0,3069537.0,12.0,14.956333955885864,8.316687991451932,3.691222801197318,38.34669502617801
2003.0,PAN,520.0,1200.0,PAN,PAN,1100.0,1300.0,4264.66428846636,12.0,6.71176672,3189807.0,9.0,1200.0,3129344.0,13.0,14.975470971363336,8.358353201247965,3.6724119821665693,37.61983091766994
2004.0,PAN,550.0,1200.0,PAN,PAN,1100.0,1300.0,4644.56582353041,14.0,7.08192825,3251155.0,11.0,1200.0,3189807.0,14.0,14.994520875787149,8.443668457291157,3.653765898887986,36.90995969124818
2005.0,PAN,560.0,1200.0,PAN,PAN,1100.0,1300.0,5017.7410922824,16.0,6.20666599,3313026.0,12.0,1200.0,3251155.0,15.0,15.013372529123258,8.520934402805805,3.635213866252769,36.22066352633514
2006.0,PAN,560.0,1200.0,PAN,PAN,1100.0,1300.0,5528.76705469354,18.0,6.54604864,3375024.0,14.0,1200.0,3313026.0,16.0,15.031912993374595,8.617900969703925,3.6168640782001558,35.55530271784734
2007.0,PAN,570.0,1200.0,PAN,PAN,1100.0,1400.0,6317.81730274124,19.0,7.35227633,3437490.0,16.0,1200.0,3375024.0,17.0,15.050252111861823,8.751287333986635,3.5988262568721816,34.90919246310535
2008.0,PAN,590.0,1200.0,PAN,PAN,1100.0,1400.0,7347.59050324397,21.0,6.80452538,3500648.0,18.0,1200.0,3437490.0,18.0,15.068458652179961,8.90226380555087,3.58099332018523,34.27936770563621
2009.0,PAN,520.0,1300.0,PAN,PAN,1100.0,1400.0,7796.92617035048,27.0,6.9857955,3564381.0,19.0,1200.0,3500648.0,19.0,15.08650096421609,8.961613101730409,3.563298308802142,36.47197086955631
2010.0,PAN,500.0,1300.0,PAN,PAN,1100.0,1400.0,8331.46421351868,29.0,7.22332573,3628535.0,21.0,1300.0,3564381.0,20.0,15.104339543512978,9.027914515365433,3.62359321002272,35.82713133537364
2011.0,PAN,500.0,1300.0,PAN,PAN,1100.0,1400.0,9662.29592216607,31.0,6.83196259,3693505.0,27.0,1300.0,3628535.0,21.0,15.122086429679538,9.176090061784361,3.6062348380770834,35.196919998754574
2012.0,PAN,520.0,1300.0,PAN,PAN,1100.0,1500.0,11064.8063606203,33.0,6.50450659,3759256.0,29.0,1300.0,3693505.0,22.0,15.139731623446337,9.31161512471651,3.588974032304637,34.58131077000343
2013.0,PAN,520.0,1300.0,PAN,PAN,1100.0,1500.0,12273.3225037637,38.0,6.52210426,3825329.0,31.0,1300.0,3759256.0,23.0,15.157155034615757,9.415264757963449,3.5718205216379024,33.98400503590672
2014.0,PAN,500.0,1300.0,PAN,PAN,1200.0,1500.0,13213.1989637473,40.0,6.91532087,3892101.0,33.0,1300.0,3825329.0,24.0,15.174459672619356,9.489047209518045,3.554890958059463,33.40098317078616
2015.0,PAN,500.0,1400.0,PAN,PAN,1200.0,1500.0,14082.6548502728,42.0,6.93698502,3960035.0,38.0,1300.0,3892101.0,25.0,15.191763421575443,9.552770173461788,3.538085144517046,35.35322288818155
1990.0,PER,1800.0,6400.0,PER,PER,5100.0,8000.0,1199.66666756615,0.0,4.41482639,22014771.0,,,,0.0,16.90722419511925,7.090632237816945,,29.071390295179544
1991.0,PER,2200.0,6400.0,PER,PER,5000.0,8200.0,1527.38879472866,0.0,4.41482639,22483775.0,,6400.0,22014771.0,1.0,16.92830449593786,7.331969384172316,3.403574231221927,28.464970851202697
1992.0,PER,2600.0,6400.0,PER,PER,5000.0,8400.0,1567.40910765128,0.0,4.41482639,22946340.0,0.0,6400.0,22483775.0,2.0,16.948669004628815,7.357817077371018,3.383202129020855,27.891158241357882
1993.0,PER,3000.0,6400.0,PER,PER,4900.0,8500.0,1487.67404314175,0.0,4.41482639,23413783.0,0.0,6400.0,22946340.0,3.0,16.968835424019467,7.305641098808219,3.3635356051026064,27.334326964591753
1994.0,PER,3400.0,6200.0,PER,PER,4600.0,8000.0,1879.36657757919,0.0,4.41482639,23881493.0,0.0,6400.0,23413783.0,4.0,16.988614365472348,7.5392220248903286,3.344074036545824,25.96152593977269
1995.0,PER,3700.0,6100.0,PER,PER,4700.0,7900.0,2189.53431515311,0.0,4.41482639,24348919.0,0.0,6200.0,23881493.0,5.0,17.007998012256905,7.691900772574352,3.2944108845823155,25.052446886861794
1996.0,PER,4100.0,6100.0,PER,PER,4800.0,7800.0,2226.91682429265,0.0,4.41482639,24811171.0,0.0,6100.0,24348919.0,6.0,17.026804553264355,7.708822268345224,3.260111694185958,24.585699723725256
1997.0,PER,4300.0,5900.0,PER,PER,4800.0,7400.0,2300.67200774461,0.0,4.41482639,25274147.0,0.0,6100.0,24811171.0,7.0,17.045292573537708,7.741391097698851,3.242033590865891,23.344012361722832
1998.0,PER,4600.0,5900.0,PER,PER,4900.0,7300.0,2156.39377651613,0.0,4.41482639,25738095.0,0.0,5900.0,25274147.0,8.0,17.063482748069422,7.676656187222293,3.1922859203879534,22.923219453498792
1999.0,PER,4800.0,6000.0,PER,PER,5000.0,7200.0,1916.53397367908,0.0,4.41482639,26186504.0,0.0,5900.0,25738095.0,9.0,17.080754721510456,7.55879525077889,3.174849512563243,22.912565953821098
2000.0,PER,5000.0,6000.0,PER,PER,5200.0,7300.0,1945.41338451698,0.0,4.41482639,26598331.0,0.0,6000.0,26186504.0,10.0,17.096359027422515,7.5737436679957,3.1744040928941346,22.55780635258656
2001.0,PER,5100.0,5900.0,PER,PER,5100.0,7100.0,1929.57273038846,0.0,4.72161007,26964601.0,0.0,6000.0,26598331.0,11.0,17.110035489684968,7.5655719893735265,3.1594572454750707,21.880538859076758
2002.0,PER,5000.0,5800.0,PER,PER,5000.0,6900.0,2007.37019626753,2.0,4.93902588,27288217.0,0.0,5900.0,26964601.0,12.0,17.121965555262427,7.605078824510277,3.1302867177673392,21.254594977751754
2003.0,PER,4800.0,5600.0,PER,PER,4800.0,6600.0,2129.44114197634,3.0,4.58703804,27580490.0,0.0,5800.0,27288217.0,13.0,17.13261919666907,7.664084346168461,3.102548503144797,20.304207793262556
2004.0,PER,4800.0,5700.0,PER,PER,4900.0,6800.0,2397.25147277714,2.0,4.42972279,27852190.0,2.0,5600.0,27580490.0,14.0,17.14242215679353,7.7824951978027945,3.058904602184612,20.465177065071003
2005.0,PER,4700.0,5700.0,PER,PER,4800.0,6700.0,2706.66947297608,6.0,4.66598511,28101180.0,3.0,5700.0,27852190.0,15.0,17.15132212630486,7.903843570813212,3.0664319506558253,20.28384573174507
2006.0,PER,4100.0,5500.0,PER,PER,4700.0,6700.0,3129.55996496982,9.0,4.409585,28324491.0,2.0,5700.0,28101180.0,16.0,17.159237394725707,8.048967170079315,3.0579483686222075,19.41782466629321
2007.0,PER,3600.0,5200.0,PER,PER,4400.0,6500.0,3581.0893081917,14.0,4.42611313,28530699.0,6.0,5500.0,28324491.0,17.0,17.166491223415314,8.183701514803342,3.0164082774973573,18.225981774929526
2008.0,PER,3300.0,4900.0,PER,PER,4100.0,6000.0,4197.58444634142,16.0,4.53098345,28719041.0,9.0,5200.0,28530699.0,18.0,17.17307091022189,8.342502710876488,2.9562625817044217,17.06185105554186
2009.0,PER,2800.0,4600.0,PER,PER,3800.0,5800.0,4181.18755462253,23.0,4.95976877,28896811.0,14.0,4900.0,28719041.0,19.0,17.17924180097333,8.338589727051449,2.893802037506369,15.918711583779954
2010.0,PER,2100.0,4300.0,PER,PER,3500.0,5300.0,5072.11494019615,30.0,4.70582962,29086019.0,16.0,4600.0,28896811.0,20.0,17.185768169954812,8.531710294553493,2.8284202037479713,14.783735099671084
2011.0,PER,1700.0,4300.0,PER,PER,3500.0,5300.0,5861.35793645245,32.0,4.52216864,29304086.0,23.0,4300.0,29086019.0,21.0,17.193237518189417,8.676307179872852,2.7589799857405986,14.673721610017115
2012.0,PER,1700.0,4500.0,PER,PER,3600.0,5500.0,6519.37852981527,39.0,4.72939587,29550366.0,30.0,4300.0,29304086.0,22.0,17.20160668752648,8.782687709955606,2.7519855272133453,15.228237782232545
2013.0,PER,1700.0,4900.0,PER,PER,4000.0,6000.0,6746.80025696601,39.0,4.71272659,29817919.0,32.0,4500.0,29550366.0,23.0,17.210620079486812,8.8169718428967,2.7867527978269773,16.433071670762807
2014.0,PER,1800.0,5200.0,PER,PER,4300.0,6400.0,6667.13410360861,44.0,4.90967321,30115826.0,39.0,4900.0,29817919.0,24.0,17.220561372275743,8.805095355187438,2.8583690729648574,17.266669026444767
2015.0,PER,1800.0,5600.0,PER,PER,4500.0,6800.0,6231.71150338894,44.0,4.90453625,30457600.0,39.0,5200.0,30115826.0,25.0,17.231846110468872,8.737566750383719,2.9050780344707845,18.386215591510823
1990.0,PHL,100.0,100.0,PHL,PHL,100.0,100.0,803.572588255813,0.0,3.05512357,62854666.0,,,,0.0,17.956335730499433,6.690311190150612,,0.15909717824290084
1991.0,PHL,100.0,100.0,PHL,PHL,100.0,100.0,804.323330530547,0.0,3.05512357,64382249.0,,100.0,62854666.0,1.0,17.980348516433857,6.691243849610634,0.1476414074715875,0.15532231562771287
1992.0,PHL,100.0,100.0,PHL,PHL,100.0,100.0,916.515694532029,0.0,3.05512357,65926125.0,0.0,100.0,64382249.0,2.0,18.004045354904438,6.821669685539403,0.14437936619297168,0.15168493522105236
1993.0,PHL,100.0,100.0,PHL,PHL,100.0,100.0,918.642953796961,0.0,3.05512357,67530621.0,0.0,100.0,65926125.0,3.0,18.02809169742167,6.82398550101628,0.14122603113574306,0.14808097203785522
1994.0,PHL,100.0,100.0,PHL,PHL,100.0,100.0,1059.9838951587,0.0,3.05512357,69019291.0,0.0,100.0,67530621.0,4.0,18.049896603196554,6.966951959572015,0.13809182854405036,0.14488702875838003
1995.0,PHL,100.0,100.0,PHL,PHL,100.0,100.0,1199.84171414993,0.0,3.05512357,70546246.0,0.0,100.0,69019291.0,5.0,18.071779024358353,7.0907780183484,0.1353059672986647,0.14175098700503497
1996.0,PHL,100.0,200.0,PHL,PHL,100.0,200.0,1311.09249403865,0.0,3.05512357,72190242.0,0.0,100.0,70546246.0,6.0,18.094815442374582,7.1793784655242,0.1325630375494555,0.27704575363523504
1997.0,PHL,100.0,200.0,PHL,PHL,200.0,200.0,1273.27604875636,0.0,3.05512357,73908810.0,0.0,200.0,72190242.0,7.0,18.118342593968485,7.150133491433307,0.24454940541030912,0.270603734520959
1998.0,PHL,100.0,200.0,PHL,PHL,200.0,200.0,982.865943728564,0.0,3.05512357,75791024.0,0.0,200.0,73908810.0,8.0,18.143490426714223,6.891489651723073,0.23949216902507214,0.2638834910054784
1999.0,PHL,100.0,500.0,PHL,PHL,200.0,500.0,1101.43515975318,0.0,3.05512357,77753257.0,0.0,200.0,75791024.0,9.0,18.16905099882147,7.00527679357625,0.23418911663886632,0.6430598785077261
2000.0,PHL,100.0,500.0,PHL,PHL,500.0,500.0,1050.79273107952,0.0,3.05512357,79625397.0,0.0,500.0,77753257.0,10.0,18.192843657715443,6.958251350197269,0.49656028300925636,0.6279403542565697
2001.0,PHL,100.0,500.0,PHL,PHL,500.0,500.0,969.530611744453,0.0,2.84775972,81401488.0,0.0,500.0,79625397.0,11.0,18.21490411090397,6.877842944352168,0.48731562947464185,0.6142393858942726
2002.0,PHL,100.0,510.0,PHL,PHL,500.0,580.0,1014.90879320106,0.0,2.63767385,83068889.0,0.0,500.0,81401488.0,12.0,18.23518080946315,6.92353885363742,0.47886387724760937,0.6139482616650862
2003.0,PHL,100.0,680.0,PHL,PHL,560.0,790.0,1027.2301192843,0.0,3.07663488,84731835.0,0.0,510.0,83068889.0,13.0,18.255001944968345,6.935594272407986,0.47868351336436626,0.8025318937091354
2004.0,PHL,200.0,890.0,PHL,PHL,740.0,1000.0,1099.63013023758,0.0,3.0468533,86394504.0,0.0,680.0,84731835.0,14.0,18.2744346206399,7.003638140443542,0.5891922841725136,1.0301581220953593
2005.0,PHL,200.0,1200.0,PHL,PHL,960.0,1400.0,1220.46018559867,1.0,3.74253035,88015962.0,0.0,890.0,86394504.0,15.0,18.2930287423576,7.107802295486814,0.7081136826780329,1.3633890634519226
2006.0,PHL,200.0,1500.0,PHL,PHL,1200.0,1800.0,1426.14649179546,2.0,3.77762938,89508986.0,0.0,1200.0,88015962.0,16.0,18.309849580439753,7.2634322693876685,0.8600966327482154,1.6758093986228377
2007.0,PHL,200.0,2200.0,PHL,PHL,1800.0,2600.0,1712.65543282793,3.0,3.75318074,91075184.0,1.0,1500.0,89508986.0,17.0,18.32719592116979,7.4463840479260694,0.9842519135046245,2.4155866651886204
2008.0,PHL,500.0,3400.0,PHL,PHL,2800.0,3800.0,1959.29233534978,4.0,3.86315918,92699095.0,2.0,2200.0,91075184.0,18.0,18.34486926781313,7.580848891791368,1.2283492689532318,3.667781222675367
2009.0,PHL,500.0,4100.0,PHL,PHL,3400.0,4700.0,1864.45043406471,4.0,4.16451931,94384250.0,3.0,3400.0,92699095.0,19.0,18.362884773975512,7.531257822522494,1.5406838458614214,4.3439450967719715
2010.0,PHL,500.0,4700.0,PHL,PHL,3900.0,5400.0,2162.91375885614,5.0,4.13107872,96337125.0,4.0,4100.0,94384250.0,20.0,18.38336431649561,7.679673786517955,1.6759641623739285,4.878700708579377
2011.0,PHL,500.0,5600.0,PHL,PHL,4600.0,6400.0,2383.91892522087,7.0,4.02518559,98248614.0,4.0,4700.0,96337125.0,21.0,18.403011701743914,7.776920409126562,1.7713357695648484,5.699825953778849
2012.0,PHL,500.0,6700.0,PHL,PHL,5500.0,7700.0,2614.61644401308,8.0,4.17709208,100175512.0,5.0,5600.0,98248614.0,22.0,18.422434325529075,7.869255082566379,1.902081549011578,6.688261298829199
2013.0,PHL,560.0,7900.0,PHL,PHL,6500.0,9100.0,2781.27957677397,14.0,4.27408695,102076336.0,7.0,6700.0,100175512.0,23.0,18.441231483499642,7.931025862320517,2.0396946589714258,7.739306003303254
2014.0,PHL,570.0,9000.0,PHL,PHL,7500.0,10000.0,2866.83803761407,18.0,3.70313668,103767130.0,8.0,7900.0,102076336.0,24.0,18.45765981187992,7.961313727884333,2.167830781858349,8.673266765689675
2015.0,PHL,600.0,10000.0,PHL,PHL,8500.0,12000.0,2909.85818010301,23.0,3.8982749,105312992.0,14.0,9000.0,103767130.0,25.0,18.47244735031013,7.976203223940836,2.269366077202194,9.49550460023014
1990.0,PNG,200.0,1500.0,PNG,PNG,980.0,2300.0,826.317152082832,0.0,2.0184176,3896481.0,,,,0.0,15.175584396082941,6.718188118584667,,38.4962739456448
1991.0,PNG,500.0,1600.0,PNG,PNG,1100.0,2600.0,941.707721616563,0.0,2.0184176,4021837.0,,1500.0,3896481.0,1.0,15.207249321392544,6.848756289327043,3.6762063369676707,39.78281566358856
1992.0,PNG,500.0,1700.0,PNG,PNG,1300.0,2500.0,1050.7071689258,0.0,2.0184176,4166699.0,0.0,1600.0,4021837.0,2.0,15.242634673574312,6.958169998014874,3.7082608079709534,40.79968339445686
1993.0,PNG,500.0,2000.0,PNG,PNG,1500.0,2800.0,1151.28388116601,0.0,2.0184176,4320872.0,0.0,1700.0,4166699.0,3.0,15.2789677917028,7.049501235521548,3.7328887652067353,46.2869531890785
1994.0,PNG,580.0,2200.0,PNG,PNG,1700.0,3000.0,1228.24343638772,0.0,2.0184176,4480208.0,0.0,2000.0,4320872.0,4.0,15.315180031884823,7.114154166751838,3.8562344263517874,49.1048629885041
1995.0,PNG,710.0,2500.0,PNG,PNG,2000.0,3300.0,998.229967376131,0.0,2.0184176,4644278.0,0.0,2200.0,4480208.0,5.0,15.35114648219602,6.906984949730862,3.914118069019059,53.82968030768184
1996.0,PNG,860.0,2800.0,PNG,PNG,2300.0,3600.0,1071.04185150251,0.0,2.0184176,4813361.0,0.0,2500.0,4644278.0,6.0,15.386906150666762,6.977320381449384,4.004231658789473,58.17141078759727
1997.0,PNG,1000.0,3100.0,PNG,PNG,2500.0,3900.0,989.721550965343,0.0,2.0184176,4987883.0,0.0,2800.0,4813361.0,7.0,15.422522129211853,6.898433517013147,4.080438499358517,62.15061580233538
1998.0,PNG,1200.0,3400.0,PNG,PNG,2900.0,4400.0,733.479860137662,0.0,2.0184176,5166390.0,0.0,3100.0,4987883.0,8.0,15.457684743400502,6.5991625754118095,4.145522600171526,65.80997563095313
1999.0,PNG,1400.0,3700.0,PNG,PNG,3100.0,4600.0,649.994719718763,0.0,2.0184176,5349333.0,0.0,3400.0,5166390.0,9.0,15.492482438202682,6.478501531144588,4.201852405185832,69.16750181751632
2000.0,PNG,1600.0,4100.0,PNG,PNG,3400.0,5000.0,635.957919047725,0.0,2.0184176,5537064.0,0.0,3700.0,5349333.0,10.0,15.526974954344047,6.456703592240461,4.2508852667709,74.04646216839828
2001.0,PNG,1800.0,4400.0,PNG,PNG,3700.0,5400.0,537.847459634131,0.0,2.3006382,5728435.0,0.0,4100.0,5537064.0,11.0,15.560952927476546,6.289432524610518,4.318107417306781,76.80980931092
2002.0,PNG,2000.0,4700.0,PNG,PNG,3900.0,5600.0,506.331789534482,0.0,2.77562952,5924003.0,0.0,4400.0,5728435.0,12.0,15.594522960784284,6.229165206781379,4.3542675069243835,79.33824476456206
2003.0,PNG,2200.0,5000.0,PNG,PNG,4200.0,6000.0,577.467922387259,0.0,2.4531486,6123997.0,0.0,4700.0,5924003.0,13.0,15.627725545883694,6.3603830954632565,4.386245781101761,81.64602301405438
2004.0,PNG,2500.0,5100.0,PNG,PNG,4300.0,6100.0,620.596147680561,0.0,2.59372902,6328041.0,0.0,5000.0,6123997.0,14.0,15.660501267548966,6.432290601609139,4.41456670470706,80.59366239883718
2005.0,PNG,2600.0,5300.0,PNG,PNG,4500.0,6400.0,744.486489977433,1.0,2.44874048,6535905.0,0.0,5100.0,6328041.0,15.0,15.692821380532623,6.614037011944587,4.401751592272932,81.09052992661306
2006.0,PNG,2600.0,5400.0,PNG,PNG,4600.0,6400.0,1238.18282926706,3.0,2.42600322,6747720.0,0.0,5300.0,6535905.0,16.0,15.724715228011172,7.122207432701834,4.4078226617737775,80.02703135281251
2007.0,PNG,2400.0,5500.0,PNG,PNG,4700.0,6500.0,1370.753415829,8.0,2.42102122,6963345.0,1.0,5400.0,6747720.0,17.0,15.75617052030603,7.223845066061007,4.394782819405263,78.98502802891426
2008.0,PNG,2300.0,5500.0,PNG,PNG,4700.0,6500.0,1624.79319935188,10.0,2.13526058,7183002.0,3.0,5500.0,6963345.0,18.0,15.787227959492094,7.393751098348797,4.381839467520631,76.56965708766334
2009.0,PNG,2400.0,5700.0,PNG,PNG,4800.0,6600.0,1568.83193368607,12.0,2.32937527,7406438.0,8.0,5500.0,7183002.0,19.0,15.817860179943755,7.358723844004644,4.351176333810572,76.96007176459183
2010.0,PNG,2500.0,6000.0,PNG,PNG,5100.0,6900.0,1866.86889851208,14.0,2.10756016,7633523.0,10.0,5700.0,7406438.0,20.0,15.848060026709245,7.5325534335164805,4.356196795169873,78.60066708386155
2011.0,PNG,2700.0,6100.0,PNG,PNG,5300.0,7100.0,2288.37591141234,16.0,2.29397798,7859346.0,12.0,6000.0,7633523.0,21.0,15.8772139548367,7.736034531638308,4.377022473265743,77.61460050238277
2012.0,PNG,2800.0,6200.0,PNG,PNG,5300.0,7300.0,2635.0873631547,19.0,2.66693544,8081390.0,14.0,6100.0,7859346.0,22.0,15.905074445404836,7.877051037392892,4.3645574392122315,76.71947523878937
2013.0,PNG,2800.0,6300.0,PNG,PNG,5500.0,7400.0,2560.77458976327,23.0,2.99727893,8302698.0,16.0,6200.0,8081390.0,23.0,15.932091080187156,7.848455496448347,4.353105872540863,75.87894922831109
2014.0,PNG,2700.0,6300.0,PNG,PNG,5400.0,7400.0,2723.17529825196,27.0,3.27119064,8523441.0,19.0,6300.0,8302698.0,24.0,15.95833069051009,7.90992101844844,4.342232096882773,73.9138101618818
2015.0,PNG,2700.0,6600.0,PNG,PNG,5700.0,7800.0,2484.5963398603,30.0,1.81881714,8743246.0,23.0,6300.0,8523441.0,25.0,15.983792074562347,7.818267885540056,4.31633825486056,75.48683864093496
1990.0,POL,,,POL,POL,,,1731.2095094382,,5.26548243,38110782.0,,,,0.0,17.456007792188196,7.4571530456857085,,
1991.0,POL,,,POL,POL,,,2235.54108862522,,5.26548243,38246193.0,,,38110782.0,1.0,17.459554583871675,7.712685794546405,,
1992.0,POL,,,POL,POL,,,2459.02068468253,,5.26548243,38363667.0,,,38246193.0,2.0,17.462621397779795,7.807925037298591,,
1993.0,POL,,,POL,POL,,,2497.13055936127,,5.26548243,38461408.0,,,38363667.0,3.0,17.465165906919175,7.82329795487668,,
1994.0,POL,,,POL,POL,,,2874.83163555069,,5.26548243,38542652.0,,,38461408.0,4.0,17.46727603020737,7.964097175941901,,
1995.0,POL,,,POL,POL,,,3700.95956775144,,5.26548243,38594998.0,,,38542652.0,5.0,17.468633240545905,8.216617571342693,,
1996.0,POL,,,POL,POL,,,4163.51195431959,,5.26548243,38624370.0,,,38594998.0,6.0,17.469393982369553,8.334354369900652,,
1997.0,POL,,,POL,POL,,,4137.00831823145,,5.26548243,38649660.0,,,38624370.0,7.0,17.4700485360638,8.327969868509232,,
1998.0,POL,,,POL,POL,,,4533.5356551781,,5.26548243,38663481.0,,,38649660.0,8.0,17.470406069077423,8.419477965945935,,
1999.0,POL,,,POL,POL,,,4415.50067547826,,5.26548243,38660271.0,,,38663481.0,9.0,17.47032304154917,8.39310295912942,,
2000.0,POL,,,POL,POL,,,4520.64100449111,,5.26548243,38258629.0,,,38660271.0,10.0,17.459879687565387,8.416630261029042,,
2001.0,POL,,,POL,POL,,,5015.23790036613,,5.64010143,38248076.0,,,38258629.0,11.0,17.459603816318104,8.520435509490728,,
2002.0,POL,,,POL,POL,,,5223.45178967082,,6.04828405,38230364.0,,,38248076.0,12.0,17.459140626945604,8.561105150691294,,
2003.0,POL,,,POL,POL,,,5720.81366178104,,5.93375778,38204570.0,,,38230364.0,13.0,17.45846569992914,8.652041107854533,,
2004.0,POL,,,POL,POL,,,6711.72715262967,,5.84185648,38182222.0,,,38204570.0,14.0,17.457880572577867,8.811760578487334,,
2005.0,POL,,,POL,POL,,,8043.92332253757,,5.79073858,38165445.0,,,38182222.0,15.0,17.457441083044543,8.99279652831053,,
2006.0,POL,,,POL,POL,,,9068.85528307627,,5.78148365,38141267.0,,,38165445.0,16.0,17.45680737730162,9.112711587422494,,
2007.0,POL,,,POL,POL,,,11272.5293683383,,5.86390114,38120560.0,,,38141267.0,17.0,17.456264327093578,9.330212722900416,,
2008.0,POL,,,POL,POL,,,14048.5604672654,,6.35196781,38125759.0,,,38120560.0,18.0,17.456400700890406,9.550346390803899,,
2009.0,POL,,,POL,POL,,,11556.3026866026,,6.57037735,38151603.0,,,38125759.0,19.0,17.457078333160617,9.355072783391542,,
2010.0,POL,,,POL,POL,,,12567.7317676382,,6.43533468,38042794.0,,,38151603.0,20.0,17.45422224194527,9.438967402909324,,
2011.0,POL,,,POL,POL,,,13867.6669408192,,6.24533606,38063255.0,,,38042794.0,21.0,17.45475993903405,9.537387397717982,,
2012.0,POL,,,POL,POL,,,13087.420943321,,6.22854042,38063164.0,,,38063255.0,22.0,17.454757548274017,9.479483220865133,,
2013.0,POL,,,POL,POL,,,13621.9023794031,,6.44993687,38040196.0,,,38063164.0,23.0,17.454153948099272,9.519507653874065,,
2014.0,POL,,,POL,POL,,,14262.2841914116,,6.39059496,38011735.0,,,38040196.0,24.0,17.453405485806353,9.565443975404609,,
2015.0,POL,,,POL,POL,,,12637.5220324406,,6.36490345,37986412.0,,,38011735.0,25.0,17.452739074796696,9.444504733051016,,
1990.0,PRK,,,PRK,PRK,,,,,,21112137.0,,,,0.0,16.865358646344696,0.0,,
1991.0,PRK,,,PRK,PRK,,,,,,21428638.0,,,21112137.0,1.0,16.88023880966706,0.0,,
1992.0,PRK,,,PRK,PRK,,,,,,21750911.0,,,21428638.0,2.0,16.895166199679284,0.0,,
1993.0,PRK,,,PRK,PRK,,,,,,22073352.0,,,21750911.0,3.0,16.90988164708087,0.0,,
1994.0,PRK,,,PRK,PRK,,,,,,22393975.0,,,22073352.0,4.0,16.9243025074312,0.0,,
1995.0,PRK,,,PRK,PRK,,,,,,22669304.0,,,22393975.0,5.0,16.93652232064497,0.0,,
1996.0,PRK,,,PRK,PRK,,,,,,22895746.0,,,22669304.0,6.0,16.946461687076024,0.0,,
1997.0,PRK,,,PRK,PRK,,,,,,23110830.0,,,22895746.0,7.0,16.955811896793858,0.0,,
1998.0,PRK,,,PRK,PRK,,,,,,23311564.0,,,23110830.0,8.0,16.964460104428223,0.0,,
1999.0,PRK,,,PRK,PRK,,,,,,23497599.0,,,23311564.0,9.0,16.97240880368189,0.0,,
2000.0,PRK,,,PRK,PRK,,,,,,23665910.0,,,23497599.0,10.0,16.979546173995384,0.0,,
2001.0,PRK,,,PRK,PRK,,,,,,23815358.0,,,23665910.0,11.0,16.985841224646627,0.0,,
2002.0,PRK,,,PRK,PRK,,,,,,23943973.0,,,23815358.0,12.0,16.991227200882896,0.0,,
2003.0,PRK,,,PRK,PRK,,,,,,24090380.0,,,23943973.0,13.0,16.9973231486468,0.0,,
2004.0,PRK,,,PRK,PRK,,,,,,24254943.0,,,24090380.0,14.0,17.00413098962777,0.0,,
2005.0,PRK,,,PRK,PRK,,,,,,24396433.0,,,24254943.0,15.0,17.009947491052255,0.0,,
2006.0,PRK,,,PRK,PRK,,,,,,24524507.0,,,24396433.0,16.0,17.015183461276855,0.0,,
2007.0,PRK,,,PRK,PRK,,,,,,24646383.0,,,24524507.0,17.0,17.020140713406526,0.0,,
2008.0,PRK,,,PRK,PRK,,,,,,24764618.0,,,24646383.0,18.0,17.024926498890554,0.0,,
2009.0,PRK,,,PRK,PRK,,,,,,24878332.0,,,24764618.0,19.0,17.029507781787206,0.0,,
2010.0,PRK,,,PRK,PRK,,,,,,24987258.0,,,24878332.0,20.0,17.033876572901473,0.0,,
2011.0,PRK,,,PRK,PRK,,,,,,25097874.0,,,24987258.0,21.0,17.038293699319443,0.0,,
2012.0,PRK,,,PRK,PRK,,,,,,25211728.0,,,25097874.0,22.0,17.042819841043535,0.0,,
2013.0,PRK,,,PRK,PRK,,,,,,25329451.0,,,25211728.0,23.0,17.047478347838513,0.0,,
2014.0,PRK,,,PRK,PRK,,,,,,25451262.0,,,25329451.0,24.0,17.052275887157716,0.0,,
2015.0,PRK,,,PRK,PRK,,,,,,25575350.0,,,25451262.0,25.0,17.057139554947813,0.0,,
1990.0,PRT,500.0,3300.0,PRT,PRT,2700.0,3700.0,7884.61798756332,16.0,8.60104179,9983218.0,,,,0.0,16.116416041203244,8.972795871413267,,33.05547369595655
1991.0,PRT,500.0,3300.0,PRT,PRT,2700.0,3800.0,8958.9853330247,16.0,8.60104179,9960235.0,,3300.0,9983218.0,1.0,16.114111223659947,9.100523869028429,3.5279907743295196,33.13174839750267
1992.0,PRT,560.0,3200.0,PRT,PRT,2600.0,3600.0,10810.5665079626,16.0,8.60104179,9952494.0,16.0,3300.0,9960235.0,2.0,16.113333730992824,9.288371812989405,3.5302279891923076,32.15274482958744
1993.0,PRT,710.0,3100.0,PRT,PRT,2500.0,3500.0,9534.6563637308,16.0,8.60104179,9964675.0,16.0,3200.0,9952494.0,3.0,16.114556896947654,9.162793352973239,3.5011255134933306,31.109895706583504
1994.0,PRT,880.0,2900.0,PRT,PRT,2400.0,3300.0,9977.31990905771,16.0,8.60104179,9991525.0,16.0,3100.0,9964675.0,4.0,16.117247791627157,9.208170009347967,3.469164260091897,29.024598347099168
1995.0,PRT,1100.0,2800.0,PRT,PRT,2400.0,3200.0,11781.3618502221,16.0,8.60104179,10026176.0,16.0,2900.0,9991525.0,5.0,16.120709831010178,9.374358933732085,3.4020169905942783,27.92689855035459
1996.0,PRT,1200.0,2700.0,PRT,PRT,2300.0,3000.0,12185.0914010629,16.0,8.60104179,10063945.0,16.0,2800.0,10026176.0,6.0,16.124469792883577,9.40805053127784,3.3647719079302068,26.828445505216887
1997.0,PRT,1200.0,2600.0,PRT,PRT,2200.0,2900.0,11575.5071124358,16.0,8.60104179,10108977.0,16.0,2700.0,10063945.0,7.0,16.12893439893329,9.356733074576741,3.3260587171763447,25.719714269801976
1998.0,PRT,1100.0,2500.0,PRT,PRT,2100.0,2800.0,12199.206385024,16.0,8.60104179,10160196.0,16.0,2600.0,10108977.0,8.0,16.133988291267116,9.409208147383506,3.2854016551158343,24.605824533306247
1999.0,PRT,1100.0,2400.0,PRT,PRT,2000.0,2700.0,12475.2917701476,16.0,8.60104179,10217828.0,16.0,2500.0,10160196.0,9.0,16.13964459569147,9.431585463968148,3.2428198464388527,23.48835779972025
2000.0,PRT,1100.0,2400.0,PRT,PRT,2000.0,2600.0,11526.3720667968,16.0,8.60104179,10289898.0,16.0,2400.0,10217828.0,10.0,16.14667319522466,9.352479665931815,3.198197812763102,23.32384635882688
2001.0,PRT,1000.0,2300.0,PRT,PRT,1900.0,2500.0,11734.7649743954,20.0,8.62751579,10362722.0,16.0,2400.0,10289898.0,11.0,16.153725501597897,9.370396293582365,3.191457200794356,22.19494067292358
2002.0,PRT,990.0,2200.0,PRT,PRT,1800.0,2400.0,12936.6928204482,24.0,8.78642941,10419631.0,16.0,2300.0,10362722.0,12.0,16.159202180994505,9.467900253892658,3.1439341804476264,21.113991464764922
2003.0,PRT,960.0,2100.0,PRT,PRT,1700.0,2300.0,15797.7821340276,28.0,9.12415695,10458821.0,20.0,2200.0,10419631.0,13.0,16.162956295143065,9.667688135919397,3.0962105061549066,20.078745013419773
2004.0,PRT,940.0,2000.0,PRT,PRT,1600.0,2200.0,18064.1580932987,32.0,9.5325079,10483861.0,24.0,2100.0,10458821.0,14.0,16.165347585039182,9.801740394902357,3.048265187433162,19.076941214691804
2005.0,PRT,930.0,1900.0,PRT,PRT,1600.0,2100.0,18780.12751241,35.0,9.65306759,10503330.0,28.0,2000.0,10483861.0,15.0,16.16720290770573,9.840607788894554,2.9995719532745166,18.089501139162532
2006.0,PRT,920.0,1800.0,PRT,PRT,1500.0,2000.0,19839.4540499032,38.0,9.35422611,10522288.0,32.0,1900.0,10503330.0,16.0,16.169006232120505,9.895478266156791,2.949138505346053,17.10654564862699
2007.0,PRT,910.0,1700.0,PRT,PRT,1400.0,1900.0,22811.0564844365,41.0,9.25186634,10542964.0,35.0,1800.0,10522288.0,17.0,16.17096927596538,10.035044468357727,2.8962735109421933,16.124497816742995
2008.0,PRT,890.0,1600.0,PRT,PRT,1300.0,1800.0,24949.0413566739,43.0,9.58307838,10558177.0,38.0,1700.0,10542964.0,18.0,16.172411188763913,10.12463075876041,2.8405100591485635,15.1541312482259
2009.0,PRT,870.0,1600.0,PRT,PRT,1300.0,1800.0,23151.2154130712,46.0,10.13070393,10568247.0,41.0,1600.0,10558177.0,19.0,16.173364497356285,10.049845753124421,2.782175821799894,15.139691568525981
2010.0,PRT,800.0,1500.0,PRT,PRT,1200.0,1700.0,22551.935098809,51.0,10.01858425,10573100.0,43.0,1600.0,10568247.0,20.0,16.17382359772347,10.023620496053217,2.7812815529024544,14.186946117978644
2011.0,PRT,690.0,1400.0,PRT,PRT,1100.0,1600.0,23246.5425416481,55.0,9.71847439,10557560.0,46.0,1500.0,10573100.0,21.0,16.172352748937715,10.053954708295752,2.720436250837621,13.260639769037544
2012.0,PRT,590.0,1300.0,PRT,PRT,1100.0,1500.0,20593.4274224109,59.0,9.64000225,10514844.0,51.0,1400.0,10557560.0,22.0,16.168298531060238,9.932775804707104,2.6575032785686523,12.363473961192385
2013.0,PRT,530.0,1300.0,PRT,PRT,1000.0,1400.0,21676.4859642714,63.0,9.39476109,10457295.0,55.0,1300.0,10514844.0,23.0,16.162810378950716,9.984029487771988,2.592525161342688,12.431513120744896
2014.0,PRT,500.0,1200.0,PRT,PRT,970.0,1400.0,22120.6850127107,67.0,9.33570766,10401062.0,59.0,1300.0,10457295.0,24.0,16.157418474282796,10.004313628716524,2.597603671407205,11.537283404329289
2015.0,PRT,500.0,1100.0,PRT,PRT,910.0,1300.0,19215.7813014347,70.0,9.33309937,10358076.0,63.0,1200.0,10401062.0,25.0,16.153277063262863,9.863539202393854,2.5287068773126467,10.619732853862049
1990.0,PRY,100.0,100.0,PRY,PRY,100.0,100.0,1440.15829610029,0.0,6.01865244,4035747.0,,,,0.0,15.210701972663246,7.273202441527898,,2.477856020211376
1991.0,PRY,100.0,100.0,PRY,PRY,100.0,100.0,1685.26890082621,0.0,6.01865244,4144364.0,,100.0,4035747.0,1.0,15.237259896901778,7.430273616251562,1.2464160177811732,2.4129154678498317
1992.0,PRY,100.0,200.0,PRY,PRY,200.0,200.0,1682.67444777611,0.0,6.01865244,4253600.0,0.0,100.0,4144364.0,2.0,15.263276241172266,7.428733855315364,1.2275669019207556,4.70189956742524
1993.0,PRY,100.0,500.0,PRY,PRY,200.0,500.0,1661.70955306218,0.0,6.01865244,4362696.0,0.0,200.0,4253600.0,3.0,15.288600772850334,7.416203811541454,1.7407993767656016,11.460803136409229
1994.0,PRY,100.0,500.0,PRY,PRY,500.0,500.0,1760.28807083292,0.0,6.01865244,4471417.0,0.0,500.0,4362696.0,4.0,15.313215918592295,7.473800678782207,2.5225879684577333,11.182137563998168
1995.0,PRY,100.0,500.0,PRY,PRY,500.0,520.0,1978.71514099575,0.0,6.01865244,4579806.0,0.0,500.0,4471417.0,5.0,15.337167197114637,7.590708245154596,2.499970744749005,10.917493011712724
1996.0,PRY,100.0,590.0,PRY,PRY,500.0,680.0,2088.17109102236,0.0,6.01865244,4687543.0,0.0,500.0,4579806.0,6.0,15.360419122552061,7.644522659123099,2.4780073217079766,12.586551206036935
1997.0,PRY,100.0,650.0,PRY,PRY,570.0,760.0,2078.50841313824,0.0,6.01865244,4794412.0,0.0,590.0,4687543.0,7.0,15.382961631043054,7.639886804925318,2.6090804215666648,13.55744979780628
1998.0,PRY,100.0,700.0,PRY,PRY,610.0,840.0,1889.88455618586,0.0,6.01865244,4900025.0,0.0,650.0,4794412.0,8.0,15.404750865108657,7.544800017712845,2.6781028761781998,14.285641399788778
1999.0,PRY,200.0,760.0,PRY,PRY,670.0,890.0,1766.30657288259,0.0,6.01865244,5003135.0,0.0,700.0,4900025.0,9.0,15.425575273916,7.477211956355128,2.7269139171571073,15.19047557181647
2000.0,PRY,200.0,810.0,PRY,PRY,730.0,930.0,1736.11729210765,0.0,6.01865244,5100868.0,0.0,760.0,5003135.0,10.0,15.444921279291275,7.459982289642206,2.7844231416754477,15.879650286970765
2001.0,PRY,200.0,870.0,PRY,PRY,790.0,970.0,1637.68615122932,0.0,5.60815811,5187689.0,0.0,810.0,5100868.0,11.0,15.461798876592338,7.401650072445082,2.82610877135668,16.770473326369412
2002.0,PRY,500.0,920.0,PRY,PRY,830.0,1000.0,1367.76506935997,0.0,4.75770569,5261328.0,0.0,870.0,5187689.0,12.0,15.47589402433122,7.221664203082266,2.877538278073465,17.48607956014147
2003.0,PRY,500.0,960.0,PRY,PRY,880.0,1000.0,1443.99885236205,0.0,4.90703917,5326436.0,0.0,920.0,5261328.0,13.0,15.48819290456648,7.275863806333103,2.9170179926384456,18.02330864390373
2004.0,PRY,500.0,1000.0,PRY,PRY,920.0,1100.0,1786.21533938543,0.0,4.93224335,5388175.0,0.0,960.0,5326436.0,14.0,15.499717295569203,7.488414011192959,2.945664998029852,18.559159641251444
2005.0,PRY,500.0,1100.0,PRY,PRY,970.0,1100.0,1970.87169852378,7.0,4.82934713,5448097.0,0.0,1000.0,5388175.0,15.0,15.510776931351955,7.586738471445465,2.9734437005575254,20.190536255136426
2006.0,PRY,500.0,1100.0,PRY,PRY,980.0,1200.0,2439.43124694576,10.0,5.01927567,5505148.0,0.0,1100.0,5448097.0,16.0,15.521194212427849,7.799930043222017,3.053554678950856,19.98129750553482
2007.0,PRY,500.0,1100.0,PRY,PRY,1000.0,1200.0,3211.93621659546,12.0,5.02042723,5559386.0,7.0,1100.0,5505148.0,17.0,15.530998228474065,8.074940507252288,3.0436314459335674,19.78635770209156
2008.0,PRY,500.0,1100.0,PRY,PRY,1000.0,1200.0,4384.9546943793,17.0,5.03776026,5613574.0,10.0,1100.0,5559386.0,18.0,15.54069815130054,8.3861625993256,3.034296891816946,19.59535939136101
2009.0,PRY,200.0,1200.0,PRY,PRY,1100.0,1300.0,3941.84815479271,21.0,5.52496862,5671236.0,12.0,1100.0,5613574.0,19.0,15.550917641365684,8.279658623065771,3.025065778153899,21.159408636847417
2010.0,PRY,200.0,1200.0,PRY,PRY,1100.0,1300.0,4750.96273669322,26.0,5.46593952,5737971.0,17.0,1200.0,5671236.0,20.0,15.562616221484882,8.466313019406773,3.0982621754601616,20.91331587420013
2011.0,PRY,500.0,1200.0,PRY,PRY,1100.0,1300.0,5805.40154543044,26.0,5.82225847,5814626.0,21.0,1200.0,5737971.0,21.0,15.575887025443468,8.666716302618601,3.087094482832027,20.6376128060515
2012.0,PRY,500.0,1200.0,PRY,PRY,1100.0,1400.0,5642.1699167298,27.0,6.53144598,5897008.0,26.0,1200.0,5814626.0,22.0,15.589955661603732,8.63820122857904,3.074433133939991,20.349302561570205
2013.0,PRY,500.0,1300.0,PRY,PRY,1200.0,1400.0,6435.68342733182,30.0,6.0642848,5982445.0,26.0,1200.0,5897008.0,23.0,15.60433990524142,8.76976869068661,3.061019072235682,21.730245744006
2014.0,PRY,500.0,1300.0,PRY,PRY,1200.0,1400.0,6652.25478942291,33.0,6.62719059,6069811.0,27.0,1300.0,5982445.0,24.0,15.618838025812867,8.802861455930707,3.1236964492449,21.41747082405037
2015.0,PRY,500.0,1300.0,PRY,PRY,1200.0,1400.0,5879.33792308671,35.0,6.69165802,6159103.0,30.0,1300.0,6069811.0,25.0,15.633441708023417,8.679369509154046,3.109840602362249,21.1069696350264
1990.0,QAT,100.0,100.0,QAT,QAT,100.0,100.0,16721.6210835226,0.0,1.97258496,440175.0,,,,0.0,12.994927654094646,9.724517637721176,,22.71823706480377
1991.0,QAT,100.0,100.0,QAT,QAT,100.0,100.0,15133.4969397069,0.0,1.97258496,454853.0,,100.0,440175.0,1.0,13.027729568809418,9.624731982694426,3.1662442486357407,21.985124864516667
1992.0,QAT,100.0,100.0,QAT,QAT,100.0,100.0,16280.293589053,0.0,1.97258496,469657.0,0.0,100.0,454853.0,2.0,13.059757920027865,9.697772095186888,3.134847261678357,21.292134472604474
1993.0,QAT,100.0,100.0,QAT,QAT,100.0,100.0,14769.718821974,0.0,1.97258496,484545.0,0.0,100.0,469657.0,3.0,13.090965585256912,9.600402042044237,3.104233902014794,20.637918046827437
1994.0,QAT,100.0,100.0,QAT,QAT,100.0,100.0,14764.8766954856,0.0,1.97258496,499459.0,0.0,100.0,484545.0,4.0,13.121280791619744,9.600074169014395,3.074447240792983,20.02166343984191
1995.0,QAT,100.0,100.0,QAT,QAT,100.0,100.0,15822.5092848142,0.0,1.97258496,514325.0,0.0,100.0,499459.0,5.0,13.150610640342432,9.669252042563537,3.045553498371086,19.44295921839304
1996.0,QAT,100.0,100.0,QAT,QAT,100.0,100.0,17124.7926054464,0.0,1.97258496,529019.0,0.0,100.0,514325.0,6.0,13.17877962701964,9.748340945589094,3.017638530707423,18.90291274982562
1997.0,QAT,100.0,100.0,QAT,QAT,100.0,100.0,20522.801449232,0.0,1.97258496,550500.0,0.0,100.0,529019.0,7.0,13.218582235144872,9.929340537937493,2.9908660903574713,18.1653042688465
1998.0,QAT,100.0,100.0,QAT,QAT,100.0,100.0,17665.4399446972,0.0,1.97258496,580540.0,0.0,100.0,550500.0,8.0,13.271713983861584,9.779422070464776,2.9531015749833767,17.225341923037174
1999.0,QAT,100.0,100.0,QAT,QAT,100.0,100.0,20233.6846826643,0.0,1.97258496,612500.0,0.0,100.0,580540.0,9.0,13.32530422140102,9.915153474419307,2.9028130389279054,16.3265306122449
2000.0,QAT,100.0,100.0,QAT,QAT,100.0,100.0,27535.182940934,0.0,1.97258496,644989.0,0.0,100.0,612500.0,10.0,13.376988541368918,10.223256162129644,2.852238888200721,15.504140380688662
2001.0,QAT,100.0,100.0,QAT,QAT,100.0,100.0,25870.7991864314,0.0,2.3197093,677925.0,0.0,100.0,644989.0,11.0,13.426791941334722,10.160908819975981,2.803611281591275,14.750894272965299
2002.0,QAT,100.0,100.0,QAT,QAT,100.0,100.0,27226.6593510117,0.0,2.46044064,711205.0,0.0,100.0,677925.0,12.0,13.474715993528322,10.211988623508667,2.7568971428956544,14.060643555655542
2003.0,QAT,100.0,100.0,QAT,QAT,100.0,100.0,31602.470865136,0.0,3.50257182,744682.0,0.0,100.0,711205.0,13.0,13.520712560599582,10.36102223104761,2.7120849542379806,13.428550710236047
2004.0,QAT,100.0,100.0,QAT,QAT,100.0,100.0,41035.5008380177,0.0,3.18311739,773332.0,0.0,100.0,744682.0,14.0,13.558463730834966,10.622217213978082,2.669208931860681,12.9310567776841
2005.0,QAT,100.0,100.0,QAT,QAT,100.0,100.0,53949.6764091147,0.0,2.56300044,825408.0,0.0,100.0,773332.0,15.0,13.623633088524063,10.895825508311386,2.6341206483517094,12.115220593936575
2006.0,QAT,100.0,100.0,QAT,QAT,100.0,100.0,62582.4453138755,0.0,2.288064,972831.0,0.0,100.0,825408.0,16.0,13.787965656462621,11.044256070259609,2.573773433149672,10.279277695714878
2007.0,QAT,100.0,100.0,QAT,QAT,100.0,100.0,65954.1146428814,6.222222222222222,2.07008052,1208595.0,0.0,100.0,972831.0,17.0,14.004969085883001,11.09672970848,2.4229672099518145,8.27407030477538
2008.0,QAT,100.0,100.0,QAT,QAT,100.0,100.0,80781.2113909506,12.444444444444445,1.63775349,1426938.0,0.0,100.0,1208595.0,18.0,14.17104144772252,11.299512064218694,2.2272223667875672,7.008012962020775
2009.0,QAT,100.0,100.0,QAT,QAT,100.0,100.0,60785.7351551657,18.666666666666668,2.38356304,1608903.0,6.222222222222222,100.0,1426938.0,19.0,14.291063138265395,11.015126872361293,2.0804426606455726,6.215415099605134
2010.0,QAT,100.0,100.0,QAT,QAT,100.0,100.0,77387.2936379616,24.88888888888889,1.87017763,1616832.0,12.444444444444445,100.0,1608903.0,20.0,14.295979237057773,11.256590803151566,1.976219723433687,6.18493448917389
2011.0,QAT,100.0,100.0,QAT,QAT,100.0,100.0,103261.510293068,31.11111111111111,1.599962,1624761.0,18.666666666666668,100.0,1616832.0,21.0,14.300871286006027,11.54502966854942,1.9719864017683206,6.1547513757408
2012.0,QAT,100.0,100.0,QAT,QAT,100.0,100.0,108470.378825036,37.333333333333336,1.74822152,1722438.0,24.88888888888889,100.0,1624761.0,22.0,14.359251287027659,11.594241627533043,1.9677766640805403,5.80572421184391
2013.0,QAT,100.0,100.0,QAT,QAT,100.0,100.0,103697.008372373,43.55555555555556,2.07620168,1916426.0,31.11111111111111,100.0,1722438.0,23.0,14.46597255100406,11.549238188366582,1.9177640539300376,5.218046509492148
2014.0,QAT,100.0,100.0,QAT,QAT,100.0,100.0,95840.6310094498,49.77777777777778,2.42293572,2151745.0,37.333333333333336,100.0,1916426.0,24.0,14.581789698819001,11.47045243124965,1.8274557914239868,4.64739083859844
2015.0,QAT,100.0,100.0,QAT,QAT,100.0,100.0,68985.2946961507,56.0,3.63581347,2344557.0,43.55555555555556,100.0,2151745.0,25.0,14.667607029436331,11.141663136258305,1.7311936400184413,4.2651980736659425
1990.0,ROU,100.0,2100.0,ROU,ROU,1800.0,2600.0,1648.48522974542,32.0,4.20876169,23201835.0,,,,0.0,16.959741928336292,7.408218536245654,,9.05100824999402
1991.0,ROU,500.0,2800.0,ROU,ROU,2400.0,3100.0,1254.3124421298,32.0,4.20876169,23001155.0,,2100.0,23201835.0,1.0,16.951054990023877,7.135139778453366,2.3076729528555204,12.173301732021718
1992.0,ROU,500.0,2700.0,ROU,ROU,2400.0,3000.0,1102.10378473246,32.0,4.20876169,22794284.0,32.0,2800.0,23001155.0,2.0,16.942020360739345,7.0058831079661505,2.578192185323689,11.845074844202168
1993.0,ROU,550.0,2400.0,ROU,ROU,2200.0,2800.0,1158.05632799712,32.0,4.20876169,22763280.0,32.0,2700.0,22794284.0,3.0,16.94065926931723,7.055361442673988,2.552960457263608,10.543296045209653
1994.0,ROU,590.0,2100.0,ROU,ROU,1800.0,2400.0,1323.03237766927,32.0,4.20876169,22730211.0,32.0,2400.0,22763280.0,4.0,16.939205478671695,7.188437190630932,2.446104839467511,9.238805570260654
1995.0,ROU,640.0,1200.0,ROU,ROU,960.0,1500.0,1650.04922365201,32.0,4.20876169,22684270.0,32.0,2100.0,22730211.0,5.0,16.937182290707888,7.409166257922694,2.326184969278743,5.290009332458131
1996.0,ROU,610.0,1000.0,ROU,ROU,820.0,1300.0,1633.01064354117,32.0,4.20876169,22619004.0,32.0,1200.0,22684270.0,6.0,16.93430099585258,7.398792789193819,1.8389625544088846,4.421061157246358
1997.0,ROU,600.0,880.0,ROU,ROU,690.0,1100.0,1577.33656023974,32.0,4.20876169,22553978.0,32.0,1000.0,22619004.0,7.0,16.931422016337166,7.364126761452454,1.6902915817578887,3.9017507244176617
1998.0,ROU,550.0,820.0,ROU,ROU,680.0,990.0,1852.5549693339,32.0,4.20876169,22507344.0,32.0,880.0,22553978.0,8.0,16.929352213917756,7.524860679196561,1.5895924320009411,3.6432552859191207
1999.0,ROU,500.0,750.0,ROU,ROU,640.0,880.0,1599.90622808339,32.0,4.20876169,22472040.0,32.0,820.0,22507344.0,9.0,16.927782427757514,7.37832514044027,1.535415690493996,3.3374807093615
2000.0,ROU,500.0,700.0,ROU,ROU,610.0,810.0,1659.92904910528,32.0,4.20876169,22442971.0,32.0,750.0,22472040.0,10.0,16.92648802735945,7.415132392930499,1.4672936978536353,3.1190166399983315
2001.0,ROU,500.0,680.0,ROU,ROU,600.0,780.0,1825.19299373184,38.0,4.37598133,22131970.0,32.0,700.0,22442971.0,11.0,16.912533727495877,7.509988747646482,1.4156144552608678,3.0724784101912306
2002.0,ROU,500.0,680.0,ROU,ROU,600.0,760.0,2119.85509684554,43.0,4.57694626,21730496.0,32.0,680.0,22131970.0,12.0,16.89422717755886,7.659574633911945,1.4042517601150584,3.1292428852061174
2003.0,ROU,500.0,690.0,ROU,ROU,610.0,770.0,2679.40626016154,44.0,5.37136793,21574326.0,38.0,680.0,21730496.0,13.0,16.88701455458484,7.893723651628873,1.4180940693942974,3.1982459150751685
2004.0,ROU,500.0,710.0,ROU,ROU,610.0,780.0,3494.99056448955,46.0,5.47733593,21451748.0,43.0,690.0,21574326.0,14.0,16.881316691859514,8.159372037827147,1.4346667987859372,3.309753592108205
2005.0,ROU,500.0,620.0,ROU,ROU,520.0,680.0,4618.00350802913,48.0,5.52778196,21319685.0,44.0,710.0,21451748.0,15.0,16.87514138229348,8.437934269908371,1.460880731276728,2.9081105091374475
2006.0,ROU,500.0,620.0,ROU,ROU,520.0,690.0,5757.53127301178,49.0,5.07106066,21193760.0,46.0,620.0,21319685.0,16.0,16.86921735669319,8.658437733850798,1.3630540114515206,2.925389359887061
2007.0,ROU,500.0,620.0,ROU,ROU,510.0,680.0,8360.33775916596,48.0,5.02223349,20882982.0,48.0,620.0,21193760.0,17.0,16.85444512687342,9.031373712316057,1.3674655462856058,2.9689246487881857
2008.0,ROU,500.0,620.0,ROU,ROU,500.0,690.0,10435.1561230787,49.0,5.02277184,20537875.0,49.0,620.0,20882982.0,18.0,16.837781300442764,9.253031606194421,1.378495188684503,3.0188128031746224
2009.0,ROU,500.0,620.0,ROU,ROU,500.0,690.0,8548.4543409242,50.0,5.27816248,20367487.0,48.0,620.0,20537875.0,19.0,16.829450412894975,9.05362274011929,1.3909865364212477,3.044067243052616
2010.0,ROU,500.0,620.0,ROU,ROU,500.0,700.0,8399.5374234284,52.0,5.63882685,20246871.0,49.0,620.0,20367487.0,20.0,16.823510821059088,9.036050961764408,1.3972509288767136,3.06220156191048
2011.0,ROU,500.0,610.0,ROU,ROU,500.0,690.0,9560.6755277458,53.0,4.47503996,20147528.0,50.0,620.0,20246871.0,21.0,16.81859215893043,9.165518255096991,1.4017250832738402,3.0276667192124016
2012.0,ROU,500.0,610.0,ROU,ROU,500.0,700.0,8929.95366231474,54.0,4.50939083,20058035.0,52.0,610.0,20147528.0,22.0,16.814140379568443,9.097278461260924,1.3931872304232589,3.0411752696612604
2013.0,ROU,500.0,630.0,ROU,ROU,500.0,740.0,9497.67411615237,59.0,5.2240696,19983693.0,53.0,610.0,20058035.0,23.0,16.810427148939663,9.158907501127487,1.3965355579994296,3.152570448315034
2014.0,ROU,500.0,650.0,ROU,ROU,520.0,770.0,10031.7710755404,62.0,5.0276823,19908979.0,54.0,630.0,19983693.0,24.0,16.80668139396204,9.213612121515931,1.423727527638956,3.264858534433132
2015.0,ROU,500.0,640.0,ROU,ROU,510.0,760.0,8977.01748158196,67.0,4.94292021,19815616.0,59.0,650.0,19908979.0,25.0,16.801980871683394,9.102534366497697,1.4504090114446853,3.229775950442318
1990.0,RUS,,,RUS,RUS,,,3494.06323242188,,5.01989794,147969406.0,,,,0.0,18.81251609414343,8.159106746756574,,
1991.0,RUS,,,RUS,RUS,,,3490.45239257813,,5.01989794,148394216.0,,,147969406.0,1.0,18.81538291219674,8.158073086958455,,
1992.0,RUS,,,RUS,RUS,,,3098.802734375,,5.01989794,148538197.0,,,148394216.0,2.0,18.81635270198715,8.039093754375923,,
1993.0,RUS,,,RUS,RUS,,,2930.67016601563,,5.01989794,148458777.0,,,148538197.0,3.0,18.815817881710544,7.983327562140913,,
1994.0,RUS,,,RUS,RUS,,,2662.10400390625,,5.01989794,148407912.0,,,148458777.0,4.0,18.815475202640222,7.887247640216995,,
1995.0,RUS,,,RUS,RUS,,,2665.77978515625,,5.01989794,148375787.0,,,148407912.0,5.0,18.815258715008092,7.888626950527779,,
1996.0,RUS,,,RUS,RUS,,,2643.92919921875,,5.01989794,148160129.0,,,148375787.0,6.0,18.81380419954211,7.8803995761529455,,
1997.0,RUS,,,RUS,RUS,,,2737.57202148438,,5.01989794,147915361.0,,,148160129.0,7.0,18.81215078300458,7.915191903488822,,
1998.0,RUS,,,RUS,RUS,,,1834.86181640625,,5.01989794,147670784.0,,,147915361.0,8.0,18.810495921571096,7.5152693049527155,,
1999.0,RUS,,,RUS,RUS,,,1330.75720214844,,5.01989794,147214776.0,,,147670784.0,9.0,18.807403139656053,7.194254553815854,,
2000.0,RUS,,,RUS,RUS,,,1771.59411621094,,5.01989794,146596869.0,,,147214776.0,10.0,18.803196989753555,7.480199354999985,,
2001.0,RUS,,,RUS,RUS,,,2100.3525390625,,5.24284792,145976482.0,,,146596869.0,11.0,18.7989560845057,7.650336482610119,,
2002.0,RUS,,,RUS,RUS,,,2377.52954101563,,5.52166557,145306497.0,,,145976482.0,12.0,18.794355841924887,7.774237735814393,,
2003.0,RUS,,,RUS,RUS,,,2975.123046875,,5.16368914,144648618.0,,,145306497.0,13.0,18.789818035244682,7.998376741494413,,
2004.0,RUS,,,RUS,RUS,,,4102.36474609375,,4.7603755,144067316.0,,,144648618.0,14.0,18.785791220531397,8.319562585906047,,
2005.0,RUS,,,RUS,RUS,,,5323.455078125,,4.77177477,143518814.0,,,144067316.0,15.0,18.78197669258398,8.580065652594794,,
2006.0,RUS,,,RUS,RUS,,,6920.19970703125,,4.76654387,143049637.0,,,143518814.0,16.0,18.7787022398829,8.842344401653309,,
2007.0,RUS,,,RUS,RUS,,,9101.2392578125,,4.74792528,142805114.0,,,143049637.0,17.0,18.776991419553443,9.11627573452121,,
2008.0,RUS,,,RUS,RUS,,,11635.2841796875,,4.90364122,142742366.0,,,142805114.0,18.0,18.776551926961808,9.361883441771965,,
2009.0,RUS,,,RUS,RUS,,,8562.82421875,,5.64392471,142785348.0,,,142742366.0,19.0,18.776852997563484,9.055302123897565,,
2010.0,RUS,,,RUS,RUS,,,10674.990234375,,4.97111797,142849468.0,,,142785348.0,20.0,18.77730196244791,9.275752595797039,,
2011.0,RUS,,,RUS,RUS,,,14305.33203125,,4.79491472,143018195.0,,,142849468.0,21.0,18.77848241789238,9.568457517629392,,
2012.0,RUS,,,RUS,RUS,,,15401.8515625,,4.93637276,143378447.0,,,143018195.0,22.0,18.780998174973107,9.642307937656643,,
2013.0,RUS,,,RUS,RUS,,,15941.4482421875,,5.08104849,143805638.0,,,143378447.0,23.0,18.783973209714905,9.676740531653657,,
2014.0,RUS,,,RUS,RUS,,,14055.47265625,,5.1820941,144237223.0,,,143805638.0,24.0,18.786969884039504,9.550838255955668,,
2015.0,RUS,,,RUS,RUS,,,9277.7138671875,,5.29604626,144640716.0,,,144237223.0,25.0,18.789763404817126,9.135478224277604,,
1990.0,RWA,4400.0,29000.0,RWA,RWA,21000.0,41000.0,345.773495139137,0.0,3.57583427,7375307.0,,,,0.0,15.813648086442416,5.848671815051262,,393.2039710346973
1991.0,RWA,5600.0,32000.0,RWA,RWA,25000.0,41000.0,253.966902025944,0.0,3.57583427,7526966.0,,29000.0,7375307.0,1.0,15.834002596934592,5.541133740757509,5.976868468322618,425.13809681085314
1992.0,RWA,7000.0,35000.0,RWA,RWA,29000.0,43000.0,264.083914517464,0.0,3.57583427,7683266.0,0.0,32000.0,7526966.0,2.0,15.854555275142937,5.580046434416951,6.054763464654827,455.53544547331825
1993.0,RWA,8600.0,35000.0,RWA,RWA,29000.0,42000.0,247.023318476014,0.0,3.57583427,7981132.0,0.0,35000.0,7683266.0,3.0,15.892590814002165,5.513522767857764,6.123666343183516,438.53428310670716
1994.0,RWA,8900.0,31000.0,RWA,RWA,26000.0,37000.0,110.953668251372,0.0,3.57583427,6792352.0,0.0,35000.0,7981132.0,4.0,15.731307831307683,4.718085109380403,6.0857157188764335,456.3956638289653
1995.0,RWA,7300.0,23000.0,RWA,RWA,20000.0,27000.0,227.971147849318,0.0,3.57583427,5674118.0,0.0,31000.0,6792352.0,5.0,15.55142569075083,5.433596003692215,6.12554880150213,405.3493423999994
1996.0,RWA,9000.0,23000.0,RWA,RWA,21000.0,26000.0,206.04911417485,0.0,3.57583427,6708764.0,0.0,23000.0,5674118.0,6.0,15.718925289297903,5.332956031667283,6.007213238888563,342.83513326746925
1997.0,RWA,12000.0,27000.0,RWA,RWA,24000.0,30000.0,238.749371368214,0.0,3.57583427,7755238.0,0.0,23000.0,6708764.0,7.0,15.86387904399935,5.47959409172972,5.840162278732459,348.151791086231
1998.0,RWA,14000.0,29000.0,RWA,RWA,26000.0,33000.0,246.154673288384,0.0,3.57583427,8081681.0,0.0,27000.0,7755238.0,8.0,15.905110453413466,5.510014348287063,5.855506759126319,358.83623716402565
1999.0,RWA,16000.0,27000.0,RWA,RWA,25000.0,30000.0,264.74368682977,0.0,3.57583427,8147912.0,0.0,29000.0,8081681.0,9.0,15.913272256074144,5.582532260890094,5.885649031186638,331.37324016263307
2000.0,RWA,17000.0,25000.0,RWA,RWA,23000.0,28000.0,251.86926386091,0.0,3.57583427,8213931.0,0.0,27000.0,8147912.0,10.0,15.921342173171174,5.53287261153675,5.806258554814704,304.3609691875912
2001.0,RWA,18000.0,25000.0,RWA,RWA,23000.0,27000.0,237.308846200901,0.0,3.31599975,8287094.0,0.0,25000.0,8213931.0,11.0,15.930209922834303,5.47356750553445,5.721494582349907,301.6739040247401
2002.0,RWA,19000.0,22000.0,RWA,RWA,20000.0,24000.0,234.043016755733,0.0,3.12787294,8400180.0,0.0,25000.0,8287094.0,12.0,15.943763692155382,5.459768547416943,5.71265600162331,261.89914978012376
2003.0,RWA,19000.0,19000.0,RWA,RWA,17000.0,21000.0,249.012274982252,0.0,6.92888737,8586875.0,0.0,22000.0,8400180.0,13.0,15.96574543266035,5.521510016585892,5.571770497725752,221.26792342965283
2004.0,RWA,19000.0,18000.0,RWA,RWA,17000.0,21000.0,269.540446333402,2.0,7.50856972,8816844.0,0.0,19000.0,8586875.0,14.0,15.99217454081975,5.600421611446786,5.403883516495121,204.1546839209132
2005.0,RWA,16000.0,17000.0,RWA,RWA,16000.0,20000.0,324.016863847189,8.0,7.71997023,9054528.0,0.0,18000.0,8816844.0,15.0,16.018775522043754,5.783877069744144,5.323764250316141,187.75136594640824
2006.0,RWA,13000.0,16000.0,RWA,RWA,14000.0,19000.0,352.093916578347,14.0,7.60511971,9299246.0,2.0,17000.0,9054528.0,16.0,16.04544387956789,5.86673407417745,5.240430624905112,172.05696031699773
2007.0,RWA,11000.0,14000.0,RWA,RWA,12000.0,17000.0,420.733580702508,19.0,7.86262226,9549933.0,8.0,16000.0,9299246.0,17.0,16.072044696725495,6.04437378931674,5.153620790694035,146.59788712653796
2008.0,RWA,9600.0,13000.0,RWA,RWA,11000.0,16000.0,522.288339420679,26.0,7.55971909,9804269.0,14.0,14000.0,9549933.0,18.0,16.098328461034228,6.260132630348852,4.9944915972030595,132.59530108772006
2009.0,RWA,8500.0,12000.0,RWA,RWA,9600.0,15000.0,556.97399621739,32.0,7.79951382,10060432.0,19.0,13000.0,9804269.0,19.0,16.124120664059795,6.324312359534465,4.894815088984912,119.27917210712224
2010.0,RWA,7600.0,11000.0,RWA,RWA,9400.0,15000.0,586.599950359877,37.0,8.08185482,10317553.0,26.0,12000.0,10060432.0,20.0,16.149357177499,6.376046359820272,4.789815475049768,106.61442688978676
2011.0,RWA,6700.0,9700.0,RWA,RWA,7600.0,13000.0,643.356138618166,41.0,7.93233776,10573733.0,32.0,11000.0,10317553.0,21.0,16.173883464844014,6.468251583527176,4.678554717641275,91.73675938289722
2012.0,RWA,6000.0,9400.0,RWA,RWA,7400.0,13000.0,697.760143509565,47.0,8.1021471,10829901.0,37.0,9700.0,10573733.0,22.0,16.197821477661154,6.549307541014484,4.529764935317395,86.79673064416747
2013.0,RWA,5400.0,9100.0,RWA,RWA,7200.0,12000.0,695.397140963607,52.0,6.77388763,11093340.0,41.0,9400.0,10829901.0,23.0,16.22185548621053,6.545920102434152,4.475024263548775,82.03120070240342
2014.0,RWA,4900.0,7500.0,RWA,RWA,5900.0,11000.0,715.36808783393,58.0,6.98448992,11364757.0,47.0,9100.0,11093340.0,24.0,16.246027633605966,6.574194124015622,4.4192164492365045,65.99349198579434
2015.0,RWA,4500.0,6900.0,RWA,RWA,5300.0,10000.0,725.691418696952,64.0,6.65061283,11640022.0,52.0,7500.0,11364757.0,25.0,16.269959890300143,6.588501928961912,4.204595480132718,59.27823847755614
1990.0,SAU,200.0,500.0,SAU,SAU,500.0,630.0,11054.7495049666,15.0,4.2115941,10640691.0,,,,0.0,16.18019598337805,9.310705888819394,,4.698942953986729
1991.0,SAU,200.0,560.0,SAU,SAU,500.0,710.0,11847.1699534218,15.0,4.2115941,11160744.0,,500.0,10640691.0,1.0,16.227913179361984,9.379928700326674,1.7402807109741498,5.017586641177327
1992.0,SAU,200.0,640.0,SAU,SAU,520.0,780.0,11730.2687665244,15.0,4.2115941,11686676.0,15.0,560.0,11160744.0,2.0,16.27395994741985,9.370013100037271,1.7946862887729038,5.476321924215235
1993.0,SAU,200.0,700.0,SAU,SAU,590.0,830.0,10884.8607880777,15.0,4.2115941,12215862.0,15.0,640.0,11686676.0,3.0,16.31824582915668,9.295220050751224,1.8681527449281152,5.730254647604893
1994.0,SAU,500.0,770.0,SAU,SAU,650.0,880.0,10601.9196697805,15.0,4.2115941,12750040.0,15.0,700.0,12215862.0,4.0,16.36104496681869,9.268884682718706,1.9066129806235572,6.039196739774934
1995.0,SAU,500.0,810.0,SAU,SAU,720.0,920.0,10786.4008952769,15.0,4.2115941,13289245.0,15.0,770.0,12750040.0,5.0,16.4024656194444,9.286134148353135,1.9514940641963243,6.095154389884452
1996.0,SAU,500.0,820.0,SAU,SAU,730.0,910.0,11471.5045960191,15.0,4.2115941,13831009.0,15.0,810.0,13289245.0,6.0,16.442423658318802,9.347708546880728,1.9594120707536107,5.928707009011418
1997.0,SAU,500.0,790.0,SAU,SAU,690.0,880.0,11545.3455998551,15.0,4.2115941,14374943.0,15.0,820.0,13831009.0,7.0,16.480997179422435,9.354124267604499,1.9356732170075936,5.495673965455028
1998.0,SAU,500.0,740.0,SAU,SAU,600.0,840.0,9836.05729768574,15.0,4.2115941,14922185.0,15.0,790.0,14374943.0,8.0,16.518359589738647,9.193911890207163,1.8711364115528666,4.959059279857474
1999.0,SAU,500.0,650.0,SAU,SAU,500.0,770.0,10452.1899400479,15.0,4.2115941,15472075.0,15.0,740.0,14922185.0,9.0,16.554547344129855,9.254662468232242,1.784912629669292,4.201117174005426
2000.0,SAU,500.0,540.0,SAU,SAU,500.0,670.0,11714.5623675159,15.0,4.2115941,16177722.0,15.0,650.0,15472075.0,10.0,16.599145668582498,9.368673353845725,1.6488734436672152,3.3379235964124
2001.0,SAU,500.0,500.0,SAU,SAU,500.0,570.0,10805.311325122,17.0,4.46173573,17041397.0,15.0,540.0,16177722.0,11.0,16.65115605957305,9.28788562438341,1.4673957996198874,2.9340317580771105
2002.0,SAU,500.0,500.0,SAU,SAU,200.0,500.0,10586.0543471363,19.0,4.2493763,17910910.0,15.0,500.0,17041397.0,12.0,16.700920582349703,9.267387245714193,1.3696647926534267,2.7915946202621753
2003.0,SAU,500.0,500.0,SAU,SAU,200.0,500.0,11487.220410693,22.0,3.97909737,18786767.0,17.0,500.0,17910910.0,13.0,16.748663296979522,9.34907747727152,1.3327866747388422,2.66144781590148
2004.0,SAU,500.0,200.0,SAU,SAU,100.0,500.0,13154.4978989446,24.0,3.58400965,19669480.0,19.0,500.0,18786767.0,14.0,16.794578753818545,9.484595041404644,1.2978586473080382,1.0168036979116886
2005.0,SAU,500.0,100.0,SAU,SAU,100.0,200.0,15975.7473782258,27.0,3.4186728,20559890.0,22.0,200.0,19669480.0,15.0,16.838852648342375,9.678889655312519,0.7015139304438828,0.4863839252058255
2006.0,SAU,500.0,100.0,SAU,SAU,100.0,100.0,17563.6145370639,30.0,3.61922002,21459144.0,24.0,100.0,20559890.0,16.0,16.881661406207247,9.773641619515432,0.39634627443730236,0.46600181256065015
2007.0,SAU,500.0,100.0,SAU,SAU,100.0,100.0,18596.1502627898,33.0,3.56229162,22368313.0,27.0,100.0,21459144.0,17.0,16.923155917122347,9.830763636285218,0.3825388398625018,0.4470609830969372
2008.0,SAU,500.0,100.0,SAU,SAU,100.0,100.0,22320.4888964331,36.0,2.97100711,23287877.0,30.0,100.0,22368313.0,18.0,16.963443482703507,10.013305121099886,0.36953459126504973,0.42940797050757357
2009.0,SAU,500.0,100.0,SAU,SAU,100.0,100.0,17718.3911648365,38.0,4.29042768,24217654.0,33.0,100.0,23287877.0,19.0,17.002592429300343,9.782414864925261,0.35726035190934613,0.41292191225458913
2010.0,SAU,500.0,100.0,SAU,SAU,100.0,200.0,22028.3901426586,39.0,3.64786148,23978487.0,36.0,100.0,24217654.0,20.0,16.992667611327914,10.000132756374558,0.34565983837811365,0.417040491337089
2011.0,SAU,500.0,200.0,SAU,SAU,200.0,200.0,27126.7498747702,40.0,3.68218255,25091867.0,38.0,100.0,23978487.0,21.0,17.038054327690542,10.208312463576084,0.34857053569694985,0.7970710190676524
2012.0,SAU,500.0,200.0,SAU,SAU,200.0,200.0,28733.4375513452,41.0,3.98779845,26168861.0,39.0,200.0,25091867.0,22.0,17.080080750441095,10.265851597106469,0.5861581279262525,0.764267118847855
2013.0,SAU,500.0,200.0,SAU,SAU,200.0,500.0,27865.465604962,43.0,4.42293596,27624004.0,40.0,200.0,26168861.0,23.0,17.13419566285358,10.235179295245711,0.5677353740388348,0.7240080040532865
2014.0,SAU,500.0,500.0,SAU,SAU,200.0,500.0,27805.4850319422,49.0,5.15800905,28309273.0,41.0,200.0,27624004.0,24.0,17.158699976786604,10.233024547004751,0.5446518149530479,1.7662057234744248
2015.0,SAU,500.0,500.0,SAU,SAU,500.0,500.0,23256.1549553531,58.0,5.8620224,29816382.0,43.0,500.0,28309273.0,25.0,17.210568531972225,10.054368103688443,1.0174766062810263,1.6769304874078954
1990.0,SDN,500.0,1400.0,SDN,SDN,900.0,2300.0,1257.1875,0.0,3.60664487,22021481.0,,,,0.0,16.90752894403621,7.137427472259047,,6.357428912251633
1991.0,SDN,500.0,1600.0,SDN,SDN,1000.0,2500.0,1617.55676269531,0.0,3.60664487,22470676.0,,1400.0,22021481.0,1.0,16.927721728266167,7.389290143925438,1.9957105391354408,7.120391037635004
1992.0,SDN,500.0,1800.0,SDN,SDN,1200.0,2800.0,252.610092163086,0.0,3.60664487,22927355.0,0.0,1600.0,22470676.0,2.0,16.947841297112173,5.5357980173670125,2.0943783103582714,7.850883802340043
1993.0,SDN,500.0,1900.0,SDN,SDN,1300.0,2800.0,312.693908691406,0.0,3.60664487,23445592.0,0.0,1800.0,22927355.0,3.0,16.97019306077351,5.748417697384283,2.180517318704885,8.103868735752119
1994.0,SDN,570.0,1900.0,SDN,SDN,1400.0,2800.0,439.420806884766,0.0,3.60664487,24043948.0,0.0,1900.0,23445592.0,4.0,16.99539388043714,6.087730649156578,2.2086994589751225,7.9021964279743075
1995.0,SDN,660.0,2100.0,SDN,SDN,1500.0,2800.0,462.585235595703,0.0,3.60664487,24672143.0,0.0,1900.0,24043948.0,5.0,17.021185351372495,6.138990263667052,2.18629803595057,8.511623818003972
1996.0,SDN,760.0,2000.0,SDN,SDN,1500.0,2800.0,294.826965332031,0.0,3.60664487,25231528.0,0.0,2100.0,24672143.0,6.0,17.043604881605425,5.689774706811576,2.252514610457144,7.92659089057151
1997.0,SDN,850.0,2200.0,SDN,SDN,1600.0,2900.0,373.09375,0.0,3.60664487,25799821.0,0.0,2000.0,25231528.0,7.0,17.065878111883283,5.924506434451644,2.1890345628253,8.527190944464305
1998.0,SDN,950.0,2300.0,SDN,SDN,1800.0,3100.0,350.702880859375,0.0,3.60664487,26458999.0,0.0,2200.0,25799821.0,8.0,17.091106885247655,5.862786730687148,2.2541499149783246,8.692694685842046
1999.0,SDN,1100.0,2500.0,SDN,SDN,1900.0,3200.0,324.659606933594,0.0,3.60664487,27130613.0,0.0,2300.0,26458999.0,9.0,17.116173279293232,5.785852685351356,2.2713724765971817,9.214683059317531
2000.0,SDN,1200.0,2500.0,SDN,SDN,2000.0,3300.0,362.116882324219,0.0,3.60664487,27816745.0,0.0,2500.0,27130613.0,10.0,17.141148735457563,5.894724772311118,2.3238262008002337,8.98739230632484
2001.0,SDN,1300.0,2500.0,SDN,SDN,2000.0,3300.0,451.293304443359,0.0,3.36456871,28516770.0,0.0,2500.0,27816745.0,11.0,17.166002893239725,6.114330873021052,2.3013235281881843,8.766771271781481
2002.0,SDN,1400.0,2500.0,SDN,SDN,2000.0,3400.0,506.262634277344,0.0,3.30010891,29228727.0,0.0,2500.0,28516770.0,12.0,17.190662584992968,6.2290288857931655,2.278985937718868,8.553229157054975
2003.0,SDN,1400.0,2600.0,SDN,SDN,2000.0,3400.0,580.320251464844,0.0,3.89187932,29896035.0,0.0,2500.0,29228727.0,13.0,17.21323642087195,6.3653018123334695,2.2568792289678163,8.696805445939571
2004.0,SDN,1500.0,2600.0,SDN,SDN,2000.0,3400.0,705.113342285156,0.0,4.15593481,30556637.0,0.0,2600.0,29896035.0,14.0,17.235092470395593,6.5597757660882285,2.2717964957963543,8.508789759815519
2005.0,SDN,1500.0,2600.0,SDN,SDN,2000.0,3400.0,905.543640136719,0.0,4.09418154,31262444.0,0.0,2600.0,30556637.0,15.0,17.25792806288292,6.809639170389396,2.252216608713088,8.31668822821402
2006.0,SDN,1500.0,2600.0,SDN,SDN,2000.0,3400.0,1132.474609375,0.0,4.88544321,31992435.0,0.0,2600.0,31262444.0,16.0,17.28101002656564,7.033043069498195,2.231807225228784,8.126921254977935
2007.0,SDN,1500.0,2600.0,SDN,SDN,2000.0,3500.0,1444.37219238281,0.0,5.66269159,32764135.0,0.0,2600.0,31992435.0,17.0,17.304845029985163,7.276122139963669,2.211228425797065,7.935506308956424
2008.0,SDN,1600.0,2500.0,SDN,SDN,1900.0,3400.0,1527.58239746094,5.0,5.42313576,33623980.0,0.0,2600.0,32764135.0,18.0,17.330750060853685,7.332096047277964,2.190032812809686,7.435169780614906
2009.0,SDN,1500.0,2800.0,SDN,SDN,2200.0,3700.0,1178.22180175781,8.0,6.39496326,34569113.0,0.0,2500.0,33623980.0,19.0,17.35847115348359,7.0726100098647455,2.1324098439062005,8.099716067346014
2010.0,SDN,1500.0,2900.0,SDN,SDN,2200.0,3900.0,1305.63598632813,8.0,5.05810165,35414399.0,5.0,2800.0,34569113.0,20.0,17.382629046815502,7.175211163989822,2.208243211645483,8.188759605944464
2011.0,SDN,1600.0,3000.0,SDN,SDN,2300.0,4000.0,1332.6572265625,9.0,5.61579561,36140806.0,8.0,2900.0,35414399.0,21.0,17.40293314503794,7.195680241855526,2.217980955108358,8.300866339284187
2012.0,SDN,1700.0,3000.0,SDN,SDN,2200.0,4000.0,1019.22210693359,9.0,5.68827009,36923178.0,8.0,3000.0,36140806.0,22.0,17.424350041900926,6.92777563446949,2.2301075505823156,8.124977757873387
2013.0,SDN,1800.0,3100.0,SDN,SDN,2300.0,4300.0,1138.62780761719,12.0,6.96487474,37785849.0,9.0,3000.0,36923178.0,23.0,17.447445225418353,7.038457003534534,2.211015461972257,8.204129540664814
2014.0,SDN,1800.0,3300.0,SDN,SDN,2400.0,4600.0,1275.43835449219,13.0,5.67619705,38823318.0,9.0,3100.0,37785849.0,24.0,17.47453160345916,7.15182894291235,2.219652246461822,8.500046286615689
2015.0,SDN,1900.0,3500.0,SDN,SDN,2600.0,5000.0,1292.37963867188,14.0,5.81112576,40024431.0,12.0,3300.0,38823318.0,25.0,17.505000600631075,7.165013946405108,2.2512966708699613,8.744658980910934
1990.0,SEN,500.0,1600.0,SEN,SEN,1500.0,1700.0,957.314337438177,0.0,3.55015373,7720523.0,,,,0.0,15.859392665820284,6.865175842563245,,20.7239846316111
1991.0,SEN,500.0,2000.0,SEN,SEN,1900.0,2200.0,913.399575796737,0.0,3.55015373,7943085.0,,1600.0,7720523.0,1.0,15.887812296804391,6.818267648566164,3.0784169327340822,25.179133800028577
1992.0,SEN,500.0,2600.0,SEN,SEN,2500.0,2800.0,951.204960087807,0.0,3.55015373,8168395.0,0.0,2000.0,7943085.0,2.0,15.915782997108876,6.858780305828774,3.2649626736100417,31.829998426863536
1993.0,SEN,590.0,3100.0,SEN,SEN,2900.0,3400.0,877.52900343803,0.0,3.55015373,8396288.0,0.0,2600.0,8168395.0,3.0,15.943300261382953,6.778248921809588,3.4913426835958496,36.9210775047259
1994.0,SEN,730.0,3600.0,SEN,SEN,3400.0,3900.0,583.782776032181,0.0,3.55015373,8624078.0,0.0,3100.0,8396288.0,4.0,15.970068616616915,6.3712404552524795,3.635507092192133,41.743592764351156
1995.0,SEN,900.0,4300.0,SEN,SEN,4000.0,4600.0,714.994396357297,0.0,3.55015373,8848101.0,0.0,3600.0,8624078.0,5.0,15.995713417688144,6.5736723406133954,3.755219307292828,48.59799859879538
1996.0,SEN,1100.0,4900.0,SEN,SEN,4700.0,5400.0,723.469950081149,0.0,3.55015373,9067014.0,0.0,4300.0,8848101.0,6.0,16.02015355068788,6.585440284131952,3.9039504820860267,54.042047359803355
1997.0,SEN,1300.0,5700.0,SEN,SEN,5500.0,6300.0,650.776321407448,0.0,3.55015373,9283495.0,0.0,4900.0,9067014.0,7.0,16.043748650239547,6.479701437740282,4.008097390604118,61.39928981488114
1998.0,SEN,1600.0,6300.0,SEN,SEN,6000.0,6900.0,684.588105785786,0.0,3.55015373,9502952.0,0.0,5700.0,9283495.0,8.0,16.067113045144183,6.5302770185125825,4.1335538941388394,66.29518911597154
1999.0,SEN,1900.0,6700.0,SEN,SEN,6400.0,7300.0,677.516338727268,0.0,3.55015373,9730887.0,0.0,6300.0,9502952.0,9.0,16.090815611363873,6.519908559644191,4.209088749934669,68.85292162985759
2000.0,SEN,2200.0,6600.0,SEN,SEN,6300.0,7200.0,603.233162455158,0.0,3.55015373,9968260.0,0.0,6700.0,9730887.0,10.0,16.114916603136297,6.403960153999088,4.246391912027344,66.21015101933537
2001.0,SEN,2400.0,5900.0,SEN,SEN,5700.0,6500.0,637.213530563724,0.0,3.68148756,10212942.0,0.0,6600.0,9968260.0,11.0,16.13916629750759,6.458672914753411,4.207824292956516,57.76983752575898
2002.0,SEN,2700.0,5200.0,SEN,SEN,5000.0,5700.0,669.430447319209,0.0,3.95294404,10466214.0,0.0,5900.0,10212942.0,12.0,16.16366291286749,6.507919964782166,4.073628756042875,49.6836774023539
2003.0,SEN,3000.0,4500.0,SEN,SEN,4300.0,4900.0,817.888034221442,0.0,4.29703569,10721176.0,0.0,5200.0,10466214.0,13.0,16.187731409082698,6.707947364155028,3.9256039140350607,41.9730074387362
2004.0,SEN,3200.0,3900.0,SEN,SEN,3700.0,4300.0,918.102079522155,0.0,4.56856203,10975704.0,0.0,4500.0,10721176.0,14.0,16.211194660654133,6.82339719292505,3.7605721846032147,35.53302822306433
2005.0,SEN,3400.0,3500.0,SEN,SEN,3300.0,3900.0,979.846101520171,0.0,3.67466521,11235472.0,0.0,3900.0,10975704.0,15.0,16.23458647429009,6.888415568074206,3.598216734252473,31.151339258377394
2006.0,SEN,3500.0,3300.0,SEN,SEN,3100.0,3600.0,1017.20196747987,1.0,3.76337624,11500094.0,0.0,3500.0,11235472.0,16.0,16.257865767213115,6.925793573778164,3.4704541063751906,28.69541762006467
2007.0,SEN,2600.0,2800.0,SEN,SEN,2600.0,3100.0,1188.93877808175,18.0,3.41496587,11770344.0,0.0,3300.0,11500094.0,17.0,16.28109370565728,7.081657137792007,3.390992745018188,23.788599551550917
2008.0,SEN,1900.0,2300.0,SEN,SEN,2200.0,2600.0,1398.79218010021,21.0,3.50687575,12048959.0,1.0,2800.0,11770344.0,18.0,16.30448882412761,7.244079061799065,3.210383851976588,19.088786010476092
2009.0,SEN,1700.0,2200.0,SEN,SEN,2100.0,2500.0,1308.69404336205,25.0,3.841573,12337389.0,18.0,2300.0,12048959.0,19.0,16.328144965722913,7.1775488342315965,3.0001617494488144,17.831974010059987
2010.0,SEN,1700.0,2200.0,SEN,SEN,2000.0,2500.0,1275.88357492357,28.0,4.02764368,12635413.0,21.0,2200.0,12337389.0,20.0,16.352013985250835,7.1521776811037725,2.9355561704224478,17.411381804457044
2011.0,SEN,1800.0,2100.0,SEN,SEN,1900.0,2400.0,1374.67591873844,31.0,4.21416712,12958897.0,25.0,2200.0,12635413.0,21.0,16.377293137241818,7.22670046658047,2.9129690497046496,16.205082886298115
2012.0,SEN,1900.0,1900.0,SEN,SEN,1700.0,2200.0,1326.83798848379,29.0,4.26688004,13310495.0,28.0,2100.0,12958897.0,22.0,16.404063379762405,7.191307325970533,2.8452048568082033,14.274450349141787
2013.0,SEN,1900.0,1600.0,SEN,SEN,1400.0,1900.0,1379.83196553924,33.0,4.38573599,13710849.0,31.0,1900.0,13310495.0,23.0,16.433697975222938,7.23044147007514,2.7261815207206586,11.669590993234628
2014.0,SEN,1900.0,1600.0,SEN,SEN,1400.0,1900.0,1398.89137601382,40.0,4.38962269,14152102.0,29.0,1600.0,13710849.0,24.0,16.465373722257628,7.244149924031645,2.539204712299331,11.305741012889817
2015.0,SEN,1700.0,1500.0,SEN,SEN,1300.0,1800.0,1218.00613555438,46.0,4.37789631,14593331.0,33.0,1600.0,14152102.0,25.0,16.496075201500506,7.1057911627371695,2.510065902500365,10.278667701020417
1990.0,SGP,100.0,100.0,SGP,SGP,100.0,100.0,11861.7561591366,8.0,3.343364,3047132.0,,,,0.0,14.929711378329145,9.381159036711303,,3.2817744685822605
1991.0,SGP,100.0,100.0,SGP,SGP,100.0,100.0,14502.3799938606,8.0,3.343364,3135083.0,,100.0,3047132.0,1.0,14.9581662069778,9.582137004269246,1.454367519135899,3.1897082150616107
1992.0,SGP,100.0,100.0,SGP,SGP,100.0,100.0,16136.2405377661,8.0,3.343364,3230698.0,8.0,100.0,3135083.0,2.0,14.988208770924006,9.688884956808204,1.432631093099063,3.0953063393731015
1993.0,SGP,100.0,100.0,SGP,SGP,100.0,100.0,18290.130113185,8.0,3.343364,3313471.0,8.0,100.0,3230698.0,3.0,15.013506838397273,9.81417152805918,1.4098415226567622,3.017983256832488
1994.0,SGP,100.0,100.0,SGP,SGP,100.0,100.0,21552.4100366948,8.0,3.343364,3419048.0,8.0,100.0,3313471.0,4.0,15.044872707715637,9.978289321375232,1.3907800993438633,2.924790760468996
1995.0,SGP,100.0,200.0,SGP,SGP,100.0,200.0,24914.8507020358,8.0,3.343364,3524506.0,8.0,100.0,3419048.0,5.0,15.075250842563749,10.123259454304222,1.3673130403787226,5.6745541077246004
1996.0,SGP,100.0,200.0,SGP,SGP,200.0,200.0,26232.866096827,8.0,3.343364,3670704.0,8.0,200.0,3524506.0,6.0,15.115894027247652,10.174806454177686,1.8983024017141872,5.448546109956019
1997.0,SGP,100.0,200.0,SGP,SGP,200.0,200.0,26375.8653668113,8.0,3.343364,3796038.0,8.0,200.0,3670704.0,7.0,15.149468449199258,10.180242593085497,1.8638546960900402,5.268651156811391
1998.0,SGP,100.0,200.0,SGP,SGP,200.0,200.0,21829.2737831583,8.0,3.343364,3927213.0,8.0,200.0,3796038.0,8.0,15.183440571966987,9.991052991066733,1.8355612049964432,5.092670043616173
1999.0,SGP,100.0,200.0,SGP,SGP,200.0,500.0,21796.6373891001,8.0,3.343364,3958723.0,8.0,200.0,3927213.0,9.0,15.191432056477026,9.989556866257223,1.8070864164463554,5.052134236217083
2000.0,SGP,100.0,500.0,SGP,SGP,200.0,500.0,23852.8389514753,8.0,3.343364,4027887.0,8.0,200.0,3958723.0,10.0,15.208752478802452,10.07970044568945,1.8004109761522156,12.413456484752428
2001.0,SGP,100.0,500.0,SGP,SGP,500.0,500.0,21699.7414868907,8.0,3.16302657,4138012.0,8.0,500.0,4027887.0,11.0,15.235726037235088,9.985101708847571,2.596258418350046,12.083096907403846
2002.0,SGP,100.0,500.0,SGP,SGP,500.0,500.0,22159.8373710639,9.0,3.358464,4175950.0,8.0,500.0,4138012.0,12.0,15.244852435292856,10.006081927650174,2.5713210846253487,11.97332343538596
2003.0,SGP,100.0,500.0,SGP,SGP,500.0,500.0,23730.3840054566,10.0,3.60699272,4114826.0,8.0,500.0,4175950.0,13.0,15.230107106873662,10.074553670757178,2.56289520570382,12.151182091296207
2004.0,SGP,100.0,500.0,SGP,SGP,500.0,500.0,27608.080013423,10.0,3.15019798,4166664.0,9.0,500.0,4114826.0,14.0,15.242626273604214,10.225899983594802,2.5765116474578873,12.000007680004915
2005.0,SGP,100.0,500.0,SGP,SGP,500.0,500.0,29961.3172812732,14.0,3.03367925,4265762.0,10.0,500.0,4166664.0,15.0,15.266131386489933,10.30769578047701,2.564949948230971,11.721235268165453
2006.0,SGP,100.0,500.0,SGP,SGP,500.0,500.0,33768.4528234651,20.0,2.9347465,4401365.0,10.0,500.0,4265762.0,16.0,15.297425278050687,10.42731191021207,2.5432726654740425,11.360112147027115
2007.0,SGP,100.0,500.0,SGP,SGP,500.0,500.0,39432.8860198877,28.0,2.83749056,4588599.0,14.0,500.0,4401365.0,17.0,15.33908530668678,10.58238077692004,2.5144745253724525,10.89657213454477
2008.0,SGP,100.0,500.0,SGP,SGP,500.0,500.0,40008.5720489092,36.0,3.19488454,4839396.0,20.0,500.0,4588599.0,18.0,15.392300477517042,10.596874005690832,2.4762503027008007,10.331867861195901
2009.0,SGP,100.0,500.0,SGP,SGP,500.0,510.0,38926.8054365453,46.0,3.39370513,4987573.0,28.0,500.0,4839396.0,19.0,15.422459976664621,10.569464066977144,2.4276189212221952,10.024915926042587
2010.0,SGP,100.0,500.0,SGP,SGP,500.0,530.0,47236.683084953,50.0,3.1982615,5076732.0,36.0,500.0,4987573.0,20.0,15.44017830545726,10.762947223489407,2.400157795548059,9.848855523592738
2011.0,SGP,100.0,500.0,SGP,SGP,500.0,540.0,53891.4570264372,56.0,3.1539185,5183688.0,46.0,500.0,5076732.0,21.0,15.461027330017862,10.894745803253148,2.3840595927263615,9.645642253160299
2012.0,SGP,100.0,500.0,SGP,SGP,500.0,540.0,55547.5553077786,61.0,3.32392788,5312437.0,50.0,500.0,5183688.0,22.0,15.485561233320963,10.925012787668896,2.3651506303122156,9.411876319662708
2013.0,SGP,100.0,500.0,SGP,SGP,500.0,530.0,56967.4257940383,66.0,3.68225336,5399162.0,56.0,500.0,5312437.0,23.0,15.50175431430685,10.950252459900955,2.3429471084277593,9.260696382142266
2014.0,SGP,100.0,500.0,SGP,SGP,500.0,520.0,57564.8023114977,72.0,3.87132597,5469724.0,61.0,500.0,5399162.0,24.0,15.514738716086773,10.960683960498656,2.3283207109424664,9.141229063843074
2015.0,SGP,100.0,500.0,SGP,SGP,500.0,500.0,55645.6068614606,75.0,4.18061399,5535002.0,66.0,500.0,5469724.0,25.0,15.526602485461757,10.92677638200489,2.3166092002697445,9.033420403461463
1990.0,SLB,100.0,100.0,SLB,SLB,100.0,100.0,648.325212624098,,4.82778931,331435.0,,,,0.0,12.711186990950793,6.4759336892304455,,30.1718285636701
1991.0,SLB,100.0,100.0,SLB,SLB,100.0,100.0,665.833104132659,,4.82778931,341738.0,,100.0,331435.0,1.0,12.741799640582729,6.502539795914038,3.4395147562764086,29.26218331002113
1992.0,SLB,100.0,100.0,SLB,SLB,100.0,100.0,763.857968549522,,4.82778931,352205.0,,100.0,341738.0,2.0,12.771968671422746,6.639690154562439,3.4098988574434936,28.392555471955255
1993.0,SLB,100.0,100.0,SLB,SLB,100.0,100.0,828.869997791691,,4.82778931,362839.0,,100.0,352205.0,3.0,12.801714488689365,6.721269059356377,3.380741427040627,27.560433139767227
1994.0,SLB,100.0,100.0,SLB,SLB,100.0,100.0,1078.0410925874,,4.82778931,373675.0,,100.0,362839.0,4.0,12.831141714654015,6.983828048487918,3.3520223033146177,26.761222987890548
1995.0,SLB,100.0,100.0,SLB,SLB,100.0,100.0,1220.17919311126,,4.82778931,384733.0,,100.0,373675.0,5.0,12.860304866189548,7.107572222647493,3.3236401904279234,25.99205163061136
1996.0,SLB,100.0,100.0,SLB,SLB,100.0,100.0,1289.33036923435,,4.82778931,396009.0,,100.0,384733.0,6.0,12.889192217251084,7.162653564749331,3.295542438613407,25.251951344540146
1997.0,SLB,100.0,100.0,SLB,SLB,100.0,100.0,1292.23951946469,,4.82778931,407474.0,,100.0,396009.0,7.0,12.91773240594653,7.164905604821937,3.2677403232096425,24.54144313502211
1998.0,SLB,100.0,100.0,SLB,SLB,100.0,100.0,1091.89096889326,,4.82778931,419071.0,,100.0,407474.0,8.0,12.94579563562305,6.99658172921474,3.2403023539032008,23.86230495548487
1999.0,SLB,100.0,100.0,SLB,SLB,100.0,100.0,1133.62256531791,,4.82778931,430500.0,,100.0,419071.0,9.0,12.972702602849923,7.034055333041171,3.2133527992216115,23.228803716608596
2000.0,SLB,100.0,100.0,SLB,SLB,100.0,100.0,953.17190137706,,4.82778931,440469.0,,100.0,430500.0,10.0,12.995595347307617,6.8608438453387,3.1875421616165553,22.703073315034654
2001.0,SLB,100.0,100.0,SLB,SLB,100.0,100.0,911.791935385411,,6.60712814,449125.0,,100.0,440469.0,11.0,13.01505652441582,6.816507963479708,3.1656047154737723,22.26551628165878
2002.0,SLB,100.0,100.0,SLB,SLB,100.0,100.0,756.890296490792,,10.10627556,457671.0,,100.0,449125.0,12.0,13.033905864354727,6.630538647583617,3.1469722763961334,21.849756702959112
2003.0,SLB,100.0,100.0,SLB,SLB,100.0,100.0,895.984242546501,,7.07724714,466154.0,,100.0,457671.0,13.0,13.05227133061691,6.799038295066706,3.1289404697106225,21.452138134607875
2004.0,SLB,100.0,100.0,SLB,SLB,100.0,100.0,986.070953503889,,7.72556639,474611.0,,100.0,466154.0,14.0,13.070250800127766,6.894741924898179,3.11138584950214,21.069886707219176
2005.0,SLB,100.0,100.0,SLB,SLB,100.0,100.0,1144.49233397681,,9.01794529,483080.0,,100.0,474611.0,15.0,13.087937550389311,7.043589809576796,3.0942140869169634,20.700505092324253
2006.0,SLB,100.0,100.0,SLB,SLB,100.0,100.0,1255.62447417684,,8.00802231,491594.0,,100.0,483080.0,16.0,13.105408451554784,7.136184416284705,3.0773355364195036,20.34198952794379
2007.0,SLB,100.0,100.0,SLB,SLB,100.0,100.0,1390.14870956707,,7.18583059,500156.0,,100.0,491594.0,17.0,13.12267532874245,7.23788509459669,3.060676471515956,19.993761946272762
2008.0,SLB,100.0,100.0,SLB,SLB,100.0,100.0,1525.84666261203,,5.50656271,508790.0,,100.0,500156.0,18.0,13.139790636726856,7.330959882764567,3.0442253434177924,19.65447434108375
2009.0,SLB,100.0,100.0,SLB,SLB,100.0,100.0,1554.70671006386,,6.6096673,518141.0,,100.0,508790.0,19.0,13.158002684973912,7.349685197295743,3.0279319710493944,19.29976589383971
2010.0,SLB,100.0,100.0,SLB,SLB,100.0,100.0,1685.14535823757,,4.66862011,532968.0,,100.0,518141.0,20.0,13.186216663822206,7.430200349695793,3.0106093536580767,18.76285255399949
2011.0,SLB,100.0,100.0,SLB,SLB,100.0,100.0,1924.05795643133,,5.03008652,552945.0,,100.0,532968.0,21.0,13.223013818053726,7.562711353505725,2.983804041921034,18.08498132725678
2012.0,SLB,100.0,100.0,SLB,SLB,100.0,100.0,2066.25738638356,,4.88045692,573606.0,,100.0,552945.0,22.0,13.259698028463886,7.633978073643933,2.9489017077978033,17.43356938386279
2013.0,SLB,100.0,100.0,SLB,SLB,100.0,100.0,2161.38627543917,,4.58030891,594945.0,,100.0,573606.0,23.0,13.296224243280417,7.678967648030873,2.9141734254126974,16.808276395297046
2014.0,SLB,100.0,100.0,SLB,SLB,100.0,100.0,2164.95289873002,,4.88962364,616908.0,,100.0,594945.0,24.0,13.332475183179783,7.680615681585814,2.8796633152627558,16.209872460723478
2015.0,SLB,100.0,100.0,SLB,SLB,100.0,100.0,2045.47721526649,,4.45310211,639415.0,,100.0,616908.0,25.0,13.368308974825984,7.623875162357892,2.8454831994303564,15.639295293354083
1990.0,SLE,680.0,3900.0,SLE,SLE,2200.0,5800.0,154.794072467618,0.0,5.29086494,4196828.0,,,,0.0,15.249839559822394,5.0485350869338,,92.92732511315688
1991.0,SLE,900.0,4600.0,SLE,SLE,2800.0,6600.0,183.686515027567,0.0,5.29086494,4246267.0,,3900.0,4196828.0,1.0,15.261550801981445,5.2186598744021255,4.54252134615131,108.33044648393519
1992.0,SLE,1100.0,4900.0,SLE,SLE,3100.0,6900.0,163.197571684381,0.0,5.29086494,4166366.0,0.0,4600.0,4246267.0,2.0,15.242554751000762,5.1010704081415,4.69437491525709,117.6084866283951
1993.0,SLE,1300.0,5400.0,SLE,SLE,3800.0,7400.0,184.951609154872,0.0,5.29086494,4157130.0,0.0,4900.0,4166366.0,3.0,15.24033549029812,5.225486474030178,4.775828040735394,129.89730896074937
1994.0,SLE,1500.0,5800.0,SLE,SLE,4200.0,7600.0,218.507275126222,0.0,5.29086494,4173105.0,0.0,5400.0,4157130.0,4.0,15.244170921011271,5.391385376048989,4.8744131147270675,138.98524000714096
1995.0,SLE,1700.0,5900.0,SLE,SLE,4500.0,7500.0,208.351997250955,0.0,5.29086494,4179179.0,0.0,5800.0,4173105.0,5.0,15.245625373726424,5.344017032667818,4.941536988530905,141.17605395700926
1996.0,SLE,2000.0,6000.0,SLE,SLE,4900.0,7700.0,224.258711163044,0.0,5.29086494,4199210.0,0.0,5900.0,4179179.0,6.0,15.250406970323374,5.417249569050505,4.957066106261988,142.88401866065286
1997.0,SLE,2200.0,6200.0,SLE,SLE,5100.0,7800.0,199.880001395777,0.0,5.29086494,4253716.0,0.0,6000.0,4199210.0,7.0,15.26330351181791,5.302707721797642,4.969007549078549,145.75491170543592
1998.0,SLE,2500.0,6200.0,SLE,SLE,5200.0,7700.0,156.51811883387,0.0,5.29086494,4295785.0,0.0,6200.0,4253716.0,8.0,15.273144867363532,5.059540491864118,4.988763928031822,144.32752104679352
1999.0,SLE,2700.0,6100.0,SLE,SLE,5200.0,7600.0,155.020833269007,0.0,5.29086494,4318043.0,0.0,6200.0,4295785.0,9.0,15.27831284832134,5.049989544929183,4.978989961083899,141.26769927951156
2000.0,SLE,2900.0,6000.0,SLE,SLE,5100.0,7300.0,143.743743239644,0.0,5.29086494,4423611.0,0.0,6100.0,4318043.0,10.0,15.302466888842696,4.974964890922307,4.957710489023997,135.63579618551452
2001.0,SLE,3300.0,6100.0,SLE,SLE,5200.0,7400.0,358.315716051546,0.0,5.22183514,4692716.0,0.0,6000.0,4423611.0,11.0,15.361522077283784,5.884201433913072,4.917318963945754,129.98868885310767
2002.0,SLE,3700.0,6400.0,SLE,SLE,5500.0,7700.0,388.995111216836,0.0,5.55388832,4971435.0,0.0,6100.0,4692716.0,12.0,15.419219088792001,5.966134203703678,4.8751109748404735,128.7354657156334
2003.0,SLE,4000.0,6400.0,SLE,SLE,5500.0,7600.0,413.817607346927,0.0,5.06219816,5177687.0,0.0,6400.0,4971435.0,13.0,15.459868989417123,6.027838923253253,4.86549749816565,123.60731732142172
2004.0,SLE,4200.0,6500.0,SLE,SLE,5500.0,7700.0,417.749983329227,0.0,5.23798943,5355717.0,0.0,6400.0,5177687.0,14.0,15.493675146458466,6.037274043328474,4.825167331125181,121.36563601101403
2005.0,SLE,4400.0,6400.0,SLE,SLE,5500.0,7500.0,462.633324427945,1.0,5.23005009,5501712.0,0.0,6500.0,5355717.0,15.0,15.520569874494667,6.139093990737149,4.80701357911613,116.32742680823713
2006.0,SLE,4500.0,6400.0,SLE,SLE,5500.0,7600.0,580.26796974773,1.0,5.29913139,5624466.0,0.0,6400.0,5501712.0,16.0,15.54263656821497,6.365211872118706,4.764968545960378,113.78858010698261
2007.0,SLE,4500.0,6400.0,SLE,SLE,5500.0,7500.0,631.889926264998,2.0,5.31662989,5749352.0,1.0,6400.0,5624466.0,17.0,15.564597710770727,6.450296514866781,4.743092002517347,111.31689275591405
2008.0,SLE,4400.0,6100.0,SLE,SLE,5100.0,7300.0,705.359014080005,3.0,5.60332584,5894722.0,1.0,6400.0,5749352.0,18.0,15.589567932232615,6.560123626768431,4.7213242756846725,103.48240341105145
2009.0,SLE,4100.0,6000.0,SLE,SLE,5000.0,7200.0,652.845806767943,6.0,6.27075481,6055646.0,2.0,6100.0,5894722.0,19.0,15.616501617965532,6.482871554191231,4.649018668814954,99.08108895401087
2010.0,SLE,3900.0,5900.0,SLE,SLE,5000.0,7000.0,685.039673490948,9.0,5.64204741,6222714.0,3.0,6000.0,6055646.0,20.0,15.643716703954333,6.530935459130801,4.6059807469349,94.81393488436075
2011.0,SLE,3700.0,5700.0,SLE,SLE,4800.0,6900.0,761.146365577281,12.0,6.60636759,6387251.0,6.0,5900.0,6222714.0,21.0,15.669814530346788,6.63613861805157,4.562408132481911,89.24026940541401
2012.0,SLE,3700.0,5600.0,SLE,SLE,4600.0,6700.0,937.504428180231,12.0,5.92764187,6551080.0,9.0,5700.0,6387251.0,22.0,15.695140479515498,6.8442875743747615,4.502475773177628,85.4820884495381
2013.0,SLE,3800.0,5500.0,SLE,SLE,4500.0,6700.0,1117.47183075115,13.0,8.45845032,6714051.0,12.0,5600.0,6551080.0,23.0,15.719713052561184,7.0197185957682935,4.459937322548355,81.91775725266311
2014.0,SLE,3900.0,5800.0,SLE,SLE,4800.0,7000.0,1117.7586465721,15.0,15.11886978,6876385.0,12.0,5500.0,6714051.0,24.0,15.743603635773121,7.0199749983387285,4.417849240080032,84.34664434873847
2015.0,SLE,3800.0,5800.0,SLE,SLE,4600.0,7100.0,964.575980888989,20.0,12.3831234,7037655.0,13.0,5800.0,6876385.0,25.0,15.766785576054325,6.872724794669661,4.446721132108297,82.4138153973163
1990.0,SLV,100.0,670.0,SLV,SLV,550.0,880.0,892.18271519703,0.0,7.84342813,5399726.0,,,,0.0,15.501858769506407,6.794791168230427,,12.408037000395945
1991.0,SLV,100.0,940.0,SLV,SLV,760.0,1100.0,955.826897421092,0.0,7.84342813,5495077.0,,670.0,5399726.0,1.0,15.519363158460536,6.8636224946543845,2.5958543033119894,17.1062207135587
1992.0,SLV,100.0,1200.0,SLV,SLV,1000.0,1400.0,1040.78164082019,0.0,7.84342813,5585609.0,0.0,940.0,5495077.0,2.0,15.535704026617775,6.948687642598882,2.8962555650573054,21.483780909118412
1993.0,SLV,200.0,1500.0,SLV,SLV,1300.0,1700.0,1180.26854267621,0.0,7.84342813,5659957.0,0.0,1200.0,5585609.0,3.0,15.548926852977361,7.074344176188418,3.1127942007905562,26.501968124492816
1994.0,SLV,200.0,1800.0,SLV,SLV,1600.0,1900.0,1343.9290572544,0.0,7.84342813,5714129.0,0.0,1500.0,5659957.0,4.0,15.558452437646825,7.204096545109083,3.314257570275022,31.500863911192763
1995.0,SLV,500.0,2000.0,SLV,SLV,1800.0,2200.0,1548.3763038362,0.0,7.84342813,5762131.0,0.0,1800.0,5714129.0,5.0,15.566817929529574,7.34560774431307,3.481266670865254,34.70938095645517
1996.0,SLV,500.0,2200.0,SLV,SLV,2000.0,2500.0,1651.31016800895,0.0,7.84342813,5805286.0,0.0,2000.0,5762131.0,6.0,15.574279439773031,7.409929689489581,3.575413426156608,37.8964964000051
1997.0,SLV,500.0,2400.0,SLV,SLV,2100.0,2600.0,1748.92111971129,0.0,7.84342813,5844578.0,0.0,2200.0,5805286.0,7.0,15.581024951821648,7.467325991450985,3.660904179730224,41.06370040745457
1998.0,SLV,500.0,2500.0,SLV,SLV,2200.0,2800.0,1859.73085887742,0.0,7.84342813,5880781.0,0.0,2400.0,5844578.0,8.0,15.58720013418385,7.528724624408887,3.739185145659351,42.51136031081586
1999.0,SLV,610.0,2600.0,SLV,SLV,2300.0,2800.0,1908.0804545224,0.0,7.84342813,5913900.0,0.0,2500.0,5880781.0,9.0,15.59281607022218,7.554376967689643,3.773022060569677,43.96421988873671
2000.0,SLV,710.0,2600.0,SLV,SLV,2300.0,2800.0,1982.87093542615,0.0,7.84342813,5943366.0,0.0,2600.0,5913900.0,10.0,15.597786197510567,7.592805233020205,3.805867059916227,43.74625422698181
2001.0,SLV,810.0,2500.0,SLV,SLV,2300.0,2800.0,2058.04459070452,0.0,7.88604879,5968060.0,0.0,2600.0,5943366.0,11.0,15.6019324744345,7.629997363279216,3.801007736792466,41.88965928626723
2002.0,SLV,870.0,2400.0,SLV,SLV,2100.0,2600.0,2115.41187355626,1.0,7.88565731,5986631.0,0.0,2500.0,5968060.0,12.0,15.60503937446873,7.657477421275183,3.758630754600459,40.089325699212125
2003.0,SLV,900.0,2200.0,SLV,SLV,2000.0,2400.0,2207.83089518069,3.0,7.77182293,5998599.0,0.0,2400.0,5986631.0,13.0,15.60703649992696,7.7002186478328145,3.7157483724226807,36.67523033294941
2004.0,SLV,840.0,2000.0,SLV,SLV,1700.0,2100.0,2285.68907438892,7.0,8.1302166,6004671.0,1.0,2200.0,5998599.0,14.0,15.608048224318386,7.734860231299255,3.6290028581753413,33.30740351969325
2005.0,SLV,710.0,1700.0,SLV,SLV,1500.0,2000.0,2447.39140845394,12.0,9.20057869,6005578.0,3.0,2000.0,6004671.0,15.0,15.608199261986584,7.803186519925643,3.535361176935683,28.307017242969785
2006.0,SLV,610.0,1500.0,SLV,SLV,1300.0,1800.0,2665.61807194853,19.0,8.69338894,6002319.0,7.0,1700.0,6005578.0,16.0,15.607656452520445,7.888566308808521,3.3778269836954413,24.9903412331134
2007.0,SLV,570.0,1200.0,SLV,SLV,1000.0,1500.0,2830.65693770733,23.0,8.47836304,6009824.0,12.0,1500.0,6002319.0,17.0,15.6089060215568,7.948617309660625,3.2577249779674937,19.967306862896486
2008.0,SLV,530.0,950.0,SLV,SLV,810.0,1200.0,2983.24829577976,29.0,8.49585915,6029297.0,19.0,1200.0,6009824.0,18.0,15.612140978159028,8.001103166903446,3.042964408573554,15.75639747055088
2009.0,SLV,500.0,790.0,SLV,SLV,660.0,970.0,2910.18651752011,36.0,8.83749676,6048279.0,23.0,950.0,6029297.0,19.0,15.615284326729887,7.976316015042416,2.818780123891469,13.06156676965464
2010.0,SLV,500.0,680.0,SLV,SLV,560.0,830.0,3040.07300952878,43.0,8.90416241,6068249.0,29.0,790.0,6048279.0,20.0,15.618580653546026,8.01996569578403,2.6434453147157333,11.205868447389024
2011.0,SLV,500.0,620.0,SLV,SLV,500.0,770.0,3330.60049486653,45.0,8.87645435,6090127.0,36.0,680.0,6068249.0,21.0,15.622179493327426,8.111208096598373,2.5019168563638323,10.180411672860025
2012.0,SLV,500.0,580.0,SLV,SLV,500.0,740.0,3497.91256915509,48.0,8.60625362,6113975.0,43.0,620.0,6090127.0,22.0,15.626087692448436,8.160207504674844,2.414163289308424,9.486463389202607
2013.0,SLV,500.0,590.0,SLV,SLV,500.0,760.0,3582.26694005169,53.0,9.05235958,6138839.0,45.0,580.0,6113975.0,23.0,15.630146194296062,8.18403021635838,2.3500852244005834,9.610937833684838
2014.0,SLV,500.0,620.0,SLV,SLV,500.0,800.0,3666.01248913873,55.0,8.5989418,6162955.0,48.0,590.0,6138839.0,24.0,15.63406692827891,8.207132573884651,2.3618853402073268,10.060109152184301
2015.0,SLV,500.0,650.0,SLV,SLV,500.0,830.0,3790.34089108162,57.0,8.75833225,6183676.0,53.0,620.0,6162955.0,25.0,15.637423474603857,8.24047503262419,2.403344865139911,10.511546853360363
1990.0,SOM,500.0,1900.0,SOM,SOM,1100.0,3300.0,145.603501373513,0.0,3.36953735,7082811.0,,,,0.0,15.773181420771106,4.98773167302486,,26.825507556251324
1991.0,SOM,540.0,1900.0,SOM,SOM,1200.0,3200.0,105.37132651622,0.0,3.36953735,6813760.0,,1900.0,7082811.0,1.0,15.734454654980171,4.666936052959716,3.325953138010565,27.88475085708918
1992.0,SOM,570.0,1700.0,SOM,SOM,1100.0,2700.0,109.204910481074,0.0,3.36953735,6495107.0,0.0,1900.0,6813760.0,2.0,15.68655968216207,4.702341455445424,3.363313803857245,26.173548796039853
1993.0,SOM,640.0,1600.0,SOM,SOM,1100.0,2500.0,188.603158677914,0.0,3.36953735,6681399.0,0.0,1700.0,6495107.0,3.0,15.714837954722913,5.24493324937579,3.3022440294116797,23.94708054405971
1994.0,SOM,760.0,1700.0,SOM,SOM,1200.0,2400.0,210.793779581384,0.0,3.36953735,7026797.0,0.0,1600.0,6681399.0,4.0,15.765241541184404,5.355613063431884,3.216756803088923,24.193099644119506
1995.0,SOM,840.0,1600.0,SOM,SOM,1200.0,2300.0,210.673254610492,0.0,3.36953735,7285007.0,0.0,1700.0,7026797.0,5.0,15.801328958489497,5.3550438338842925,3.2265701333747865,21.962916439201773
1996.0,SOM,920.0,1600.0,SOM,SOM,1200.0,2200.0,237.241440951671,0.0,3.36953735,7554474.0,0.0,1600.0,7285007.0,6.0,15.83765052849882,5.473284617237048,3.133880585997994,21.179502371707148
1997.0,SOM,990.0,1500.0,SOM,SOM,1100.0,2000.0,280.112724233259,0.0,3.36953735,7824525.0,0.0,1600.0,7554474.0,7.0,15.872773589672597,5.638755742748065,3.0991685457691416,19.170492777516845
1998.0,SOM,1100.0,1400.0,SOM,SOM,1100.0,1800.0,363.200013489992,0.0,3.36953735,8155417.0,0.0,1500.0,7824525.0,8.0,15.914192927003391,5.897703204333573,3.0042207828782357,17.1665041775301
1999.0,SOM,1100.0,1400.0,SOM,SOM,1100.0,1800.0,358.658780828071,0.0,3.36953735,8492059.0,0.0,1400.0,8155417.0,9.0,15.954642049496645,5.885155750941145,2.8995794686049465,16.485990029037715
2000.0,SOM,1200.0,1300.0,SOM,SOM,1100.0,1700.0,386.119274401275,0.0,3.36953735,8838713.0,0.0,1400.0,8492059.0,10.0,15.994651835779536,5.958732848132395,2.8613999905330827,14.708023668151688
2001.0,SOM,1200.0,1300.0,SOM,SOM,1000.0,1600.0,244.914842538455,0.0,3.36953735,9198493.0,0.0,1300.0,8838713.0,11.0,16.034550224254044,5.504985307459336,2.7541716434724384,14.132749788470786
2002.0,SOM,1200.0,1200.0,SOM,SOM,990.0,1500.0,229.598918310039,0.0,3.36953735,9550063.0,0.0,1300.0,9198493.0,12.0,16.072058309293794,5.4406799170608995,2.7168612554025198,12.565362134260265
2003.0,SOM,1200.0,1100.0,SOM,SOM,950.0,1400.0,286.273025198975,0.0,3.36953735,9909157.0,0.0,1200.0,9550063.0,13.0,16.108969837097575,5.660433070867089,2.6075196419772086,11.100843391622517
2004.0,SOM,1200.0,1100.0,SOM,SOM,910.0,1300.0,375.410326225387,0.0,3.36953735,10280998.0,0.0,1100.0,9909157.0,14.0,16.145807894991233,5.9306798415150075,2.4932751519606238,10.699350393804181
2005.0,SOM,1200.0,1000.0,SOM,SOM,840.0,1200.0,439.979907805478,0.0,3.36953735,10644228.0,0.0,1100.0,10280998.0,15.0,16.180528331368905,6.088999313877138,2.459533318365234,9.394763058438809
2006.0,SOM,1200.0,940.0,SOM,SOM,780.0,1100.0,457.996662206659,1.0,3.36953735,10975502.0,0.0,1000.0,10644228.0,16.0,16.21117625619836,6.129042938153187,2.341302127249213,8.564528529082315
2007.0,SOM,1100.0,880.0,SOM,SOM,740.0,1000.0,479.635628065289,2.0,3.36953735,11322582.0,0.0,940.0,10975502.0,17.0,16.242309696603105,6.175109453025123,2.258061310415712,7.772078842087431
2008.0,SOM,1100.0,840.0,SOM,SOM,700.0,990.0,507.03744334738,4.0,3.36953735,11663084.0,1.0,880.0,11322582.0,18.0,16.271939197910818,6.230555152238959,2.1715738184413143,7.202211696323203
2009.0,SOM,990.0,770.0,SOM,SOM,650.0,900.0,246.513251675105,5.0,3.36953735,11961201.0,2.0,840.0,11663084.0,19.0,16.297178719505403,5.5114641226970535,2.104403836966365,6.437480650981453
2010.0,SOM,910.0,710.0,SOM,SOM,600.0,830.0,219.202453852397,8.0,3.36953735,12261756.0,4.0,770.0,11961201.0,20.0,16.321995708232212,5.394547367970344,2.006532169319652,5.790361511026642
2011.0,SOM,830.0,650.0,SOM,SOM,540.0,780.0,235.325945610434,11.0,3.36953735,12348830.0,5.0,710.0,12261756.0,21.0,16.329071879708337,5.465211977617032,1.91550418183618,5.263656556936973
2012.0,SOM,740.0,570.0,SOM,SOM,500.0,700.0,350.261946720512,15.0,3.36953735,12461160.0,8.0,650.0,12348830.0,22.0,16.33812716490356,5.861532232085253,1.8347641291101922,4.5742129946168735
2013.0,SOM,680.0,550.0,SOM,SOM,500.0,670.0,393.398703952979,18.0,3.36953735,12869594.0,11.0,570.0,12461160.0,23.0,16.37037803284317,5.9773623365998025,1.718151140496334,4.273639090712574
2014.0,SOM,660.0,510.0,SOM,SOM,500.0,610.0,429.431656725102,21.0,3.02053761,13339491.0,15.0,550.0,12869594.0,24.0,16.406239441801755,6.064788558013358,1.6627206537944197,3.8232343348033297
2015.0,SOM,610.0,500.0,SOM,SOM,500.0,600.0,445.583080073396,25.0,2.94074512,13806963.0,18.0,510.0,13339491.0,25.0,16.440683588094597,6.101625452601026,1.5734447268448088,3.6213611928995535
1990.0,SRB,100.0,200.0,SRB,SRB,100.0,200.0,2349.40645150289,0.0,5.80770588,7897937.0,,,,0.0,15.882112144093956,7.762343550269016,,2.532306854308916
1991.0,SRB,100.0,200.0,SRB,SRB,100.0,200.0,2349.40645150289,0.0,5.80770588,7595636.0,,200.0,7897937.0,1.0,15.843084429808243,7.762343550269016,1.2619511573114166,2.6330908958775803
1992.0,SRB,100.0,200.0,SRB,SRB,100.0,200.0,2349.40645150289,0.0,5.80770588,7604063.0,0.0,200.0,7595636.0,2.0,15.844193267669233,7.762343550269016,1.290083772435463,2.6301728431234723
1993.0,SRB,100.0,200.0,SRB,SRB,100.0,200.0,2349.40645150289,0.0,5.80770588,7614328.0,0.0,200.0,7604063.0,3.0,15.845542293536258,7.762343550269016,1.289280262328722,2.6266270641348783
1994.0,SRB,100.0,200.0,SRB,SRB,100.0,200.0,2349.40645150289,0.0,5.80770588,7622711.0,0.0,200.0,7614328.0,4.0,15.846642638668383,7.762343550269016,1.2883030328843148,2.623738457354608
1995.0,SRB,100.0,200.0,SRB,SRB,100.0,200.0,2349.40645150289,0.0,5.80770588,7628264.0,0.0,200.0,7622711.0,5.0,15.84737085443759,7.762343550269016,1.2875062159722448,2.6218285051487467
1996.0,SRB,100.0,200.0,SRB,SRB,100.0,200.0,3053.90516860949,0.0,5.80770588,7622185.0,0.0,200.0,7628264.0,6.0,15.846573631966047,8.024503829752213,1.286979010231139,2.623919519140509
1997.0,SRB,100.0,200.0,SRB,SRB,100.0,200.0,3573.50440240049,0.0,5.80770588,7598538.0,0.0,200.0,7622185.0,7.0,15.84346641833033,8.181581816819099,1.2875561801914521,2.6320852774573216
1998.0,SRB,100.0,200.0,SRB,SRB,100.0,200.0,2775.47372982047,0.0,5.80770588,7567745.0,0.0,200.0,7598538.0,8.0,15.839405694643007,7.928936959019926,1.289806939939543,2.6427951787487554
1999.0,SRB,100.0,200.0,SRB,SRB,100.0,200.0,2768.91041346166,0.0,5.80770588,7540401.0,0.0,200.0,7567745.0,9.0,15.835785921593844,7.926570256947787,1.292751293209156,2.6523788323724427
2000.0,SRB,100.0,200.0,SRB,SRB,100.0,200.0,974.725469278615,0.0,5.80770588,7516346.0,0.0,200.0,7540401.0,10.0,15.832590673580976,6.883181265369209,1.2953786902040036,2.6608673948751163
2001.0,SRB,100.0,200.0,SRB,SRB,100.0,200.0,1812.42088281393,0.0,6.19155836,7503433.0,0.0,200.0,7516346.0,11.0,15.830871207111928,7.502970330979955,1.2977001124701157,2.6654466029082955
2002.0,SRB,100.0,200.0,SRB,SRB,100.0,200.0,2390.73459447107,0.0,7.24950886,7500031.0,0.0,200.0,7503433.0,12.0,15.83041771183133,7.779774153425824,1.2989501840970985,2.6666556444900027
2003.0,SRB,100.0,200.0,SRB,SRB,100.0,200.0,3153.9011312754,28.0,7.30602598,7480591.0,0.0,200.0,7500031.0,13.0,15.827822357524667,8.056712437329113,1.2992799780775617,2.6735855495909346
2004.0,SRB,100.0,200.0,SRB,SRB,200.0,200.0,3597.08798057009,35.0,7.63644934,7463157.0,0.0,200.0,7480591.0,14.0,15.825489073008688,8.18815786684356,1.301168174112712,2.6798310688090843
2005.0,SRB,100.0,200.0,SRB,SRB,200.0,200.0,3807.97417321786,42.0,8.09346867,7440769.0,28.0,200.0,7463157.0,15.0,15.822484761683029,8.245115185992992,1.3028668459122401,2.687894221685957
2006.0,SRB,100.0,200.0,SRB,SRB,200.0,200.0,4492.7136699046,41.0,8.28575706,7411569.0,35.0,200.0,7440769.0,16.0,15.81855271574902,8.410434736853555,1.3050556235275834,2.6984839512389347
2007.0,SRB,100.0,200.0,SRB,SRB,200.0,200.0,6081.08765700202,41.0,9.01782608,7381579.0,42.0,200.0,7411569.0,17.0,15.814498130330763,8.713103280662557,1.3079229927742198,2.70944739601107
2008.0,SRB,100.0,200.0,SRB,SRB,200.0,200.0,7376.73517910716,42.0,9.12807178,7350222.0,41.0,200.0,7381579.0,18.0,15.810241074814519,8.906221984195438,1.3108829156629662,2.7210062498792555
2009.0,SRB,100.0,200.0,SRB,SRB,200.0,200.0,6414.0448463847,42.0,8.98933506,7320807.0,41.0,200.0,7350222.0,19.0,15.806231125762501,8.766401267888076,1.313994128986632,2.7319392520524035
2010.0,SRB,100.0,200.0,SRB,SRB,200.0,500.0,5970.92660940072,44.0,9.15153027,7291436.0,42.0,200.0,7320807.0,20.0,15.802211066753754,8.694824869467816,1.3169280052675152,2.7429439139286145
2011.0,SRB,100.0,200.0,SRB,SRB,200.0,500.0,7082.2861666075,45.0,8.75940418,7236519.0,42.0,200.0,7291436.0,21.0,15.794650847635014,8.8654932268304,1.3198724445537122,2.7637597579720308
2012.0,SRB,100.0,200.0,SRB,SRB,200.0,500.0,6263.04086072815,45.0,8.95716667,7201497.0,44.0,200.0,7236519.0,22.0,15.789799479041276,8.742580760754112,1.3254183934300487,2.7772003515380206
2013.0,SRB,100.0,200.0,SRB,SRB,200.0,500.0,7040.41812068781,46.0,8.93188286,7166553.0,45.0,200.0,7201497.0,23.0,15.784935343838887,8.859564866463959,1.3289830874751887,2.790741936883743
2014.0,SRB,100.0,200.0,SRB,SRB,200.0,500.0,6886.67809068704,48.0,8.85966778,7131787.0,45.0,200.0,7166553.0,24.0,15.780072392123786,8.837489310213929,1.3325617616462617,2.804346231877088
2015.0,SRB,100.0,200.0,SRB,SRB,200.0,500.0,5820.3215576888,50.0,8.46289921,7095383.0,46.0,200.0,7131787.0,25.0,15.77495484879656,8.669282586716427,1.33614415838488,2.8187343798072635
1990.0,SSD,1200.0,8100.0,SSD,SSD,3700.0,12000.0,1654.21153546555,0.0,,4737633.0,,,,0.0,15.371048201857382,7.411684095634664,,170.97145346631956
1991.0,SSD,1600.0,9700.0,SSD,SSD,4800.0,14000.0,1654.21153546555,0.0,,4836677.0,,8100.0,4737633.0,1.0,15.391738472647594,7.411684095634664,5.147328494820131,200.55091543222753
1992.0,SSD,2000.0,11000.0,SSD,SSD,5800.0,16000.0,1654.21153546555,0.0,,4909749.0,0.0,9700.0,4836677.0,2.0,15.406733378301091,7.411684095634664,5.3060420315138,224.04403972585973
1993.0,SSD,2500.0,12000.0,SSD,SSD,6800.0,18000.0,1654.21153546555,0.0,,4956002.0,0.0,11000.0,4909749.0,3.0,15.41610992528234,7.411684095634664,5.416296115166321,242.130652893199
1994.0,SSD,3100.0,14000.0,SSD,SSD,8000.0,20000.0,1654.21153546555,0.0,,5071184.0,0.0,12000.0,4956002.0,4.0,15.439084878875338,7.411684095634664,5.493598965077008,276.06965158432433
1995.0,SSD,3700.0,14000.0,SSD,SSD,8100.0,19000.0,1654.21153546555,0.0,,5225836.0,0.0,14000.0,5071184.0,5.0,15.469125343016515,7.411684095634664,5.624268924342049,267.8997197768931
1996.0,SSD,4300.0,14000.0,SSD,SSD,8700.0,20000.0,1654.21153546555,0.0,,5356925.0,0.0,14000.0,5225836.0,6.0,15.493900674391748,7.411684095634664,5.594338521165288,261.34396132109373
1997.0,SSD,5000.0,14000.0,SSD,SSD,9600.0,20000.0,1654.21153546555,0.0,,5509136.0,0.0,14000.0,5356925.0,7.0,15.521918363026158,7.411684095634664,5.5696564722238,254.12333258790488
1998.0,SSD,5500.0,14000.0,SSD,SSD,10000.0,20000.0,1654.21153546555,0.0,,5620068.0,0.0,14000.0,5509136.0,8.0,15.541854321440802,7.411684095634664,5.541747085441449,249.1073061749431
1999.0,SSD,6300.0,14000.0,SSD,SSD,9900.0,20000.0,1654.21153546555,0.0,,5771628.0,0.0,14000.0,5620068.0,9.0,15.56846474773452,7.411684095634664,5.521890050471448,242.56587569399832
2000.0,SSD,7000.0,14000.0,SSD,SSD,10000.0,19000.0,1654.21153546555,0.0,,6032267.0,0.0,14000.0,5771628.0,10.0,15.61263345161604,7.411684095634664,5.495387442665181,232.0852177133406
2001.0,SSD,7800.0,13000.0,SSD,SSD,9900.0,19000.0,1654.21153546555,0.0,,6308391.0,0.0,14000.0,6032267.0,11.0,15.657391209925319,7.411684095634664,5.451404127957642,206.07473442911194
2002.0,SSD,8500.0,13000.0,SSD,SSD,10000.0,18000.0,1654.21153546555,0.0,,6596806.0,0.0,13000.0,6308391.0,12.0,15.702096150466254,7.411684095634664,5.333079763997024,197.06506451758625
2003.0,SSD,9200.0,14000.0,SSD,SSD,10000.0,18000.0,1654.21153546555,0.0,,6903127.0,0.0,13000.0,6596806.0,13.0,15.747485055314433,7.411684095634664,5.288595585389208,202.80664110626967
2004.0,SSD,9900.0,15000.0,SSD,SSD,11000.0,20000.0,1654.21153546555,0.0,,7233041.0,0.0,14000.0,6903127.0,14.0,15.794170114279337,7.411684095634664,5.317171706647639,207.3816531663515
2005.0,SSD,11000.0,14000.0,SSD,SSD,11000.0,18000.0,1654.21153546555,0.0,,7590143.0,0.0,15000.0,7233041.0,15.0,15.842360989774042,7.411684095634664,5.339371269373969,184.44975279121883
2006.0,SSD,11000.0,14000.0,SSD,SSD,11000.0,18000.0,1654.21153546555,0.0,,7976526.0,0.0,14000.0,7590143.0,16.0,15.892013536292879,7.411684095634664,5.222783970913513,175.51500490313703
2007.0,SSD,12000.0,14000.0,SSD,SSD,12000.0,19000.0,1654.21153546555,0.0,,8388788.0,0.0,14000.0,7976526.0,17.0,15.94240661032065,7.411684095634664,5.173405886375406,166.8894243125467
2008.0,SSD,12000.0,14000.0,SSD,SSD,11000.0,19000.0,1654.21153546555,0.0,,8817647.0,0.0,14000.0,8388788.0,18.0,15.992265612345497,7.411684095634664,5.123305574086246,158.77251606919626
2009.0,SSD,12000.0,15000.0,SSD,SSD,12000.0,19000.0,1323.22068747862,1.0,,9243556.0,0.0,14000.0,8817647.0,19.0,16.03943721806753,7.188579404992653,5.073751028985808,162.2752109685926
2010.0,SSD,13000.0,14000.0,SSD,SSD,11000.0,18000.0,1498.27034985194,1.0,,9745953.0,0.0,15000.0,9243556.0,20.0,16.092362679882683,7.312733835311139,5.095437187893797,143.64936912788312
2011.0,SSD,13000.0,15000.0,SSD,SSD,12000.0,19000.0,1448.98435006408,2.0,,10288109.0,1.0,14000.0,9745953.0,21.0,16.146499320271218,7.279308042297119,4.974312670043004,145.79938840072552
2012.0,SSD,13000.0,15000.0,SSD,SSD,12000.0,19000.0,1109.26050083408,3.0,,10756240.0,1.0,15000.0,10288109.0,22.0,16.190996609249513,7.012349952208169,4.989066949964145,139.45393557600053
2013.0,SSD,13000.0,15000.0,SSD,SSD,12000.0,20000.0,1650.18943353528,4.0,,11166275.0,2.0,15000.0,10756240.0,23.0,16.22840863288519,7.409251176002766,4.9448795743467056,134.3330698912574
2014.0,SSD,13000.0,16000.0,SSD,SSD,13000.0,20000.0,1242.73450181032,7.0,,11235073.0,3.0,15000.0,11166275.0,24.0,16.23455096113275,7.125873827539142,4.907738924315404,142.41117970484038
2015.0,SSD,11000.0,13000.0,SSD,SSD,11000.0,17000.0,1080.14718624765,11.0,,11107561.0,4.0,16000.0,11235073.0,25.0,16.22313660556195,6.985777965861507,4.965715886806167,117.03739461795438
1990.0,STP,,,STP,STP,,,970.059625606155,,9.31892776,122980.0,,,,0.0,11.719777019507461,6.878387872797538,,
1991.0,STP,,,STP,STP,,,855.105075821698,,9.31892776,125697.0,,,122980.0,1.0,11.741629527945085,6.7523931207364685,,
1992.0,STP,,,STP,STP,,,740.471318576498,,9.31892776,128110.0,,,125697.0,2.0,11.760644548850479,6.60863648055544,,
1993.0,STP,,,STP,STP,,,963.785698734091,,9.31892776,130467.0,,,128110.0,3.0,11.778875600203756,6.871906002826254,,
1994.0,STP,,,STP,STP,,,989.500757799244,,9.31892776,132732.0,,,130467.0,4.0,11.796087336690254,6.898210631205697,,
1995.0,STP,,,STP,STP,,,768.710751184259,,9.31892776,134895.0,,,132732.0,5.0,11.812251977016725,6.646014796461765,,
1996.0,STP,,,STP,STP,,,987.048712395264,,9.31892776,136962.0,,,134895.0,6.0,11.827458794072687,6.895732000576253,,
1997.0,STP,,,STP,STP,,,661.668232822488,,9.31892776,138922.0,,,136962.0,7.0,11.8416679035295,6.4962744619598345,,
1998.0,STP,,,STP,STP,,,513.569380269738,,9.31892776,140751.0,,,138922.0,8.0,11.854747650772435,6.243330396075265,,
1999.0,STP,,,STP,STP,,,542.692548018387,,9.31892776,142442.0,,,140751.0,9.0,11.86669017829286,6.298383918003848,,
2000.0,STP,,,STP,STP,,,529.089383412262,,9.31892776,144018.0,,,142442.0,10.0,11.877693570746288,6.273045640274365,,
2001.0,STP,,,STP,STP,,,518.88050130005,,9.64001942,146375.0,,,144018.0,11.0,11.893927100900019,6.253598979974003,,
2002.0,STP,,,STP,STP,,,568.10257252271,,9.49860477,149922.0,,,146375.0,12.0,11.917870437831505,6.34406068593397,,
2003.0,STP,,,STP,STP,,,663.696211810494,,11.46527386,153814.0,,,149922.0,13.0,11.943499359219139,6.499330111934702,,
2004.0,STP,,,STP,STP,,,726.560882130444,,10.7211771,157705.0,,,153814.0,14.0,11.968481478218962,6.589697682321347,,
2005.0,STP,,,STP,STP,,,844.169181884274,,10.35199738,161639.0,,,157705.0,15.0,11.993120732585794,6.739536822564437,,
2006.0,STP,,,STP,STP,,,861.970707697664,,7.10559654,165638.0,,,161639.0,16.0,12.017559963208438,6.760380748094468,,
2007.0,STP,,,STP,STP,,,878.885791918745,,7.00608587,169700.0,,,165638.0,17.0,12.041787451222318,6.779792117139334,,
2008.0,STP,,,STP,STP,,,1081.8684584729,,5.97009039,173793.0,,,169700.0,18.0,12.065620214822806,6.98736877930359,,
2009.0,STP,,,STP,STP,,,1128.28046213305,,5.75177002,177853.0,,,173793.0,19.0,12.088712645381651,7.029335949714869,,
2010.0,STP,,,STP,STP,,,1045.20958234528,,5.80827904,181802.0,,,177853.0,20.0,12.110673461765114,6.952928990085237,,
2011.0,STP,,,STP,STP,,,1219.80189089671,,5.65160036,185649.0,,,181802.0,21.0,12.131613073110783,7.107263209428657,,
2012.0,STP,,,STP,STP,,,1210.7926479817,,7.07299662,189439.0,,,185649.0,22.0,12.15182235194763,7.0998560694696256,,
2013.0,STP,,,STP,STP,,,1382.5757842916,,8.94060898,193148.0,,,189439.0,23.0,12.17121201339417,7.232426574952351,,
2014.0,STP,,,STP,STP,,,1489.67633417608,,7.91452122,196767.0,,,193148.0,24.0,12.189775566613108,7.3069852115054195,,
2015.0,STP,,,STP,STP,,,1298.10946596396,,6.53226852,200291.0,,,196767.0,25.0,12.207526588043311,7.169434282530417,,
1990.0,SUR,100.0,200.0,SUR,SUR,200.0,500.0,941.591736102188,0.0,5.87092161,412493.0,,,,0.0,12.929974514915916,6.848633247320059,,48.48567127199734
1991.0,SUR,100.0,500.0,SUR,SUR,200.0,500.0,1079.72521342705,0.0,5.87092161,415013.0,,200.0,412493.0,1.0,12.936065124023413,6.985387588681038,3.9016831584177547,120.47815369639024
1992.0,SUR,100.0,500.0,SUR,SUR,200.0,500.0,968.895253466926,0.0,5.87092161,417589.0,0.0,500.0,415013.0,2.0,12.942252974207467,6.877188079549937,4.799734441645771,119.73495470426663
1993.0,SUR,100.0,500.0,SUR,SUR,500.0,500.0,1022.44583519896,0.0,5.87092161,419352.0,0.0,500.0,417589.0,3.0,12.946465941686984,6.930930482547048,4.793597686047187,119.23157633682443
1994.0,SUR,100.0,500.0,SUR,SUR,500.0,500.0,1433.54255652781,0.0,5.87092161,422375.0,0.0,500.0,419352.0,4.0,12.953648824016591,7.268601301435063,4.789419685911636,118.37821840781297
1995.0,SUR,100.0,500.0,SUR,SUR,500.0,500.0,1609.82504373206,0.0,5.87092161,429606.0,0.0,500.0,422375.0,5.0,12.970623788559708,7.38450177624411,4.782296758921764,116.38571155896332
1996.0,SUR,200.0,500.0,SUR,SUR,500.0,500.0,1962.88495820295,0.0,5.87092161,438830.0,0.0,500.0,429606.0,6.0,12.991867373323327,7.582679911945734,4.765465192652844,113.93933869607821
1997.0,SUR,200.0,500.0,SUR,SUR,500.0,530.0,2067.59814938391,0.0,5.87092161,448067.0,0.0,500.0,438830.0,7.0,13.012698053786531,7.6346264343208095,4.744404499592348,111.59045410619395
1998.0,SUR,200.0,500.0,SUR,SUR,500.0,560.0,2428.58641994202,0.0,5.87092161,457406.0,0.0,500.0,448067.0,8.0,13.033326678106121,7.795476324294622,4.7237569350797886,109.31207723554128
1999.0,SUR,200.0,520.0,SUR,SUR,500.0,590.0,1898.1801816053,0.0,5.87092161,466916.0,0.0,500.0,457406.0,9.0,13.05390464895187,7.5491775886731665,4.703313414694584,111.36906852624453
2000.0,SUR,200.0,550.0,SUR,SUR,500.0,610.0,1988.22172925433,0.0,5.87092161,476643.0,0.0,520.0,466916.0,10.0,13.07452306198571,7.595498750395605,4.72178870853994,115.39034455556884
2001.0,SUR,500.0,550.0,SUR,SUR,500.0,610.0,1714.64846637242,0.0,3.82474971,486560.0,0.0,550.0,476643.0,11.0,13.095115502911192,7.447546402635635,4.756949581303218,113.038474186123
2002.0,SUR,500.0,550.0,SUR,SUR,500.0,620.0,2202.340682196,1.0,5.32991552,496551.0,0.0,550.0,486560.0,12.0,13.115441476225358,7.697729979510638,4.736535884317318,110.76405041979575
2003.0,SUR,500.0,540.0,SUR,SUR,500.0,610.0,2516.10404020956,3.0,4.88878393,506414.0,0.0,550.0,496551.0,13.0,13.135109795559497,7.8308643292868325,4.716389956416133,106.63212312455818
2004.0,SUR,500.0,510.0,SUR,SUR,500.0,580.0,2887.7721728844,5.0,5.4608078,513923.0,1.0,540.0,506414.0,14.0,13.149828727767874,7.968586837157368,4.678719145222671,99.23665607493729
2005.0,SUR,500.0,500.0,SUR,SUR,500.0,560.0,3453.42865937765,7.0,5.2439642,519313.0,3.0,510.0,513923.0,15.0,13.160262063218283,8.147412356211088,4.607533950842808,96.2810482310283
2006.0,SUR,500.0,500.0,SUR,SUR,500.0,550.0,5002.65798695759,10.0,5.85598755,524997.0,5.0,500.0,519313.0,16.0,13.171147827271719,8.517924521320838,4.577604193560998,95.23863945889215
2007.0,SUR,500.0,500.0,SUR,SUR,500.0,530.0,5530.17615638309,13.0,5.22148609,531016.0,7.0,500.0,524997.0,17.0,13.182547431596863,8.6181557584087,4.566830934605691,94.15912138240655
2008.0,SUR,500.0,500.0,SUR,SUR,500.0,530.0,6576.08546307249,16.0,4.74699593,537245.0,10.0,500.0,531016.0,18.0,13.194209507807193,8.791346987450238,4.555550452336295,93.0674087241389
2009.0,SUR,500.0,500.0,SUR,SUR,500.0,530.0,7129.5768626291,18.0,4.97810316,543568.0,13.0,500.0,537245.0,19.0,13.205910092712573,8.872147416535189,4.544011639353141,91.98481146793041
2010.0,SUR,500.0,500.0,SUR,SUR,500.0,540.0,7943.60482816915,20.0,4.6978569,549923.0,16.0,500.0,543568.0,20.0,13.217533547407738,8.980248339303254,4.532436162266357,90.92181996388585
2011.0,SUR,500.0,500.0,SUR,SUR,500.0,520.0,7949.88867218383,22.0,4.40932178,556269.0,18.0,500.0,549923.0,21.0,13.22900726918261,8.981038984065794,4.520938432777543,89.88457023490434
2012.0,SUR,500.0,500.0,SUR,SUR,500.0,510.0,8851.24050668908,28.0,4.28435707,562633.0,20.0,500.0,556269.0,22.0,13.240382829556575,9.088425870558861,4.509590242384732,88.86787657318358
2013.0,SUR,200.0,500.0,SUR,SUR,500.0,500.0,9043.19281529222,31.0,4.48738098,569020.0,22.0,500.0,562633.0,23.0,13.25167086187563,9.109878152862352,4.498340553630862,87.87037362482864
2014.0,SUR,200.0,500.0,SUR,SUR,500.0,500.0,9108.18905406764,34.0,4.52127838,575373.0,28.0,500.0,569020.0,24.0,13.262773805119584,9.11703896917513,4.487178831914255,86.90014998965889
2015.0,SUR,200.0,500.0,SUR,SUR,500.0,500.0,8813.61705392067,36.0,5.80808163,581627.0,31.0,500.0,575373.0,25.0,13.273584627782775,9.084166651338194,4.47620151105667,85.9657478074436
1990.0,SVK,100.0,100.0,SVK,SVK,100.0,100.0,3221.04590790625,7.0,5.30743933,5299187.0,,,,0.0,15.48306397052953,8.077771811899304,,1.887081924076278
1991.0,SVK,100.0,100.0,SVK,SVK,100.0,100.0,2253.87911882661,7.0,5.30743933,5303294.0,,100.0,5299187.0,1.0,15.483838694899312,7.720851644658076,1.0602462771663972,1.8856205218869633
1992.0,SVK,100.0,100.0,SVK,SVK,100.0,100.0,2437.87630211282,7.0,5.30743933,5305016.0,7.0,100.0,5303294.0,2.0,15.484163346048293,7.799292680288878,1.059739962408547,1.8850084523779005
1993.0,SVK,100.0,100.0,SVK,SVK,100.0,100.0,2627.44823950706,7.0,5.30743933,5325305.0,7.0,100.0,5305016.0,3.0,15.487980544914803,7.874148928038624,1.0595278297228077,1.8778267160284714
1994.0,SVK,100.0,100.0,SVK,SVK,100.0,100.0,3027.82138293263,7.0,5.30743933,5346331.0,7.0,100.0,5325305.0,4.0,15.491921089215124,8.015928840299601,1.0570353967944188,1.8704416168770694
1995.0,SVK,100.0,100.0,SVK,SVK,100.0,100.0,3787.03820237267,7.0,5.30743933,5361999.0,7.0,100.0,5346331.0,5.0,15.494847411280448,8.239603539358777,1.0544658914105516,1.8649761031287024
1996.0,SVK,100.0,100.0,SVK,SVK,100.0,100.0,4069.11897669644,7.0,5.30743933,5373361.0,7.0,100.0,5361999.0,6.0,15.496964155244767,8.311427510612925,1.0525600091646228,1.8610326013830079
1997.0,SVK,100.0,100.0,SVK,SVK,100.0,100.0,4091.68452874888,7.0,5.30743933,5383291.0,7.0,100.0,5373361.0,7.0,15.498810455156821,8.31695639772149,1.0511826091037164,1.8575997470692185
1998.0,SVK,100.0,100.0,SVK,SVK,100.0,100.0,4250.37387978468,7.0,5.30743933,5390516.0,7.0,100.0,5383291.0,8.0,15.500151671141674,8.354997475511011,1.0499820231884274,1.8551099746295159
1999.0,SVK,100.0,100.0,SVK,SVK,100.0,100.0,3857.18012283382,7.0,5.30743933,5396020.0,7.0,100.0,5390516.0,9.0,15.501172202752135,8.257950880513148,1.0491103623764353,1.8532177419653746
2000.0,SVK,100.0,100.0,SVK,SVK,100.0,100.0,3827.72506501314,7.0,5.30743933,5388720.0,7.0,100.0,5396020.0,10.0,15.499818437874191,8.250287145559833,1.0484473896715052,1.855728261999139
2001.0,SVK,100.0,100.0,SVK,SVK,100.0,100.0,3974.36802854653,8.0,5.34054947,5378867.0,7.0,100.0,5388720.0,11.0,15.49798831516423,8.287872608600502,1.0493268935917912,1.8591275820725817
2002.0,SVK,100.0,100.0,SVK,SVK,100.0,100.0,4606.38793538107,8.0,5.51793909,5376912.0,7.0,100.0,5378867.0,12.0,15.497624789654543,8.435416367030298,1.0505165370638576,1.85980354523191
2003.0,SVK,100.0,100.0,SVK,SVK,100.0,100.0,6283.15169311309,10.0,5.48400879,5373374.0,8.0,100.0,5376912.0,13.0,15.49696657458422,8.745786138662943,1.0507529319941091,1.8610280989188543
2004.0,SVK,100.0,100.0,SVK,SVK,100.0,100.0,7996.74076556872,28.0,6.39662457,5372280.0,8.0,100.0,5373374.0,14.0,15.496762957381623,8.98691437647446,1.0511810353825033,1.86140707483601
2005.0,SVK,100.0,100.0,SVK,SVK,100.0,100.0,9087.20357002472,25.0,6.61619043,5372807.0,10.0,100.0,5372280.0,15.0,15.496861048723355,9.114732540580738,1.0513134880556056,1.8612244958733861
2006.0,SVK,100.0,100.0,SVK,SVK,100.0,100.0,10629.1782325838,34.0,6.8522706,5373054.0,28.0,100.0,5372807.0,16.0,15.496907019911712,9.271452238136522,1.0512496786139425,1.8611389351381913
2007.0,SVK,100.0,100.0,SVK,SVK,100.0,100.0,14330.2064943926,32.0,7.17538357,5374622.0,25.0,100.0,5373054.0,17.0,15.497198803923645,9.570194710885435,1.051219774628908,1.860595963771964
2008.0,SVK,100.0,100.0,SVK,SVK,100.0,100.0,17973.8436435514,29.0,6.95978355,5379233.0,34.0,100.0,5374622.0,18.0,15.498056356918841,9.796728484000727,1.0510299820651314,1.859001088073337
2009.0,SVK,100.0,100.0,SVK,SVK,100.0,100.0,16586.7527805228,31.0,7.95280409,5386406.0,32.0,100.0,5379233.0,19.0,15.499388930129118,9.716419917742,1.0504722939183944,1.8565254828544302
2010.0,SVK,100.0,100.0,SVK,SVK,100.0,100.0,16899.448680529,33.0,7.67065239,5391428.0,29.0,100.0,5386406.0,20.0,15.500320842861019,9.73509544970247,1.0496060201488653,1.8547961690298007
2011.0,SVK,100.0,100.0,SVK,SVK,100.0,100.0,18469.4354316836,34.0,7.31452227,5398384.0,31.0,100.0,5391428.0,21.0,15.501610207488255,9.823926647993016,1.0490004461739144,1.8524062015595777
2012.0,SVK,100.0,100.0,SVK,SVK,100.0,100.0,17516.9691054078,39.0,7.52780581,5407579.0,33.0,100.0,5398384.0,22.0,15.503312046041517,9.77098243913019,1.0481629193245974,1.8492563862682356
2013.0,SVK,100.0,100.0,SVK,SVK,100.0,100.0,18312.7805149823,44.0,7.48013163,5413393.0,34.0,100.0,5407579.0,23.0,15.50438662613644,9.815409089047554,1.047058043136906,1.847270279471673
2014.0,SVK,100.0,100.0,SVK,SVK,100.0,100.0,18770.9289896545,49.0,6.86543369,5418649.0,39.0,100.0,5413393.0,24.0,15.505357080352276,9.84011789412719,1.0463607386236198,1.8454784578222356
2015.0,SVK,100.0,100.0,SVK,SVK,100.0,200.0,16442.0760860018,55.0,6.74109745,5423801.0,44.0,100.0,5418649.0,25.0,15.506307419138757,9.70765976096143,1.045731228419921,1.8437254611664404
1990.0,SVN,100.0,100.0,SVN,SVN,100.0,100.0,9925.14071044684,27.0,7.85456371,1998161.0,,,,0.0,14.507737815524775,9.202927031993598,,5.004601731291923
1991.0,SVN,100.0,100.0,SVN,SVN,100.0,100.0,7229.31149788617,27.0,7.85456371,1999429.0,,100.0,1998161.0,1.0,14.508372197761336,8.886037398303026,1.7925261304835174,5.001427907667639
1992.0,SVN,100.0,100.0,SVN,SVN,100.0,100.0,7151.15243829224,27.0,7.85456371,1996498.0,27.0,100.0,1999429.0,2.0,14.506905203731844,8.875168630705101,1.7919974255254827,5.008770356894924
1993.0,SVN,100.0,100.0,SVN,SVN,100.0,100.0,7254.58887417768,27.0,7.85456371,1991746.0,27.0,100.0,1996498.0,3.0,14.504522198956424,8.889527330070885,1.7932201280954638,5.02072051355946
1994.0,SVN,100.0,100.0,SVN,SVN,100.0,100.0,8243.89895545106,27.0,7.85456371,1989443.0,27.0,100.0,1991746.0,4.0,14.503365258024012,9.017349979667063,1.7952069387966394,5.026532552076134
1995.0,SVN,100.0,100.0,SVN,SVN,100.0,100.0,10738.0887611468,27.0,7.85456371,1989872.0,27.0,100.0,1989443.0,5.0,14.503580873023912,9.281645519132448,1.7961718125211172,5.025448873093345
1996.0,SVN,100.0,100.0,SVN,SVN,100.0,100.0,10796.7399446283,27.0,7.85456371,1988628.0,27.0,100.0,1989872.0,6.0,14.502955511686451,9.287092126827195,1.7959919783598322,5.028592577395068
1997.0,SVN,100.0,100.0,SVN,SVN,100.0,100.0,10436.7260661871,27.0,7.85456371,1985956.0,27.0,100.0,1988628.0,7.0,14.501610968256228,9.253182027960447,1.7965135800792076,5.035358285883474
1998.0,SVN,100.0,100.0,SVN,SVN,100.0,100.0,11131.5666628231,27.0,7.85456371,1981629.0,27.0,100.0,1985956.0,8.0,14.499429791688877,9.317630025304863,1.7976352207878605,5.046353278035394
1999.0,SVN,100.0,100.0,SVN,SVN,100.0,100.0,11401.4906790909,27.0,7.85456371,1983045.0,27.0,100.0,1981629.0,9.0,14.500144100134015,9.34158709114118,1.799455326346429,5.04274991238222
2000.0,SVN,100.0,100.0,SVN,SVN,100.0,100.0,10135.7219109212,27.0,7.85456371,1988925.0,27.0,100.0,1983045.0,10.0,14.50310484973452,9.22391994193135,1.7988591918436245,5.0278416732657085
2001.0,SVN,100.0,100.0,SVN,SVN,100.0,100.0,10375.6255869861,30.0,7.95505714,1992060.0,27.0,100.0,1988925.0,11.0,14.504679837154995,9.247311015908384,1.7963890152012811,5.019929118600846
2002.0,SVN,100.0,100.0,SVN,SVN,100.0,100.0,11639.1297780477,32.0,8.11632538,1994530.0,27.0,100.0,1992060.0,12.0,14.505918991578229,9.362213870540089,1.7950754849326154,5.013712503697613
2003.0,SVN,100.0,100.0,SVN,SVN,100.0,100.0,14711.674874253,34.0,8.17447376,1995733.0,30.0,100.0,1994530.0,13.0,14.5065219593708,9.596464637598352,1.7940422789171164,5.010690307771631
2004.0,SVN,100.0,100.0,SVN,SVN,100.0,100.0,17103.8297783905,37.0,7.99959517,1997012.0,32.0,100.0,1995733.0,14.0,14.507162621393418,9.747116145791916,1.7935396018133956,5.007481176878256
2005.0,SVN,100.0,100.0,SVN,SVN,100.0,100.0,17969.7095907161,38.0,8.0534668,2000474.0,34.0,100.0,1997012.0,15.0,14.508894710444157,9.796498466516974,1.793005555353209,4.998815280778456
2006.0,SVN,100.0,100.0,SVN,SVN,100.0,100.0,19563.005059144,52.0,7.8671999,2006868.0,37.0,100.0,2000474.0,16.0,14.512085855809866,9.881446680253775,1.791561996528014,4.982888759998167
2007.0,SVN,100.0,100.0,SVN,SVN,100.0,100.0,23725.1596001515,50.0,7.54076052,2018122.0,38.0,100.0,2006868.0,17.0,14.517677933965235,10.074333499002416,1.7889035215554845,4.955101822387348
2008.0,SVN,100.0,100.0,SVN,SVN,100.0,100.0,27461.9764165315,46.0,7.89287567,2021316.0,52.0,100.0,2018122.0,18.0,14.519259342401579,10.22059406443612,1.7842483012987573,4.947271975287387
2009.0,SVN,100.0,100.0,SVN,SVN,100.0,100.0,24501.7897290425,45.0,8.6420126,2039669.0,50.0,100.0,2021316.0,19.0,14.528298097753687,10.106542256542053,1.782932622869812,4.902756280553365
2010.0,SVN,100.0,100.0,SVN,SVN,100.0,100.0,23329.8417691156,60.0,8.63941956,2048583.0,46.0,100.0,2039669.0,20.0,14.532658892600047,10.057531445338238,1.7754194080190058,4.881422915254105
2011.0,SVN,100.0,100.0,SVN,SVN,100.0,100.0,24940.6284841605,60.0,8.60054302,2052843.0,45.0,100.0,2048583.0,21.0,14.534736219623344,10.124293513179337,1.7717987250252538,4.871293128602626
2012.0,SVN,100.0,100.0,SVN,SVN,100.0,100.0,22442.1417859955,60.0,8.79263687,2057159.0,60.0,100.0,2052843.0,22.0,14.536836462682349,10.018740358124957,1.7700749040595951,4.8610729651913145
2013.0,SVN,100.0,100.0,SVN,SVN,100.0,100.0,23236.9655321695,64.0,8.84043884,2059953.0,60.0,100.0,2057159.0,23.0,14.538193724971505,10.053542665488823,1.7683326866901865,4.85447968958515
2014.0,SVN,100.0,100.0,SVN,SVN,100.0,100.0,24013.0682060959,69.0,8.58487225,2061980.0,60.0,100.0,2059953.0,24.0,14.539177244190956,10.086395112850472,1.7672071271034515,4.849707562633973
2015.0,SVN,100.0,100.0,SVN,SVN,100.0,100.0,20697.2748530619,72.0,8.57742882,2063531.0,64.0,100.0,2061980.0,25.0,14.539929151081072,9.937805635348662,1.7663916707009208,4.846062404684011
1990.0,SWE,,,SWE,SWE,,,30549.3185706762,31.0,7.32495546,8558835.0,,,,0.0,15.962474640724892,10.327130392390746,,
1991.0,SWE,,,SWE,SWE,,,31776.6680192213,31.0,7.32495546,8617375.0,,,8558835.0,1.0,15.969291071900967,10.366519058519216,,
1992.0,SWE,,,SWE,SWE,,,32753.4287003642,31.0,7.32495546,8668067.0,31.0,,8617375.0,2.0,15.975156371188579,10.396793459413022,,
1993.0,SWE,,,SWE,SWE,,,24389.8738124128,31.0,7.32495546,8718561.0,31.0,,8668067.0,3.0,15.9809647593316,10.101964317235398,,
1994.0,SWE,,,SWE,SWE,,,26045.5196995275,31.0,7.32495546,8780745.0,31.0,,8718561.0,4.0,15.988071813947796,10.16763943747024,,
1995.0,SWE,,,SWE,SWE,,,30254.0273028727,31.0,7.32495546,8826939.0,31.0,,8780745.0,5.0,15.993318853363334,10.317417641481157,,
1996.0,SWE,,,SWE,SWE,,,33022.2444768661,31.0,7.32495546,8840998.0,31.0,,8826939.0,6.0,15.994910324169162,10.404966970577656,,
1997.0,SWE,,,SWE,SWE,,,30324.1845796306,31.0,7.32495546,8846062.0,31.0,,8840998.0,7.0,15.995482946203392,10.319733820508668,,
1998.0,SWE,,,SWE,SWE,,,30605.3669074811,31.0,7.32495546,8850974.0,31.0,,8846062.0,8.0,15.996038067425516,10.328963335169078,,
1999.0,SWE,,,SWE,SWE,,,30968.8710702052,31.0,7.32495546,8857874.0,31.0,,8850974.0,9.0,15.996817338934218,10.340770109904183,,
2000.0,SWE,,,SWE,SWE,,,29632.5890811623,31.0,7.32495546,8872109.0,31.0,,8857874.0,10.0,15.998423093779971,10.296663763207071,,
2001.0,SWE,,,SWE,SWE,,,27259.3174300217,33.0,7.89248943,8895960.0,31.0,,8872109.0,11.0,16.001107799059515,10.21318734971764,,
2002.0,SWE,,,SWE,SWE,,,29957.7776664916,34.0,8.18597412,8924958.0,31.0,,8895960.0,12.0,16.00436217973655,10.307577637950114,,
2003.0,SWE,,,SWE,SWE,,,37292.2419727801,43.0,8.31654263,8958229.0,33.0,,8924958.0,13.0,16.00808310916454,10.526567408862343,,
2004.0,SWE,,,SWE,SWE,,,42758.0048564929,46.0,8.1428194,8993531.0,34.0,,8958229.0,14.0,16.012016099078117,10.663335092101397,,
2005.0,SWE,,,SWE,SWE,,,43378.4077394363,48.0,8.15987301,9029572.0,43.0,,8993531.0,15.0,16.01601552670619,10.677740131439261,,
2006.0,SWE,,,SWE,SWE,,,46531.3762240485,50.0,8.0421772,9080505.0,46.0,,9029572.0,16.0,16.02164036577101,10.747903612179663,,
2007.0,SWE,,,SWE,SWE,,,53568.3057787832,59.0,7.9882226,9148092.0,48.0,,9080505.0,17.0,16.029055890917263,10.888731529649412,,
2008.0,SWE,,,SWE,SWE,,,55817.1759726485,70.0,8.22603607,9219637.0,50.0,,9148092.0,18.0,16.036846223824966,10.929854829606365,,
2009.0,SWE,,,SWE,SWE,,,46707.6425044751,76.0,8.77742958,9298515.0,59.0,,9219637.0,19.0,16.045365267954335,10.751684490870351,,
2010.0,SWE,,,SWE,SWE,,,52542.5759090299,81.0,8.32384682,9378126.0,70.0,,9298515.0,20.0,16.053890514241985,10.869398121620687,,
2011.0,SWE,,,SWE,SWE,,,60379.4814599322,83.0,10.50179005,9449213.0,76.0,,9378126.0,21.0,16.06144201557864,11.008421177060312,,
2012.0,SWE,,,SWE,SWE,,,57749.5615420853,86.0,10.834198,9519374.0,81.0,,9449213.0,22.0,16.068839648302987,10.963888352009239,,
2013.0,SWE,,,SWE,SWE,,,60843.9888799369,90.0,10.9872179,9600379.0,83.0,,9519374.0,23.0,16.07731313482545,11.016084743010376,,
2014.0,SWE,,,SWE,SWE,,,59583.4584491714,93.0,11.07212639,9696110.0,86.0,,9600379.0,24.0,16.08723533211137,10.995150054772878,,
2015.0,SWE,,,SWE,SWE,,,51188.1652120493,95.0,10.93069172,9799186.0,90.0,,9696110.0,25.0,16.097809878966537,10.84328317168141,,
1990.0,SWZ,200.0,2900.0,SWZ,SWZ,2400.0,3700.0,1277.69173005665,0.0,4.60951757,872428.0,,,,0.0,13.679035408163662,7.15359274833445,,332.4056541055537
1991.0,SWZ,500.0,5600.0,SWZ,SWZ,4600.0,7000.0,1273.01224518903,0.0,4.60951757,908189.0,,2900.0,872428.0,1.0,13.719207785703006,7.149926447694261,5.809359929097769,616.6117405077578
1992.0,SWZ,530.0,9400.0,SWZ,SWZ,7900.0,11000.0,1361.8169795148,0.0,4.60951757,943416.0,0.0,5600.0,908189.0,2.0,13.757262609620641,7.2173091449950775,6.425860008419385,996.379115893731
1993.0,SWZ,950.0,14000.0,SWZ,SWZ,12000.0,16000.0,1397.26593317978,0.0,4.60951757,971318.0,0.0,9400.0,943416.0,3.0,13.786409191083221,7.242988128723332,6.905130954346318,1441.3405290543365
1994.0,SWZ,1500.0,18000.0,SWZ,SWZ,16000.0,21000.0,1461.36400128736,0.0,4.60951757,971212.0,0.0,14000.0,971318.0,4.0,13.786300055059472,7.287809584209375,7.274022440488867,1853.354365473244
1995.0,SWZ,2200.0,21000.0,SWZ,SWZ,18000.0,23000.0,1750.75400773784,0.0,4.60951757,970433.0,0.0,18000.0,971212.0,5.0,13.785497642628984,7.468372855096087,7.525291863499923,2163.9824696810597
1996.0,SWZ,3000.0,23000.0,SWZ,SWZ,20000.0,25000.0,1619.19119707662,0.0,4.60951757,989841.0,0.0,21000.0,970433.0,6.0,13.805299603151632,7.390299444149079,7.6801675432588015,2323.6055083594233
1997.0,SWZ,4000.0,23000.0,SWZ,SWZ,21000.0,26000.0,1705.39874942229,0.0,4.60951757,1006635.0,0.0,23000.0,989841.0,7.0,13.82212364323452,7.442140434281984,7.751305629801321,2284.8400860291963
1998.0,SWZ,5100.0,23000.0,SWZ,SWZ,21000.0,24000.0,1546.51519325373,0.0,4.60951757,1019653.0,0.0,23000.0,1006635.0,8.0,13.83497293130221,7.344405822445115,7.734488888289863,2255.669330644837
1999.0,SWZ,6200.0,22000.0,SWZ,SWZ,21000.0,24000.0,1501.66426653189,0.0,4.60951757,1030782.0,0.0,23000.0,1019653.0,9.0,13.845828295442573,7.314994989239986,7.7216452577300565,2134.3019183493698
2000.0,SWZ,7400.0,21000.0,SWZ,SWZ,20000.0,23000.0,1629.67038842815,0.0,4.60951757,1041414.0,0.0,22000.0,1030782.0,10.0,13.856089963062095,7.396746490492124,7.666363329411521,2016.4891196008505
2001.0,SWZ,8500.0,21000.0,SWZ,SWZ,19000.0,22000.0,1429.85630359447,1.0,5.13895369,1051064.0,0.0,21000.0,1041414.0,11.0,13.8653135423914,7.266028357738996,7.609609007118831,1997.9753849432575
2002.0,SWZ,9400.0,20000.0,SWZ,SWZ,19000.0,21000.0,1315.73634647994,1.0,5.52298307,1059441.0,0.0,21000.0,1051064.0,12.0,13.873251968495289,7.182911489203941,7.600390020739372,1887.7879938571377
2003.0,SWZ,10000.0,19000.0,SWZ,SWZ,18000.0,21000.0,2015.21743065251,2.0,6.37864399,1066700.0,1.0,20000.0,1059441.0,13.0,13.880080328613575,7.608978475881801,7.543690629258691,1781.1943376769477
2004.0,SWZ,11000.0,19000.0,SWZ,SWZ,18000.0,20000.0,2525.5640452625,3.0,6.81432486,1073159.0,1.0,19000.0,1066700.0,14.0,13.886117193300294,7.834615573812019,7.485600658020025,1770.4738999533156
2005.0,SWZ,11000.0,18000.0,SWZ,SWZ,17000.0,19000.0,2871.06877437449,6.0,7.37623358,1079022.0,2.0,19000.0,1073159.0,15.0,13.891565633281719,7.9627878763906255,7.4795671908937535,1668.177293882794
2006.0,SWZ,9700.0,17000.0,SWZ,SWZ,16000.0,18000.0,2964.95865200682,10.0,7.82560062,1084436.0,3.0,18000.0,1079022.0,16.0,13.896570594137492,7.9949555819421825,7.420086145631103,1567.6351578147535
2007.0,SWZ,8800.0,17000.0,SWZ,SWZ,16000.0,18000.0,3109.11097608864,13.0,7.93004131,1090705.0,6.0,17000.0,1084436.0,17.0,13.902334834118301,8.042413688166421,7.357961194026529,1558.624926079921
2008.0,SWZ,8200.0,17000.0,SWZ,SWZ,15000.0,18000.0,2946.8606613746,17.0,8.85792923,1098091.0,10.0,17000.0,1090705.0,18.0,13.909083775577352,7.98883498671545,7.352200639335125,1548.141274265976
2009.0,SWZ,7500.0,16000.0,SWZ,SWZ,14000.0,17000.0,3189.79679956637,22.0,8.63292217,1105153.0,13.0,17000.0,1098091.0,19.0,13.915494344887538,8.068025945017283,7.345456039786792,1447.7633413654037
2010.0,SWZ,6500.0,14000.0,SWZ,SWZ,13000.0,16000.0,3922.74039390733,31.0,8.5912571,1111650.0,17.0,16000.0,1105153.0,20.0,13.921355956047615,8.274800659961342,7.278465603491908,1259.3891962398236
2011.0,SWZ,5400.0,14000.0,SWZ,SWZ,12000.0,15000.0,4225.06049411911,34.0,8.46997261,1117833.0,22.0,14000.0,1111650.0,21.0,13.92690254765786,8.349025512820141,7.139175838154716,1252.4232152745535
2012.0,SWZ,5100.0,14000.0,SWZ,SWZ,12000.0,15000.0,4224.54789174487,38.0,7.82047606,1123863.0,31.0,14000.0,1117833.0,22.0,13.93228241588606,8.348904209903237,7.133633659459285,1245.7034353831384
2013.0,SWZ,4900.0,13000.0,SWZ,SWZ,12000.0,15000.0,3949.94310039907,43.0,7.45703411,1129990.0,34.0,14000.0,1123863.0,23.0,13.937719341091844,8.281709588991333,7.128258094928378,1150.4526588730873
2014.0,SWZ,4700.0,13000.0,SWZ,SWZ,11000.0,14000.0,3771.07228381938,52.0,7.25596571,1136299.0,38.0,13000.0,1129990.0,24.0,13.94328704785643,8.23537980683044,7.048779605843373,1144.065074421433
2015.0,SWZ,4400.0,11000.0,SWZ,SWZ,9400.0,12000.0,3419.82276559528,67.0,7.05855274,1142813.0,43.0,13000.0,1136299.0,25.0,13.949003324842833,8.137636375858651,7.043216747929211,962.5371779985003
1990.0,SYR,100.0,100.0,SYR,SYR,100.0,100.0,978.489616979607,0.0,4.57202911,12579208.0,,,,0.0,16.347555850179965,6.887031637001313,,0.7949626081387635
1991.0,SYR,100.0,100.0,SYR,SYR,100.0,100.0,1000.07798684947,0.0,4.57202911,12980821.0,,100.0,12579208.0,1.0,16.37898351839557,6.9088326852210065,0.5849841906028054,0.7703672980314573
1992.0,SYR,100.0,100.0,SYR,SYR,100.0,100.0,990.138251191708,0.0,4.57202911,13385571.0,0.0,100.0,12980821.0,2.0,16.409687893720378,6.898854031352307,0.5711870380700136,0.747073098338502
1993.0,SYR,100.0,100.0,SYR,SYR,100.0,100.0,992.771367475098,0.0,4.57202911,13795686.0,0.0,100.0,13385571.0,3.0,16.439866492559496,6.901507167599114,0.5579418724852032,0.7248642800365274
1994.0,SYR,100.0,100.0,SYR,SYR,100.0,100.0,712.387716635783,0.0,4.57202911,14208583.0,0.0,100.0,13795686.0,4.0,16.46935677659297,6.57002505471626,0.5451483691483338,0.7037999496501517
1995.0,SYR,100.0,100.0,SYR,SYR,100.0,100.0,779.699100153744,0.0,4.57202911,14616801.0,0.0,100.0,14208583.0,5.0,16.497682178494017,6.660189800510933,0.5328610210751011,0.6841442255388166
1996.0,SYR,100.0,100.0,SYR,SYR,100.0,100.0,918.195857362788,0.0,4.57202911,15018104.0,0.0,100.0,14616801.0,6.0,16.524766964641294,6.8234992197389115,0.5212575567720937,0.6658630143991545
1997.0,SYR,100.0,100.0,SYR,SYR,100.0,100.0,940.826589804978,0.0,4.57202911,15417542.0,0.0,100.0,15018104.0,7.0,16.551016510021146,6.847821170374362,0.5103433161138446,0.6486118215212257
1998.0,SYR,100.0,100.0,SYR,SYR,100.0,100.0,960.837504927725,0.0,4.57202911,15820413.0,0.0,100.0,15417542.0,8.0,16.57681162615771,6.868845522601621,0.49993361351378124,0.6320947499916721
1999.0,SYR,100.0,100.0,SYR,SYR,100.0,100.0,978.17453169496,0.0,4.57202911,16228061.0,0.0,100.0,15820413.0,9.0,16.602252462236585,6.886709902121367,0.4898643124495748,0.6162165646283927
2000.0,SYR,100.0,100.0,SYR,SYR,100.0,100.0,1138.18722723683,0.0,4.57202911,16637888.0,0.0,100.0,16228061.0,10.0,16.627193062224997,7.0380703285485335,0.48008796388508973,0.6010378240315116
2001.0,SYR,100.0,100.0,SYR,SYR,100.0,100.0,1177.53806921268,0.0,4.71458244,17051338.0,0.0,100.0,16637888.0,11.0,16.651739233688104,7.072030024962369,0.4706520589894168,0.5864642411053022
2002.0,SYR,100.0,100.0,SYR,SYR,100.0,100.0,1189.98119453595,0.0,4.96416759,17468332.0,0.0,100.0,17051338.0,12.0,16.67590019958971,7.082532779588283,0.46150779230099503,0.5724645031935505
2003.0,SYR,100.0,100.0,SYR,SYR,100.0,100.0,1220.179077256,1.0,5.13501024,17889296.0,0.0,100.0,17468332.0,13.0,16.69971310311754,7.107572127775859,0.4526441358518551,0.5589934897382212
2004.0,SYR,100.0,100.0,SYR,SYR,100.0,100.0,1368.11263904001,4.0,4.49753141,18336875.0,0.0,100.0,17889296.0,14.0,16.724424617689614,7.22191810023833,0.4440404141453174,0.5453491939057228
2005.0,SYR,100.0,100.0,SYR,SYR,100.0,100.0,1533.90017615946,4.0,4.12713289,18814091.0,1.0,100.0,18336875.0,15.0,16.75011666832598,7.3362206260886955,0.43524990028501936,0.5315165106834021
2006.0,SYR,100.0,100.0,SYR,SYR,100.0,100.0,1718.78469956591,4.0,3.79620314,19637022.0,4.0,100.0,18814091.0,16.0,16.792927220065803,7.4499543873015135,0.4262584279595823,0.5092421855004288
2007.0,SYR,100.0,100.0,SYR,SYR,100.0,100.0,1937.61199094087,5.0,3.73920178,20884125.0,4.0,100.0,19637022.0,17.0,16.85449985893807,7.569727527400397,0.4116076609439913,0.47883260610631284
2008.0,SYR,100.0,100.0,SYR,SYR,100.0,100.0,2429.1247629459,5.0,3.41378117,21636564.0,4.0,100.0,20884125.0,18.0,16.8898952192987,7.79569787779269,0.3912529968677699,0.4621805939242478
2009.0,SYR,100.0,100.0,SYR,SYR,100.0,100.0,2462.20127278738,7.0,3.57431221,21976969.0,5.0,100.0,21636564.0,19.0,16.905505599341762,7.809217113331243,0.379928878954954,0.4550218003219644
2010.0,SYR,100.0,100.0,SYR,SYR,100.0,100.0,2730.61487784917,9.0,3.35286307,22482421.0,5.0,100.0,21976969.0,20.0,16.928244272920534,7.9126482436415735,0.375020883550362,0.44479195545711026
2011.0,SYR,100.0,100.0,SYR,SYR,100.0,100.0,2952.14372909443,12.0,2.6616261,22878098.0,7.0,100.0,22482421.0,21.0,16.945690591649804,7.9906255527892105,0.36796533573672624,0.4370992728503917
2012.0,SYR,100.0,100.0,SYR,SYR,100.0,100.0,1897.66115018696,15.0,3.22060776,22759763.0,9.0,100.0,22878098.0,22.0,16.940504754162916,7.548904258970198,0.3626266881139348,0.4393718862538244
2013.0,SYR,100.0,100.0,SYR,SYR,100.0,100.0,985.892669221634,17.0,3.77518535,21666917.0,12.0,100.0,22759763.0,23.0,16.89129709297121,6.894561289064077,0.3642068283278236,0.46153312905569355
2014.0,SYR,100.0,100.0,SYR,SYR,100.0,100.0,1060.59105887433,20.0,4.23171377,20273659.0,15.0,100.0,21666917.0,24.0,16.824833015211166,6.967524060671235,0.3794859731574065,0.49325087296772624
2015.0,SYR,100.0,100.0,SYR,SYR,100.0,100.0,847.731545352582,21.0,3.67464328,19424618.0,17.0,100.0,20273659.0,25.0,16.782051788644953,6.7437429353111344,0.4009555372393331,0.5148106387471816
1990.0,TCD,1600.0,10000.0,TCD,TCD,5800.0,16000.0,290.599045262191,0.0,4.20697546,5982833.0,,,,0.0,15.60440475956409,5.675379725993996,,167.1448960718108
1991.0,TCD,2100.0,12000.0,TCD,TCD,7700.0,18000.0,302.487268390603,0.0,4.20697546,6205676.0,,10000.0,5982833.0,1.0,15.640974915086511,5.715339660330046,5.124826084301939,193.3713587367436
1992.0,TCD,2700.0,13000.0,TCD,TCD,8800.0,18000.0,290.648286132566,0.0,4.20697546,6474656.0,0.0,12000.0,6205676.0,2.0,15.683406036725437,5.675548576729667,5.269770549570859,200.7828678465698
1993.0,TCD,3400.0,14000.0,TCD,TCD,9900.0,19000.0,220.729964903293,0.0,4.20697546,6629146.0,0.0,13000.0,6474656.0,3.0,15.706986545419069,5.401460267179108,5.307192207618701,211.1885905062281
1994.0,TCD,3900.0,14000.0,TCD,TCD,10000.0,19000.0,173.928895064035,0.0,4.20697546,6783450.0,0.0,14000.0,6629146.0,4.0,15.729996380054066,5.164379577435847,5.357475457091694,206.3846567749449
1995.0,TCD,4600.0,14000.0,TCD,TCD,11000.0,19000.0,203.964852705041,0.0,4.20697546,7089064.0,0.0,14000.0,6783450.0,5.0,15.774063872868062,5.322838514219827,5.33457531415309,197.4872846401161
1996.0,TCD,5500.0,13000.0,TCD,TCD,10000.0,18000.0,216.912541056484,0.0,4.20697546,7410108.0,0.0,14000.0,7089064.0,6.0,15.818355572064842,5.384093794477434,5.2907250408468585,175.43603952870862
1997.0,TCD,6200.0,14000.0,TCD,TCD,11000.0,19000.0,201.384076969355,0.0,4.20697546,7670366.0,0.0,13000.0,7410108.0,7.0,15.852874890588264,5.310167263218553,5.1729584284234225,182.52062548253892
1998.0,TCD,6900.0,14000.0,TCD,TCD,11000.0,18000.0,219.779530915601,0.0,4.20697546,7938840.0,0.0,14000.0,7670366.0,8.0,15.887277726832416,5.397164605919052,5.212327061627971,176.34818185024514
1999.0,TCD,7600.0,13000.0,TCD,TCD,10000.0,16000.0,186.638531146223,0.0,4.20697546,8222705.0,0.0,14000.0,7938840.0,9.0,15.92240978832471,5.234517405387745,5.178114929406411,158.09882514330747
2000.0,TCD,8100.0,12000.0,TCD,TCD,9300.0,15000.0,163.121663683369,0.0,4.20697546,8512093.0,0.0,13000.0,8222705.0,10.0,15.956998416255757,5.100608004516081,5.069525550924946,140.97590334128162
2001.0,TCD,8700.0,12000.0,TCD,TCD,9400.0,15000.0,194.32295331156,0.0,4.08039331,8804124.0,0.0,12000.0,8512093.0,11.0,15.990730806036346,5.274654359453713,4.955657348421766,136.29976133911788
2002.0,TCD,9100.0,12000.0,TCD,TCD,9300.0,15000.0,219.061391951349,0.0,5.60251188,9116192.0,0.0,12000.0,8804124.0,12.0,16.025562730995155,5.393906561748259,4.922166574528553,131.63391029938816
2003.0,TCD,9500.0,11000.0,TCD,TCD,9100.0,14000.0,289.087621122168,0.0,4.24698305,9487833.0,0.0,12000.0,9116192.0,13.0,16.065520798884304,5.670183019145457,4.887592778838661,115.9379597005976
2004.0,TCD,9900.0,11000.0,TCD,TCD,8400.0,13000.0,445.850767157087,0.0,4.23982859,9920036.0,0.0,11000.0,9487833.0,14.0,16.110067108286728,6.102224684637132,4.761643535191499,110.88669436280271
2005.0,TCD,10000.0,10000.0,TCD,TCD,8500.0,13000.0,838.092107712557,1.0,3.73196912,10328092.0,0.0,11000.0,9920036.0,15.0,16.150378119292334,6.732320483174011,4.717486701749306,96.82330482726142
2006.0,TCD,9500.0,10000.0,TCD,TCD,8100.0,13000.0,906.897260572747,4.0,3.73417258,10706424.0,0.0,10000.0,10328092.0,16.0,16.186354493111644,6.811131223050488,4.583162839321354,93.40186788791476
2007.0,TCD,8700.0,10000.0,TCD,TCD,8000.0,13000.0,980.483531485103,7.0,3.47199655,11081660.0,1.0,10000.0,10706424.0,17.0,16.220802047556177,6.889065234650738,4.547560859903945,90.23918799169078
2008.0,TCD,8100.0,9400.0,TCD,TCD,7400.0,12000.0,1166.36883453841,10.0,3.16359782,11476296.0,4.0,10000.0,11081660.0,18.0,16.25579424870998,7.062507635941182,4.5134844976800785,81.90796054754948
2009.0,TCD,7700.0,8800.0,TCD,TCD,6700.0,11000.0,1035.63719694254,13.0,3.36260128,11893754.0,7.0,9400.0,11476296.0,19.0,16.291523946337627,6.943737288714487,4.417731083436358,73.98841442323425
2010.0,TCD,7300.0,8500.0,TCD,TCD,6600.0,11000.0,1141.80069268412,16.0,3.08810997,12312575.0,10.0,8800.0,11893754.0,20.0,16.32613165581449,7.0412372764853455,4.3173336272470415,69.03511247647222
2011.0,TCD,7100.0,8100.0,TCD,TCD,6200.0,11000.0,1308.1421872538,19.0,2.85585785,12754997.0,13.0,8500.0,12312575.0,21.0,16.36143367435614,7.1771273828174404,4.248996723093464,63.50452297244759
2012.0,TCD,6900.0,7700.0,TCD,TCD,5900.0,10000.0,1354.34344701937,22.0,2.67306423,13210998.0,16.0,8100.0,12754997.0,22.0,16.396560222471486,7.211810167631571,4.16673534494702,58.2847715214248
2013.0,TCD,6500.0,7100.0,TCD,TCD,5200.0,9400.0,1304.88742971475,25.0,2.95766044,13691079.0,19.0,7700.0,13210998.0,23.0,16.432255010813254,7.174638111416001,4.08235246900069,51.85858616402695
2014.0,TCD,6300.0,6200.0,TCD,TCD,4400.0,8400.0,1278.78981422494,28.0,3.29708338,14188678.0,22.0,7100.0,13691079.0,24.0,16.467954880596032,7.154451135793347,3.9676201620160754,43.69681234573087
2015.0,TCD,6200.0,6600.0,TCD,TCD,4800.0,9000.0,993.990730610869,31.0,3.40253925,14647621.0,25.0,6200.0,14188678.0,25.0,16.499788491162317,6.902733421146223,3.799902186900646,45.058511549418164
1990.0,TGO,650.0,5000.0,TGO,TGO,3600.0,6800.0,619.184841877398,0.0,3.33427,3714021.0,,,,0.0,15.127625675159901,6.430017565666925,,134.62497923409697
1991.0,TGO,900.0,6600.0,TGO,TGO,4900.0,8600.0,591.939138361428,0.0,3.33427,3822636.0,,5000.0,3714021.0,1.0,15.156450794962122,6.385091760275962,4.909893571182063,172.6557276183241
1992.0,TGO,1200.0,8200.0,TGO,TGO,6200.0,11000.0,607.946006940374,0.0,3.33427,3932581.0,0.0,6600.0,3822636.0,2.0,15.184806511286677,6.411729605225101,5.157074762339333,208.51445907916454
1993.0,TGO,1600.0,10000.0,TGO,TGO,7800.0,13000.0,448.033969931112,0.0,3.33427,3887974.0,0.0,8200.0,3932581.0,3.0,15.173398757297308,6.107098541742583,5.34479275406494,257.20336607189245
1994.0,TGO,1900.0,11000.0,TGO,TGO,8400.0,14000.0,355.429579368426,0.0,3.33427,3904183.0,0.0,10000.0,3887974.0,4.0,15.177559100416522,5.876136687013675,5.55374751501189,281.74908809346283
1995.0,TGO,2500.0,13000.0,TGO,TGO,10000.0,16000.0,449.85596910209,0.0,3.33427,4110450.0,0.0,11000.0,3904183.0,5.0,15.229043069530023,6.111147929521331,5.644559889857388,316.267075381041
1996.0,TGO,3100.0,14000.0,TGO,TGO,11000.0,18000.0,482.27462715388,0.0,3.33427,4291136.0,0.0,13000.0,4110450.0,6.0,15.272062057715177,6.180585078308581,5.759743928254174,326.2539336902862
1997.0,TGO,3800.0,14000.0,TGO,TGO,11000.0,19000.0,476.890484883584,0.0,3.33427,4438794.0,0.0,14000.0,4291136.0,7.0,15.305893275890952,6.169381595119284,5.790736425161725,315.40098504233356
1998.0,TGO,4400.0,13000.0,TGO,TGO,11000.0,18000.0,492.493381462559,0.0,3.33427,4551635.0,0.0,14000.0,4438794.0,8.0,15.330997067039082,6.201509447360216,5.757010349170364,285.6116538342815
1999.0,TGO,5100.0,12000.0,TGO,TGO,10000.0,16000.0,477.217016566667,0.0,3.33427,4665754.0,0.0,13000.0,4551635.0,9.0,15.355760008356267,6.170064639013999,5.658128176934029,257.1931567759466
2000.0,TGO,5800.0,12000.0,TGO,TGO,9500.0,15000.0,440.420399069497,0.0,3.33427,4783722.0,0.0,12000.0,4665754.0,10.0,15.38072946255624,6.089997707230306,5.553707974482488,250.8506974276515
2001.0,TGO,6400.0,11000.0,TGO,TGO,8700.0,13000.0,426.883605884489,0.0,3.4422195,4904144.0,0.0,12000.0,4783722.0,11.0,15.405591119951742,6.0588512097289815,5.528836441406215,224.3001021177192
2002.0,TGO,7000.0,9600.0,TGO,TGO,8100.0,12000.0,479.438373869587,0.0,3.44502354,5027130.0,0.0,11000.0,4904144.0,12.0,15.430359802694428,6.174698966011481,5.4174333006902895,190.96383025702536
2003.0,TGO,7300.0,9000.0,TGO,TGO,7500.0,11000.0,579.728195854724,1.0,3.44513917,5154112.0,0.0,9600.0,5027130.0,13.0,15.455305400652945,6.364282826141087,5.257306970203279,174.6178585176263
2004.0,TGO,7400.0,8500.0,TGO,TGO,6800.0,10000.0,604.311329116751,2.0,3.48131895,5281320.0,0.0,9000.0,5154112.0,14.0,15.479686624437651,6.405742919254376,5.1683103760164055,160.94461233176554
2005.0,TGO,7200.0,8000.0,TGO,TGO,6500.0,9900.0,595.200212014134,5.0,3.98242044,5413154.0,1.0,8500.0,5281320.0,15.0,15.504342475402131,6.390576536852989,5.087254377584899,147.78814716891483
2006.0,TGO,6900.0,7400.0,TGO,TGO,6000.0,9100.0,596.249203137762,6.0,4.30967808,5569664.0,2.0,8000.0,5413154.0,16.0,15.532845286924168,6.392334451986129,5.0025234631033895,132.8625927883621
2007.0,TGO,7100.0,7400.0,TGO,TGO,6100.0,9300.0,654.083697666439,7.0,3.67734432,5748443.0,5.0,7400.0,5569664.0,17.0,15.564439593496607,6.484763010168592,4.896813846888484,128.73051015727214
2008.0,TGO,7000.0,7000.0,TGO,TGO,5500.0,8800.0,771.351190404751,10.0,3.74071932,5936138.0,6.0,7400.0,5748443.0,18.0,15.59656931153756,6.649439356435373,4.865459300029302,117.9217868587287
2009.0,TGO,6400.0,6600.0,TGO,TGO,5300.0,8500.0,770.172869777254,15.0,3.92726755,6130946.0,7.0,7000.0,5936138.0,19.0,15.628859619007455,6.647912563446793,4.778466023737906,107.6505974771267
2010.0,TGO,5500.0,6300.0,TGO,TGO,4900.0,7900.0,750.323421086121,22.0,4.33284378,6325788.0,10.0,6600.0,6130946.0,20.0,15.660145169798032,6.62183621296897,4.688137205786506,99.59233537386962
2011.0,TGO,4600.0,4900.0,TGO,TGO,3600.0,6500.0,834.14671980279,27.0,4.38927078,6500582.0,15.0,6300.0,6325788.0,21.0,15.687402269319076,6.7276074217539215,4.6110760656365555,75.37786616644479
2012.0,TGO,4300.0,4300.0,TGO,TGO,3000.0,5800.0,813.611525037432,30.0,4.64366484,6653718.0,22.0,4900.0,6500582.0,22.0,15.710686354139485,6.702711343208302,4.335692944335177,64.6255221516752
2013.0,TGO,4200.0,3900.0,TGO,TGO,2700.0,5500.0,885.698522723929,34.0,4.78670263,6798848.0,27.0,4300.0,6653718.0,23.0,15.732263744029835,6.787505040346375,4.18396467747709,57.362659085774524
2014.0,TGO,4100.0,3900.0,TGO,TGO,2600.0,5300.0,921.539748631461,37.0,4.90473413,6937644.0,30.0,3900.0,6798848.0,24.0,15.752472793578166,6.827130462933806,4.066676286115135,56.215049374110286
2015.0,TGO,3800.0,3800.0,TGO,TGO,2600.0,5200.0,813.894676975085,44.0,6.24738503,7071502.0,34.0,3900.0,6937644.0,25.0,15.771583462268078,6.703058874184438,4.046816964726752,53.7368157429638
1990.0,THA,2700.0,160000.0,THA,THA,140000.0,180000.0,1559.11209344755,0.0,3.10125351,54738329.0,,,,0.0,17.818074734987384,7.352512952436222,,292.2997521535595
1991.0,THA,5700.0,170000.0,THA,THA,150000.0,190000.0,1765.62267359529,0.0,3.10125351,55637434.0,,160000.0,54738329.0,1.0,17.83436680605526,7.476824908823535,5.681195130955976,305.54967721911834
1992.0,THA,10000.0,160000.0,THA,THA,140000.0,180000.0,1971.60879910694,0.0,3.10125351,56528834.0,0.0,170000.0,55637434.0,2.0,17.850261402222582,7.587112209174519,5.725379821261212,283.0413944147512
1993.0,THA,15000.0,130000.0,THA,THA,110000.0,150000.0,2245.13688708983,0.0,3.10125351,57408198.0,0.0,160000.0,56528834.0,3.0,17.865697673391313,7.716967080498106,5.6491199825214995,226.44849434221922
1994.0,THA,21000.0,110000.0,THA,THA,96000.0,120000.0,2517.70732641683,0.0,3.10125351,58260854.0,0.0,130000.0,57408198.0,4.0,17.88044096781587,7.831501083185943,5.426923814263257,188.80602059145923
1995.0,THA,28000.0,93000.0,THA,THA,81000.0,100000.0,2864.36515719866,0.0,3.10125351,59098232.0,0.0,110000.0,58260854.0,5.0,17.89471156653122,7.960451075546805,5.246002606386431,157.36511373132112
1996.0,THA,35000.0,79000.0,THA,THA,69000.0,89000.0,3054.65690806473,0.0,3.10125351,59920064.0,0.0,93000.0,59098232.0,6.0,17.908521965263457,8.024749875680428,5.064903213528389,131.8423157892488
1997.0,THA,42000.0,69000.0,THA,THA,61000.0,78000.0,2473.14096982086,0.0,3.10125351,60724584.0,0.0,79000.0,59920064.0,7.0,17.92185918227326,7.813648531854917,4.889162829277769,113.62778541224755
1998.0,THA,49000.0,63000.0,THA,THA,55000.0,71000.0,1847.70379269771,0.0,3.10125351,61522630.0,0.0,69000.0,60724584.0,8.0,17.93491563257299,7.522240019904794,4.741690230497284,102.40134402576743
1999.0,THA,55000.0,57000.0,THA,THA,50000.0,64000.0,2033.24490520569,0.0,3.10125351,62299043.0,0.0,63000.0,61522630.0,9.0,17.947456622484,7.617879975066166,4.638617960304817,91.49418234241575
2000.0,THA,60000.0,51000.0,THA,THA,45000.0,57000.0,2005.97694514234,0.0,3.10125351,63007815.0,0.0,57000.0,62299043.0,10.0,17.958769324281583,7.604384861506812,4.527145748944989,80.94234024779307
2001.0,THA,64000.0,46000.0,THA,THA,40000.0,51000.0,1889.93432467144,1.0,3.02623773,63651141.0,0.0,51000.0,63007815.0,11.0,17.9689278089657,7.544826337580163,4.4060158322160445,72.26893230397866
2002.0,THA,66000.0,41000.0,THA,THA,36000.0,46000.0,2089.75183111554,2.0,3.334723,64266437.0,0.0,46000.0,63651141.0,12.0,17.97854807781477,7.6452790080788,4.294136675989524,63.79690848583998
2003.0,THA,66000.0,37000.0,THA,THA,32000.0,41000.0,2347.54001286066,3.0,3.24312782,64868166.0,1.0,41000.0,64266437.0,13.0,17.987867552861108,7.761549142946207,4.171257893668288,57.038763821378886
2004.0,THA,62000.0,31000.0,THA,THA,28000.0,35000.0,2641.56268717857,7.0,3.13893151,65452047.0,2.0,37000.0,64868166.0,14.0,17.996828325614146,7.879504440141754,4.061111129053447,47.36291899319818
2005.0,THA,53000.0,28000.0,THA,THA,25000.0,31000.0,2867.70383436062,13.0,3.15972233,66017420.0,3.0,31000.0,65452047.0,15.0,18.005429204558766,7.961615581081763,3.87873338358586,42.41304795007136
2006.0,THA,45000.0,25000.0,THA,THA,22000.0,27000.0,3331.32043511773,17.0,3.09970832,66567687.0,7.0,28000.0,66017420.0,16.0,18.01372983759245,8.111424167665712,3.7707600399328656,37.55575884738192
2007.0,THA,41000.0,22000.0,THA,THA,20000.0,24000.0,3918.52817434581,21.0,3.19277525,67102394.0,13.0,25000.0,66567687.0,17.0,18.02173027939786,8.273726561852925,3.6521054752954054,32.785715514114145
2008.0,THA,37000.0,20000.0,THA,THA,18000.0,22000.0,4309.13509292986,24.0,3.45933938,67619830.0,17.0,22000.0,67102394.0,18.0,18.029411841191756,8.368724526673832,3.5200380952352317,29.5771225689269
2009.0,THA,34000.0,19000.0,THA,THA,17000.0,21000.0,4135.43986952819,28.0,3.61939645,68121080.0,21.0,20000.0,67619830.0,19.0,18.036797268007714,8.327590761966666,3.4202521008783586,27.89151317037252
2010.0,THA,31000.0,18000.0,THA,THA,16000.0,20000.0,4973.86288823778,32.0,3.39009809,68579447.0,24.0,19000.0,68121080.0,20.0,18.043503441391152,8.512153089059694,3.3635478900664535,26.24693080421019
2011.0,THA,28000.0,17000.0,THA,THA,16000.0,19000.0,5373.6232832898,36.0,3.56825495,69007208.0,28.0,18000.0,68579447.0,21.0,18.04972152087369,8.589443763709863,3.304940883727743,24.635107683243756
2012.0,THA,26000.0,16000.0,THA,THA,15000.0,18000.0,5725.52802835463,40.0,3.5229404,69436098.0,32.0,17000.0,69007208.0,22.0,18.055917434341204,8.652864697325859,3.243962805860497,23.042769482812815
2013.0,THA,24000.0,15000.0,THA,THA,14000.0,17000.0,6018.08244729255,44.0,3.45313334,69845114.0,36.0,16000.0,69436098.0,23.0,18.06179069132801,8.702690109292892,3.179834306143652,21.476090653957556
2014.0,THA,23000.0,15000.0,THA,THA,13000.0,16000.0,5801.1978916205,48.0,3.68448091,70216367.0,40.0,15000.0,69845114.0,24.0,18.06709198996938,8.665992071583414,3.112452106608856,21.36254073071026
2015.0,THA,21000.0,14000.0,THA,THA,12000.0,15000.0,5688.85335397884,55.0,3.8522861,70540795.0,44.0,15000.0,70216367.0,25.0,18.071701752909977,8.64643975420106,3.107387270217651,19.84667170252334
1990.0,TJK,100.0,100.0,TJK,TJK,100.0,100.0,487.03612866309,0.0,4.26492405,5398768.0,,,,0.0,15.501681337356606,6.190389437258431,,1.8522744448363035
1991.0,TJK,100.0,100.0,TJK,TJK,100.0,100.0,457.767825924805,0.0,4.26492405,5541205.0,,100.0,5398768.0,1.0,15.52772254409708,6.128544256215598,1.0481167268270801,1.8046616214343272
1992.0,TJK,100.0,100.0,TJK,TJK,100.0,100.0,337.833145514813,0.0,4.26492405,5649400.0,0.0,100.0,5541205.0,2.0,15.547059902793302,5.825507790090683,1.0312828976280264,1.7700994795907528
1993.0,TJK,100.0,100.0,TJK,TJK,100.0,100.0,287.620123754917,0.0,4.26492405,5724993.0,0.0,100.0,5649400.0,3.0,15.560351884696406,5.665111372789341,1.0188832327640414,1.7467270265657968
1994.0,TJK,100.0,500.0,TJK,TJK,100.0,870.0,261.271254544865,0.0,4.26492405,5825368.0,0.0,100.0,5724993.0,4.0,15.577732731386186,5.569379290874516,1.0104100307032395,8.583148738414465
1995.0,TJK,100.0,200.0,TJK,TJK,100.0,500.0,207.034457343036,0.0,4.26492405,5948584.0,0.0,500.0,5825368.0,5.0,15.598663766006041,5.337703726284223,2.260006216311243,3.362144671740367
1996.0,TJK,100.0,500.0,TJK,TJK,100.0,500.0,172.035088688368,0.0,4.26492405,6066523.0,0.0,200.0,5948584.0,6.0,15.618296181779826,5.153494398719867,1.4729638336073376,8.241953422083787
1997.0,TJK,100.0,500.0,TJK,TJK,500.0,500.0,150.088550171239,0.0,4.26492405,6139829.0,0.0,500.0,6066523.0,7.0,15.630307449572635,5.017866089910084,2.2237532726262197,8.143549274743645
1998.0,TJK,100.0,500.0,TJK,TJK,500.0,590.0,213.749145581577,0.0,4.26492405,6176397.0,0.0,500.0,6139829.0,8.0,15.636245649708892,5.369470582190917,2.2130486333641985,8.095334545366821
1999.0,TJK,100.0,560.0,TJK,TJK,550.0,570.0,175.023764735625,0.0,4.26492405,6208370.0,0.0,500.0,6176397.0,9.0,15.641408939584615,5.1706190128298,2.207761594731395,9.020080955226573
2000.0,TJK,100.0,680.0,TJK,TJK,670.0,740.0,136.925716400723,0.0,4.26492405,6284735.0,0.0,560.0,6208370.0,10.0,15.653634235235304,4.92671525327749,2.30459117498801,10.81986750435778
2001.0,TJK,200.0,790.0,TJK,TJK,780.0,800.0,168.676285365186,0.0,4.57802534,6407377.0,0.0,680.0,6284735.0,11.0,15.672960540781723,5.1338924180152965,2.46978180246993,12.329538280641206
2002.0,TJK,200.0,900.0,TJK,TJK,880.0,910.0,186.951638285222,0.0,4.43647242,6531669.0,0.0,790.0,6407377.0,12.0,15.692173058181684,5.236184686573538,2.589982495979409,13.779020339211922
2003.0,TJK,200.0,950.0,TJK,TJK,930.0,960.0,233.58124845289,0.0,4.70218658,6658575.0,0.0,900.0,6531669.0,13.0,15.711416055659054,5.457802003156484,2.6932086304553144,14.267316955955291
2004.0,TJK,500.0,990.0,TJK,TJK,970.0,1000.0,305.745158587502,0.0,4.79911184,6790547.0,0.0,950.0,6658575.0,14.0,15.731042055936664,5.72601730054064,2.7257143969131232,14.579090609342662
2005.0,TJK,500.0,980.0,TJK,TJK,960.0,990.0,333.927150941684,0.0,5.21024704,6924720.0,0.0,990.0,6790547.0,15.0,15.750608176007235,5.813913048301669,2.7459296696339672,14.15219676752273
2006.0,TJK,500.0,1000.0,TJK,TJK,1000.0,1000.0,401.018403316427,1.0,5.03254795,7057566.0,0.0,980.0,6924720.0,16.0,15.769610790819508,5.9964978669652735,2.7181455226003424,14.16919090802693
2007.0,TJK,500.0,1000.0,TJK,TJK,980.0,1000.0,516.997210618914,1.0,5.54050112,7194477.0,0.0,1000.0,7057566.0,17.0,15.788824206293988,6.249969857339413,2.7192664569365586,13.899551002803957
2008.0,TJK,500.0,1000.0,TJK,TJK,1000.0,1100.0,703.327375898643,2.0,5.91206694,7338403.0,1.0,1000.0,7194477.0,18.0,15.808631801985959,6.557243270651849,2.7013310784573714,13.62694308284786
2009.0,TJK,500.0,1100.0,TJK,TJK,1000.0,1100.0,664.795655734657,3.0,5.85579777,7490230.0,1.0,1000.0,7338403.0,19.0,15.82911006263208,6.500982800239279,2.682865244658429,14.685797365367954
2010.0,TJK,500.0,1100.0,TJK,TJK,1100.0,1100.0,737.338883219356,5.0,5.73543453,7652141.0,2.0,1100.0,7490230.0,20.0,15.850496035927662,6.604402910558527,2.752755676523173,14.375061829101162
2011.0,TJK,500.0,1000.0,TJK,TJK,1000.0,1100.0,833.601978202852,7.0,5.85971785,7824785.0,3.0,1100.0,7652141.0,21.0,15.872806817974679,6.7269549383953,2.7327468350894493,12.779903856783285
2012.0,TJK,500.0,1000.0,TJK,TJK,990.0,1100.0,952.452819695469,9.0,5.98185873,8014084.0,5.0,1000.0,7824785.0,22.0,15.896711051780395,6.860089942636868,2.6232112885498005,12.478032423917695
2013.0,TJK,520.0,1100.0,TJK,TJK,1100.0,1100.0,1028.19704279396,12.0,6.53226423,8216724.0,7.0,1000.0,8014084.0,23.0,15.921682147448147,6.936534207097942,2.6010611322131996,13.387330522480735
2014.0,TJK,500.0,1000.0,TJK,TJK,1000.0,1100.0,1081.54402932039,18.0,6.6654973,8425552.0,9.0,1100.0,8216724.0,24.0,15.946779551344239,6.987069132786572,2.666347994481193,11.868658575722991
2015.0,TJK,500.0,950.0,TJK,TJK,910.0,980.0,956.916310930656,26.0,6.90735912,8643840.0,12.0,1000.0,8425552.0,25.0,15.972357486488505,6.864760416044956,2.554794787405287,10.990485710054791
1990.0,TKM,,,TKM,TKM,,,848.155047388424,,4.03080034,3760562.0,,,,0.0,15.140078972281943,6.744241793181189,,
1991.0,TKM,,,TKM,TKM,,,831.99873207474,,4.03080034,3855894.0,,,3760562.0,1.0,15.16511344470817,6.725032120046524,,
1992.0,TKM,,,TKM,TKM,,,811.354156451902,,4.03080034,3944689.0,,,3855894.0,2.0,15.187880675187504,6.699936398340379,,
1993.0,TKM,,,TKM,TKM,,,788.418914207107,,4.03080034,4032407.0,,,3944689.0,3.0,15.209874026099312,6.671297123173662,,
1994.0,TKM,,,TKM,TKM,,,622.13478015809,,4.03080034,4116662.0,,,4032407.0,4.0,15.23055319876627,6.434762835931894,,
1995.0,TKM,,,TKM,TKM,,,592.247247321132,,4.03080034,4191203.0,,,4116662.0,5.0,15.248498362861346,6.385611255307016,,
1996.0,TKM,,,TKM,TKM,,,557.894220051334,,4.03080034,4263819.0,,,4191203.0,6.0,15.265675795521606,6.3259602245713165,,
1997.0,TKM,,,TKM,TKM,,,565.022638048501,,4.03080034,4336730.0,,,4263819.0,7.0,15.282631165864592,6.338634073955464,,
1998.0,TKM,,,TKM,TKM,,,590.791293266381,,4.03080034,4410507.0,,,4336730.0,8.0,15.29950020680134,6.383154027567212,,
1999.0,TKM,,,TKM,TKM,,,545.519003106054,,4.03080034,4492170.0,,,4410507.0,9.0,15.317846439182246,6.303569079392751,,
2000.0,TKM,,,TKM,TKM,,,633.835487638011,,4.03080034,4582677.0,,,4492170.0,10.0,15.337793883154646,6.4533658907412645,,
2001.0,TKM,,,TKM,TKM,,,756.034976276398,,4.7660532,4675409.0,,,4582677.0,11.0,15.357827203509208,6.629409456169819,,
2002.0,TKM,,,TKM,TKM,,,935.540801478466,,4.10696697,4769465.0,,,4675409.0,12.0,15.377744697245056,6.8421930889847,,
2003.0,TKM,,,TKM,TKM,,,1228.94870289404,,4.97849178,4863865.0,,,4769465.0,13.0,15.397343947308753,7.114727742532592,,
2004.0,TKM,,,TKM,TKM,,,1379.23009682692,,6.18652296,4958093.0,,,4863865.0,14.0,15.416531748964886,7.230005501083311,,
2005.0,TKM,,,TKM,TKM,,,1604.01618452312,,5.58886814,5052257.0,,,4958093.0,15.0,15.435345632100837,7.380889119328303,,
2006.0,TKM,,,TKM,TKM,,,1996.59310717308,,4.92075682,5147105.0,,,5052257.0,16.0,15.453944978659955,7.599698288405485,,
2007.0,TKM,,,TKM,TKM,,,2414.96071986964,,3.09328628,5244046.0,,,5147105.0,17.0,15.472603895757079,7.789852300590435,,
2008.0,TKM,,,TKM,TKM,,,3605.50395120549,,3.45380449,5345029.0,,,5244046.0,18.0,15.491677528057995,8.19049414752208,,
2009.0,TKM,,,TKM,TKM,,,3707.97850699617,,2.81471276,5451592.0,,,5345029.0,19.0,15.511418234075323,8.218511782648365,,
2010.0,TKM,,,TKM,TKM,,,4058.53937000739,,3.20879436,5564356.0,,,5451592.0,20.0,15.531891812724888,8.308824790495994,,
2011.0,TKM,,,TKM,TKM,,,5143.61929334647,,3.22296,5683417.0,,,5564356.0,21.0,15.553063194324956,8.545706650068052,,
2012.0,TKM,,,TKM,TKM,,,6053.8748468749,,3.34203553,5808546.0,,,5683417.0,22.0,15.574840839332731,8.708618986388755,,
2013.0,TKM,,,TKM,TKM,,,6599.64529055481,,3.96929264,5939341.0,,,5808546.0,23.0,15.597108742423282,8.7949226945314,,
2014.0,TKM,,,TKM,TKM,,,7164.14536184006,,4.25741673,6075283.0,,,5939341.0,24.0,15.619739130468009,8.876983627822014,,
2015.0,TKM,,,TKM,TKM,,,5759.497903834,,5.01652908,6215770.0,,,6075283.0,25.0,15.642600169058055,8.658779191591922,,
1990.0,TLS,100.0,100.0,TLS,TLS,100.0,100.0,168.621010199317,0.0,2.84187031,760345.0,,,,0.0,13.541527556628,5.133566596577398,,13.15192445534593
1991.0,TLS,100.0,100.0,TLS,TLS,100.0,100.0,189.794649212749,0.0,2.84187031,778278.0,,100.0,760345.0,1.0,13.564839065812777,5.2511977146626085,2.649850618752926,12.84887919226806
1992.0,TLS,100.0,100.0,TLS,TLS,100.0,100.0,235.064767714477,0.0,2.84187031,799318.0,0.0,100.0,778278.0,2.0,13.591514143065288,5.464106206842111,2.628204304612775,12.510665342204229
1993.0,TLS,100.0,100.0,TLS,TLS,100.0,100.0,264.066994790836,0.0,2.84187031,821437.0,0.0,100.0,799318.0,3.0,13.618810524535142,5.5799826045664815,2.6034793988870844,12.173788129826146
1994.0,TLS,100.0,100.0,TLS,TLS,100.0,100.0,283.058000480762,0.0,2.84187031,844493.0,0.0,100.0,821437.0,4.0,13.646491726267278,5.6491784443546385,2.578229107640881,11.841424381255973
1995.0,TLS,100.0,100.0,TLS,TLS,100.0,100.0,302.736982028369,0.0,2.84187031,868146.0,0.0,100.0,844493.0,5.0,13.674115182262964,5.7161621362165755,2.5526762252288155,11.518799833207778
1996.0,TLS,100.0,100.0,TLS,TLS,100.0,100.0,344.013327625123,0.0,2.84187031,892282.0,0.0,100.0,868146.0,6.0,13.701537505097079,5.843583047082667,2.527231501109662,11.20721924234715
1997.0,TLS,100.0,100.0,TLS,TLS,100.0,200.0,348.86424098109,0.0,2.84187031,917184.0,0.0,100.0,892282.0,7.0,13.729063385417744,5.857545196326253,2.502027517905434,10.902937687530528
1998.0,TLS,100.0,100.0,TLS,TLS,100.0,200.0,345.59090957317,0.0,2.84187031,942530.0,0.0,100.0,917184.0,8.0,13.756323028036459,5.8481451495087375,2.476785234149821,10.609741864980425
1999.0,TLS,100.0,100.0,TLS,TLS,100.0,200.0,269.987312761397,0.0,2.84187031,834697.0,0.0,100.0,942530.0,9.0,13.634824063726702,5.602072003405171,2.4518445616108093,11.980395281161906
2000.0,TLS,100.0,100.0,TLS,TLS,100.0,100.0,492.457669429651,0.0,2.84187031,745088.0,0.0,100.0,834697.0,10.0,13.521257611191352,6.201437078962835,2.5634401639063955,13.421233465040372
2001.0,TLS,100.0,100.0,TLS,TLS,100.0,100.0,587.700692767858,0.0,2.84187031,812249.0,0.0,100.0,745088.0,11.0,13.607562222382544,6.377917892809229,2.6687016666896053,12.31149561279854
2002.0,TLS,100.0,100.0,TLS,TLS,100.0,200.0,533.982476434866,0.0,2.84187031,879159.0,0.0,100.0,812249.0,12.0,13.68672104768118,6.282233992032219,2.58862799369745,11.374506772950058
2003.0,TLS,100.0,100.0,TLS,TLS,100.0,200.0,534.901153697657,0.0,2.84187031,916878.0,0.0,100.0,879159.0,13.0,13.72872969985767,6.283949729321135,2.5156384509291447,10.906576447466293
2004.0,TLS,100.0,100.0,TLS,TLS,100.0,200.0,474.420767344689,0.0,4.26103544,929074.0,0.0,100.0,916878.0,14.0,13.741943670167236,6.164200237911164,2.4770908901110023,10.763405283109849
2005.0,TLS,100.0,100.0,TLS,TLS,100.0,200.0,487.464555404292,0.0,5.28044748,948311.0,0.0,100.0,929074.0,15.0,13.762437786509278,6.191266910824362,2.4649934654449526,10.545063802908539
2006.0,TLS,100.0,100.0,TLS,TLS,100.0,200.0,464.667001844159,1.0,6.00192022,976597.0,0.0,100.0,948311.0,16.0,13.79182935872294,6.143470790368462,2.4462579692449373,10.23963825405976
2007.0,TLS,100.0,100.0,TLS,TLS,100.0,200.0,540.154584237662,2.0,5.64793253,1004889.0,0.0,100.0,976597.0,17.0,13.820387645614316,6.293704975993571,2.4194466601451228,9.951347860310939
2008.0,TLS,100.0,100.0,TLS,TLS,100.0,200.0,628.153219252849,3.0,6.96563959,1032429.0,1.0,100.0,1004889.0,18.0,13.847424836319723,6.444374818853701,2.393462540953118,9.68589607614664
2009.0,TLS,100.0,200.0,TLS,TLS,100.0,200.0,686.579295832381,4.0,7.30931807,1058782.0,2.0,100.0,1032429.0,19.0,13.87262974881279,6.533177162282204,2.368924748254024,18.8896297821459
2010.0,TLS,100.0,200.0,TLS,TLS,100.0,200.0,813.060177250597,6.0,6.47058821,1084679.0,3.0,200.0,1058782.0,20.0,13.89679464864914,6.702034291096299,2.9901984794269856,18.43863484035369
2011.0,TLS,100.0,200.0,TLS,TLS,100.0,200.0,939.045241112693,6.0,6.86541462,1110207.0,4.0,200.0,1084679.0,21.0,13.92005704238856,6.845928002949185,2.9672625723048127,18.01465852764394
2012.0,TLS,100.0,200.0,TLS,TLS,100.0,200.0,1022.61903188429,9.0,6.99215221,1134885.0,6.0,200.0,1110207.0,22.0,13.942041882178358,6.931099697200211,2.9452101831671182,17.62293095776224
2013.0,TLS,100.0,200.0,TLS,TLS,200.0,200.0,1204.56841532931,14.0,8.5323782,1158695.0,6.0,200.0,1134885.0,23.0,13.962804929795038,7.09470644866893,2.9243936685786047,17.260797707766063
2014.0,TLS,100.0,200.0,TLS,TLS,200.0,200.0,1224.74957758801,16.0,7.59958553,1181903.0,9.0,200.0,1158695.0,24.0,13.982636409282922,7.111307835916158,2.904756560289616,16.921862454025415
2015.0,TLS,100.0,200.0,TLS,TLS,200.0,200.0,1319.59297370991,17.0,7.69146681,1205131.0,14.0,200.0,1181903.0,25.0,14.002098832690933,7.185836137217701,2.886021333732511,16.595706192936703
1990.0,TTO,,,TTO,TTO,,,4047.25093594674,,4.23492479,1252208.0,,,,0.0,14.040418951028729,8.306040199151415,,
1991.0,TTO,,,TTO,TTO,,,4205.37778348016,,4.23492479,1262171.0,,,1252208.0,1.0,14.048343812111714,8.34435717236224,,
1992.0,TTO,,,TTO,TTO,,,4277.47436935604,,4.23492479,1271674.0,,,1262171.0,2.0,14.055844700726311,8.361351769272453,,
1993.0,TTO,,,TTO,TTO,,,3646.71231742803,,4.23492479,1280466.0,,,1271674.0,3.0,14.062734632141128,8.201855487730422,,
1994.0,TTO,,,TTO,TTO,,,3839.96290233114,,4.23492479,1288341.0,,,1280466.0,4.0,14.068865902158723,8.253478369963188,,
1995.0,TTO,,,TTO,TTO,,,4114.68908475464,,4.23492479,1295169.0,,,1288341.0,5.0,14.07415174653164,8.322561555897346,,
1996.0,TTO,,,TTO,TTO,,,4427.27832448289,,4.23492479,1300928.0,,,1295169.0,6.0,14.078588413918634,8.395766147427473,,
1997.0,TTO,,,TTO,TTO,,,4393.94496943068,,4.23492479,1305836.0,,,1300928.0,7.0,14.082354006660816,8.388210288864705,,
1998.0,TTO,,,TTO,TTO,,,4612.70900312686,,4.23492479,1310225.0,,,1305836.0,8.0,14.085709436154199,8.436787368501827,,
1999.0,TTO,,,TTO,TTO,,,5179.08350809274,,4.23492479,1314708.0,,,1310225.0,9.0,14.089125145704594,8.552576456377007,,
2000.0,TTO,,,TTO,TTO,,,6178.58975559687,,4.23492479,1319774.0,,,1314708.0,10.0,14.092971067782873,8.729007165658812,,
2001.0,TTO,,,TTO,TTO,,,6657.41466937221,,4.0346489,1325567.0,,,1319774.0,11.0,14.097350850397172,8.80363669756718,,
2002.0,TTO,,,TTO,TTO,,,6762.93080808096,,4.72302485,1332011.0,,,1325567.0,12.0,14.102200388306631,8.819359480528089,,
2003.0,TTO,,,TTO,TTO,,,8445.04653518298,,4.18767118,1338709.0,,,1332011.0,13.0,14.107216274691556,9.041453745209113,,
2004.0,TTO,,,TTO,TTO,,,9871.03419820086,,4.30805206,1345380.0,,,1338709.0,14.0,14.112187058995632,9.19746121030052,,
2005.0,TTO,,,TTO,TTO,,,12346.4373094075,,4.43451166,1294494.0,,,1345380.0,15.0,14.073630443168781,9.421203815212785,,
2006.0,TTO,,,TTO,TTO,,,14152.6607422113,,4.15431976,1297944.0,,,1294494.0,16.0,14.076292032018094,9.557728579308712,,
2007.0,TTO,,,TTO,TTO,,,16606.675360681,,4.1536026,1303188.0,,,1297944.0,17.0,14.080324128124447,9.717620238609406,,
2008.0,TTO,,,TTO,TTO,,,21298.9945258063,,3.6575706,1308587.0,,,1303188.0,18.0,14.084458487087518,9.966462094693085,,
2009.0,TTO,,,TTO,TTO,,,14634.0565003912,,5.48676443,1310106.0,,,1308587.0,19.0,14.085618607934343,9.591175059753395,,
2010.0,TTO,,,TTO,TTO,,,16815.424737361,,5.08042908,1317714.0,,,1310106.0,20.0,14.091408975050022,9.730111350728357,,
2011.0,TTO,,,TTO,TTO,,,19151.0870229722,,4.72197914,1328019.0,,,1317714.0,21.0,14.099198916145085,9.860166971593415,,
2012.0,TTO,,,TTO,TTO,,,20332.1389531925,,4.62851572,1335194.0,,,1328019.0,22.0,14.104587157610858,9.920007294762588,,
2013.0,TTO,,,TTO,TTO,,,21304.9777496628,,4.80224705,1340557.0,,,1335194.0,23.0,14.10859575720136,9.966742957848004,,
2014.0,TTO,,,TTO,TTO,,,21908.3014555644,,4.87381697,1345343.0,,,1340557.0,24.0,14.112159557093724,9.99466654963326,,
2015.0,TTO,,,TTO,TTO,,,19887.2327716498,,5.6525383,1349667.0,,,1345343.0,25.0,14.11536845332072,9.897883517807593,,
1990.0,TUN,100.0,100.0,TUN,TUN,100.0,500.0,1476.43160477311,0.0,4.81271935,8324509.0,,,,0.0,15.934714613112474,7.2980604570230705,,1.2012720510002453
1991.0,TUN,100.0,100.0,TUN,TUN,100.0,500.0,1537.87916511306,0.0,4.81271935,8501827.0,,100.0,8324509.0,1.0,15.95579163954047,7.338809615560208,0.789035398268278,1.176217770603895
1992.0,TUN,100.0,100.0,TUN,TUN,100.0,500.0,1784.81850188268,0.0,4.81271935,8682512.0,0.0,100.0,8501827.0,2.0,15.976821445689822,7.48763213358644,0.7775884023887122,1.1517404179804185
1993.0,TUN,100.0,200.0,TUN,TUN,100.0,500.0,1649.18537309075,0.0,4.81271935,8857910.0,0.0,100.0,8682512.0,3.0,15.996821403106598,7.408642907911865,0.7662770114088775,2.2578689555436893
1994.0,TUN,100.0,200.0,TUN,TUN,100.0,540.0,1733.46614673506,0.0,4.81271935,9018448.0,0.0,200.0,8857910.0,4.0,16.01478281515017,7.458454948626402,1.1810732870086318,2.2176764782587868
1995.0,TUN,100.0,200.0,TUN,TUN,100.0,540.0,1968.16600944373,0.0,4.81271935,9161258.0,0.0,200.0,9018448.0,5.0,16.030494063465095,7.585365386636011,1.1686595084816465,2.1831062939172767
1996.0,TUN,100.0,200.0,TUN,TUN,200.0,500.0,2107.40815649257,0.0,4.81271935,9294432.0,0.0,200.0,9161258.0,6.0,16.04492606914786,7.65368851354337,1.1578575419985146,2.1518259534310435
1997.0,TUN,100.0,500.0,TUN,TUN,200.0,500.0,2202.06090620956,0.0,4.81271935,9421270.0,0.0,200.0,9294432.0,7.0,16.05848045699812,7.697602993360509,1.1479819526509722,5.307140120174881
1998.0,TUN,100.0,500.0,TUN,TUN,200.0,500.0,2285.01933541864,0.0,4.81271935,9541667.0,0.0,500.0,9421270.0,8.0,16.071178766105064,7.734567302507367,1.841682344047204,5.240174489426218
1999.0,TUN,100.0,500.0,TUN,TUN,200.0,500.0,2376.06566791596,0.0,4.81271935,9655963.0,0.0,500.0,9541667.0,9.0,16.083086209937747,7.773622093363094,1.831008145039451,5.178147430763767
2000.0,TUN,100.0,500.0,TUN,TUN,200.0,510.0,2199.04465936314,0.0,4.81271935,9764935.0,0.0,500.0,9655963.0,10.0,16.09430846584475,7.696232938850889,1.8210184580452187,5.12036178428223
2001.0,TUN,100.0,500.0,TUN,TUN,200.0,560.0,2235.71981624751,2.0,4.86132765,9869677.0,0.0,500.0,9764935.0,11.0,16.10497768544358,7.712765703868122,1.811621209855803,5.066021917434583
2002.0,TUN,100.0,500.0,TUN,TUN,500.0,560.0,2320.7723805785,2.0,5.12036419,9971515.0,0.0,500.0,9869677.0,12.0,16.1152430862615,7.750086130139538,1.8027030224208547,5.014283185654336
2003.0,TUN,100.0,500.0,TUN,TUN,500.0,610.0,2725.8643148859,3.0,5.20888519,10071632.0,2.0,500.0,9971515.0,13.0,16.125233317104755,7.910907625423587,1.7941371711954128,4.964438732471559
2004.0,TUN,200.0,500.0,TUN,TUN,500.0,670.0,3067.41936376975,3.0,5.19890785,10166163.0,2.0,500.0,10071632.0,14.0,16.13457541069873,8.028917842771053,1.7858149576561828,4.918276443137888
2005.0,TUN,200.0,500.0,TUN,TUN,500.0,710.0,3146.8260743927,4.0,5.14555788,10255472.0,3.0,500.0,10166163.0,15.0,16.14332197475806,8.054467358453389,1.778045265144197,4.87544600580061
2006.0,TUN,200.0,500.0,TUN,TUN,500.0,720.0,3322.56933570096,5.0,5.13109922,10346410.0,3.0,500.0,10255472.0,16.0,16.15215015760246,8.108794585517959,1.770781973029713,4.832594107521353
2007.0,TUN,200.0,500.0,TUN,TUN,500.0,750.0,3726.91672935667,6.0,5.17542839,10441702.0,4.0,500.0,10346410.0,17.0,16.161318153951264,8.22360483901006,1.7634618598062295,4.788491378129733
2008.0,TUN,200.0,500.0,TUN,TUN,500.0,750.0,4255.05008019523,6.0,5.1644063,10542635.0,5.0,500.0,10441702.0,18.0,16.170938069832697,8.356096797915415,1.7558717011798959,4.742647355238989
2009.0,TUN,200.0,510.0,TUN,TUN,500.0,760.0,4080.09032448781,8.0,5.40595293,10650681.0,6.0,500.0,10542635.0,19.0,16.18113439173737,8.314119468090993,1.747920315720153,4.788426204859577
2010.0,TUN,200.0,500.0,TUN,TUN,500.0,790.0,4291.86120891575,9.0,5.60950756,10765980.0,6.0,510.0,10650681.0,20.0,16.191901720401148,8.364708738075986,1.7558604420049575,4.644259045623343
2011.0,TUN,500.0,520.0,TUN,TUN,500.0,830.0,4420.64772206537,10.0,6.12299299,10886035.0,8.0,500.0,10765980.0,21.0,16.202991333109825,8.394267693401233,1.7306389304609342,4.7767621544483365
2012.0,TUN,500.0,510.0,TUN,TUN,500.0,810.0,4297.26782454273,9.0,6.28984737,11009647.0,9.0,520.0,10886035.0,22.0,16.21428244642284,8.365967389021558,1.7538433448330593,4.6323011082916645
2013.0,TUN,500.0,540.0,TUN,TUN,500.0,860.0,4369.79345826358,10.0,6.51394987,11141361.0,10.0,510.0,11009647.0,23.0,16.226174957352864,8.382699841004609,1.7285180812567977,4.8468046228822494
2014.0,TUN,500.0,540.0,TUN,TUN,500.0,890.0,4458.97895464547,12.0,6.45006084,11274288.0,9.0,540.0,11141361.0,24.0,16.238035292800305,8.402899326313621,1.7658952937014725,4.7896594445698035
2015.0,TUN,500.0,530.0,TUN,TUN,500.0,910.0,4014.94773686432,13.0,6.21339941,11402264.0,10.0,540.0,11274288.0,25.0,16.24932249013828,8.298028647557881,1.7560734719914737,4.6481996908684104
1990.0,MUS,,,TUR,MUS,,,2689.52621921233,,4.59957218,56015628.0,,,,0.0,17.84114128119481,7.8974920739897145,,
1990.0,MUS,,,TUR,TUR,,,2689.52621921233,,4.59957218,56015628.0,,,56015628.0,0.0,17.84114128119481,7.8974920739897145,,
1990.0,TUR,,,TUR,MUS,,,2689.52621921233,,4.139888446666666,56015628.0,,,56015628.0,0.0,17.84114128119481,7.8974920739897145,,
1990.0,TUR,,,TUR,TUR,,,2689.52621921233,,4.1628726333333335,56015628.0,,,56015628.0,0.0,17.84114128119481,7.8974920739897145,,
1991.0,MUS,,,TUR,MUS,,,2649.27259974439,,4.59957218,57009887.0,,,56015628.0,1.0,17.858735266897398,7.882417781517807,,
1991.0,MUS,,,TUR,TUR,,,2649.27259974439,,4.59957218,57009887.0,,,57009887.0,1.0,17.858735266897398,7.882417781517807,,
1991.0,TUR,,,TUR,MUS,,,2649.27259974439,,4.18585682,57009887.0,,,57009887.0,1.0,17.858735266897398,7.882417781517807,,
1991.0,TUR,,,TUR,TUR,,,2649.27259974439,,4.208841006666667,57009887.0,,,57009887.0,1.0,17.858735266897398,7.882417781517807,,
1992.0,MUS,,,TUR,MUS,,,2743.65320297936,,4.59957218,57990118.0,,,57009887.0,2.0,17.875783174684145,7.917410008249913,,
1992.0,MUS,,,TUR,TUR,,,2743.65320297936,,4.59957218,57990118.0,,,57990118.0,2.0,17.875783174684145,7.917410008249913,,
1992.0,TUR,,,TUR,MUS,,,2743.65320297936,,4.231825193333333,57990118.0,,,57990118.0,2.0,17.875783174684145,7.917410008249913,,
1992.0,TUR,,,TUR,TUR,,,2743.65320297936,,4.25480938,57990118.0,,,57990118.0,2.0,17.875783174684145,7.917410008249913,,
1993.0,MUS,,,TUR,MUS,,,3057.93737480422,,4.59957218,58999167.0,,,57990118.0,3.0,17.893033883126257,8.025822871500745,,
1993.0,MUS,,,TUR,TUR,,,3057.93737480422,,4.59957218,58999167.0,,,58999167.0,3.0,17.893033883126257,8.025822871500745,,
1993.0,TUR,,,TUR,MUS,,,3057.93737480422,,4.277793566666666,58999167.0,,,58999167.0,3.0,17.893033883126257,8.025822871500745,,
1993.0,TUR,,,TUR,TUR,,,3057.93737480422,,4.300777753333334,58999167.0,,,58999167.0,3.0,17.893033883126257,8.025822871500745,,
1994.0,MUS,,,TUR,MUS,,,2176.2801813809,,4.59957218,60033836.0,,,58999167.0,4.0,17.910418894569062,7.685831753633574,,
1994.0,MUS,,,TUR,TUR,,,2176.2801813809,,4.59957218,60033836.0,,,60033836.0,4.0,17.910418894569062,7.685831753633574,,
1994.0,TUR,,,TUR,MUS,,,2176.2801813809,,4.32376194,60033836.0,,,60033836.0,4.0,17.910418894569062,7.685831753633574,,
1994.0,TUR,,,TUR,TUR,,,2176.2801813809,,4.346746126666667,60033836.0,,,60033836.0,4.0,17.910418894569062,7.685831753633574,,
1995.0,MUS,,,TUR,MUS,,,3845.98997887841,,4.59957218,61024503.0,,,60033836.0,5.0,17.926786030006937,8.25504629783037,,
1995.0,MUS,,,TUR,TUR,,,3845.98997887841,,4.59957218,61024503.0,,,61024503.0,5.0,17.926786030006937,8.25504629783037,,
1995.0,TUR,,,TUR,MUS,,,3845.98997887841,,4.369730313333333,61024503.0,,,61024503.0,5.0,17.926786030006937,8.25504629783037,,
1995.0,TUR,,,TUR,TUR,,,3845.98997887841,,4.3927145,61024503.0,,,61024503.0,5.0,17.926786030006937,8.25504629783037,,
1996.0,MUS,,,TUR,MUS,,,4041.36210281686,,4.59957218,61951134.0,,,61024503.0,6.0,17.941856470956637,8.304584479012139,,
1996.0,MUS,,,TUR,TUR,,,4041.36210281686,,4.59957218,61951134.0,,,61951134.0,6.0,17.941856470956637,8.304584479012139,,
1996.0,TUR,,,TUR,MUS,,,4041.36210281686,,4.4156986866666665,61951134.0,,,61951134.0,6.0,17.941856470956637,8.304584479012139,,
1996.0,TUR,,,TUR,TUR,,,4041.36210281686,,4.438682873333334,61951134.0,,,61951134.0,6.0,17.941856470956637,8.304584479012139,,
1997.0,MUS,,,TUR,MUS,,,4197.37636165642,,4.59957218,62852966.0,,,61951134.0,7.0,17.95630868361337,8.342453148971938,,
1997.0,MUS,,,TUR,TUR,,,4197.37636165642,,4.59957218,62852966.0,,,62852966.0,7.0,17.95630868361337,8.342453148971938,,
1997.0,TUR,,,TUR,MUS,,,4197.37636165642,,4.46166706,62852966.0,,,62852966.0,7.0,17.95630868361337,8.342453148971938,,
1997.0,TUR,,,TUR,TUR,,,4197.37636165642,,4.484651246666667,62852966.0,,,62852966.0,7.0,17.95630868361337,8.342453148971938,,
1998.0,MUS,,,TUR,MUS,,,4331.02761275037,,4.59957218,63734383.0,,,62852966.0,8.0,17.970234739443114,8.373790982235,,
1998.0,MUS,,,TUR,TUR,,,4331.02761275037,,4.59957218,63734383.0,,,63734383.0,8.0,17.970234739443114,8.373790982235,,
1998.0,TUR,,,TUR,MUS,,,4331.02761275037,,4.507635433333333,63734383.0,,,63734383.0,8.0,17.970234739443114,8.373790982235,,
1998.0,TUR,,,TUR,TUR,,,4331.02761275037,,4.53061962,63734383.0,,,63734383.0,8.0,17.970234739443114,8.373790982235,,
1999.0,MUS,,,TUR,MUS,,,3973.77763854116,,4.59957218,64591923.0,,,63734383.0,9.0,17.983599929976055,8.287724085534087,,
1999.0,MUS,,,TUR,TUR,,,3973.77763854116,,4.59957218,64591923.0,,,64591923.0,9.0,17.983599929976055,8.287724085534087,,
1999.0,TUR,,,TUR,MUS,,,3973.77763854116,,4.553603806666667,64591923.0,,,64591923.0,9.0,17.983599929976055,8.287724085534087,,
1999.0,TUR,,,TUR,TUR,,,3973.77763854116,,4.576587993333334,64591923.0,,,64591923.0,9.0,17.983599929976055,8.287724085534087,,
2000.0,MUS,,,TUR,MUS,,,4199.3798635759,,4.59957218,65425961.0,,,64591923.0,10.0,17.99642969484731,8.342930243890223,,
2000.0,MUS,,,TUR,TUR,,,4199.3798635759,,4.59957218,65425961.0,,,65425961.0,10.0,17.99642969484731,8.342930243890223,,
2000.0,TUR,,,TUR,MUS,,,4199.3798635759,,4.59957218,65425961.0,,,65425961.0,10.0,17.99642969484731,8.342930243890223,,
2000.0,TUR,,,TUR,TUR,,,4199.3798635759,,4.59957218,65425961.0,,,65425961.0,10.0,17.99642969484731,8.342930243890223,,
2001.0,MUS,,,TUR,MUS,,,3052.2256706793,,4.88784933,66245128.0,,,65425961.0,11.0,18.008872480503793,8.023953907683842,,
2001.0,MUS,,,TUR,TUR,,,3052.2256706793,,4.88784933,66245128.0,,,66245128.0,11.0,18.008872480503793,8.023953907683842,,
2001.0,TUR,,,TUR,MUS,,,3052.2256706793,,4.88784933,66245128.0,,,66245128.0,11.0,18.008872480503793,8.023953907683842,,
2001.0,TUR,,,TUR,TUR,,,3052.2256706793,,4.88784933,66245128.0,,,66245128.0,11.0,18.008872480503793,8.023953907683842,,
2002.0,MUS,,,TUR,MUS,,,3591.08628982587,,5.06227875,67048795.0,,,66245128.0,12.0,18.020931195867533,8.18648845191358,,
2002.0,MUS,,,TUR,TUR,,,3591.08628982587,,5.06227875,67048795.0,,,67048795.0,12.0,18.020931195867533,8.18648845191358,,
2002.0,TUR,,,TUR,MUS,,,3591.08628982587,,5.06227875,67048795.0,,,67048795.0,12.0,18.020931195867533,8.18648845191358,,
2002.0,TUR,,,TUR,TUR,,,3591.08628982587,,5.06227875,67048795.0,,,67048795.0,12.0,18.020931195867533,8.18648845191358,,
2003.0,MUS,,,TUR,MUS,,,4649.63668068586,,5.01427698,67831730.0,,,67048795.0,13.0,18.032540637535835,8.44475940978624,,
2003.0,MUS,,,TUR,TUR,,,4649.63668068586,,5.01427698,67831730.0,,,67831730.0,13.0,18.032540637535835,8.44475940978624,,
2003.0,TUR,,,TUR,MUS,,,4649.63668068586,,5.01427698,67831730.0,,,67831730.0,13.0,18.032540637535835,8.44475940978624,,
2003.0,TUR,,,TUR,TUR,,,4649.63668068586,,5.01427698,67831730.0,,,67831730.0,13.0,18.032540637535835,8.44475940978624,,
2004.0,MUS,,,TUR,MUS,,,5979.6054216148,,4.9096446,68592617.0,,,67831730.0,14.0,18.04369546299754,8.696277082892856,,
2004.0,MUS,,,TUR,TUR,,,5979.6054216148,,4.9096446,68592617.0,,,68592617.0,14.0,18.04369546299754,8.696277082892856,,
2004.0,TUR,,,TUR,MUS,,,5979.6054216148,,4.9096446,68592617.0,,,68592617.0,14.0,18.04369546299754,8.696277082892856,,
2004.0,TUR,,,TUR,TUR,,,5979.6054216148,,4.9096446,68592617.0,,,68592617.0,14.0,18.04369546299754,8.696277082892856,,
2005.0,MUS,,,TUR,MUS,,,7331.85429430255,,4.89389706,69329557.0,,,68592617.0,15.0,18.054381881167984,8.900120118034472,,
2005.0,MUS,,,TUR,TUR,,,7331.85429430255,,4.89389706,69329557.0,,,69329557.0,15.0,18.054381881167984,8.900120118034472,,
2005.0,TUR,,,TUR,MUS,,,7331.85429430255,,4.89389706,69329557.0,,,69329557.0,15.0,18.054381881167984,8.900120118034472,,
2005.0,TUR,,,TUR,TUR,,,7331.85429430255,,4.89389706,69329557.0,,,69329557.0,15.0,18.054381881167984,8.900120118034472,,
2006.0,MUS,,,TUR,MUS,,,7990.08251407245,,5.14591694,70045349.0,,,69329557.0,16.0,18.064653433111182,8.986081513196817,,
2006.0,MUS,,,TUR,TUR,,,7990.08251407245,,5.14591694,70045349.0,,,70045349.0,16.0,18.064653433111182,8.986081513196817,,
2006.0,TUR,,,TUR,MUS,,,7990.08251407245,,5.14591694,70045349.0,,,70045349.0,16.0,18.064653433111182,8.986081513196817,,
2006.0,TUR,,,TUR,TUR,,,7990.08251407245,,5.14591694,70045349.0,,,70045349.0,16.0,18.064653433111182,8.986081513196817,,
2007.0,MUS,,,TUR,MUS,,,9766.91734545294,,5.23760796,70158112.0,,,70045349.0,17.0,18.06626199574594,9.186858553987022,,
2007.0,MUS,,,TUR,TUR,,,9766.91734545294,,5.23760796,70158112.0,,,70158112.0,17.0,18.06626199574594,9.186858553987022,,
2007.0,TUR,,,TUR,MUS,,,9766.91734545294,,5.23760796,70158112.0,,,70158112.0,17.0,18.06626199574594,9.186858553987022,,
2007.0,TUR,,,TUR,TUR,,,9766.91734545294,,5.23760796,70158112.0,,,70158112.0,17.0,18.06626199574594,9.186858553987022,,
2008.0,MUS,,,TUR,MUS,,,10913.4079047769,,5.21761751,71051678.0,,,70158112.0,18.0,18.07891802939951,9.297839021500481,,
2008.0,MUS,,,TUR,TUR,,,10913.4079047769,,5.21761751,71051678.0,,,71051678.0,18.0,18.07891802939951,9.297839021500481,,
2008.0,TUR,,,TUR,MUS,,,10913.4079047769,,5.21761751,71051678.0,,,71051678.0,18.0,18.07891802939951,9.297839021500481,,
2008.0,TUR,,,TUR,TUR,,,10913.4079047769,,5.21761751,71051678.0,,,71051678.0,18.0,18.07891802939951,9.297839021500481,,
2009.0,MUS,,,TUR,MUS,,,9076.92472236977,,5.49438715,72039206.0,,,71051678.0,19.0,18.092721056556655,9.113600890667618,,
2009.0,MUS,,,TUR,TUR,,,9076.92472236977,,5.49438715,72039206.0,,,72039206.0,19.0,18.092721056556655,9.113600890667618,,
2009.0,TUR,,,TUR,MUS,,,9076.92472236977,,5.49438715,72039206.0,,,72039206.0,19.0,18.092721056556655,9.113600890667618,,
2009.0,TUR,,,TUR,TUR,,,9076.92472236977,,5.49438715,72039206.0,,,72039206.0,19.0,18.092721056556655,9.113600890667618,,
2010.0,MUS,,,TUR,MUS,,,10698.9699409757,,5.02053452,73142150.0,,,72039206.0,20.0,18.107915365932982,9.277996211191445,,
2010.0,MUS,,,TUR,TUR,,,10698.9699409757,,5.02053452,73142150.0,,,73142150.0,20.0,18.107915365932982,9.277996211191445,,
2010.0,TUR,,,TUR,MUS,,,10698.9699409757,,5.02053452,73142150.0,,,73142150.0,20.0,18.107915365932982,9.277996211191445,,
2010.0,TUR,,,TUR,TUR,,,10698.9699409757,,5.02053452,73142150.0,,,73142150.0,20.0,18.107915365932982,9.277996211191445,,
2011.0,MUS,,,TUR,MUS,,,11373.6355760885,,4.6530509,74223629.0,,,73142150.0,21.0,18.1225931075779,9.339141206039002,,
2011.0,MUS,,,TUR,TUR,,,11373.6355760885,,4.6530509,74223629.0,,,74223629.0,21.0,18.1225931075779,9.339141206039002,,
2011.0,TUR,,,TUR,MUS,,,11373.6355760885,,4.6530509,74223629.0,,,74223629.0,21.0,18.1225931075779,9.339141206039002,,
2011.0,TUR,,,TUR,TUR,,,11373.6355760885,,4.6530509,74223629.0,,,74223629.0,21.0,18.1225931075779,9.339141206039002,,
2012.0,MUS,,,TUR,MUS,,,11776.7593362033,,4.44444656,75175827.0,,,74223629.0,22.0,18.135340287776028,9.3739682299627,,
2012.0,MUS,,,TUR,TUR,,,11776.7593362033,,4.44444656,75175827.0,,,75175827.0,22.0,18.135340287776028,9.3739682299627,,
2012.0,TUR,,,TUR,MUS,,,11776.7593362033,,4.44444656,75175827.0,,,75175827.0,22.0,18.135340287776028,9.3739682299627,,
2012.0,TUR,,,TUR,TUR,,,11776.7593362033,,4.44444656,75175827.0,,,75175827.0,22.0,18.135340287776028,9.3739682299627,,
2013.0,MUS,,,TUR,MUS,,,12635.5570016068,,4.37099934,76147624.0,,,75175827.0,23.0,18.14818443524283,9.44434924148281,,
2013.0,MUS,,,TUR,TUR,,,12635.5570016068,,4.37099934,76147624.0,,,76147624.0,23.0,18.14818443524283,9.44434924148281,,
2013.0,TUR,,,TUR,MUS,,,12635.5570016068,,4.37099934,76147624.0,,,76147624.0,23.0,18.14818443524283,9.44434924148281,,
2013.0,TUR,,,TUR,TUR,,,12635.5570016068,,4.37099934,76147624.0,,,76147624.0,23.0,18.14818443524283,9.44434924148281,,
2014.0,MUS,,,TUR,MUS,,,12209.3862327674,,4.32517862,77181884.0,,,76147624.0,24.0,18.16167532424485,9.410042199099736,,
2014.0,MUS,,,TUR,TUR,,,12209.3862327674,,4.32517862,77181884.0,,,77181884.0,24.0,18.16167532424485,9.410042199099736,,
2014.0,TUR,,,TUR,MUS,,,12209.3862327674,,4.32517862,77181884.0,,,77181884.0,24.0,18.16167532424485,9.410042199099736,,
2014.0,TUR,,,TUR,TUR,,,12209.3862327674,,4.32517862,77181884.0,,,77181884.0,24.0,18.16167532424485,9.410042199099736,,
2015.0,MUS,,,TUR,MUS,,,11064.6494504662,,4.11690426,78218479.0,,,77181884.0,25.0,18.175016481947893,9.311600944885285,,
2015.0,MUS,,,TUR,TUR,,,11064.6494504662,,4.11690426,78218479.0,,,78218479.0,25.0,18.175016481947893,9.311600944885285,,
2015.0,TUR,,,TUR,MUS,,,11064.6494504662,,4.11690426,78218479.0,,,78218479.0,25.0,18.175016481947893,9.311600944885285,,
2015.0,TUR,,,TUR,TUR,,,11064.6494504662,,4.11690426,78218479.0,,,78218479.0,25.0,18.175016481947893,9.311600944885285,,
1990.0,TUV,100.0,100.0,TUV,TUV,100.0,100.0,1084.66707221699,,22.2817421,8798.0,,,,0.0,9.082279701908664,6.9899498901576305,,1136.6219595362581
1991.0,TUV,100.0,100.0,TUV,TUV,100.0,100.0,1134.33175551477,,22.2817421,8928.0,,100.0,8798.0,1.0,9.096947684621092,7.034680182813191,7.0366953622524875,1120.0716845878137
1992.0,TUV,100.0,100.0,TUV,TUV,100.0,100.0,1165.63710360353,,22.2817421,9038.0,,100.0,8928.0,2.0,9.109193189971226,7.061880618719935,7.022040368028364,1106.4394777605667
1993.0,TUV,100.0,100.0,TUV,TUV,100.0,100.0,1141.17904410247,,22.2817421,9126.0,,100.0,9038.0,3.0,9.118882761487347,7.040693159102615,7.009805852805799,1095.7703265395573
1994.0,TUV,100.0,100.0,TUV,TUV,100.0,100.0,1278.65870076399,,22.2817421,9207.0,,100.0,9126.0,4.0,9.127719343287845,7.154348681330758,7.000125073304768,1086.1301183881828
1995.0,TUV,100.0,100.0,TUV,TUV,100.0,100.0,1284.76446104166,,22.2817421,9280.0,,100.0,9207.0,5.0,9.135616825780247,7.159108731756202,6.991296584086205,1077.5862068965519
1996.0,TUV,100.0,100.0,TUV,TUV,100.0,100.0,1427.80960501753,,22.2817421,9342.0,,100.0,9280.0,6.0,9.142275641062053,7.26459693253632,6.983406394852281,1070.4345964461572
1997.0,TUV,100.0,100.0,TUV,TUV,100.0,100.0,1461.08618049276,,22.2817421,9400.0,,100.0,9342.0,7.0,9.148464968258095,7.2876195855578905,6.976753773803024,1063.8297872340424
1998.0,TUV,100.0,100.0,TUV,TUV,100.0,100.0,1459.64937141718,,22.2817421,9451.0,,100.0,9400.0,8.0,9.153875834995056,7.286636390762601,6.97057024117689,1058.0890911014708
1999.0,TUV,100.0,100.0,TUV,TUV,100.0,100.0,1558.60396569869,,22.2817421,9496.0,,100.0,9451.0,9.0,9.158625936289503,7.352187199871746,6.965164469637451,1053.0749789385004
2000.0,TUV,100.0,100.0,TUV,TUV,100.0,100.0,1559.22072281826,,22.2817421,9544.0,,100.0,9496.0,10.0,9.163667963777751,7.352582579221024,6.960418864083963,1047.7787091366304
2001.0,TUV,100.0,100.0,TUV,TUV,100.0,100.0,1475.03705936258,,17.96548271,9586.0,,100.0,9544.0,11.0,9.168058979719577,7.297116112814446,6.955381632030462,1043.187982474442
2002.0,TUV,100.0,100.0,TUV,TUV,100.0,100.0,1729.16968588975,,11.83691788,9623.0,,100.0,9586.0,12.0,9.171911345356401,7.455974767011207,6.950994812075176,1039.176971838304
2003.0,TUV,100.0,100.0,TUV,TUV,100.0,100.0,2020.10103886055,,13.70337105,9695.0,,100.0,9623.0,13.0,9.179365567676752,7.611397710642088,6.947146142888097,1031.459515214028
2004.0,TUV,100.0,100.0,TUV,TUV,100.0,100.0,2330.77403351989,,9.33149719,9816.0,,100.0,9695.0,14.0,9.191768986390747,7.754384644627894,6.939699113619977,1018.7449062754687
2005.0,TUV,100.0,100.0,TUV,TUV,100.0,100.0,2298.44257265761,,10.06694317,9940.0,,100.0,9816.0,15.0,9.20432229965062,7.740422012829296,6.9273077831133305,1006.0362173038229
2006.0,TUV,100.0,100.0,TUV,TUV,100.0,100.0,2413.97836453913,,12.17554379,10056.0,,100.0,9940.0,16.0,9.215924750270084,7.789445607263574,6.914766857616826,994.431185361973
2007.0,TUV,100.0,100.0,TUV,TUV,100.0,100.0,2803.75365477849,,10.45884991,10182.0,,100.0,10056.0,17.0,9.228376734462282,7.939070990491696,6.9031759954112655,982.1253191907288
2008.0,TUV,100.0,100.0,TUV,TUV,100.0,100.0,3062.00125965971,,10.33977222,10321.0,,100.0,10182.0,18.0,9.241935933565934,8.027150518083005,6.890736598482016,968.8983625617673
2009.0,TUV,100.0,100.0,TUV,TUV,100.0,100.0,2662.42865634448,,13.0113821,10461.0,,100.0,10321.0,19.0,9.25540933534376,7.887369540319497,6.877191285143373,955.9315553006405
2010.0,TUV,100.0,100.0,TUV,TUV,100.0,100.0,3054.96154183353,,16.21352577,10614.0,,100.0,10461.0,20.0,9.26992916338784,8.024849565728669,6.863731868833246,942.151874882231
2011.0,TUV,100.0,100.0,TUV,TUV,100.0,100.0,3679.5325726267,,14.74390411,10780.0,,100.0,10614.0,21.0,9.285447844462988,8.2108127415144,6.849227324683763,927.643784786642
2012.0,TUV,100.0,100.0,TUV,TUV,100.0,100.0,3558.89749224226,,13.87374306,10934.0,,100.0,10780.0,22.0,9.299632479454944,8.17748702911754,6.83372522587057,914.5783793671118
2013.0,TUV,100.0,100.0,TUV,TUV,100.0,100.0,3524.00277634143,,13.80392075,11001.0,,100.0,10934.0,23.0,9.305741456739435,8.167636502860649,6.819555974176967,909.008271975275
2014.0,TUV,100.0,100.0,TUV,TUV,100.0,100.0,3518.13249227107,,14.52762222,10984.0,,100.0,11001.0,24.0,9.304194947447806,8.165969787158735,6.813453689552301,910.4151493080844
2015.0,TUV,100.0,100.0,TUV,TUV,100.0,100.0,3352.66722400181,,13.44188595,10963.0,,100.0,10984.0,25.0,9.30228124567454,8.117809719810731,6.814998500710603,912.1590805436468
1990.0,TZA,30000.0,150000.0,TZA,TZA,130000.0,170000.0,243.611557006836,0.0,3.41529942,26110207.0,,,,0.0,17.077836868640823,5.499671470733932,,574.4879770581674
1991.0,TZA,37000.0,150000.0,TZA,TZA,140000.0,170000.0,276.452453613281,0.0,3.41529942,26780436.0,,150000.0,26110207.0,1.0,17.103182178901342,5.625649580175882,6.355218336646001,560.1103731096835
1992.0,TZA,45000.0,150000.0,TZA,TZA,130000.0,170000.0,250.329925537109,0.0,3.41529942,27457588.0,0.0,150000.0,26780436.0,2.0,17.12815311759261,5.526766520377005,6.329917629682252,546.2970746010174
1993.0,TZA,52000.0,150000.0,TZA,TZA,130000.0,170000.0,224.491546630859,0.0,3.41529942,28332692.0,0.0,150000.0,27457588.0,3.0,17.15952689023618,5.418282671015498,6.304991752988533,529.4237483681395
1994.0,TZA,61000.0,140000.0,TZA,TZA,130000.0,160000.0,228.890029907227,0.0,3.41529942,29442356.0,0.0,150000.0,28332692.0,4.0,17.19794487579686,5.437601063744054,6.273676212319042,475.505424905534
1995.0,TZA,70000.0,140000.0,TZA,TZA,120000.0,160000.0,258.418334960938,0.0,3.41529942,30383497.0,0.0,140000.0,29442356.0,5.0,17.229410157131507,5.55844195157776,6.1664791079308845,460.77645374395183
1996.0,TZA,77000.0,130000.0,TZA,TZA,120000.0,150000.0,313.658386230469,0.0,3.41529942,30945762.0,0.0,140000.0,30383497.0,6.0,17.24774661718592,5.751487562185603,6.1350809076255555,420.08983330253756
1997.0,TZA,82000.0,130000.0,TZA,TZA,120000.0,150000.0,363.597686767578,0.0,3.41529942,31578089.0,0.0,130000.0,30945762.0,7.0,17.267974051977884,5.898794517648402,6.042846191686066,411.6778567569431
1998.0,TZA,88000.0,120000.0,TZA,TZA,110000.0,140000.0,386.378448486328,0.0,3.41529942,32420458.0,0.0,130000.0,31578089.0,8.0,17.294300201254067,5.9594021182595185,6.022667280744188,370.1366587726799
1999.0,TZA,93000.0,120000.0,TZA,TZA,110000.0,140000.0,392.621765136719,0.0,3.41529942,33300330.0,0.0,120000.0,32420458.0,9.0,17.32107786481148,5.975390461252695,5.916570347269321,360.3567892570434
2000.0,TZA,97000.0,110000.0,TZA,TZA,100000.0,130000.0,401.698150634766,0.0,3.41529942,34260139.0,0.0,120000.0,33300330.0,10.0,17.34949310806159,5.998187275432575,5.889865806142616,321.07283627775126
2001.0,TZA,100000.0,110000.0,TZA,TZA,100000.0,130000.0,396.638732910156,0.0,4.23551702,35198299.0,0.0,110000.0,34260139.0,11.0,17.376508315537052,5.985543886813759,5.774777719585477,312.5151019371703
2002.0,TZA,100000.0,110000.0,TZA,TZA,100000.0,120000.0,402.649047851563,0.0,4.68907642,36121304.0,0.0,110000.0,35198299.0,12.0,17.402393387744016,6.000545806991625,5.747847530961129,304.5294267338743
2003.0,TZA,100000.0,110000.0,TZA,TZA,98000.0,120000.0,422.18359375,0.0,5.34231472,37089555.0,0.0,110000.0,36121304.0,13.0,17.428845951550713,6.047806112661245,5.722046097160674,296.5794547818112
2004.0,TZA,110000.0,100000.0,TZA,TZA,94000.0,120000.0,450.385284423828,1.0,5.7373414,38109668.0,0.0,110000.0,37089555.0,14.0,17.45597856118785,6.112321263993448,5.695681264224377,262.40060658623423
2005.0,TZA,100000.0,99000.0,TZA,TZA,92000.0,110000.0,483.334869384766,2.0,6.32282543,39182076.0,0.0,100000.0,38109668.0,15.0,17.483729955294407,6.182776546372917,5.573676092215543,252.66655089944697
2006.0,TZA,94000.0,96000.0,TZA,TZA,88000.0,110000.0,475.746734619141,5.0,7.598279,40294902.0,1.0,99000.0,39182076.0,16.0,17.51173551767426,6.166985395205139,5.536020612818099,238.2435376068169
2007.0,TZA,76000.0,88000.0,TZA,TZA,79000.0,100000.0,543.198303222656,12.0,6.88427973,41435512.0,2.0,96000.0,40294902.0,17.0,17.539648848892206,6.299313708414583,5.477482018920472,212.37821316169567
2008.0,TZA,65000.0,87000.0,TZA,TZA,79000.0,100000.0,675.977233886719,13.0,5.55704737,42570728.0,5.0,88000.0,41435512.0,18.0,17.56667743890312,6.517637644409944,5.363066239755509,204.36577922745414
2009.0,TZA,61000.0,88000.0,TZA,TZA,79000.0,100000.0,693.823547363281,17.0,5.06306362,43633982.0,12.0,87000.0,42570728.0,19.0,17.591346808411675,6.543657924643677,5.324792678100362,201.67767406605248
2010.0,TZA,54000.0,89000.0,TZA,TZA,79000.0,100000.0,736.530151367188,20.0,5.22392178,44758488.0,13.0,88000.0,43633982.0,20.0,17.61679166067658,6.603306970588026,5.311616904649086,198.8449654510224
2011.0,TZA,52000.0,93000.0,TZA,TZA,83000.0,110000.0,775.392761230469,21.0,5.0559845,46029367.0,17.0,89000.0,44758488.0,21.0,17.644790163797932,6.65465852774607,5.297541893201401,202.0449249280356
2012.0,TZA,48000.0,91000.0,TZA,TZA,82000.0,110000.0,861.969909667969,31.0,5.01779366,47374260.0,20.0,93000.0,46029367.0,22.0,17.6735896011921,6.760379823346899,5.3134272596216485,192.0874331335202
2013.0,TZA,40000.0,94000.0,TZA,TZA,84000.0,110000.0,963.05712890625,35.0,4.64643383,48824128.0,21.0,91000.0,47374260.0,23.0,17.70373517486451,6.8711505552054835,5.263143107738867,192.52776004519734
2014.0,TZA,38000.0,98000.0,TZA,TZA,88000.0,120000.0,1022.74841308594,40.0,4.01492071,50351512.0,31.0,94000.0,48824128.0,24.0,17.73453920646942,6.931226085066874,5.265420964945916,194.6316924901878
2015.0,TZA,37000.0,100000.0,TZA,TZA,91000.0,120000.0,939.127319335938,43.0,3.64969945,52020962.0,35.0,98000.0,50351512.0,25.0,17.76715731070114,6.846015312194116,5.276233771521703,192.23020135613794
1990.0,UGA,57000.0,110000.0,UGA,UGA,99000.0,130000.0,244.987168126806,0.0,5.0827775,17569897.0,,,,0.0,16.681697597880873,5.505279372485719,,626.0708301249575
1991.0,UGA,63000.0,110000.0,UGA,UGA,96000.0,120000.0,182.955897348348,0.0,5.0827775,18155901.0,,110000.0,17569897.0,1.0,16.714506189800733,5.214696040554952,6.441059500959134,605.8636252753306
1992.0,UGA,69000.0,110000.0,UGA,UGA,97000.0,120000.0,152.113542415537,0.0,5.0827775,18785032.0,0.0,110000.0,18155901.0,2.0,16.74857094047558,5.031179753458067,6.408304095760284,585.5725984390125
1993.0,UGA,75000.0,100000.0,UGA,UGA,96000.0,120000.0,165.616476211716,0.0,5.0827775,19445161.0,0.0,110000.0,18785032.0,3.0,16.783108805301143,5.115694621671801,6.374296442937818,514.2667628208375
1994.0,UGA,79000.0,100000.0,UGA,UGA,96000.0,120000.0,198.441987998795,0.0,5.0827775,20108801.0,0.0,100000.0,19445161.0,4.0,16.8166681378928,5.29552340706973,6.244684752615145,497.29469201072703
1995.0,UGA,83000.0,100000.0,UGA,UGA,95000.0,120000.0,278.520835668767,0.0,5.0827775,20665667.0,0.0,100000.0,20108801.0,5.0,16.8439842822036,5.633076836037714,6.211191653034612,483.89437418109947
1996.0,UGA,85000.0,100000.0,UGA,UGA,95000.0,120000.0,284.698259285733,0.0,5.0827775,21231550.0,0.0,100000.0,20665667.0,6.0,16.870998840906008,5.654936216413591,6.183931082025235,470.99717166198417
1997.0,UGA,88000.0,100000.0,UGA,UGA,94000.0,110000.0,286.846637912964,0.0,5.0827775,21856046.0,0.0,100000.0,21231550.0,7.0,16.89998814603565,5.662427831056956,6.156972993326042,457.5393005669918
1998.0,UGA,89000.0,100000.0,UGA,UGA,94000.0,110000.0,292.453037058835,0.0,5.0827775,22515806.0,0.0,100000.0,21856046.0,8.0,16.929728109433714,5.6817176164441765,6.128046003545491,444.13244633569855
1999.0,UGA,90000.0,100000.0,UGA,UGA,93000.0,110000.0,257.921949601357,0.0,5.0827775,23257281.0,0.0,100000.0,22515806.0,9.0,16.9621288022632,5.556526663393118,6.098371870097612,429.97287602106195
2000.0,UGA,91000.0,100000.0,UGA,UGA,92000.0,110000.0,258.050338731086,0.0,5.0827775,24000150.0,0.0,100000.0,23257281.0,10.0,16.993570638292688,5.557022400849543,6.066045155457655,416.6640625162759
2001.0,UGA,91000.0,100000.0,UGA,UGA,94000.0,110000.0,236.021188853993,1.0,5.05208397,24745676.0,0.0,100000.0,24000150.0,11.0,17.02416132464521,5.46814954158602,6.034677431211576,404.11100509034384
2002.0,UGA,89000.0,100000.0,UGA,UGA,95000.0,110000.0,241.984688408335,1.0,4.77136898,25532870.0,0.0,100000.0,24745676.0,12.0,17.055477199663965,5.492998430690005,6.0041611161944815,391.65201561751576
2003.0,UGA,87000.0,100000.0,UGA,UGA,95000.0,110000.0,250.71543664681,2.0,4.2991581,26352124.0,1.0,100000.0,25532870.0,13.0,17.087059436913684,5.528299229807016,5.972923763177161,379.47605286010344
2004.0,UGA,82000.0,100000.0,UGA,UGA,95000.0,110000.0,292.38185796262,5.0,4.70022202,27154515.0,1.0,100000.0,26352124.0,14.0,17.117053888860724,5.681475029995525,5.941423239342486,368.2628837230199
2005.0,UGA,73000.0,100000.0,UGA,UGA,92000.0,110000.0,330.405402707025,8.0,5.80516291,27963289.0,2.0,100000.0,27154515.0,15.0,17.146403100743647,5.803342407536174,5.911508812402033,357.6117244291256
2006.0,UGA,70000.0,100000.0,UGA,UGA,93000.0,110000.0,346.518255310647,8.0,6.463305,28794003.0,5.0,100000.0,27963289.0,16.0,17.175677694256805,5.850817196893072,5.88224025564249,347.2945390746816
2007.0,UGA,71000.0,100000.0,UGA,UGA,93000.0,110000.0,401.389130865581,10.0,6.11309004,29653430.0,8.0,100000.0,28794003.0,17.0,17.20508835968521,5.997419607649313,5.8530484984511135,337.22911649681
2008.0,UGA,65000.0,99000.0,UGA,UGA,91000.0,110000.0,472.842681495852,14.0,5.45474958,30539553.0,8.0,100000.0,29653430.0,18.0,17.234533221105405,6.160875371027178,5.823723525298085,324.169774194141
2009.0,UGA,60000.0,99000.0,UGA,UGA,91000.0,110000.0,798.947089938247,16.0,5.78845549,31451151.0,10.0,99000.0,30539553.0,19.0,17.263946138215285,6.68454558790355,5.784347428071506,314.7738535864713
2010.0,UGA,56000.0,96000.0,UGA,UGA,88000.0,110000.0,823.488144282,20.0,6.80890226,32390802.0,14.0,99000.0,31451151.0,20.0,17.29338505156959,6.714762762614281,5.7550263041775445,296.3804354087929
2011.0,UGA,51000.0,92000.0,UGA,UGA,84000.0,110000.0,835.620060555838,23.0,6.6959095,33354543.0,16.0,96000.0,32390802.0,21.0,17.322704542937604,6.729370037391231,5.695012246417554,275.82449563167455
2012.0,UGA,46000.0,84000.0,UGA,UGA,75000.0,98000.0,795.222867553127,30.0,6.10853958,34337438.0,20.0,92000.0,33354543.0,22.0,17.35174680377792,6.679879131019301,5.623383715607165,244.63094771368787
2013.0,UGA,41000.0,80000.0,UGA,UGA,71000.0,94000.0,818.285427416713,40.0,5.78252411,35337042.0,23.0,84000.0,34337438.0,23.0,17.380442320164228,6.708432530362846,5.503830196940791,226.39133179285352
2014.0,UGA,36000.0,74000.0,UGA,UGA,65000.0,88000.0,896.054795546394,49.0,5.33653069,36395539.0,30.0,80000.0,35337042.0,24.0,17.409956770151442,6.799116947758684,5.426672461824961,203.32162136683837
2015.0,UGA,32000.0,71000.0,UGA,UGA,62000.0,84000.0,862.934610355811,53.0,4.99643135,37531446.0,40.0,74000.0,36395539.0,25.0,17.440689699545633,6.761497083481442,5.3196953276816705,189.17469899774179
1990.0,UKR,,,UKR,UKR,,,1563.63415527344,,5.30685186,52054092.0,,,,0.0,17.76779396664982,7.355407309048142,,
1991.0,UKR,,,UKR,UKR,,,1482.6396484375,,5.30685186,52170961.0,,,52054092.0,1.0,17.770036595377128,7.30225356973765,,
1992.0,UKR,,,UKR,UKR,,,1413.24011230469,,5.30685186,52323671.0,,,52170961.0,2.0,17.7729594270249,7.254347642722558,,
1993.0,UKR,,,UKR,UKR,,,1254.02868652344,,5.30685186,52350126.0,,,52323671.0,3.0,17.773464902154714,7.134913709092251,,
1994.0,UKR,,,UKR,UKR,,,1009.09405517578,,5.30685186,52075998.0,,,52350126.0,4.0,17.768214709594016,6.917798729435956,,
1995.0,UKR,,,UKR,UKR,,,933.191772460938,,5.30685186,51665539.0,,,52075998.0,5.0,17.760301560170774,6.839681740986769,,
1996.0,UKR,,,UKR,UKR,,,869.846069335938,,5.30685186,51226109.0,,,51665539.0,6.0,17.751759901440053,6.769465232572773,,
1997.0,UKR,,,UKR,UKR,,,987.489807128906,,5.30685186,50786885.0,,,51226109.0,7.0,17.743148709925944,6.896178331104707,,
1998.0,UKR,,,UKR,UKR,,,831.336791992188,,5.30685186,50379731.0,,,50786885.0,8.0,17.73509948945408,6.724237156980108,,
1999.0,UKR,,,UKR,UKR,,,631.910461425781,,5.30685186,49976446.0,,,50379731.0,9.0,17.727062372399377,6.450328960994914,,
2000.0,UKR,,,UKR,UKR,,,653.294311523438,,5.30685186,49556660.0,,,49976446.0,10.0,17.718627219395284,6.483557267849574,,
2001.0,UKR,,,UKR,UKR,,,800.49072265625,,5.72534418,49106855.0,,,49556660.0,11.0,17.70950919605438,6.686473397006011,,
2002.0,UKR,,,UKR,UKR,,,903.011901855469,,5.99220037,48677281.0,,,49106855.0,12.0,17.700722969963284,6.806842526074832,,
2003.0,UKR,,,UKR,UKR,,,1076.48156738281,,6.54574108,48315136.0,,,48677281.0,13.0,17.693255444272392,6.98238171499428,,
2004.0,UKR,,,UKR,UKR,,,1401.01806640625,,6.16856956,47979507.0,,,48315136.0,14.0,17.6862845402084,7.245667953678592,,
2005.0,UKR,,,UKR,UKR,,,1875.33508300781,,6.3461585,47585556.0,,,47979507.0,15.0,17.678039827774633,7.537075729292094,,
2006.0,UKR,,,UKR,UKR,,,2366.494140625,,6.4171896,47278694.0,,,47585556.0,16.0,17.67157030800717,7.769587350136368,,
2007.0,UKR,,,UKR,UKR,,,3160.32763671875,,6.01776791,47062798.0,,,47278694.0,17.0,17.666993395509653,8.058747356549752,,
2008.0,UKR,,,UKR,UKR,,,4017.806640625,,5.49754429,46819175.0,,,47062798.0,18.0,17.661803399196867,8.29874028197681,,
2009.0,UKR,,,UKR,UKR,,,2607.08764648438,,6.60991716,46623731.0,,,46819175.0,19.0,17.657620218399682,7.8663725292626685,,
2010.0,UKR,,,UKR,UKR,,,3039.63232421875,,6.81387615,46456003.0,,,46623731.0,20.0,17.654016250611257,8.019820774158724,,
2011.0,UKR,,,UKR,UKR,,,3656.69799804688,,6.81669855,46307853.0,,,46456003.0,21.0,17.650822115905207,8.204589266233386,,
2012.0,UKR,,,UKR,UKR,,,3951.34228515625,,7.11789227,46210056.0,,,46307853.0,22.0,17.64870799470462,8.282063665733736,,
2013.0,UKR,,,UKR,UKR,,,4129.89697265625,,6.94358015,46126770.0,,,46210056.0,23.0,17.646904033572444,8.326249847036435,,
2014.0,UKR,,,UKR,UKR,,,3054.908203125,,7.19506168,45972380.0,,,46126770.0,24.0,17.643551339337606,8.024832111590817,,
2015.0,UKR,,,UKR,UKR,,,2094.47387695313,,7.78352833,45784896.0,,,45972380.0,25.0,17.639464813035094,7.6475350010278795,,
1990.0,URY,,,URY,URY,,,2995.36105663465,,9.17182446,3104403.0,,,,0.0,14.948331984331967,8.005153850271425,,
1991.0,URY,,,URY,URY,,,3589.01541942634,,9.17182446,3122354.0,,,3104403.0,1.0,14.954097762482784,8.18591177657793,,
1992.0,URY,,,URY,URY,,,4101.71054155291,,9.17182446,3139702.0,,,3122354.0,2.0,14.959638448922124,8.319403141952806,,
1993.0,URY,,,URY,URY,,,4753.00924682647,,9.17182446,3156345.0,,,3139702.0,3.0,14.964925270562741,8.46674359298061,,
1994.0,URY,,,URY,URY,,,5507.56481300056,,9.17182446,3172834.0,,,3156345.0,4.0,14.970135752776988,8.614059398709006,,
1995.0,URY,,,URY,URY,,,6050.48632253644,,9.17182446,3189440.0,,,3172834.0,5.0,14.975355910761229,8.7080591939987,,
1996.0,URY,,,URY,URY,,,6398.43575184095,,9.17182446,3206324.0,,,3189440.0,6.0,14.980635667556907,8.763965101686258,,
1997.0,URY,,,URY,URY,,,7436.29342620682,,9.17182446,3223345.0,,,3206324.0,7.0,14.985930198196389,8.914262274840508,,
1998.0,URY,,,URY,URY,,,7836.89183322307,,9.17182446,3239280.0,,,3223345.0,8.0,14.990861640851273,8.966725178361095,,
1999.0,URY,,,URY,URY,,,7370.56995453931,,9.17182446,3254015.0,,,3239280.0,9.0,14.99540017646162,8.905385982109774,,
2000.0,URY,,,URY,URY,,,6987.70098766257,,9.17182446,3266206.0,,,3254015.0,10.0,14.999139624620215,8.852049979282826,,
2001.0,URY,,,URY,URY,,,6382.76104740859,,9.75702,3274251.0,,,3266206.0,11.0,15.001599698605057,8.761512708511926,,
2002.0,URY,,,URY,URY,,,4149.76140312687,,9.64023018,3278867.0,,,3274251.0,12.0,15.003008493857468,8.331047067029047,,
2003.0,URY,,,URY,URY,,,3671.12329256883,,9.57667351,3281186.0,,,3278867.0,13.0,15.003715500369946,8.20852532758434,,
2004.0,URY,,,URY,URY,,,4168.66065438387,,8.26618195,3283148.0,,,3281186.0,14.0,15.00431327618648,8.335589933635896,,
2005.0,URY,,,URY,URY,,,5284.25677987129,,7.72390509,3285771.0,,,3283148.0,15.0,15.005111885558708,8.572676483665449,,
2006.0,URY,,,URY,URY,,,6001.33294783172,,7.70998907,3289506.0,,,3285771.0,16.0,15.006247959491935,8.699903497276102,,
2007.0,URY,,,URY,URY,,,7222.05403645877,,7.46167231,3295153.0,,,3289506.0,17.0,15.007963158831615,8.885033139188414,,
2008.0,URY,,,URY,URY,,,9423.96562595893,,8.09081745,3302177.0,,,3295153.0,18.0,15.010092505902012,9.15111736519645,,
2009.0,URY,,,URY,URY,,,9881.39573127081,,7.91611385,3310091.0,,,3302177.0,19.0,15.012486239422465,9.198510244269828,,
2010.0,URY,,,URY,URY,,,12641.0576849008,,7.87757301,3318580.0,,,3310091.0,20.0,15.015047538554926,9.444784445978708,,
2011.0,URY,,,URY,URY,,,15132.2675725587,,7.91521358,3326825.0,,,3318580.0,21.0,15.017528953677303,9.624650749926252,,
2012.0,URY,,,URY,URY,,,16259.5940814256,,8.03330803,3335401.0,,,3326825.0,22.0,15.020103469983686,9.696499918807403,,
2013.0,URY,,,URY,URY,,,18335.2594772322,,8.0844841,3345337.0,,,3335401.0,23.0,15.023077993853944,9.81663577065955,,
2014.0,URY,,,URY,URY,,,18322.4276767157,,8.038908,3356334.0,,,3345337.0,24.0,15.02635986485908,9.815935720984458,,
2015.0,URY,,,URY,URY,,,17125.9016800298,,8.25703716,3368017.0,,,3356334.0,25.0,15.029834701837554,9.748405703974203,,
1990.0,USA,,,USA,USA,,,23888.6000088133,,12.49002075,249623000.0,,,,0.0,19.33546233765013,10.081198497141317,,
1991.0,USA,,,USA,USA,,,24342.2589048189,,12.49002075,252981000.0,,,249623000.0,1.0,19.34882494505751,10.100010248491785,,
1992.0,USA,,,USA,USA,,,25418.9907763319,,12.49002075,256514000.0,,,252981000.0,2.0,19.362693801982303,10.143291181892549,,
1993.0,USA,,,USA,USA,,,26387.2937338171,,12.49002075,259919000.0,,,256514000.0,3.0,19.375880601980075,10.180675771621459,,
1994.0,USA,,,USA,USA,,,27694.853416234,,12.49002075,263126000.0,,,259919000.0,4.0,19.38814356286876,10.229037984805004,,
1995.0,USA,,,USA,USA,,,28690.8757013347,,12.49002075,266278000.0,,,263126000.0,5.0,19.40005143377778,10.264369285065419,,
1996.0,USA,,,USA,USA,,,29967.7127181749,,12.49002075,269394000.0,,,266278000.0,6.0,19.411685549977598,10.307909207041714,,
1997.0,USA,,,USA,USA,,,31459.1299691554,,12.49002075,272657000.0,,,269394000.0,7.0,19.423725152947725,10.356476307854702,,
1998.0,USA,,,USA,USA,,,32853.6725949234,,12.49002075,275854000.0,,,272657000.0,8.0,19.435382298211984,10.399849254130084,,
1999.0,USA,,,USA,USA,,,34515.3813073394,,12.49002075,279040000.0,,,275854000.0,9.0,19.44686569868489,10.449189310830459,,
2000.0,USA,,,USA,USA,,,36329.9702595751,,12.49002075,282162411.0,,,279040000.0,10.0,19.45799338865284,10.50042583170077,,
2001.0,USA,,,USA,USA,,,37133.6203973517,,13.16817093,284968955.0,,,282162411.0,11.0,19.46789080247508,10.522304977817454,,
2002.0,USA,,,USA,USA,,,37997.7424300242,,13.99535275,287625193.0,,,284968955.0,12.0,19.47716877733218,10.545308344214174,,
2003.0,USA,,,USA,USA,,,39490.3023903176,,14.50557518,290107933.0,,,287625193.0,13.0,19.485763594460593,10.583835733993064,,
2004.0,USA,,,USA,USA,,,41724.6411982614,,14.55123138,292805298.0,,,290107933.0,14.0,19.495018434150026,10.638871115656093,,
2005.0,USA,,,USA,USA,,,44123.3996470026,,14.57946205,295516599.0,,,292805298.0,15.0,19.504235565821638,10.694768188409387,,
2006.0,USA,,,USA,USA,,,46301.9876485519,,14.70878792,298379912.0,,,295516599.0,16.0,19.513878104993,10.742961766038958,,
2007.0,USA,,,USA,USA,,,48050.227412195,,14.91832542,301231207.0,,,298379912.0,17.0,19.523388657420725,10.780022958550749,,
2008.0,USA,,,USA,USA,,,48570.0594269601,,15.20723629,304093966.0,,,301231207.0,18.0,19.53284731029355,10.790783147474976,,
2009.0,USA,,,USA,USA,,,47194.9500893872,,16.20067596,306771529.0,,,304093966.0,19.0,19.54161382328158,10.762063364701394,,
2010.0,USA,,,USA,USA,,,48642.6312088213,,16.19722366,309378227.0,,,306771529.0,20.0,19.5500751219399,10.792276168640141,,
2011.0,USA,,,USA,USA,,,50024.8812320773,,16.14000511,311839461.0,,,309378227.0,21.0,19.557999065271545,10.820295775130406,,
2012.0,USA,,,USA,USA,,,51708.3940614082,,16.11975479,314339099.0,,,311839461.0,22.0,19.56598289428526,10.853394747305911,,
2013.0,USA,,,USA,USA,,,53297.3862901595,,15.95227051,316726282.0,,,314339099.0,23.0,19.573548495119628,10.883661333713611,,
2014.0,USA,,,USA,USA,,,55153.3940182967,,16.1415844,319257560.0,,,316726282.0,24.0,19.581508733097717,10.917891695457017,,
2015.0,USA,,,USA,USA,,,56849.4697923159,,16.40155411,321815121.0,,,319257560.0,25.0,19.589487780231543,10.948179762861615,,
1990.0,UZB,,,UZB,UZB,,,652.9376529256,,5.13293362,20464956.0,,,,0.0,16.834224517894114,6.48301201499478,,
1991.0,UZB,,,UZB,UZB,,,658.313550528068,,5.13293362,20962910.0,,,20464956.0,1.0,16.85826524365817,6.491199218809712,,
1992.0,UZB,,,UZB,UZB,,,602.920525827048,,5.13293362,21485090.0,,,20962910.0,2.0,16.882869764151508,6.403442609520896,,
1993.0,UZB,,,UZB,UZB,,,595.777099596612,,5.13293362,21987955.0,,,21485090.0,3.0,16.906005361389738,6.391543676163736,,
1994.0,UZB,,,UZB,UZB,,,574.229079896619,,5.13293362,22463291.0,,,21987955.0,4.0,16.92739302369991,6.354768361277421,,
1995.0,UZB,,,UZB,UZB,,,582.54213674034,,5.13293362,22917589.0,,,22463291.0,5.0,16.94741525230567,6.369116662898824,,
1996.0,UZB,,,UZB,UZB,,,597.33228695111,,5.13293362,23351981.0,,,22917589.0,6.0,16.96619237788095,6.394146263424512,,
1997.0,UZB,,,UZB,UZB,,,620.59129581366,,5.13293362,23758960.0,,,23351981.0,7.0,16.983470280456967,6.432282796081619,,
1998.0,UZB,,,UZB,UZB,,,621.048904301242,,5.13293362,24134929.0,,,23758960.0,8.0,16.999170685286614,6.433018713926977,,
1999.0,UZB,,,UZB,UZB,,,697.763539790812,,5.13293362,24476008.0,,,24134929.0,9.0,17.013203930415308,6.5493124014419495,,
2000.0,UZB,,,UZB,UZB,,,555.149231099186,,5.13293362,24787054.0,,,24476008.0,10.0,17.025832058708325,6.321036659494937,,
2001.0,UZB,,,UZB,UZB,,,454.415812256778,,5.23737431,25090283.0,,,24787054.0,11.0,17.037991197673175,6.121210874714993,,
2002.0,UZB,,,UZB,UZB,,,381.409296889283,,5.14164925,25399980.0,,,25090283.0,12.0,17.05025894458688,5.946491492830678,,
2003.0,UZB,,,UZB,UZB,,,394.164028897235,,5.1882515,25711259.0,,,25399980.0,13.0,17.062439547315773,5.979300941734267,,
2004.0,UZB,,,UZB,UZB,,,462.171492867885,,4.84063768,26029350.0,,,25711259.0,14.0,17.074735305471872,6.138097380469988,,
2005.0,UZB,,,UZB,UZB,,,542.835808692209,,4.781991,26356975.0,,,26029350.0,15.0,17.087243503805578,6.298647379041469,,
2006.0,UZB,,,UZB,UZB,,,649.118167003925,,4.75141335,26699043.0,,,26356975.0,16.0,17.100138280031484,6.477154141757557,,
2007.0,UZB,,,UZB,UZB,,,824.028192334768,,4.54267979,27076008.0,,,26699043.0,17.0,17.11415858007521,6.715417558277805,,
2008.0,UZB,,,UZB,UZB,,,1074.72928796701,,4.70447445,27494774.0,,,27076008.0,18.0,17.129506508213964,6.98075411795865,,
2009.0,UZB,,,UZB,UZB,,,1205.7993547038,,4.79649639,27939328.0,,,27494774.0,19.0,17.145545859964834,7.0957269725679915,,
2010.0,UZB,,,UZB,UZB,,,1956.78127255673,,5.29938841,28385506.0,,,27939328.0,20.0,17.161389220744795,7.579567107226738,,
2011.0,UZB,,,UZB,UZB,,,2338.55462817306,,5.26245499,28823196.0,,,28385506.0,21.0,17.17669103759889,7.757715860396152,,
2012.0,UZB,,,UZB,UZB,,,2573.95586785056,,5.54822111,29261903.0,,,28823196.0,22.0,17.191796989035385,7.8535876742521555,,
2013.0,UZB,,,UZB,UZB,,,2781.38869470315,,5.71896601,29724065.0,,,29261903.0,23.0,17.207467545042196,7.931065080445973,,
2014.0,UZB,,,UZB,UZB,,,3021.00331668049,,4.43092394,30222994.0,,,29724065.0,24.0,17.2241135833627,8.013675240343826,,
2015.0,UZB,,,UZB,UZB,,,3172.89899391083,,4.73596573,30749346.0,,,30222994.0,25.0,17.241379283697945,8.06271607761554,,
1990.0,VCT,100.0,100.0,VCT,VCT,100.0,100.0,2149.73944358984,,3.98284125,111812.0,,,,0.0,11.624574168469136,7.673566989243377,,89.4358387292956
1991.0,VCT,100.0,100.0,VCT,VCT,100.0,100.0,2270.76357246912,,3.98284125,112222.0,,100.0,111812.0,1.0,11.628234331281243,7.728311713013038,4.504640634954658,89.10908734472741
1992.0,VCT,100.0,100.0,VCT,VCT,100.0,100.0,2470.51840791008,,3.98284125,112509.0,,100.0,112222.0,2.0,11.630788497426783,7.8125879807913305,4.501021017960469,88.88177834662116
1993.0,VCT,100.0,100.0,VCT,VCT,100.0,100.0,2539.64968649849,,3.98284125,112735.0,,100.0,112509.0,3.0,11.632795210820612,7.840175109391941,4.498495232909344,88.70359693085555
1994.0,VCT,100.0,100.0,VCT,VCT,100.0,100.0,2563.24976564442,,3.98284125,112918.0,,100.0,112735.0,4.0,11.634417170556304,7.849421225794095,4.496510867824392,88.55983988380949
1995.0,VCT,100.0,100.0,VCT,VCT,100.0,100.0,2795.36305613955,,3.98284125,113047.0,,100.0,112918.0,5.0,11.635558940423444,7.93607494332883,4.494907003919772,88.45878263023344
1996.0,VCT,100.0,100.0,VCT,VCT,100.0,100.0,2930.44394742606,,3.98284125,113119.0,,100.0,113047.0,6.0,11.636195640921594,7.983250395438951,4.493777989933501,88.40247880550571
1997.0,VCT,100.0,100.0,VCT,VCT,100.0,100.0,3073.7784743848,,3.98284125,113141.0,,100.0,113119.0,7.0,11.636390107465122,8.03098813679508,4.493148408926015,88.38528915247346
1998.0,VCT,100.0,100.0,VCT,VCT,100.0,100.0,3301.10018129103,,3.98284125,113180.0,,100.0,113141.0,8.0,11.636734750696515,8.102313963599192,4.492956117772302,88.35483300936562
1999.0,VCT,100.0,100.0,VCT,VCT,100.0,100.0,3446.52293031878,,3.98284125,113366.0,,100.0,113180.0,9.0,11.63837680168654,8.145411260934324,4.492615330902133,88.2098689201348
2000.0,VCT,100.0,100.0,VCT,VCT,100.0,100.0,3768.95536604022,,3.98284125,113545.0,,100.0,113366.0,10.0,11.63995451309877,8.234818441125347,4.490991671584122,88.07080893038003
2001.0,VCT,100.0,100.0,VCT,VCT,100.0,100.0,4071.08601098962,,4.01057482,113501.0,,100.0,113545.0,11.0,11.63956692643747,8.311910680548936,4.489431659364815,88.10495061717518
2002.0,VCT,100.0,100.0,VCT,VCT,100.0,100.0,4303.27976789727,,4.08079481,113347.0,,100.0,113501.0,12.0,11.638209188889352,8.36736510156396,4.4898148954155515,88.22465526215957
2003.0,VCT,100.0,100.0,VCT,VCT,100.0,100.0,4499.61454193342,,3.96341038,113141.0,,100.0,113347.0,13.0,11.636390107465122,8.41196923130837,4.4911574056776375,88.38528915247346
2004.0,VCT,100.0,100.0,VCT,VCT,100.0,100.0,4873.48947742443,,3.8710556,112835.0,,100.0,113141.0,14.0,11.63368185360601,8.491770655368551,4.492956117772302,88.62498338281561
2005.0,VCT,100.0,100.0,VCT,VCT,100.0,100.0,5157.39373878102,,3.83410811,112450.0,,100.0,112835.0,15.0,11.630263957387461,8.548380519080618,4.495634113511852,88.92841262783459
2006.0,VCT,100.0,100.0,VCT,VCT,100.0,100.0,5744.8278621257,,3.6556716,112014.0,,100.0,112450.0,16.0,11.626379142465382,8.65622928122862,4.499013938573427,89.27455496634349
2007.0,VCT,100.0,100.0,VCT,VCT,100.0,100.0,6398.19123532172,,3.82213306,111531.0,,100.0,112014.0,17.0,11.622057858145823,8.763926891881486,4.502855637396106,89.66117043691888
2008.0,VCT,100.0,100.0,VCT,VCT,100.0,100.0,6598.90531450859,,3.8878386,111028.0,,100.0,111531.0,18.0,11.617537700736474,8.79481058162503,4.507129155609368,90.067370393054
2009.0,VCT,100.0,100.0,VCT,VCT,100.0,100.0,6463.78777336717,,4.09299564,110508.0,,100.0,111028.0,19.0,11.612843195509367,8.774125463655102,4.511599566594429,90.49118615846817
2010.0,VCT,100.0,100.0,VCT,VCT,100.0,100.0,6551.96835992405,,4.30325222,109959.0,,100.0,110508.0,20.0,11.607862848021751,8.787673410693344,4.5162426415048555,90.94298784092253
2011.0,VCT,100.0,100.0,VCT,VCT,100.0,100.0,6527.68996854448,,4.23327732,109349.0,,100.0,109959.0,21.0,11.602299881115682,8.783961584769614,4.521168687575978,91.45031047380407
2012.0,VCT,100.0,100.0,VCT,VCT,100.0,100.0,6713.80768643865,,4.46855974,108736.0,,100.0,109349.0,22.0,11.596678205031603,8.81207046914866,4.526671316116343,91.96586227192466
2013.0,VCT,100.0,100.0,VCT,VCT,100.0,100.0,7072.46737188939,,4.23780632,108135.0,,100.0,108736.0,23.0,11.591135725506788,8.864106073163304,4.532232353420816,92.47699634715865
2014.0,VCT,100.0,100.0,VCT,VCT,100.0,100.0,7168.82875342911,,4.17431307,107535.0,,100.0,108135.0,24.0,11.585571654955082,8.877637049546815,4.537715377652061,92.99297903008323
2015.0,VCT,100.0,100.0,VCT,VCT,100.0,100.0,7353.73556054184,,4.11605787,106960.0,,100.0,107535.0,25.0,11.580210211775825,8.903099678689914,4.543220088311152,93.49289454001496
1990.0,VEN,500.0,1500.0,VEN,VEN,1200.0,1700.0,2451.5523114567,2.0,,19827010.0,,,,0.0,16.80255570748331,7.804884521061867,,7.5654372494894595
1991.0,VEN,500.0,1800.0,VEN,VEN,1500.0,2100.0,2632.53969814106,2.0,,20304896.0,,1500.0,19827010.0,1.0,16.826372597198258,7.8760841130992,2.1477351812015226,8.86485702758586
1992.0,VEN,500.0,2200.0,VEN,VEN,1900.0,2500.0,2907.30334439434,2.0,,20780948.0,2.0,1800.0,20304896.0,2.0,16.849547163383978,7.975325146966321,2.2889786464740522,10.586620013677914
1993.0,VEN,500.0,2700.0,VEN,VEN,2300.0,3100.0,2824.69144366441,2.0,,21254520.0,2.0,2200.0,20780948.0,3.0,16.872080136598363,7.946508372451248,2.4498509852835113,12.703180311764275
1994.0,VEN,590.0,3200.0,VEN,VEN,2800.0,3700.0,2688.98325145295,2.0,,21725188.0,2.0,2700.0,21254520.0,4.0,16.893982882703142,7.897290246350833,2.6176279454387017,14.72944676013851
1995.0,VEN,720.0,3900.0,VEN,VEN,3300.0,4400.0,3486.98350635919,2.0,,22193821.0,2.0,3200.0,21725188.0,5.0,16.915324474767264,8.157079056336265,2.7555345454496702,17.57245856853581
1996.0,VEN,880.0,4700.0,VEN,VEN,4000.0,5200.0,3112.825848106,2.0,,22662113.0,2.0,3900.0,22193821.0,6.0,16.93620505723093,8.043607425366345,2.921679761245041,20.739460614286056
1997.0,VEN,1100.0,5600.0,VEN,VEN,4800.0,6300.0,3710.82688355096,2.0,,23131685.0,2.0,4700.0,22662113.0,7.0,16.95671388066796,8.219279455844136,3.07912907063486,24.20921778936554
1998.0,VEN,1300.0,6700.0,VEN,VEN,5800.0,7500.0,3869.98258848894,2.0,,23601337.0,2.0,5600.0,23131685.0,8.0,16.976813920933516,8.261263652631325,3.2272097129265305,28.388222243511038
1999.0,VEN,1600.0,8000.0,VEN,VEN,6900.0,9000.0,4070.90619189484,2.0,,24066593.0,2.0,6700.0,23601337.0,9.0,16.996335254248432,8.311866520611074,3.3805939901192223,33.24109897898718
2000.0,VEN,1800.0,9400.0,VEN,VEN,8200.0,11000.0,4776.2816763938,2.0,,24526708.0,2.0,8000.0,24066593.0,10.0,17.015273204211926,8.471626976774845,3.5334266471073894,38.32556737740752
2001.0,VEN,1800.0,11000.0,VEN,VEN,9500.0,13000.0,4920.39313600453,6.0,,24979922.0,2.0,9400.0,24526708.0,11.0,17.033582940158833,8.50134692712927,3.671874876746364,44.03536568288724
2002.0,VEN,1800.0,13000.0,VEN,VEN,11000.0,15000.0,3652.09896501865,8.0,,25435671.0,2.0,11000.0,24979922.0,12.0,17.051663116862134,8.20333111786512,3.8074480851735895,51.109325954090224
2003.0,VEN,1900.0,15000.0,VEN,VEN,12000.0,17000.0,3229.50557082079,10.0,,25892703.0,6.0,13000.0,25435671.0,13.0,17.069471749522577,8.08039392744211,3.953343933778747,57.93137935425282
2004.0,VEN,2200.0,15000.0,VEN,VEN,11000.0,17000.0,4269.08970872392,11.0,,26340838.0,8.0,15000.0,25892703.0,14.0,17.08663106850378,8.359390115070816,4.0763737052321405,56.94579648529025
2005.0,VEN,2500.0,11000.0,VEN,VEN,7400.0,16000.0,5432.4854184654,12.0,,26785804.0,10.0,15000.0,26340838.0,15.0,17.10338260364715,8.600336088863601,4.059508030231453,41.0665291211718
2006.0,VEN,2400.0,5000.0,VEN,VEN,1900.0,9600.0,6739.38065342218,20.0,,27224686.0,11.0,11000.0,26785804.0,16.0,17.1196346931998,8.81587167908047,3.739252391730927,18.36568473186431
2007.0,VEN,2100.0,2700.0,VEN,VEN,1300.0,4900.0,8331.62096991844,23.0,,27649363.0,12.0,5000.0,27224686.0,17.0,17.135113247692555,9.02793332791851,2.9635026715909754,9.765143594809038
2008.0,VEN,2200.0,2500.0,VEN,VEN,1700.0,4800.0,11262.4514256759,28.0,,28053696.0,20.0,2700.0,27649363.0,18.0,17.149630945958656,9.329318375656102,2.376313469771397,8.91148175270738
2009.0,VEN,2300.0,2600.0,VEN,VEN,2000.0,4700.0,11596.6021921731,34.0,,28438298.0,23.0,2500.0,28053696.0,19.0,17.163247315820186,9.358553648156217,2.2936938581241244,9.142600587419121
2010.0,VEN,2200.0,2900.0,VEN,VEN,2200.0,4600.0,13646.3046622664,40.0,,28813101.0,28.0,2600.0,28438298.0,20.0,17.176340737505765,9.521297320475362,2.3167444334679836,10.064865978847608
2011.0,VEN,2200.0,3100.0,VEN,VEN,2400.0,4600.0,10843.9229703167,42.0,,29185212.0,34.0,2900.0,28813101.0,21.0,17.189172700599126,9.291452320452596,2.4037748612604424,10.621817652035558
2012.0,VEN,2300.0,3400.0,VEN,VEN,2600.0,4700.0,12582.0125686037,45.0,,29553826.0,40.0,3100.0,29185212.0,22.0,17.201723768900468,9.440102974447361,2.452884163634417,11.50443262405348
2013.0,VEN,2500.0,3700.0,VEN,VEN,2800.0,5000.0,8642.37380007027,44.0,,29912198.0,42.0,3400.0,29553826.0,23.0,17.213776915034135,9.064548271697483,2.5260831913732944,12.369535665683944
2014.0,VEN,2900.0,4100.0,VEN,VEN,3000.0,5300.0,7101.15006382986,45.0,,30254079.0,45.0,3700.0,29912198.0,24.0,17.225141576325836,8.86815284307843,2.5929786609433725,13.551891630877279
2015.0,VEN,2500.0,4500.0,VEN,VEN,3300.0,5800.0,4096.61989137473,58.0,,30573972.0,44.0,4100.0,30254079.0,25.0,17.235659616731876,8.318161569829888,2.6777209941620663,14.718401652228895
1990.0,VNM,100.0,950.0,VNM,VNM,800.0,1100.0,98.7983370311401,0.0,4.10752726,65504552.0,,,,0.0,17.99763019437394,4.60315152016396,,1.4502808904028532
1991.0,VNM,100.0,1900.0,VNM,VNM,1600.0,2300.0,143.715270231936,0.0,4.10752726,66891775.0,,950.0,65504552.0,1.0,18.018586572846566,4.974768158352412,0.8962026671289465,2.8404090039470473
1992.0,VNM,100.0,3700.0,VNM,VNM,3100.0,4300.0,144.549392371677,0.0,4.10752726,68260337.0,0.0,1900.0,66891775.0,2.0,18.038839438436217,4.980515495477848,1.345578872372238,5.420424455273346
1993.0,VNM,200.0,6300.0,VNM,VNM,5300.0,7300.0,189.418573584332,0.0,4.10752726,69586384.0,0.0,3700.0,68260337.0,3.0,18.058079473982268,5.249224667937418,1.8594842300449592,9.053495292987202
1994.0,VNM,500.0,9600.0,VNM,VNM,8000.0,11000.0,229.857787265757,0.0,4.10752726,70854391.0,0.0,6300.0,69586384.0,4.0,18.076137498186174,5.4418018813957785,2.3079203643870265,13.548913291767619
1995.0,VNM,510.0,13000.0,VNM,VNM,11000.0,14000.0,287.802661028593,0.0,4.10752726,72049940.0,0.0,9600.0,70854391.0,5.0,18.092870047654426,5.665743621064148,2.6775163029772022,18.043040702046387
1996.0,VNM,820.0,15000.0,VNM,VNM,12000.0,17000.0,337.051231790277,0.0,4.10752726,73156447.0,0.0,13000.0,72049940.0,6.0,18.108110815518128,5.823197457340955,2.946701717350144,20.50400288029297
1997.0,VNM,1200.0,16000.0,VNM,VNM,14000.0,18000.0,361.643884085566,0.0,4.10752726,74226889.0,0.0,15000.0,73156447.0,7.0,18.122637027936605,5.893421317157538,3.0682390982829255,21.55553090740473
1998.0,VNM,1700.0,17000.0,VNM,VNM,15000.0,19000.0,361.350928411167,0.0,4.10752726,75299660.0,0.0,16000.0,74226889.0,8.0,18.136986177487685,5.89261315774648,3.115980308929811,22.576463160657035
1999.0,VNM,2300.0,17000.0,VNM,VNM,15000.0,20000.0,375.994455900496,0.0,4.10752726,76287452.0,0.0,17000.0,75299660.0,9.0,18.150019026635935,5.932230481505651,3.1602488906723973,22.28413658382508
2000.0,VNM,3100.0,18000.0,VNM,VNM,16000.0,20000.0,404.029784055118,0.0,4.10752726,77154011.0,0.0,17000.0,76287452.0,10.0,18.16131412505262,6.003960605279376,3.1477722953871767,23.32996012352488
2001.0,VNM,3900.0,18000.0,VNM,VNM,16000.0,21000.0,419.205677580901,0.0,4.80107498,77969361.0,0.0,18000.0,77154011.0,11.0,18.171826499792406,6.04074429993528,3.1917085178103184,23.085991431942094
2002.0,VNM,4700.0,19000.0,VNM,VNM,16000.0,21000.0,445.132861817313,0.0,3.87075853,78772224.0,0.0,18000.0,77969361.0,12.0,18.18207100538021,6.100616804109101,3.181630403110503,24.120177183267035
2003.0,VNM,5600.0,19000.0,VNM,VNM,16000.0,21000.0,497.117089249256,0.0,3.94229889,79563777.0,0.0,19000.0,78772224.0,13.0,18.192069484428036,6.210835168362928,3.2236713950491285,23.880213730929338
2004.0,VNM,6600.0,18000.0,VNM,VNM,16000.0,20000.0,565.452284586212,0.0,4.08791971,80338971.0,0.0,19000.0,79563777.0,14.0,18.201765378747666,6.339392848476184,3.214072858305517,22.40506665189924
2005.0,VNM,7200.0,17000.0,VNM,VNM,15000.0,19000.0,710.746759994861,2.0,4.31821251,81088313.0,0.0,18000.0,80338971.0,15.0,18.211049402659444,6.567722173980397,3.152952522511245,20.964796739574542
2006.0,VNM,7400.0,16000.0,VNM,VNM,14000.0,18000.0,807.756645117054,5.0,4.56979847,82167897.0,0.0,17000.0,81088313.0,16.0,18.224275236297636,6.6954980623093965,3.089441023552672,19.472325061453137
2007.0,VNM,6900.0,16000.0,VNM,VNM,14000.0,17000.0,925.640338348717,10.0,4.62917614,83633375.0,2.0,16000.0,82167897.0,17.0,18.241953220874873,6.8315655057590465,3.0190739770751724,19.13111840817138
2008.0,VNM,5900.0,15000.0,VNM,VNM,13000.0,17000.0,1163.83195772873,16.0,4.36028337,85175788.0,5.0,16000.0,83633375.0,18.0,18.260227773009454,7.0603321133029455,3.0022667973816333,17.61063836591685
2009.0,VNM,5100.0,15000.0,VNM,VNM,13000.0,16000.0,1226.16976051536,21.0,4.48502922,86460018.0,10.0,15000.0,85175788.0,19.0,18.275192645392497,7.112465789269109,2.9237333723719665,17.349059538710712
2010.0,VNM,4600.0,14000.0,VNM,VNM,12000.0,15000.0,1683.16182443979,26.0,5.07146072,87455152.0,16.0,15000.0,86460018.0,20.0,18.286636671358494,7.4290232854584515,2.9095783218907676,16.008204982594965
2011.0,VNM,4700.0,14000.0,VNM,VNM,12000.0,15000.0,1950.92504174913,31.0,4.97468519,88468314.0,21.0,14000.0,87455152.0,21.0,18.298155011970415,7.576571365492437,2.83369587365508,15.824874881191926
2012.0,VNM,4700.0,13000.0,VNM,VNM,12000.0,14000.0,2185.11767654291,36.0,5.00178242,89510356.0,26.0,14000.0,88468314.0,22.0,18.309864886048462,7.689882499191949,2.8228584390212346,14.523459162647057
2013.0,VNM,4600.0,13000.0,VNM,VNM,11000.0,14000.0,2359.51736472828,40.0,4.41233158,90573104.0,31.0,13000.0,89510356.0,23.0,18.321667861597806,7.766636096336441,2.742352374111258,14.3530467941123
2014.0,VNM,4400.0,12000.0,VNM,VNM,11000.0,13000.0,2546.38464459903,42.0,4.69078779,91679578.0,36.0,13000.0,90573104.0,24.0,18.33381020795327,7.8428224822655555,2.7313139425528115,13.0890654841365
2015.0,VNM,4300.0,12000.0,VNM,VNM,11000.0,13000.0,2577.56885340113,48.0,4.71140909,92823254.0,40.0,12000.0,91679578.0,25.0,18.346207748262582,7.854989816024212,2.6453989989513524,12.927795011366442
1990.0,VUT,100.0,100.0,VUT,VUT,100.0,100.0,1140.59020311724,,3.30683255,148063.0,,,,0.0,11.90539313784774,7.040177484413505,,67.53881793560849
1991.0,VUT,100.0,100.0,VUT,VUT,100.0,100.0,1326.37321256212,,3.30683255,151793.0,,100.0,148063.0,1.0,11.930273029573433,7.190957240127092,4.227400269954126,65.87919074002095
1992.0,VUT,100.0,100.0,VUT,VUT,100.0,100.0,1343.68942861831,,3.30683255,155608.0,,100.0,151793.0,2.0,11.955095303286528,7.203918357282086,4.202887868524126,64.26404812091924
1993.0,VUT,100.0,100.0,VUT,VUT,100.0,100.0,1257.29387486656,,3.30683255,159463.0,,100.0,155608.0,3.0,11.979567199375062,7.137512014801413,4.178441319902083,62.7104720217229
1994.0,VUT,100.0,100.0,VUT,VUT,100.0,100.0,1430.99367776483,,3.30683255,163314.0,,100.0,159463.0,4.0,12.003430007065793,7.2668229325421505,4.154348945012,61.23173763425058
1995.0,VUT,100.0,100.0,VUT,VUT,100.0,100.0,1491.78967004617,,3.30683255,167137.0,,100.0,163314.0,5.0,12.026569114369572,7.308401910217965,4.130865120965688,59.83115647642353
1996.0,VUT,100.0,100.0,VUT,VUT,100.0,100.0,1529.27573115021,,3.30683255,170911.0,,100.0,167137.0,6.0,12.048898232158141,7.3332032145874955,4.108102099764974,58.50998472889398
1997.0,VUT,100.0,100.0,VUT,VUT,100.0,100.0,1562.03090670153,,3.30683255,174626.0,,100.0,170911.0,7.0,12.070401823099774,7.354382104187286,4.086144109042612,57.26524114393046
1998.0,VUT,100.0,100.0,VUT,VUT,100.0,100.0,1470.97189048658,,3.30683255,178313.0,,100.0,174626.0,8.0,12.09129571201782,7.294358202969653,4.065005708760856,56.08116065570093
1999.0,VUT,100.0,100.0,VUT,VUT,100.0,100.0,1472.17751741462,,3.30683255,182048.0,,100.0,178313.0,9.0,12.112025667550373,7.295176923400033,4.044474126243898,54.930567762348396
2000.0,VUT,100.0,100.0,VUT,VUT,100.0,100.0,1460.23817692229,,3.30683255,186281.0,,100.0,182048.0,10.0,12.135011565344735,7.287039421682401,4.024111060084465,53.68234012057054
2001.0,VUT,100.0,100.0,VUT,VUT,100.0,100.0,1350.18338238522,,3.38728333,191031.0,,100.0,186281.0,11.0,12.160190997523873,7.208736067005605,4.0015408075854,52.347524747292326
2002.0,VUT,100.0,100.0,VUT,VUT,100.0,100.0,1340.71537528287,,3.90437746,195863.0,,100.0,191031.0,12.0,12.185170714220689,7.20170420508422,3.976827580182046,51.05609533194121
2003.0,VUT,100.0,100.0,VUT,VUT,100.0,100.0,1566.51396790858,,3.50691938,200746.0,,100.0,195863.0,13.0,12.209795706330297,7.357246183413836,3.9523218935253617,49.81419305988662
2004.0,VUT,100.0,100.0,VUT,VUT,100.0,100.0,1774.31867585894,,3.53991532,205711.0,,100.0,200746.0,14.0,12.234227550147091,7.48173522149009,3.928175706504705,48.61188755098171
2005.0,VUT,100.0,100.0,VUT,VUT,100.0,100.0,1873.99142640619,,3.30490398,210760.0,,100.0,205711.0,15.0,12.258475324323221,7.536359365810691,3.9042304733815736,47.44733345985956
2006.0,VUT,100.0,100.0,VUT,VUT,100.0,100.0,2034.79289624351,,3.32229328,215923.0,,100.0,210760.0,16.0,12.282677141630193,7.6186406515944824,3.880477299873984,46.31280595397433
2007.0,VUT,100.0,100.0,VUT,VUT,100.0,100.0,2333.70506748914,,3.10786796,221276.0,,100.0,215923.0,17.0,12.307166070090226,7.755640852698798,3.85678099783936,45.1924293642329
2008.0,VUT,100.0,100.0,VUT,VUT,100.0,100.0,2603.60883136724,,3.13883376,226896.0,,100.0,221276.0,18.0,12.332247041701127,7.865037782208665,3.8328159180850534,44.07305549679148
2009.0,VUT,100.0,100.0,VUT,VUT,100.0,100.0,2546.38324565986,,3.25181413,232731.0,,100.0,226896.0,19.0,12.357638559154125,7.842821933098567,3.8082846288752497,42.9680618396346
2010.0,VUT,100.0,100.0,VUT,VUT,100.0,100.0,2815.18828985779,,3.52637076,238248.0,,100.0,232731.0,20.0,12.381067426937667,7.943139579338706,3.7834635030680226,41.973070078237804
2011.0,VUT,100.0,100.0,VUT,VUT,100.0,100.0,3163.1861645138,,3.59770703,243474.0,,100.0,238248.0,21.0,12.402765439623101,8.059651165498547,3.760573642249763,41.072147334006914
2012.0,VUT,100.0,100.0,VUT,VUT,100.0,100.0,3004.78416664293,,3.93631458,248883.0,,100.0,243474.0,22.0,12.424738185500798,8.00829376688446,3.7393859382301153,40.17952210476408
2013.0,VUT,100.0,100.0,VUT,VUT,100.0,100.0,3392.56675091682,,4.39240074,254482.0,,100.0,248883.0,23.0,12.446985385555928,8.129636786177798,3.7179410964998634,39.295510095016546
2014.0,VUT,100.0,100.0,VUT,VUT,100.0,100.0,3378.36411965135,,3.64018846,260240.0,,100.0,254482.0,24.0,12.469359561147233,8.125442840497678,3.6962400507115265,38.4260682446972
2015.0,VUT,100.0,100.0,VUT,VUT,100.0,100.0,3214.41948587141,,4.1583128,266101.0,,100.0,260240.0,25.0,12.491631214944439,8.075713105880743,3.6744272280989456,37.57971597250668
1990.0,YEM,100.0,100.0,YEM,YEM,100.0,100.0,910.422465960748,0.0,4.66606569,13887862.0,,,,0.0,16.446525779196953,6.815006528471938,,0.7200532378561941
1991.0,YEM,100.0,100.0,YEM,YEM,100.0,100.0,1016.30223044813,0.0,4.66606569,14430201.0,,100.0,13887862.0,1.0,16.484833859966972,6.924909530314875,0.5423552425883242,0.6929910401109451
1992.0,YEM,100.0,100.0,YEM,YEM,100.0,200.0,1198.13031674085,0.0,4.66606569,14989494.0,0.0,100.0,14430201.0,2.0,16.522860113671815,7.089351836978673,0.5264968108221357,0.6671339272693261
1993.0,YEM,100.0,200.0,YEM,YEM,100.0,200.0,1396.61544419009,0.0,4.66606569,15563914.0,0.0,100.0,14989494.0,3.0,16.560465587499483,7.242522809266869,0.5111059408350853,1.2850238057085126
1994.0,YEM,100.0,200.0,YEM,YEM,200.0,200.0,1735.04419543214,0.0,4.66606569,16149147.0,0.0,200.0,15563914.0,4.0,16.597377788900594,7.459364353094478,0.8263764425450768,1.2384555048015848
1995.0,YEM,100.0,200.0,YEM,YEM,200.0,200.0,764.414656090937,0.0,4.66606569,16740058.0,0.0,200.0,16149147.0,5.0,16.63331508777468,6.640417721084912,0.8057861212628136,1.1947389907490165
1996.0,YEM,100.0,200.0,YEM,YEM,200.0,200.0,375.214994663363,0.0,4.66606569,17313177.0,0.0,200.0,16740058.0,6.0,16.666978445840403,5.930160774295268,0.7860631286361889,1.1551894837094312
1997.0,YEM,100.0,500.0,YEM,YEM,200.0,500.0,382.584928722421,0.0,4.66606569,17873936.0,0.0,200.0,17313177.0,7.0,16.69885412029717,5.949561053192665,0.7678786471656913,2.797369309143772
1998.0,YEM,100.0,500.0,YEM,YEM,500.0,500.0,342.73940747773,0.0,4.66606569,18446013.0,0.0,500.0,17873936.0,8.0,16.730358807537392,5.839883833895762,1.3343085399235668,2.710612857098171
1999.0,YEM,100.0,500.0,YEM,YEM,500.0,500.0,401.448141660801,0.0,4.66606569,19029420.0,0.0,500.0,18446013.0,9.0,16.761496760615536,5.997566247963673,1.311197053569379,2.6275104548641
2000.0,YEM,100.0,500.0,YEM,YEM,500.0,500.0,493.235182634814,0.0,4.66606569,19624141.0,0.0,500.0,19029420.0,10.0,16.792271049974143,6.203011482106773,1.2885465878848301,2.5478822232269938
2001.0,YEM,100.0,500.0,YEM,YEM,500.0,500.0,487.141257946318,0.0,4.94514799,20226147.0,0.0,500.0,19624141.0,11.0,16.822486731290876,6.190604826971565,1.2663508686390286,2.47204769153512
2002.0,YEM,200.0,500.0,YEM,YEM,500.0,510.0,513.241486570603,0.0,4.83237982,20835086.0,0.0,500.0,20226147.0,12.0,16.85214895049996,6.24269297335588,1.2447445327449864,2.39979810978462
2003.0,YEM,200.0,550.0,YEM,YEM,500.0,600.0,548.905883049973,0.0,5.75758314,21456379.0,0.0,500.0,20835086.0,13.0,16.881532548404262,6.309747141856201,1.2237160503839732,2.5633402541966657
2004.0,YEM,200.0,640.0,YEM,YEM,560.0,700.0,627.632023395762,0.0,5.5144043,22095167.0,0.0,550.0,21456379.0,14.0,16.910869454789516,6.4435460670616695,1.2706983786111112,2.8965610443224983
2005.0,YEM,200.0,740.0,YEM,YEM,640.0,800.0,734.159908450927,0.0,5.20585251,22790085.0,0.0,640.0,22095167.0,15.0,16.941836130920922,6.600088038067812,1.3600943806287797,3.247026064185368
2006.0,YEM,200.0,850.0,YEM,YEM,730.0,920.0,809.713127624703,0.0,5.52930164,23543083.0,0.0,740.0,22790085.0,16.0,16.974342619784917,6.697914264812727,1.4462189883938583,3.6104022570026197
2007.0,YEM,500.0,940.0,YEM,YEM,780.0,1000.0,890.305768114988,1.0,5.82077599,24318082.0,0.0,850.0,23543083.0,17.0,17.006730746820644,6.7926875426909445,1.5283151106861437,3.8654364270998016
2008.0,YEM,500.0,990.0,YEM,YEM,730.0,1100.0,1071.63583282105,3.0,5.76191616,25111941.0,0.0,940.0,24318082.0,18.0,17.03885402802681,6.977874293431653,1.5821564191375728,3.9423475867516573
2009.0,YEM,500.0,950.0,YEM,YEM,720.0,1200.0,969.243509864478,4.0,5.98619986,25927724.0,1.0,990.0,25111941.0,19.0,17.070823378884167,6.877547081089285,1.5978404383087865,3.664031597991401
2010.0,YEM,500.0,820.0,YEM,YEM,670.0,1200.0,1155.20305261418,7.0,5.15932894,26754387.0,3.0,950.0,25927724.0,20.0,17.10220901785976,7.052896684857812,1.5398802238947533,3.064917914209733
2011.0,YEM,500.0,700.0,YEM,YEM,590.0,850.0,1186.47500581215,8.0,4.7695322,27582897.0,4.0,820.0,26754387.0,21.0,17.1327064646971,7.079584487950153,1.4023935494895476,2.537804495300113
2012.0,YEM,500.0,700.0,YEM,YEM,570.0,810.0,1245.05068272078,9.0,5.19593525,28433647.0,7.0,700.0,27582897.0,22.0,17.16308375538594,7.1277343748610535,1.2635063356749203,2.4618720208491016
2013.0,YEM,500.0,780.0,YEM,YEM,620.0,880.0,1378.75002954928,11.0,4.96083164,29312952.0,8.0,700.0,28433647.0,23.0,17.193540024094528,7.229657623736012,1.2418094892449336,2.6609397784296855
2014.0,YEM,500.0,880.0,YEM,YEM,730.0,970.0,1430.16420964026,14.0,5.8377471,30226309.0,9.0,780.0,29312952.0,24.0,17.22422326204678,7.266243524643324,1.2977198845162399,2.9113710178771743
2015.0,YEM,500.0,990.0,YEM,YEM,840.0,1100.0,1362.1738120601,15.0,6.49017286,31159379.0,11.0,880.0,30226309.0,25.0,17.254625849371568,7.217570945253861,1.363887956494405,3.177213512502929
1990.0,ZAF,9700.0,120000.0,ZAF,ZAF,110000.0,140000.0,3093.48920352334,0.0,7.3366189,40746268.0,,,,0.0,17.5228748106351,8.037378132248897,,294.5054992521033
1991.0,ZAF,15000.0,180000.0,ZAF,ZAF,160000.0,200000.0,3243.23616023953,0.0,7.3366189,41687898.0,,120000.0,40746268.0,1.0,17.54572142882093,8.08463521167298,5.688687446663186,431.77998564475473
1992.0,ZAF,23000.0,240000.0,ZAF,ZAF,220000.0,270000.0,3462.39400202835,0.0,7.3366189,42443509.0,0.0,180000.0,41687898.0,2.0,17.563684549724744,8.150004312700517,6.070229482573791,565.4574884465843
1993.0,ZAF,34000.0,320000.0,ZAF,ZAF,280000.0,350000.0,3399.64009566241,0.0,7.3366189,43297156.0,0.0,240000.0,42443509.0,3.0,17.583597509522306,8.131718956315037,6.339402035192543,739.0785667308033
1994.0,ZAF,49000.0,380000.0,ZAF,ZAF,340000.0,420000.0,3488.59711541763,0.0,7.3366189,44004139.0,0.0,320000.0,43297156.0,4.0,17.59979425564022,8.157541568824382,6.606756351820288,863.5551305753306
1995.0,ZAF,67000.0,440000.0,ZAF,ZAF,400000.0,490000.0,3855.6340871567,0.0,7.3366189,44541554.0,0.0,380000.0,44004139.0,5.0,17.61193310917138,8.2575500839014,6.7622150747214045,987.8416006769768
1996.0,ZAF,89000.0,490000.0,ZAF,ZAF,440000.0,540000.0,3617.55336002932,0.0,7.3366189,45123018.0,0.0,440000.0,44541554.0,6.0,17.62490305121503,8.193829600647453,6.8965341577004855,1085.9202724427696
1997.0,ZAF,110000.0,520000.0,ZAF,ZAF,470000.0,580000.0,3700.23554789867,0.0,7.3366189,45666838.0,0.0,490000.0,45123018.0,7.0,17.63688294694207,8.216421974753985,6.9911035380124344,1138.6818592520024
1998.0,ZAF,140000.0,540000.0,ZAF,ZAF,490000.0,590000.0,3309.60933087472,0.0,7.3366189,46223880.0,0.0,520000.0,45666838.0,8.0,17.649007105630787,8.104887539306572,7.038504431609454,1168.227331846656
1999.0,ZAF,170000.0,540000.0,ZAF,ZAF,490000.0,600000.0,3242.36830483958,0.0,7.3366189,46730335.0,0.0,540000.0,46223880.0,9.0,17.6599040834932,8.084367669035386,7.064098409500518,1155.566293286791
2000.0,ZAF,190000.0,530000.0,ZAF,ZAF,480000.0,580000.0,3217.84693448467,0.0,7.3366189,47159719.0,0.0,540000.0,46730335.0,10.0,17.669050675176337,8.076778479526634,7.053210802369134,1123.8404537567324
2001.0,ZAF,220000.0,520000.0,ZAF,ZAF,470000.0,570000.0,2847.15191945908,0.0,7.12327909,47566800.0,0.0,530000.0,47159719.0,11.0,17.67764559685842,7.954425613615905,7.0253964856983675,1093.1994584458068
2002.0,ZAF,240000.0,500000.0,ZAF,ZAF,460000.0,550000.0,2688.23676032806,1.0,6.67774487,48019415.0,0.0,520000.0,47566800.0,12.0,17.687115966259185,7.897012700116231,6.99777828669797,1041.2455045526897
2003.0,ZAF,270000.0,490000.0,ZAF,ZAF,440000.0,530000.0,4062.21755993786,1.0,7.04098177,48500348.0,0.0,500000.0,48019415.0,13.0,17.697081531139702,8.309730441179276,6.949132803537586,1010.3020291730691
2004.0,ZAF,280000.0,470000.0,ZAF,ZAF,430000.0,520000.0,5221.46333731721,2.0,6.938416,48991421.0,1.0,490000.0,48500348.0,14.0,17.707155759113668,8.560724473265765,6.918993917405735,959.3516383205132
2005.0,ZAF,280000.0,460000.0,ZAF,ZAF,410000.0,500000.0,5836.87663325127,4.0,6.86216164,49490033.0,1.0,470000.0,48991421.0,15.0,17.717281853729222,8.67212241951063,6.867299507311309,929.4800833937614
2006.0,ZAF,270000.0,440000.0,ZAF,ZAF,400000.0,480000.0,6077.38293388876,6.0,6.87650871,49998277.0,2.0,460000.0,49490033.0,16.0,17.72749910279866,8.712493974764369,6.835700671655233,880.0303258450286
2007.0,ZAF,240000.0,420000.0,ZAF,ZAF,380000.0,460000.0,6591.85535960564,10.0,6.90510845,50528584.0,4.0,440000.0,49998277.0,17.0,17.73804975391878,8.793741820393297,6.781092047415296,831.2126854771943
2008.0,ZAF,210000.0,400000.0,ZAF,ZAF,360000.0,440000.0,6184.75474328399,14.0,7.14832258,51114599.0,6.0,420000.0,50528584.0,18.0,17.749580709087212,8.73000430539859,6.724088039736189,782.5552930582513
2009.0,ZAF,190000.0,370000.0,ZAF,ZAF,340000.0,420000.0,6374.70560042992,19.0,7.64941454,51728516.0,10.0,400000.0,51114599.0,19.0,17.76151975415278,8.76025004632216,6.6638416311735815,715.2727907369313
2010.0,ZAF,160000.0,350000.0,ZAF,ZAF,320000.0,390000.0,7973.47195771517,25.0,7.79358244,52344051.0,14.0,370000.0,51728516.0,20.0,17.77334884985494,8.984000713262196,6.574061087050721,668.6528713645033
2011.0,ZAF,130000.0,330000.0,ZAF,ZAF,300000.0,360000.0,8646.05571071635,33.0,7.94434404,52995205.0,19.0,350000.0,52344051.0,21.0,17.78571199572547,9.064974161719409,6.506759475682526,622.6978459654982
2012.0,ZAF,110000.0,310000.0,ZAF,ZAF,280000.0,350000.0,8076.97678479741,40.0,8.00428867,53782567.0,25.0,330000.0,52995205.0,22.0,17.80045993916458,8.996896722239235,6.435666029887342,576.3949496869496
2013.0,ZAF,91000.0,300000.0,ZAF,ZAF,270000.0,330000.0,7331.65467384919,45.0,8.10322285,54678791.0,33.0,310000.0,53782567.0,23.0,17.81698645911472,8.900092894914728,6.358526520545189,548.658802642509
2014.0,ZAF,81000.0,280000.0,ZAF,ZAF,260000.0,310000.0,6856.73137092522,49.0,7.87136555,55594838.0,40.0,300000.0,54678791.0,24.0,17.83360091318413,8.83313196207856,6.309297726892557,503.6438814697149
2015.0,ZAF,78000.0,270000.0,ZAF,ZAF,250000.0,300000.0,6112.27382485974,54.0,8.05304241,56723537.0,45.0,280000.0,55594838.0,25.0,17.853699797200182,8.718217722884457,6.223852995306831,475.9928845762915
1990.0,ZMB,17000.0,90000.0,ZMB,ZMB,80000.0,100000.0,422.336298804219,0.0,4.12029076,7786169.0,,,,0.0,15.867859512542456,6.048166895809328,,1155.895794196093
1991.0,ZMB,21000.0,94000.0,ZMB,ZMB,85000.0,100000.0,423.071256835592,0.0,4.12029076,7981650.0,,90000.0,7786169.0,1.0,15.892655714969951,6.049901499686207,7.053495657619896,1177.7013524772447
1992.0,ZMB,25000.0,95000.0,ZMB,ZMB,86000.0,110000.0,389.254665832226,0.0,4.12029076,8176680.0,0.0,94000.0,7981650.0,2.0,15.916796758221572,5.966799515332336,7.072168562663141,1161.8407471002902
1993.0,ZMB,30000.0,92000.0,ZMB,ZMB,82000.0,100000.0,390.916673784646,0.0,4.12029076,8373921.0,0.0,95000.0,8176680.0,3.0,15.940632791554462,5.971049250319019,7.058621210296669,1098.649008033393
1994.0,ZMB,34000.0,90000.0,ZMB,ZMB,81000.0,100000.0,426.386598390102,0.0,4.12029076,8576269.0,0.0,92000.0,8373921.0,4.0,15.964509528405276,6.057688986263583,7.00274632426245,1049.4073821611705
1995.0,ZMB,38000.0,88000.0,ZMB,ZMB,78000.0,97000.0,433.312782642118,0.0,4.12029076,8785763.0,0.0,90000.0,8576269.0,5.0,15.988643128421508,6.073764971854862,6.956933350916262,1001.6204625597117
1996.0,ZMB,42000.0,85000.0,ZMB,ZMB,76000.0,95000.0,399.511304742449,0.0,4.12029076,9004053.0,0.0,88000.0,8785763.0,6.0,16.013185367264203,5.992741992682958,6.910372314116157,944.0193210768529
1997.0,ZMB,46000.0,82000.0,ZMB,ZMB,74000.0,90000.0,465.871942164799,0.0,4.12029076,9237063.0,0.0,85000.0,9004053.0,7.0,16.03873453594772,6.14605500628555,6.851205372868706,887.7280581500852
1998.0,ZMB,50000.0,80000.0,ZMB,ZMB,73000.0,88000.0,373.084763057408,0.0,4.12029076,9482408.0,0.0,82000.0,9237063.0,8.0,16.06494885041534,5.9244824109266805,6.789791292373963,843.6675578608304
1999.0,ZMB,53000.0,78000.0,ZMB,ZMB,72000.0,85000.0,349.515723095687,0.0,4.12029076,9740005.0,0.0,80000.0,9482408.0,9.0,16.091752188965607,5.859405564514691,6.738943127296274,800.8209441370923
2000.0,ZMB,56000.0,77000.0,ZMB,ZMB,71000.0,83000.0,359.429500988221,0.0,4.12029076,10017631.0,0.0,78000.0,9740005.0,10.0,16.11985719852198,5.8872963786222705,6.686885321265468,768.6448023489785
2001.0,ZMB,59000.0,75000.0,ZMB,ZMB,69000.0,83000.0,396.548952993504,0.0,4.77853632,10325185.0,0.0,77000.0,10017631.0,11.0,16.150096614326397,5.985318078696695,6.645929112767482,726.3792367884934
2002.0,ZMB,62000.0,75000.0,ZMB,ZMB,69000.0,82000.0,393.864625518616,0.0,5.88845205,10647949.0,0.0,75000.0,10325185.0,12.0,16.180877849413758,5.978542985953095,6.589447987724941,704.3609994751102
2003.0,ZMB,61000.0,74000.0,ZMB,ZMB,69000.0,81000.0,446.290104839041,2.0,5.99553585,10983595.0,0.0,75000.0,10647949.0,13.0,16.211913353936616,6.103207388215662,6.5587097277494,673.7320522105922
2004.0,ZMB,58000.0,71000.0,ZMB,ZMB,65000.0,79000.0,548.685974566277,4.0,5.46587515,11338198.0,0.0,74000.0,10983595.0,14.0,16.24368793711133,6.30934715983541,6.514315652375164,626.2018003213561
2005.0,ZMB,55000.0,68000.0,ZMB,ZMB,62000.0,75000.0,710.982068171696,7.0,6.33088684,11718819.0,2.0,71000.0,11338198.0,15.0,16.276706569117625,6.568052725942712,6.441268339442404,580.2632500766503
2006.0,ZMB,50000.0,66000.0,ZMB,ZMB,60000.0,73000.0,1051.71714895686,10.0,5.5774231,12129553.0,4.0,68000.0,11718819.0,16.0,16.311155429458044,6.959129861574729,6.365203752472541,544.1255749490522
2007.0,ZMB,42000.0,64000.0,ZMB,ZMB,57000.0,71000.0,1118.73162626953,19.0,4.55994081,12565085.0,7.0,66000.0,12129553.0,17.0,16.34643249375987,7.020844316173619,6.301016180872858,509.3479272125895
2008.0,ZMB,33000.0,59000.0,ZMB,ZMB,52000.0,68000.0,1375.50211006997,26.0,4.49370766,13021324.0,10.0,64000.0,12565085.0,18.0,16.38209887928279,7.227300857505548,6.235092703339524,453.1029256318328
2009.0,ZMB,27000.0,60000.0,ZMB,ZMB,53000.0,68000.0,1136.24168316848,31.0,5.22568512,13490389.0,19.0,59000.0,13021324.0,19.0,16.41748806394313,7.036361033315859,6.118323880787034,444.7610813891282
2010.0,ZMB,26000.0,63000.0,ZMB,ZMB,57000.0,71000.0,1451.10616017155,37.0,4.13426876,13965594.0,26.0,60000.0,13490389.0,20.0,16.452107291365532,7.280770305777917,6.09978311653324,451.10863168440954
2011.0,ZMB,25000.0,65000.0,ZMB,ZMB,59000.0,74000.0,1624.86817763443,43.0,3.95913363,14437796.0,31.0,63000.0,13965594.0,21.0,16.485360048200622,7.393797215255738,6.113922486541238,450.20721999396585
2012.0,ZMB,23000.0,68000.0,ZMB,ZMB,62000.0,76000.0,1710.05061343728,47.0,4.04541731,14913629.0,37.0,65000.0,14437796.0,22.0,16.517786050820987,7.444862854657063,6.111926701815499,455.9587743533113
2013.0,ZMB,22000.0,71000.0,ZMB,ZMB,64000.0,80000.0,1820.71854827391,53.0,4.57390451,15398997.0,43.0,68000.0,14913629.0,23.0,16.549812935392687,7.507535591833721,6.124593177532566,461.0689904024269
2014.0,ZMB,22000.0,72000.0,ZMB,ZMB,66000.0,82000.0,1707.48573136694,59.0,3.82924223,15895315.0,47.0,71000.0,15398997.0,24.0,16.581534969683364,7.443362719964687,6.135714209808525,452.9636562723041
2015.0,ZMB,22000.0,74000.0,ZMB,ZMB,69000.0,84000.0,1295.87788680068,65.0,4.42974281,16399089.0,53.0,72000.0,15895315.0,25.0,16.61273634247105,7.167715029383375,6.118017142573347,451.2445782811472
1990.0,ZWE,40000.0,280000.0,ZWE,ZWE,260000.0,320000.0,866.928868406131,2.0,10.47575283,10137281.0,,,,0.0,16.13173037421315,6.766109762461498,,2762.0818639633253
1991.0,ZWE,53000.0,290000.0,ZWE,ZWE,260000.0,330000.0,830.961354818769,2.0,10.47575283,10404816.0,,280000.0,10137281.0,1.0,16.15777933384765,6.723785991207309,7.924101953135718,2787.170863953769
1992.0,ZWE,66000.0,270000.0,ZWE,ZWE,240000.0,310000.0,631.149149280088,2.0,10.47575283,10702700.0,2.0,290000.0,10404816.0,2.0,16.186006604049247,6.449125362000595,7.933141055495279,2522.727909779775
1993.0,ZWE,80000.0,250000.0,ZWE,ZWE,220000.0,280000.0,604.70311652877,2.0,10.47575283,10860288.0,2.0,270000.0,10702700.0,3.0,16.200623391455448,6.406389959307608,7.8334924166535345,2301.964736110129
1994.0,ZWE,93000.0,230000.0,ZWE,ZWE,210000.0,260000.0,634.062003018813,2.0,10.47575283,10873148.0,2.0,250000.0,10860288.0,4.0,16.20180682158595,6.4537226366752805,7.741952587549797,2115.3027623646803
1995.0,ZWE,110000.0,200000.0,ZWE,ZWE,180000.0,220000.0,648.315259628165,2.0,10.47575283,10974599.0,2.0,230000.0,10873148.0,5.0,16.211093978672572,6.475918360898785,7.657425865145847,1822.390048146634
1996.0,ZWE,120000.0,180000.0,ZWE,ZWE,160000.0,200000.0,766.913775859535,2.0,10.47575283,11158360.0,2.0,200000.0,10974599.0,6.0,16.227699550713712,6.64367745582858,7.508452711280602,1613.1402822637017
1997.0,ZWE,130000.0,160000.0,ZWE,ZWE,150000.0,180000.0,750.583100340929,2.0,10.47575283,11369827.0,2.0,180000.0,11158360.0,7.0,16.24647365013163,6.62218178237557,7.386557760953608,1407.233373031973
1998.0,ZWE,130000.0,150000.0,ZWE,ZWE,140000.0,160000.0,552.448328691252,2.0,10.47575283,11594297.0,2.0,160000.0,11369827.0,8.0,16.266023897252005,6.316168394026282,7.25009127087535,1293.7394996867856
1999.0,ZWE,140000.0,140000.0,ZWE,ZWE,130000.0,150000.0,582.299355588147,2.0,10.47575283,11783458.0,2.0,150000.0,11594297.0,9.0,16.282207241497915,6.368700528989819,7.166064795355522,1188.106241817979
2000.0,ZWE,150000.0,130000.0,ZWE,ZWE,120000.0,140000.0,562.833757496076,2.0,10.47575283,11892055.0,2.0,140000.0,11783458.0,10.0,16.291381088047384,6.334759451836277,7.080957246624928,1093.1668244050334
2001.0,ZWE,150000.0,120000.0,ZWE,ZWE,110000.0,130000.0,566.388746448872,2.0,10.47575283,11971901.0,2.0,130000.0,11892055.0,11.0,16.298072878625515,6.341044688637126,6.997748461671847,1002.3470792149049
2002.0,ZWE,150000.0,110000.0,ZWE,ZWE,110000.0,130000.0,524.936478570323,2.0,10.47575283,12087653.0,2.0,120000.0,11971901.0,12.0,16.307695076367818,6.265180442270959,6.911096769195155,910.0195050271545
2003.0,ZWE,150000.0,110000.0,ZWE,ZWE,98000.0,120000.0,468.471932927213,2.0,10.47575283,12232323.0,2.0,110000.0,12087653.0,13.0,16.31959243239021,6.151608516088666,6.814564307598434,899.2568296308068
2004.0,ZWE,150000.0,100000.0,ZWE,ZWE,93000.0,110000.0,469.719298949304,3.0,10.47575283,12365896.0,2.0,110000.0,12232323.0,14.0,16.330452918908403,6.154261948096243,6.802680088871557,808.6757320294461
2005.0,ZWE,140000.0,96000.0,ZWE,ZWE,89000.0,110000.0,461.271387547912,3.0,10.47575283,12483432.0,2.0,100000.0,12365896.0,15.0,16.339912883099988,6.136152137553646,6.696633836684861,769.0192889263145
2006.0,ZWE,120000.0,93000.0,ZWE,ZWE,85000.0,100000.0,431.034994414964,4.0,10.47575283,12636445.0,3.0,96000.0,12483432.0,16.0,16.35209565712479,6.068506590553529,6.646415565087625,735.9664842445799
2007.0,ZWE,110000.0,88000.0,ZWE,ZWE,80000.0,98000.0,413.521244592925,7.0,10.47575283,12804058.0,3.0,93000.0,12636445.0,17.0,16.365272709896058,6.027124226803367,6.602542415232046,687.2821100935344
2008.0,ZWE,100000.0,83000.0,ZWE,ZWE,77000.0,93000.0,340.917447588572,11.0,10.47575283,12959149.0,4.0,88000.0,12804058.0,18.0,16.377312583152207,5.8345693266054806,6.534198797628985,640.4741545914782
2009.0,ZWE,90000.0,81000.0,ZWE,ZWE,74000.0,90000.0,735.821693871697,16.0,10.47575283,13142790.0,7.0,83000.0,12959149.0,19.0,16.3913838772493,6.602345927873145,6.4637688942206495,616.307496353514
2010.0,ZWE,75000.0,76000.0,ZWE,ZWE,70000.0,87000.0,902.010759067388,26.0,10.47575283,13356548.0,11.0,81000.0,13142790.0,20.0,16.40751730945254,6.805734468149313,6.4253672731030695,569.0092979114065
2011.0,ZWE,58000.0,63000.0,ZWE,ZWE,57000.0,74000.0,1037.77565157218,35.0,8.081707,13595424.0,16.0,76000.0,13356548.0,21.0,16.425243823499116,6.945798040519075,6.34565267282083,463.3912116312077
2012.0,ZWE,46000.0,56000.0,ZWE,ZWE,49000.0,68000.0,1239.22709745709,41.0,6.91838741,13817887.0,26.0,63000.0,13595424.0,22.0,16.44147447025826,7.123049784940987,6.1407273255086,405.27180458198853
2013.0,ZWE,39000.0,52000.0,ZWE,ZWE,45000.0,63000.0,1362.99498323368,48.0,7.11022186,14013808.0,35.0,56000.0,13817887.0,23.0,16.455553687233632,7.21817316041547,6.007022405020816,371.0625976893647
2014.0,ZWE,34000.0,45000.0,ZWE,ZWE,39000.0,56000.0,1372.91526173161,55.0,8.1335125,14207359.0,41.0,52000.0,14013808.0,24.0,16.469270627768427,7.225419798196039,5.91906211347528,316.73726271012083
2015.0,ZWE,33000.0,42000.0,ZWE,ZWE,37000.0,53000.0,1387.12632595026,61.0,7.45204067,14399013.0,48.0,45000.0,14207359.0,25.0,16.482670220530476,7.2357101498577885,5.761224823381354,291.6866593564434
