Year,Country_Raw,Deaths,New_Infections,ISO3,ISO_Raw,Incidence_Lower,Incidence_Upper,GDP_Per_Capita,ART_Coverage,Health_Exp,Population
1990.0,AFG,100.0,100.0,AFG,AFG,100.0,200.0,,,,12045660.0
1991.0,AFG,100.0,100.0,AFG,AFG,100.0,200.0,,,,12238879.0
1992.0,AFG,100.0,100.0,AFG,AFG,100.0,500.0,,,,13278974.0
1993.0,AFG,100.0,200.0,AFG,AFG,100.0,500.0,,,,14943172.0
1994.0,AFG,100.0,200.0,AFG,AFG,100.0,500.0,,,,16250794.0
1995.0,AFG,100.0,200.0,AFG,AFG,100.0,500.0,,,,17065836.0
1996.0,AFG,100.0,200.0,AFG,AFG,100.0,500.0,,,,17763266.0
1997.0,AFG,100.0,200.0,AFG,AFG,100.0,500.0,,,,18452091.0
1998.0,AFG,100.0,500.0,AFG,AFG,200.0,500.0,,,,19159996.0
1999.0,AFG,100.0,500.0,AFG,AFG,200.0,500.0,,,,19887785.0
2000.0,AFG,100.0,500.0,AFG,AFG,200.0,620.0,174.930991430166,0.0,,20130327.0
2001.0,AFG,100.0,500.0,AFG,AFG,200.0,700.0,138.706821676113,0.0,,20284307.0
2002.0,AFG,100.0,500.0,AFG,AFG,200.0,780.0,178.954088379235,0.0,9.44339085,21378117.0
2003.0,AFG,200.0,500.0,AFG,AFG,200.0,950.0,198.871115728727,0.0,8.94125843,22733049.0
2004.0,AFG,200.0,500.0,AFG,AFG,200.0,1000.0,221.763653873013,0.0,9.80847359,23560654.0
2005.0,AFG,200.0,500.0,AFG,AFG,200.0,1100.0,254.184249149336,0.0,9.94828892,24404567.0
2006.0,AFG,200.0,500.0,AFG,AFG,200.0,1300.0,274.218553561575,0.0,10.62276554,25424094.0
2007.0,AFG,200.0,520.0,AFG,AFG,500.0,1600.0,376.223152003876,0.0,9.90467453,25909852.0
2008.0,AFG,200.0,540.0,AFG,AFG,500.0,1700.0,381.73323802844,0.0,10.25649548,26482622.0
2009.0,AFG,200.0,570.0,AFG,AFG,500.0,1900.0,452.053705477043,1.0,9.81848717,27466101.0
2010.0,AFG,500.0,610.0,AFG,AFG,500.0,2200.0,560.621505463146,1.0,8.56967163,28284089.0
2011.0,AFG,500.0,670.0,AFG,AFG,500.0,2500.0,606.694676337726,3.0,8.56190777,29347708.0
2012.0,AFG,500.0,680.0,AFG,AFG,500.0,2600.0,651.417134470046,3.0,7.89716864,30560034.0
2013.0,AFG,500.0,790.0,AFG,AFG,500.0,3200.0,637.087099117099,4.0,8.80596447,31622704.0
2014.0,AFG,500.0,870.0,AFG,AFG,500.0,3500.0,625.054941813938,5.0,9.52887821,32792523.0
2015.0,AFG,500.0,950.0,AFG,AFG,500.0,3900.0,565.569730408751,5.0,10.10534763,33831764.0
2016.0,AFG,500.0,1000.0,AFG,AFG,500.0,4300.0,522.082215583898,8.0,11.81859016,34700612.0
2017.0,AFG,500.0,1100.0,AFG,AFG,500.0,4800.0,525.469770891619,11.0,12.62081718,35688935.0
2018.0,AFG,500.0,1100.0,AFG,AFG,500.0,5500.0,491.337221382603,11.0,14.20841885,36743039.0
2019.0,AFG,500.0,1200.0,AFG,AFG,500.0,6200.0,496.6025042585,11.0,14.83131981,37856121.0
2020.0,AFG,500.0,1300.0,AFG,AFG,500.0,7200.0,510.787063366811,11.0,15.53361416,39068979.0
2021.0,AFG,500.0,1400.0,AFG,AFG,500.0,7200.0,356.496214115892,11.0,21.50844383,40000412.0
2022.0,AFG,540.0,1500.0,AFG,AFG,500.0,8100.0,357.261152798144,10.0,23.0881691,40578842.0
2023.0,AFG,590.0,1600.0,AFG,AFG,500.0,8700.0,413.757894705303,10.0,14.9857626,41454761.0
2024.0,AFG,620.0,1800.0,AFG,AFG,500.0,10000.0,416.871146273728,11.0,,42647492.0
1990.0,AUS,600.0,910.0,AUS,AUS,870.0,940.0,18273.561526468,,,17065128.0
1991.0,AUS,680.0,790.0,AUS,AUS,750.0,820.0,18885.4274465057,,,17284036.0
1992.0,AUS,760.0,700.0,AUS,AUS,670.0,740.0,18650.3675476612,,,17478635.0
1993.0,AUS,820.0,640.0,AUS,AUS,610.0,680.0,17724.5399501656,,,17634808.0
1994.0,AUS,860.0,610.0,AUS,AUS,580.0,650.0,18155.6282000179,,,17805468.0
1995.0,AUS,890.0,600.0,AUS,AUS,570.0,630.0,20479.1748274233,,,18004882.0
1996.0,AUS,550.0,610.0,AUS,AUS,580.0,640.0,22055.838490507,,,18224767.0
1997.0,AUS,500.0,640.0,AUS,AUS,610.0,670.0,23683.4948964934,,,18423037.0
1998.0,AUS,200.0,670.0,AUS,AUS,640.0,700.0,21516.0403147759,,,18607584.0
1999.0,AUS,100.0,720.0,AUS,AUS,680.0,750.0,20749.6443779096,,,18812264.0
2000.0,AUS,100.0,760.0,AUS,AUS,730.0,790.0,21908.9968019784,53.0,7.58869076,19028802.0
2001.0,AUS,100.0,810.0,AUS,AUS,780.0,840.0,19733.6510102645,54.0,7.67391729,19274701.0
2002.0,AUS,100.0,850.0,AUS,AUS,820.0,880.0,20335.0960191023,51.0,7.87221003,19495210.0
2003.0,AUS,100.0,890.0,AUS,AUS,860.0,920.0,23757.5898471684,51.0,7.87659502,19720737.0
2004.0,AUS,100.0,930.0,AUS,AUS,900.0,960.0,30886.0500949401,51.0,8.08257675,19932722.0
2005.0,AUS,100.0,950.0,AUS,AUS,920.0,990.0,34535.20727091,53.0,7.9648633,20176844.0
2006.0,AUS,100.0,980.0,AUS,AUS,940.0,1000.0,36658.8243476122,57.0,7.97161102,20450966.0
2007.0,AUS,100.0,990.0,AUS,AUS,960.0,1000.0,41128.2476618402,57.0,8.0517149,20827622.0
2008.0,AUS,100.0,1000.0,AUS,AUS,970.0,1000.0,49811.2067218988,55.0,8.24737453,21249199.0
2009.0,AUS,100.0,1000.0,AUS,AUS,980.0,1100.0,42954.8494884573,57.0,8.54273987,21691653.0
2010.0,AUS,100.0,1000.0,AUS,AUS,980.0,1100.0,52313.8939041213,62.0,8.4193306,22031750.0
2011.0,AUS,100.0,1000.0,AUS,AUS,980.0,1000.0,62799.3895017032,65.0,8.53425312,22340024.0
2012.0,AUS,100.0,1000.0,AUS,AUS,970.0,1000.0,68301.4402512587,68.0,8.67020702,22733465.0
2013.0,AUS,100.0,980.0,AUS,AUS,950.0,1000.0,68476.6788496118,73.0,8.7465601,23128129.0
2014.0,AUS,100.0,950.0,AUS,AUS,910.0,1000.0,62817.2061751737,76.0,9.82833862,23475686.0
2015.0,AUS,100.0,920.0,AUS,AUS,870.0,980.0,56970.3613028094,80.0,10.13642025,23815995.0
2016.0,AUS,100.0,880.0,AUS,AUS,830.0,940.0,50084.4440606385,81.0,10.08958244,24190907.0
2017.0,AUS,100.0,840.0,AUS,AUS,780.0,900.0,54117.547718609,83.0,10.10880566,24592588.0
2018.0,AUS,100.0,790.0,AUS,AUS,720.0,870.0,57410.1737346009,83.0,10.08907509,24963258.0
2019.0,AUS,100.0,730.0,AUS,AUS,610.0,860.0,55194.7585097428,84.0,10.25421429,25334826.0
2020.0,AUS,100.0,660.0,AUS,AUS,500.0,880.0,51983.4523666382,85.0,10.70324135,25649248.0
2021.0,AUS,100.0,580.0,AUS,AUS,500.0,970.0,60758.9044397144,85.0,10.51612186,25685412.0
2022.0,AUS,100.0,500.0,AUS,AUS,200.0,820.0,65169.5191118657,86.0,9.89226055,26018721.0
2023.0,AUS,,,AUS,AUS,,,65058.3773146674,88.0,10.39852047,26659922.0
2024.0,AUS,,,AUS,AUS,,,64609.9865116088,,,27194286.0
1990.0,BGD,100.0,100.0,BGD,BGD,100.0,100.0,283.053737055234,,,111633717.0
1991.0,BGD,100.0,100.0,BGD,BGD,100.0,100.0,272.064948495878,,,113787109.0
1992.0,BGD,100.0,100.0,BGD,BGD,100.0,100.0,273.465072520272,,,115952192.0
1993.0,BGD,100.0,100.0,BGD,BGD,100.0,100.0,280.757274450366,,,118132360.0
1994.0,BGD,100.0,100.0,BGD,BGD,100.0,100.0,280.603031791216,,,120343179.0
1995.0,BGD,100.0,100.0,BGD,BGD,100.0,100.0,309.458680823367,,,122600370.0
1996.0,BGD,100.0,100.0,BGD,BGD,100.0,100.0,371.917937677345,,,124862179.0
1997.0,BGD,100.0,200.0,BGD,BGD,200.0,200.0,379.284917709635,,,127198069.0
1998.0,BGD,100.0,200.0,BGD,BGD,200.0,200.0,385.616881752796,,,129622332.0
1999.0,BGD,100.0,500.0,BGD,BGD,200.0,500.0,388.095684268235,,,132108065.0
2000.0,BGD,100.0,500.0,BGD,BGD,500.0,500.0,396.670730249751,0.0,1.80504513,134544304.0
2001.0,BGD,100.0,500.0,BGD,BGD,500.0,530.0,394.65641001891,0.0,1.77201855,136805810.0
2002.0,BGD,100.0,600.0,BGD,BGD,540.0,680.0,393.886422327628,0.0,1.93417108,138933658.0
2003.0,BGD,200.0,730.0,BGD,BGD,650.0,820.0,426.74880754362,0.0,1.96152198,140970351.0
2004.0,BGD,200.0,830.0,BGD,BGD,740.0,920.0,455.614016909798,0.0,1.99854314,142902856.0
2005.0,BGD,200.0,880.0,BGD,BGD,780.0,980.0,480.08585075452,0.0,2.05873919,144715786.0
2006.0,BGD,500.0,880.0,BGD,BGD,770.0,990.0,490.388026533289,1.0,2.10646582,146405973.0
2007.0,BGD,500.0,880.0,BGD,BGD,780.0,1000.0,537.955492792911,1.0,2.17268491,147989278.0
2008.0,BGD,500.0,910.0,BGD,BGD,800.0,1000.0,613.06204104124,4.0,2.11878848,149474264.0
2009.0,BGD,500.0,930.0,BGD,BGD,820.0,1000.0,679.211477428056,5.0,2.18321705,150873714.0
2010.0,BGD,500.0,930.0,BGD,BGD,830.0,1000.0,757.385280361508,6.0,2.28807664,152201981.0
2011.0,BGD,500.0,990.0,BGD,BGD,880.0,1100.0,837.336944695647,8.0,2.36418128,153591076.0
2012.0,BGD,500.0,1100.0,BGD,BGD,970.0,1200.0,859.680536375497,9.0,2.3537879,155070101.0
2013.0,BGD,500.0,1200.0,BGD,BGD,1100.0,1300.0,958.262989798283,11.0,2.29574466,156532141.0
2014.0,BGD,500.0,1200.0,BGD,BGD,1100.0,1400.0,1094.46199702838,12.0,2.27915168,157964929.0
2015.0,BGD,500.0,1300.0,BGD,BGD,1200.0,1500.0,1224.38647668165,13.0,2.27217698,159383179.0
2016.0,BGD,510.0,1300.0,BGD,BGD,1200.0,1400.0,1649.28380858601,15.0,2.38938212,160811932.0
2017.0,BGD,520.0,1300.0,BGD,BGD,1100.0,1400.0,1811.08221668646,20.0,2.36720181,162186147.0
2018.0,BGD,520.0,1200.0,BGD,BGD,1100.0,1300.0,1965.24372731467,23.0,2.31622243,163523103.0
2019.0,BGD,560.0,1200.0,BGD,BGD,1100.0,1300.0,2129.79896954606,24.0,2.12712646,164913055.0
2020.0,BGD,580.0,1200.0,BGD,BGD,1100.0,1300.0,2248.85078828233,29.0,2.18254924,166298024.0
2021.0,BGD,580.0,1200.0,BGD,BGD,1100.0,1300.0,2482.84917843357,30.0,2.26678729,167658854.0
2022.0,BGD,610.0,1200.0,BGD,BGD,1100.0,1300.0,2716.48592780431,33.0,2.21544909,169384897.0
2023.0,BGD,590.0,1200.0,BGD,BGD,1100.0,1400.0,2551.01773827307,38.0,2.17014575,171466990.0
2024.0,BGD,560.0,1200.0,BGD,BGD,1100.0,1300.0,2593.41611680774,41.0,,173562364.0
1990.0,BTN,100.0,100.0,BTN,BTN,100.0,100.0,488.327431477129,,,589287.0
1991.0,BTN,100.0,100.0,BTN,BTN,100.0,100.0,400.634705187075,,,599784.0
1992.0,BTN,100.0,100.0,BTN,BTN,100.0,100.0,415.791522568451,,,577774.0
1993.0,BTN,100.0,100.0,BTN,BTN,100.0,100.0,407.39984249657,,,554673.0
1994.0,BTN,100.0,100.0,BTN,BTN,100.0,100.0,467.008312125283,,,554497.0
1995.0,BTN,100.0,100.0,BTN,BTN,100.0,100.0,530.103676927417,,,547989.0
1996.0,BTN,100.0,100.0,BTN,BTN,100.0,100.0,552.873891403681,,,548784.0
1997.0,BTN,100.0,100.0,BTN,BTN,100.0,100.0,630.447410148304,,,558697.0
1998.0,BTN,100.0,100.0,BTN,BTN,100.0,100.0,638.278962310609,,,569435.0
1999.0,BTN,100.0,100.0,BTN,BTN,100.0,100.0,685.419830628567,,,582579.0
2000.0,BTN,100.0,100.0,BTN,BTN,100.0,100.0,771.924911410619,0.0,4.13867903,596863.0
2001.0,BTN,100.0,100.0,BTN,BTN,100.0,100.0,812.238210772056,0.0,4.60037947,610794.0
2002.0,BTN,100.0,100.0,BTN,BTN,100.0,100.0,895.799489930972,0.0,3.95161104,624409.0
2003.0,BTN,100.0,100.0,BTN,BTN,100.0,100.0,1022.38240311018,0.0,3.83481455,637663.0
2004.0,BTN,100.0,100.0,BTN,BTN,100.0,100.0,1130.35934606796,0.0,4.26397753,650544.0
2005.0,BTN,100.0,100.0,BTN,BTN,100.0,100.0,1299.94938578359,1.0,3.83308983,661865.0
2006.0,BTN,100.0,100.0,BTN,BTN,100.0,100.0,1405.6071618158,4.0,4.08523893,670799.0
2007.0,BTN,100.0,100.0,BTN,BTN,100.0,100.0,1850.41570433398,6.0,3.83774948,678641.0
2008.0,BTN,100.0,100.0,BTN,BTN,100.0,100.0,1919.59774896395,9.0,3.14842224,686351.0
2009.0,BTN,100.0,100.0,BTN,BTN,100.0,100.0,1918.39599211093,11.0,3.29665017,693988.0
2010.0,BTN,100.0,100.0,BTN,BTN,100.0,100.0,2435.5798056672,15.0,3.25758624,701632.0
2011.0,BTN,100.0,100.0,BTN,BTN,100.0,100.0,2787.97967608562,19.0,3.02062726,709377.0
2012.0,BTN,100.0,100.0,BTN,BTN,100.0,100.0,2751.2128864294,25.0,3.25988412,717279.0
2013.0,BTN,100.0,100.0,BTN,BTN,100.0,100.0,2679.95217201538,30.0,3.34862685,725273.0
2014.0,BTN,100.0,100.0,BTN,BTN,100.0,100.0,2849.49998647303,35.0,3.23226452,733139.0
2015.0,BTN,100.0,100.0,BTN,BTN,100.0,100.0,2954.04081911097,44.0,3.43653083,740618.0
2016.0,BTN,100.0,100.0,BTN,BTN,100.0,100.0,3152.30905106786,49.0,3.27756715,747866.0
2017.0,BTN,100.0,100.0,BTN,BTN,100.0,100.0,3435.28804735662,58.0,3.11215067,754335.0
2018.0,BTN,100.0,100.0,BTN,BTN,100.0,100.0,3400.20417245342,64.0,3.06896734,759759.0
2019.0,BTN,100.0,100.0,BTN,BTN,100.0,100.0,3576.87987100503,62.0,3.37511158,764824.0
2020.0,BTN,100.0,100.0,BTN,BTN,100.0,100.0,3191.66906999331,63.0,4.08451509,770006.0
2021.0,BTN,100.0,100.0,BTN,BTN,100.0,100.0,3570.61257980872,64.0,4.78581429,775442.0
2022.0,BTN,100.0,100.0,BTN,BTN,100.0,100.0,3711.32767981591,65.0,3.91757464,780914.0
2023.0,BTN,100.0,100.0,BTN,BTN,100.0,100.0,3831.32535564326,68.0,4.41551638,786385.0
2024.0,BTN,100.0,100.0,BTN,BTN,100.0,100.0,4228.05102403654,70.0,,791524.0
1990.0,BRN,,,BRN,BRN,,,23658.7166330381,,,255292.0
1991.0,BRN,,,BRN,BRN,,,23932.1897281583,,,262596.0
1992.0,BRN,,,BRN,BRN,,,23450.8964055243,,,269839.0
1993.0,BRN,,,BRN,BRN,,,22397.0737447404,,,276971.0
1994.0,BRN,,,BRN,BRN,,,22766.587177075,,,284091.0
1995.0,BRN,,,BRN,BRN,,,26443.2564746713,,,291195.0
1996.0,BRN,,,BRN,BRN,,,25692.2357348562,,,298276.0
1997.0,BRN,,,BRN,BRN,,,25522.3975038009,,,305341.0
1998.0,BRN,,,BRN,BRN,,,17769.2463451942,,,312385.0
1999.0,BRN,,,BRN,BRN,,,19752.2013255542,,,319411.0
2000.0,BRN,,,BRN,BRN,,,20130.2572346624,,2.5479064,326424.0
2001.0,BRN,,,BRN,BRN,,,18287.8272281914,,2.5465107,333345.0
2002.0,BRN,,,BRN,BRN,,,18621.2922577525,,2.53447938,340099.0
2003.0,BRN,,,BRN,BRN,,,20677.9001143188,,2.60260582,346637.0
2004.0,BRN,,,BRN,BRN,,,24423.0946995548,,2.55193377,352911.0
2005.0,BRN,,,BRN,BRN,,,29386.2703822862,,2.23386168,358916.0
2006.0,BRN,,,BRN,BRN,,,34674.7995236452,,1.9072516,364663.0
2007.0,BRN,,,BRN,BRN,,,36217.3290706015,,1.94145441,370873.0
2008.0,BRN,,,BRN,BRN,,,42156.5685838672,,1.87612021,377793.0
2009.0,BRN,,,BRN,BRN,,,30946.4673773828,,2.39306617,384952.0
2010.0,BRN,,,BRN,BRN,,,34937.5555357155,,2.27826095,392332.0
2011.0,BRN,,,BRN,BRN,,,46382.8274255349,,1.86409724,399389.0
2012.0,BRN,,,BRN,BRN,,,46968.5971164922,,1.85097206,405557.0
2013.0,BRN,,,BRN,BRN,,,44003.0644273461,,1.898314,411202.0
2014.0,BRN,,,BRN,BRN,,,41026.5084247957,,1.91436803,416750.0
2015.0,BRN,,,BRN,BRN,,,30625.1287744656,,2.38708901,422212.0
2016.0,BRN,,,BRN,BRN,,,26663.2972950602,,2.54828691,427564.0
2017.0,BRN,,,BRN,BRN,,,28024.3824580252,,2.27022862,432772.0
2018.0,BRN,,,BRN,BRN,,,30988.1190267227,,2.41600895,437810.0
2019.0,BRN,,,BRN,BRN,,,30426.5730656528,,2.23100758,442680.0
2020.0,BRN,,,BRN,BRN,,,26834.3592233943,,2.45359564,447404.0
2021.0,BRN,,,BRN,BRN,,,31006.9636289785,,2.14748693,451721.0
2022.0,BRN,,,BRN,BRN,,,36632.9280952155,,1.77042186,455370.0
2023.0,BRN,,,BRN,BRN,,,32890.5491812019,,2.2286067,458949.0
2024.0,BRN,,,BRN,BRN,,,33153.4738913513,,,462721.0
1990.0,KHM,100.0,500.0,KHM,KHM,500.0,500.0,190.181470036159,,,7374752.0
1991.0,KHM,100.0,820.0,KHM,KHM,690.0,950.0,267.336306726982,,,7686850.0
1992.0,KHM,100.0,2200.0,KHM,KHM,1900.0,2600.0,307.094922385136,,,8113083.0
1993.0,KHM,200.0,4800.0,KHM,KHM,4100.0,5500.0,294.059372727558,,,8616381.0
1994.0,KHM,500.0,8100.0,KHM,KHM,6900.0,9300.0,302.1307854832,,,9239162.0
1995.0,KHM,660.0,11000.0,KHM,KHM,9600.0,13000.0,343.485224671585,,,10018497.0
1996.0,KHM,1100.0,13000.0,KHM,KHM,11000.0,15000.0,324.655870983004,,,10801270.0
1997.0,KHM,1600.0,14000.0,KHM,KHM,12000.0,16000.0,297.59041960803,,,11570982.0
1998.0,KHM,2200.0,13000.0,KHM,KHM,11000.0,15000.0,258.780953189377,,,12058173.0
1999.0,KHM,2700.0,11000.0,KHM,KHM,9500.0,12000.0,286.753596443196,,,12265731.0
2000.0,KHM,3300.0,8600.0,KHM,KHM,7500.0,9700.0,296.426687526334,0.0,6.48126554,12462336.0
2001.0,KHM,3900.0,6900.0,KHM,KHM,6100.0,7800.0,327.500984314444,0.0,6.76028347,12658484.0
2002.0,KHM,4400.0,6200.0,KHM,KHM,5500.0,6900.0,350.147276634294,0.0,6.91952753,12855241.0
2003.0,KHM,4700.0,5600.0,KHM,KHM,4900.0,6300.0,386.691123931778,3.0,6.45762444,13050968.0
2004.0,KHM,4500.0,5100.0,KHM,KHM,4500.0,5600.0,444.199067529081,8.0,6.48521805,13244731.0
2005.0,KHM,4100.0,4500.0,KHM,KHM,4000.0,5000.0,525.797325120926,12.0,6.15001392,13439202.0
2006.0,KHM,3400.0,3900.0,KHM,KHM,3500.0,4400.0,612.252648550727,22.0,5.36440325,13639028.0
2007.0,KHM,2700.0,3400.0,KHM,KHM,3000.0,3700.0,731.692295125426,30.0,4.42702723,13841770.0
2008.0,KHM,2100.0,3000.0,KHM,KHM,2600.0,3300.0,866.283999789749,37.0,5.61296654,14053479.0
2009.0,KHM,1700.0,2600.0,KHM,KHM,2300.0,2800.0,875.748936193569,44.0,6.3089695,14276810.0
2010.0,KHM,1400.0,2200.0,KHM,KHM,2000.0,2500.0,952.274616324008,50.0,5.62713194,14500726.0
2011.0,KHM,1300.0,2000.0,KHM,KHM,1800.0,2200.0,1088.98152823081,54.0,6.00443649,14722584.0
2012.0,KHM,1400.0,1900.0,KHM,KHM,1700.0,2100.0,1192.80263041673,57.0,5.77632856,14945085.0
2013.0,KHM,1600.0,1800.0,KHM,KHM,1600.0,2000.0,1305.6600972686,60.0,5.00863695,15170208.0
2014.0,KHM,1700.0,1800.0,KHM,KHM,1600.0,2000.0,1431.56396469993,63.0,4.40784645,15396772.0
2015.0,KHM,1800.0,1700.0,KHM,KHM,1500.0,1800.0,1547.32010444393,66.0,4.53898621,15623251.0
2016.0,KHM,1700.0,1700.0,KHM,KHM,1500.0,1800.0,1675.19555711109,69.0,4.49053288,15852803.0
2017.0,KHM,1600.0,1600.0,KHM,KHM,1500.0,1800.0,1826.35391688754,72.0,4.26933241,16073372.0
2018.0,KHM,1500.0,1600.0,KHM,KHM,1400.0,1700.0,2036.67377566578,76.0,4.49707794,16274522.0
2019.0,KHM,1400.0,1600.0,KHM,KHM,1400.0,1700.0,2225.87705485686,79.0,5.05801058,16481304.0
2020.0,KHM,1300.0,1600.0,KHM,KHM,1400.0,1700.0,2081.73914242939,81.0,5.13031435,16725474.0
2021.0,KHM,1200.0,1600.0,KHM,KHM,1500.0,1800.0,2167.40324198499,81.0,6.33888054,16974305.0
2022.0,KHM,1200.0,1600.0,KHM,KHM,1400.0,1700.0,2325.03050040841,84.0,4.46856117,17201724.0
2023.0,KHM,1100.0,1500.0,KHM,KHM,1300.0,1600.0,2429.74853452838,88.0,4.61706829,17423880.0
2024.0,KHM,1000.0,1200.0,KHM,KHM,1100.0,1300.0,2627.87969756224,92.0,,17638801.0
1990.0,CHN,,,CHN,CHN,,,318.50335359039,,,1135185000.0
1991.0,CHN,,,CHN,CHN,,,334.130288119078,,,1150780000.0
1992.0,CHN,,,CHN,CHN,,,367.822651903542,,,1164970000.0
1993.0,CHN,,,CHN,CHN,,,378.939353053314,,,1178440000.0
1994.0,CHN,,,CHN,CHN,,,475.677874448369,,,1191835000.0
1995.0,CHN,,,CHN,CHN,,,612.680277898627,,,1204855000.0
1996.0,CHN,,,CHN,CHN,,,713.337387811657,,,1217550000.0
1997.0,CHN,,,CHN,CHN,,,786.743548510999,,,1230075000.0
1998.0,CHN,,,CHN,CHN,,,835.095348597432,,,1241935000.0
1999.0,CHN,,,CHN,CHN,,,881.146614068925,,,1252735000.0
2000.0,CHN,,,CHN,CHN,,,969.199513696287,,4.4535861,1262645000.0
2001.0,CHN,,,CHN,CHN,,,1065.40597574519,,4.19752026,1271850000.0
2002.0,CHN,,,CHN,CHN,,,1163.55957673426,,4.32156181,1280400000.0
2003.0,CHN,,,CHN,CHN,,,1306.97245408557,,4.35460472,1288400000.0
2004.0,CHN,,,CHN,CHN,,,1530.92726215723,,4.22949076,1296075000.0
2005.0,CHN,,,CHN,CHN,,,1777.64496828464,,4.11230803,1303720000.0
2006.0,CHN,,,CHN,CHN,,,2129.25696999613,,3.88655019,1311020000.0
2007.0,CHN,,,CHN,CHN,,,2734.72709877693,,3.61737728,1317885000.0
2008.0,CHN,,,CHN,CHN,,,3523.44302065213,,3.83627748,1324655000.0
2009.0,CHN,,,CHN,CHN,,,3898.24459158811,,4.27631998,1331260000.0
2010.0,CHN,,,CHN,CHN,,,4629.24551710077,,4.15821123,1337705000.0
2011.0,CHN,,,CHN,CHN,,,5703.76027973346,,4.26719379,1345035000.0
2012.0,CHN,,,CHN,CHN,,,6405.0574241349,,4.49046612,1354190000.0
2013.0,CHN,,,CHN,CHN,,,7147.03518622344,,4.63882637,1363240000.0
2014.0,CHN,,,CHN,CHN,,,7781.06597484974,,4.69880247,1371860000.0
2015.0,CHN,,,CHN,CHN,,,8175.33285077393,,4.85367584,1379860000.0
2016.0,CHN,,,CHN,CHN,,,8254.86859320357,,4.88338089,1387790000.0
2017.0,CHN,,,CHN,CHN,,,8979.67652709856,,4.9695034,1396215000.0
2018.0,CHN,,,CHN,CHN,,,10085.6638148819,,5.06933308,1402760000.0
2019.0,CHN,,,CHN,CHN,,,10342.9009524335,,5.26516867,1407745000.0
2020.0,CHN,,,CHN,CHN,,,10627.4637989619,,5.50441837,1411100000.0
2021.0,CHN,,,CHN,CHN,,,12887.4357242941,,5.25590324,1412360000.0
2022.0,CHN,,,CHN,CHN,,,12970.6056414327,,5.88078785,1412175000.0
2023.0,CHN,,,CHN,CHN,,,12951.1782397043,,5.94388866,1410710000.0
2024.0,CHN,,,CHN,CHN,,,13293.1162269366,,,1408975000.0
1990.0,PRK,,,PRK,PRK,,,,,,21112137.0
1991.0,PRK,,,PRK,PRK,,,,,,21428638.0
1992.0,PRK,,,PRK,PRK,,,,,,21750911.0
1993.0,PRK,,,PRK,PRK,,,,,,22073352.0
1994.0,PRK,,,PRK,PRK,,,,,,22393975.0
1995.0,PRK,,,PRK,PRK,,,,,,22669304.0
1996.0,PRK,,,PRK,PRK,,,,,,22895746.0
1997.0,PRK,,,PRK,PRK,,,,,,23110830.0
1998.0,PRK,,,PRK,PRK,,,,,,23311564.0
1999.0,PRK,,,PRK,PRK,,,,,,23497599.0
2000.0,PRK,,,PRK,PRK,,,,,,23665910.0
2001.0,PRK,,,PRK,PRK,,,,,,23815358.0
2002.0,PRK,,,PRK,PRK,,,,,,23943973.0
2003.0,PRK,,,PRK,PRK,,,,,,24090380.0
2004.0,PRK,,,PRK,PRK,,,,,,24254943.0
2005.0,PRK,,,PRK,PRK,,,,,,24396433.0
2006.0,PRK,,,PRK,PRK,,,,,,24524507.0
2007.0,PRK,,,PRK,PRK,,,,,,24646383.0
2008.0,PRK,,,PRK,PRK,,,,,,24764618.0
2009.0,PRK,,,PRK,PRK,,,,,,24878332.0
2010.0,PRK,,,PRK,PRK,,,,,,24987258.0
2011.0,PRK,,,PRK,PRK,,,,,,25097874.0
2012.0,PRK,,,PRK,PRK,,,,,,25211728.0
2013.0,PRK,,,PRK,PRK,,,,,,25329451.0
2014.0,PRK,,,PRK,PRK,,,,,,25451262.0
2015.0,PRK,,,PRK,PRK,,,,,,25575350.0
2016.0,PRK,,,PRK,PRK,,,,,,25698326.0
2017.0,PRK,,,PRK,PRK,,,,,,25817709.0
2018.0,PRK,,,PRK,PRK,,,,,,25931147.0
2019.0,PRK,,,PRK,PRK,,,,,,26037632.0
2020.0,PRK,,,PRK,PRK,,,,,,26136312.0
2021.0,PRK,,,PRK,PRK,,,,,,26232534.0
2022.0,PRK,,,PRK,PRK,,,,,,26328845.0
2023.0,PRK,,,PRK,PRK,,,,,,26418204.0
2024.0,PRK,,,PRK,PRK,,,,,,26498823.0
1990.0,FJI,100.0,100.0,FJI,FJI,100.0,100.0,1728.94076871199,,,773316.0
1991.0,FJI,100.0,100.0,FJI,FJI,100.0,100.0,1774.99211138118,,,779656.0
1992.0,FJI,100.0,100.0,FJI,FJI,100.0,100.0,1951.25592930351,,,785346.0
1993.0,FJI,100.0,100.0,FJI,FJI,100.0,100.0,2070.04734110195,,,790369.0
1994.0,FJI,100.0,100.0,FJI,FJI,100.0,100.0,2297.18005884304,,,794771.0
1995.0,FJI,100.0,100.0,FJI,FJI,100.0,100.0,2466.74347815903,,,798746.0
1996.0,FJI,100.0,100.0,FJI,FJI,100.0,100.0,2648.32766264,,,803789.0
1997.0,FJI,100.0,100.0,FJI,FJI,100.0,100.0,2573.72338605678,,,812139.0
1998.0,FJI,100.0,100.0,FJI,FJI,100.0,100.0,2010.49636073149,,,822258.0
1999.0,FJI,100.0,100.0,FJI,FJI,100.0,100.0,2327.95720514091,,,831828.0
2000.0,FJI,100.0,100.0,FJI,FJI,100.0,100.0,1995.72071163264,0.0,3.42441177,840909.0
2001.0,FJI,100.0,100.0,FJI,FJI,100.0,100.0,1944.997414609,0.0,2.90547299,849596.0
2002.0,FJI,100.0,100.0,FJI,FJI,100.0,100.0,2136.56794118683,0.0,2.98349524,858049.0
2003.0,FJI,100.0,100.0,FJI,FJI,100.0,100.0,2655.58079586044,0.0,2.97298193,866286.0
2004.0,FJI,100.0,100.0,FJI,FJI,100.0,100.0,3097.19096651759,68.0,3.25768542,874366.0
2005.0,FJI,100.0,100.0,FJI,FJI,100.0,100.0,3377.69126953493,84.0,3.25656676,882379.0
2006.0,FJI,100.0,100.0,FJI,FJI,100.0,100.0,3455.10599907349,81.0,3.34798193,890365.0
2007.0,FJI,100.0,100.0,FJI,FJI,100.0,100.0,3762.74692789299,73.0,3.41514993,897832.0
2008.0,FJI,100.0,100.0,FJI,FJI,100.0,100.0,3899.92231512129,72.0,3.18467116,903399.0
2009.0,FJI,100.0,100.0,FJI,FJI,100.0,100.0,3164.13275408169,64.0,3.53587627,907239.0
2010.0,FJI,100.0,100.0,FJI,FJI,100.0,100.0,3449.14452883369,58.0,3.41664124,910419.0
2011.0,FJI,100.0,100.0,FJI,FJI,100.0,100.0,4139.60288609702,51.0,3.14293504,912989.0
2012.0,FJI,100.0,100.0,FJI,FJI,100.0,200.0,4341.40338748749,62.0,3.2655499,914918.0
2013.0,FJI,100.0,200.0,FJI,FJI,100.0,200.0,4572.44377544245,47.0,3.20040679,916352.0
2014.0,FJI,100.0,200.0,FJI,FJI,100.0,200.0,5293.35676680464,41.0,3.36860466,917585.0
2015.0,FJI,100.0,200.0,FJI,FJI,200.0,500.0,5097.53106864695,32.0,3.32468939,918578.0
2016.0,FJI,100.0,500.0,FJI,FJI,200.0,500.0,5363.79026679243,26.0,3.27979708,919166.0
2017.0,FJI,100.0,500.0,FJI,FJI,500.0,500.0,5826.84814459328,25.0,3.18689561,918759.0
2018.0,FJI,100.0,500.0,FJI,FJI,500.0,500.0,6085.41979485376,25.0,4.10572624,917180.0
2019.0,FJI,100.0,500.0,FJI,FJI,500.0,590.0,5842.07344577597,24.0,4.28229284,914899.0
2020.0,FJI,100.0,590.0,FJI,FJI,500.0,780.0,4620.6457238014,21.0,5.28987408,914963.0
2021.0,FJI,100.0,740.0,FJI,FJI,560.0,1000.0,4536.73312110335,22.0,7.06084681,916711.0
2022.0,FJI,100.0,910.0,FJI,FJI,660.0,1400.0,5414.12092119088,15.0,4.01752949,919422.0
2023.0,FJI,200.0,1100.0,FJI,FJI,790.0,1900.0,5926.20586394763,15.0,3.61524153,924145.0
2024.0,FJI,200.0,1300.0,FJI,FJI,930.0,2700.0,6425.74151715712,24.0,,928784.0
1990.0,IND,,,IND,IND,,,371.085936203765,,,864972221.0
1991.0,IND,,,IND,IND,,,305.574055928592,,,883927600.0
1992.0,IND,,,IND,IND,,,319.182472626315,,,902957070.0
1993.0,IND,,,IND,IND,,,302.884806246174,,,922118387.0
1994.0,IND,,,IND,IND,,,347.73421473994,,,941163767.0
1995.0,IND,,,IND,IND,,,375.17600537305,,,960301044.0
1996.0,IND,,,IND,IND,,,401.046754673579,,,979678458.0
1997.0,IND,,,IND,IND,,,416.228116203753,,,999133762.0
1998.0,IND,,,IND,IND,,,413.630864056851,,,1018665080.0
1999.0,IND,,,IND,IND,,,441.927991436397,,,1038225823.0
2000.0,IND,,,IND,IND,,,442.750218937263,,4.10568476,1057922733.0
2001.0,IND,,,IND,IND,,,450.357900514128,,4.33754253,1077898575.0
2002.0,IND,,,IND,IND,,,469.149928973927,,4.31453371,1097600380.0
2003.0,IND,,,IND,IND,,,544.143133545002,,4.07877731,1116803006.0
2004.0,IND,,,IND,IND,,,624.258826510066,,4.02679491,1135991513.0
2005.0,IND,,,IND,IND,,,710.488080408949,,3.85508275,1154676322.0
2006.0,IND,,,IND,IND,,,801.668353659022,,3.66901541,1172878890.0
2007.0,IND,,,IND,IND,,,1021.88707706826,,3.58103991,1190676021.0
2008.0,IND,,,IND,IND,,,992.519584923828,,3.58856082,1207930964.0
2009.0,IND,,,IND,IND,,,1094.94974598436,,3.54637694,1225524753.0
2010.0,IND,,,IND,IND,,,1347.51939071367,,3.33625913,1243481564.0
2011.0,IND,,,IND,IND,,,1445.46127486037,,3.24634218,1261224954.0
2012.0,IND,,,IND,IND,,,1429.32199520032,,3.32935286,1278674502.0
2013.0,IND,,,IND,IND,,,1432.84397512195,,3.74944186,1295829511.0
2014.0,IND,,,IND,IND,,,1553.88396075118,,3.61956549,1312277191.0
2015.0,IND,,,IND,IND,,,1583.99815907985,,3.59565973,1328024498.0
2016.0,IND,,,IND,IND,,,1707.50892912243,,3.50430417,1343944296.0
2017.0,IND,,,IND,IND,,,1950.10468280866,,2.93597651,1359657400.0
2018.0,IND,,,IND,IND,,,1966.25455171679,,2.8584938,1374659064.0
2019.0,IND,,,IND,IND,,,2041.42863698585,,2.95299792,1389030312.0
2020.0,IND,,,IND,IND,,,1907.04251637669,,3.34146094,1402617695.0
2021.0,IND,,,IND,IND,,,2239.61384367482,,3.34680939,1414203896.0
2022.0,IND,,,IND,IND,,,2279.98145719369,65.0,3.39623499,1425423212.0
2023.0,IND,,,IND,IND,,,2434.44826340989,69.0,3.33944035,1438069596.0
2024.0,IND,32000.0,64000.0,IND,IND,43000.0,110000.0,2591.9916607122,72.0,,1450935791.0
1990.0,IDN,100.0,200.0,IDN,IDN,200.0,200.0,578.420121135382,,,183501098.0
1991.0,IDN,100.0,500.0,IDN,IDN,500.0,500.0,624.387495384411,,,186778238.0
1992.0,IDN,100.0,500.0,IDN,IDN,500.0,500.0,673.67103954742,,,190043744.0
1993.0,IDN,100.0,670.0,IDN,IDN,580.0,740.0,817.395116417856,,,193305168.0
1994.0,IDN,100.0,1100.0,IDN,IDN,970.0,1200.0,899.793982949817,,,196591828.0
1995.0,IDN,100.0,1800.0,IDN,IDN,1500.0,2000.0,1011.22614205568,,,199888057.0
1996.0,IDN,200.0,2800.0,IDN,IDN,2400.0,3100.0,1118.92133024129,,,203204348.0
1997.0,IDN,200.0,4200.0,IDN,IDN,3700.0,4800.0,1044.60674832472,,,206536095.0
1998.0,IDN,500.0,6300.0,IDN,IDN,5500.0,7100.0,454.877800792123,,,209826788.0
1999.0,IDN,500.0,9500.0,IDN,IDN,8300.0,11000.0,657.268934667018,,,213004668.0
2000.0,IDN,770.0,17000.0,IDN,IDN,15000.0,19000.0,763.711124950924,0.0,1.85297656,216077790.0
2001.0,IDN,1200.0,33000.0,IDN,IDN,30000.0,37000.0,732.307093405708,0.0,2.11850214,219097902.0
2002.0,IDN,2000.0,42000.0,IDN,IDN,38000.0,48000.0,881.002913569131,0.0,1.98062706,222088495.0
2003.0,IDN,3100.0,42000.0,IDN,IDN,38000.0,47000.0,1043.2105838671,0.0,2.24837184,225048008.0
2004.0,IDN,4400.0,46000.0,IDN,IDN,41000.0,51000.0,1126.84004447173,0.0,2.12002277,227926649.0
2005.0,IDN,6100.0,50000.0,IDN,IDN,44000.0,55000.0,1238.21447629488,0.0,2.53189397,230871650.0
2006.0,IDN,7600.0,51000.0,IDN,IDN,45000.0,56000.0,1558.31562847163,2.0,2.61946416,233951652.0
2007.0,IDN,9100.0,49000.0,IDN,IDN,44000.0,54000.0,1823.21976255073,2.0,2.82385564,237062337.0
2008.0,IDN,11000.0,49000.0,IDN,IDN,44000.0,53000.0,2124.55483920618,3.0,2.54842305,240157903.0
2009.0,IDN,13000.0,49000.0,IDN,IDN,44000.0,54000.0,2218.48541852977,4.0,2.62324095,243220028.0
2010.0,IDN,15000.0,49000.0,IDN,IDN,44000.0,54000.0,3065.68348377765,5.0,2.7908783,246305322.0
2011.0,IDN,17000.0,49000.0,IDN,IDN,44000.0,54000.0,3579.46442466152,6.0,2.98942471,249470032.0
2012.0,IDN,20000.0,48000.0,IDN,IDN,43000.0,52000.0,3632.27254030331,7.0,2.91427088,252698525.0
2013.0,IDN,22000.0,45000.0,IDN,IDN,41000.0,50000.0,3566.60284506078,8.0,2.86934805,255852467.0
2014.0,IDN,24000.0,43000.0,IDN,IDN,39000.0,47000.0,3441.06808464008,10.0,2.96433568,258877399.0
2015.0,IDN,25000.0,41000.0,IDN,IDN,37000.0,45000.0,3288.22269725538,12.0,2.92428517,261799249.0
2016.0,IDN,26000.0,39000.0,IDN,IDN,36000.0,43000.0,3521.46943457574,14.0,3.02147198,264627418.0
2017.0,IDN,26000.0,38000.0,IDN,IDN,34000.0,41000.0,3798.88326174526,16.0,2.90417194,267346658.0
2018.0,IDN,27000.0,36000.0,IDN,IDN,32000.0,39000.0,3860.95353090726,19.0,2.86757827,269951846.0
2019.0,IDN,27000.0,34000.0,IDN,IDN,30000.0,37000.0,4106.94856160358,22.0,2.87862897,272489381.0
2020.0,IDN,27000.0,32000.0,IDN,IDN,29000.0,35000.0,3853.70288774146,25.0,3.42067289,274814866.0
2021.0,IDN,27000.0,31000.0,IDN,IDN,28000.0,34000.0,4287.17313995098,27.0,3.70634937,276758053.0
2022.0,IDN,27000.0,29000.0,IDN,IDN,26000.0,32000.0,4730.83484836107,29.0,2.69389749,278830529.0
2023.0,IDN,27000.0,27000.0,IDN,IDN,25000.0,30000.0,4876.2992959843,31.0,2.70239949,281190067.0
2024.0,IDN,24000.0,25000.0,IDN,IDN,23000.0,28000.0,4925.43644992666,41.0,,283487931.0
1990.0,IRN,,,IRN,IRN,,,2137.94222739877,,,58380092.0
1991.0,IRN,,,IRN,IRN,,,2194.43906803657,,,59986931.0
1992.0,IRN,,,IRN,IRN,,,1957.48507794252,,,61184983.0
1993.0,IRN,,,IRN,IRN,,,1038.10985682067,,,61403543.0
1994.0,IRN,,,IRN,IRN,,,1167.76272513795,,,61520598.0
1995.0,IRN,,,IRN,IRN,,,1550.0095955025,,,62205567.0
1996.0,IRN,,,IRN,IRN,,,1914.78121294313,,,62881300.0
1997.0,IRN,,,IRN,IRN,,,1790.06617575598,,,63639638.0
1998.0,IRN,,,IRN,IRN,,,1709.19334096046,,,64519859.0
1999.0,IRN,,,IRN,IRN,,,1739.59462001458,,,65445391.0
2000.0,IRN,,,IRN,IRN,,,1650.01385833785,,4.72250843,66418659.0
2001.0,IRN,,,IRN,IRN,,,1881.02266635283,,5.16087341,67452005.0
2002.0,IRN,,,IRN,IRN,,,1891.25756091033,,4.65182209,68011317.0
2003.0,IRN,,,IRN,IRN,,,2208.99636552406,,4.95589161,68769340.0
2004.0,IRN,,,IRN,IRN,,,2672.4226651404,,5.12801409,70256316.0
2005.0,IRN,,,IRN,IRN,,,3132.0508192007,,5.29996157,71828455.0
2006.0,IRN,,,IRN,IRN,,,3618.91601364428,,5.15990877,73392747.0
2007.0,IRN,,,IRN,IRN,,,4687.99166260718,,4.91188192,74602648.0
2008.0,IRN,,,IRN,IRN,,,5377.4115072957,,5.03990459,75514204.0
2009.0,IRN,,,IRN,IRN,,,5415.52280553446,,6.11493444,76457825.0
2010.0,IRN,,,IRN,IRN,,,6291.19443655454,,6.29153061,77420842.0
2011.0,IRN,,,IRN,IRN,,,8025.68743364356,,6.09787989,78383598.0
2012.0,IRN,,,IRN,IRN,,,8114.08099831877,,6.12235355,79370580.0
2013.0,IRN,,,IRN,IRN,,,6222.74194840326,,5.73697805,80414686.0
2014.0,IRN,,,IRN,IRN,,,5672.06372896319,,6.81539536,81502045.0
2015.0,IRN,,,IRN,IRN,,,4952.73355532178,,8.38232708,82619362.0
2016.0,IRN,,,IRN,IRN,,,5710.59947089104,,7.80285025,83812228.0
2017.0,IRN,,,IRN,IRN,,,6000.93346404409,,7.71801233,85026754.0
2018.0,IRN,,,IRN,IRN,,,4783.01067340237,,6.63571692,86117998.0
2019.0,IRN,,,IRN,IRN,,,3997.4935449585,,6.23426771,87051648.0
2020.0,IRN,,,IRN,IRN,,,3202.50003502169,,4.96098137,87723443.0
2021.0,IRN,,,IRN,IRN,,,4605.14881318992,,4.85886621,88455488.0
2022.0,IRN,,,IRN,IRN,,,4721.20437099984,,5.62794113,89524246.0
2023.0,IRN,,,IRN,IRN,,,5049.29931642754,,6.02542305,90608707.0
2024.0,IRN,,,IRN,IRN,,,5190.16959024821,,,91567738.0
1990.0,JPN,,,JPN,JPN,,,26344.7273187725,,,123478000.0
1991.0,JPN,,,JPN,JPN,,,30048.1401766828,,,123964000.0
1992.0,JPN,,,JPN,JPN,,,32666.5024513195,,,124425000.0
1993.0,JPN,,,JPN,JPN,,,37110.6114371751,,,124829000.0
1994.0,JPN,,,JPN,JPN,,,40774.4450809919,,,125178000.0
1995.0,JPN,,,JPN,JPN,,,44947.4763611465,,,125472000.0
1996.0,JPN,,,JPN,JPN,,,39929.7185750327,,,125757000.0
1997.0,JPN,,,JPN,JPN,,,36331.0311480645,,,126057000.0
1998.0,JPN,,,JPN,JPN,,,32835.1192750829,,,126400000.0
1999.0,JPN,,,JPN,JPN,,,37028.7168989208,,,126631000.0
2000.0,JPN,,,JPN,JPN,,,39752.937397755,,7.03456163,126843000.0
2001.0,JPN,,,JPN,JPN,,,34910.166403687,,7.23947906,127149000.0
2002.0,JPN,,,JPN,JPN,,,33315.9165174962,,7.35235405,127445000.0
2003.0,JPN,,,JPN,JPN,,,35808.6816792388,,7.48654842,127718000.0
2004.0,JPN,,,JPN,JPN,,,38677.5708064787,,7.53518438,127761000.0
2005.0,JPN,,,JPN,JPN,,,38158.6758263963,,7.65818596,127773000.0
2006.0,JPN,,,JPN,JPN,,,36354.4271646349,,7.68688869,127854000.0
2007.0,JPN,,,JPN,JPN,,,36129.9535132925,,7.77935696,128001000.0
2008.0,JPN,,,JPN,JPN,,,40294.2081309702,,8.08909321,128063000.0
2009.0,JPN,,,JPN,JPN,,,41678.1783063195,,8.9587822,128047000.0
2010.0,JPN,,,JPN,JPN,,,45378.1378109399,,9.0630064,128070000.0
2011.0,JPN,,,JPN,JPN,,,49122.077634247,,10.48780155,127833000.0
2012.0,JPN,,,JPN,JPN,,,49626.6830327571,,10.67169094,127629000.0
2013.0,JPN,,,JPN,JPN,,,41369.1948479498,,10.67438698,127445000.0
2014.0,JPN,,,JPN,JPN,,,39172.8471161948,,10.7290144,127276000.0
2015.0,JPN,,,JPN,JPN,,,35664.6446110613,,10.74969959,127141000.0
2016.0,JPN,,,JPN,JPN,,,40214.9688631562,,10.65891552,127076000.0
2017.0,JPN,,,JPN,JPN,,,39679.8635262948,,10.65627098,126972000.0
2018.0,JPN,,,JPN,JPN,,,40645.478086519,,10.73988247,126811000.0
2019.0,JPN,,,JPN,JPN,,,41424.8655601543,,10.96998405,126633000.0
2020.0,JPN,,,JPN,JPN,,,41098.9739004553,,11.44974613,126261000.0
2021.0,JPN,,,JPN,JPN,,,41580.739040705,,12.08108234,125681593.0
2022.0,JPN,,,JPN,JPN,,,35548.2645222433,,12.32275677,125124989.0
2023.0,JPN,,,JPN,JPN,,,35215.003535366,,10.73979473,124516650.0
2024.0,JPN,,,JPN,JPN,,,33797.1014287876,,,123975371.0
1990.0,LAO,100.0,100.0,LAO,LAO,100.0,100.0,200.7349054896,,,4311955.0
1991.0,LAO,100.0,100.0,LAO,LAO,100.0,100.0,231.806227548139,,,4435118.0
1992.0,LAO,100.0,100.0,LAO,LAO,100.0,100.0,247.345286150532,,,4559646.0
1993.0,LAO,100.0,100.0,LAO,LAO,100.0,100.0,283.400573286349,,,4685060.0
1994.0,LAO,100.0,100.0,LAO,LAO,100.0,100.0,320.968128951646,,,4809220.0
1995.0,LAO,100.0,200.0,LAO,LAO,200.0,200.0,357.758162193406,,,4929409.0
1996.0,LAO,100.0,500.0,LAO,LAO,200.0,500.0,371.341879197673,,,5045678.0
1997.0,LAO,100.0,500.0,LAO,LAO,500.0,500.0,339.09319241187,,,5152011.0
1998.0,LAO,100.0,500.0,LAO,LAO,500.0,540.0,243.923962451418,,,5248266.0
1999.0,LAO,100.0,540.0,LAO,LAO,500.0,600.0,272.325307005412,,,5340784.0
2000.0,LAO,100.0,650.0,LAO,LAO,590.0,720.0,318.749852236965,0.0,4.27513599,5431212.0
2001.0,LAO,100.0,790.0,LAO,LAO,710.0,870.0,320.316005439568,0.0,4.29031658,5521482.0
2002.0,LAO,200.0,850.0,LAO,LAO,770.0,940.0,313.350817148131,0.0,3.69751263,5610889.0
2003.0,LAO,200.0,870.0,LAO,LAO,780.0,950.0,355.097216151461,1.0,4.47920704,5697945.0
2004.0,LAO,200.0,890.0,LAO,LAO,800.0,970.0,409.296298284117,4.0,3.5405724,5781626.0
2005.0,LAO,200.0,920.0,LAO,LAO,830.0,1000.0,466.061506997741,6.0,3.33673191,5869523.0
2006.0,LAO,200.0,960.0,LAO,LAO,870.0,1100.0,579.391947440719,8.0,2.93200922,5963200.0
2007.0,LAO,500.0,1000.0,LAO,LAO,920.0,1100.0,697.323013673925,10.0,3.12986231,6056236.0
2008.0,LAO,500.0,1000.0,LAO,LAO,930.0,1100.0,885.747376088762,14.0,2.76727295,6148969.0
2009.0,LAO,500.0,1100.0,LAO,LAO,950.0,1200.0,935.03237283283,17.0,3.46300411,6241642.0
2010.0,LAO,500.0,1100.0,LAO,LAO,970.0,1200.0,1125.91610151261,18.0,2.91154933,6334194.0
2011.0,LAO,500.0,1100.0,LAO,LAO,970.0,1200.0,1361.54704394913,20.0,1.94457507,6426590.0
2012.0,LAO,500.0,1100.0,LAO,LAO,1000.0,1200.0,1563.5650771337,22.0,2.07637572,6518978.0
2013.0,LAO,500.0,1200.0,LAO,LAO,1000.0,1300.0,1812.51774424651,24.0,2.39984965,6611385.0
2014.0,LAO,500.0,1200.0,LAO,LAO,1100.0,1300.0,1981.03910900473,27.0,2.29845548,6703172.0
2015.0,LAO,500.0,1200.0,LAO,LAO,1100.0,1300.0,2121.01339097363,29.0,2.45366454,6801645.0
2016.0,LAO,500.0,1200.0,LAO,LAO,1100.0,1400.0,2303.22156035363,33.0,2.36087489,6908802.0
2017.0,LAO,500.0,1300.0,LAO,LAO,1100.0,1400.0,2432.43059478511,38.0,2.52606821,7018147.0
2018.0,LAO,500.0,1300.0,LAO,LAO,1200.0,1400.0,2545.1075420815,41.0,2.24630046,7128045.0
2019.0,LAO,500.0,1300.0,LAO,LAO,1200.0,1400.0,2589.32081035237,44.0,2.60312223,7237636.0
2020.0,LAO,500.0,1300.0,LAO,LAO,1100.0,1400.0,2583.77730696131,47.0,2.05965185,7346533.0
2021.0,LAO,500.0,1300.0,LAO,LAO,1100.0,1400.0,2526.05105018529,49.0,2.74392009,7453194.0
2022.0,LAO,500.0,1300.0,LAO,LAO,1200.0,1400.0,2046.40440255621,54.0,2.01825476,7559007.0
2023.0,LAO,500.0,1300.0,LAO,LAO,1100.0,1400.0,2066.94979776957,59.0,1.32651615,7664993.0
2024.0,LAO,500.0,1300.0,LAO,LAO,1100.0,1400.0,2123.97909415109,64.0,,7769819.0
1990.0,MYS,500.0,7600.0,MYS,MYS,6100.0,8800.0,2468.69080320116,,,17833171.0
1991.0,MYS,640.0,6300.0,MYS,MYS,5200.0,7400.0,2679.20101106745,,,18342464.0
1992.0,MYS,930.0,5300.0,MYS,MYS,4500.0,6200.0,3141.43321987651,,,18834572.0
1993.0,MYS,1200.0,4900.0,MYS,MYS,4200.0,5700.0,3461.99504214189,,,19322664.0
1994.0,MYS,1600.0,4900.0,MYS,MYS,4200.0,5600.0,3757.65292858601,,,19820446.0
1995.0,MYS,1900.0,5000.0,MYS,MYS,4200.0,5600.0,4363.14458333034,,,20330599.0
1996.0,MYS,2300.0,5100.0,MYS,MYS,4400.0,5800.0,4837.16897250768,,,20850087.0
1997.0,MYS,2600.0,5300.0,MYS,MYS,4500.0,5900.0,4678.56390058182,,,21375218.0
1998.0,MYS,2900.0,5400.0,MYS,MYS,4600.0,6100.0,3294.30978444095,,,21906713.0
1999.0,MYS,3200.0,5500.0,MYS,MYS,4800.0,6300.0,3527.81581379249,,,22435531.0
2000.0,MYS,3400.0,5700.0,MYS,MYS,5000.0,6500.0,4083.52874483605,0.0,2.51463366,22967816.0
2001.0,MYS,3600.0,5800.0,MYS,MYS,5000.0,6500.0,3943.79943910239,2.0,2.6753974,23526538.0
2002.0,MYS,3400.0,5700.0,MYS,MYS,5000.0,6400.0,4184.03163773539,4.0,2.66876554,24102477.0
2003.0,MYS,3300.0,5600.0,MYS,MYS,5000.0,6300.0,4465.32194567208,6.0,2.92417073,24679602.0
2004.0,MYS,3300.0,5600.0,MYS,MYS,4900.0,6200.0,4939.24851854427,8.0,2.86016941,25256772.0
2005.0,MYS,3200.0,5600.0,MYS,MYS,5000.0,6200.0,5555.58179951206,10.0,2.78692698,25836071.0
2006.0,MYS,3200.0,5600.0,MYS,MYS,5000.0,6200.0,6158.40785533236,12.0,3.10897732,26417909.0
2007.0,MYS,3300.0,5700.0,MYS,MYS,5100.0,6200.0,7168.93031942508,14.0,3.07041144,26998389.0
2008.0,MYS,3300.0,5700.0,MYS,MYS,5200.0,6300.0,8371.82156086005,15.0,3.00692558,27570059.0
2009.0,MYS,3300.0,5700.0,MYS,MYS,5200.0,6300.0,7191.43287234626,17.0,3.2610569,28124778.0
2010.0,MYS,3400.0,5700.0,MYS,MYS,5200.0,6300.0,8899.34505544675,18.0,3.16474271,28655776.0
2011.0,MYS,3600.0,5700.0,MYS,MYS,5100.0,6200.0,10217.1068585031,19.0,3.31451917,29162039.0
2012.0,MYS,3800.0,5600.0,MYS,MYS,5100.0,6100.0,10600.5744240026,20.0,3.45786357,29662831.0
2013.0,MYS,3800.0,5400.0,MYS,MYS,4900.0,5800.0,10713.6407638899,23.0,3.51276922,30174265.0
2014.0,MYS,3600.0,5000.0,MYS,MYS,4500.0,5500.0,11013.3107334403,28.0,3.71036959,30696137.0
2015.0,MYS,3300.0,4600.0,MYS,MYS,4200.0,5000.0,9648.6797937523,33.0,3.82201481,31232798.0
2016.0,MYS,2800.0,4100.0,MYS,MYS,3700.0,4500.0,9476.53409809923,45.0,3.70085335,31789685.0
2017.0,MYS,2300.0,3600.0,MYS,MYS,3300.0,4000.0,9862.54806612235,48.0,3.71472311,32355644.0
2018.0,MYS,2300.0,3400.0,MYS,MYS,3000.0,3700.0,10901.8019954421,51.0,3.75944281,32910967.0
2019.0,MYS,2300.0,3200.0,MYS,MYS,2900.0,3600.0,10920.191763972,54.0,3.83991051,33440596.0
2020.0,MYS,2200.0,3100.0,MYS,MYS,2700.0,3400.0,9957.52626697613,57.0,4.08254337,33889558.0
2021.0,MYS,2100.0,2900.0,MYS,MYS,2600.0,3300.0,10903.1037480772,57.0,4.37438345,34282399.0
2022.0,MYS,2300.0,2900.0,MYS,MYS,2500.0,3200.0,11754.5678336248,56.0,3.90037823,34695493.0
2023.0,MYS,2300.0,2800.0,MYS,MYS,2500.0,3100.0,11386.0395636528,58.0,3.95760036,35126298.0
2024.0,MYS,2200.0,2700.0,MYS,MYS,2400.0,3000.0,11874.4273684245,60.0,,35557673.0
1990.0,MDV,100.0,100.0,MDV,MDV,100.0,100.0,956.763019768672,,,224762.0
1991.0,MDV,100.0,100.0,MDV,MDV,100.0,100.0,1054.33413828759,,,231802.0
1992.0,MDV,100.0,100.0,MDV,MDV,100.0,100.0,1194.2325242813,,,238543.0
1993.0,MDV,100.0,100.0,MDV,MDV,100.0,100.0,1316.614548774,,,244884.0
1994.0,MDV,100.0,100.0,MDV,MDV,100.0,100.0,1419.39276513408,,,250822.0
1995.0,MDV,100.0,100.0,MDV,MDV,100.0,100.0,1554.60942754604,,,256649.0
1996.0,MDV,100.0,100.0,MDV,MDV,100.0,100.0,1716.74281753716,,,262347.0
1997.0,MDV,100.0,100.0,MDV,MDV,100.0,100.0,1898.43225010526,,,267707.0
1998.0,MDV,100.0,100.0,MDV,MDV,100.0,100.0,1980.38448396751,,,272723.0
1999.0,MDV,100.0,100.0,MDV,MDV,100.0,100.0,2124.06007530631,,,277412.0
2000.0,MDV,100.0,100.0,MDV,MDV,100.0,100.0,2213.81235053178,0.0,7.73655844,282019.0
2001.0,MDV,100.0,100.0,MDV,MDV,100.0,100.0,3033.93234507036,0.0,8.21364975,286767.0
2002.0,MDV,100.0,100.0,MDV,MDV,100.0,100.0,3076.07007160101,0.0,8.78440189,291616.0
2003.0,MDV,100.0,100.0,MDV,MDV,100.0,100.0,3548.5767011056,0.0,6.77857542,296491.0
2004.0,MDV,100.0,100.0,MDV,MDV,100.0,100.0,4070.2609459446,0.0,7.48356962,301413.0
2005.0,MDV,100.0,100.0,MDV,MDV,100.0,100.0,3796.51546524644,0.0,8.82753372,306429.0
2006.0,MDV,100.0,100.0,MDV,MDV,100.0,100.0,5018.94335409159,0.0,8.04819012,313851.0
2007.0,MDV,100.0,100.0,MDV,MDV,100.0,100.0,5758.10286933053,71.0,8.30568123,324479.0
2008.0,MDV,100.0,100.0,MDV,MDV,100.0,100.0,6757.43280929292,70.0,11.47104168,336170.0
2009.0,MDV,100.0,100.0,MDV,MDV,100.0,100.0,6734.03165601895,69.0,10.0928812,348275.0
2010.0,MDV,100.0,100.0,MDV,MDV,100.0,100.0,7173.59601844692,9.0,8.48758984,360792.0
2011.0,MDV,100.0,100.0,MDV,MDV,100.0,100.0,7424.520410971,12.0,7.92251587,373674.0
2012.0,MDV,100.0,100.0,MDV,MDV,100.0,100.0,7461.29703686309,19.0,8.67304802,386818.0
2013.0,MDV,100.0,100.0,MDV,MDV,100.0,100.0,8236.08177944126,21.0,8.15509319,400070.0
2014.0,MDV,100.0,100.0,MDV,MDV,100.0,100.0,8939.07416571472,26.0,7.91345072,413617.0
2015.0,MDV,100.0,100.0,MDV,MDV,100.0,100.0,9644.90655028145,30.0,8.68310642,428154.0
2016.0,MDV,100.0,100.0,MDV,MDV,100.0,100.0,9947.80744731739,28.0,10.23337078,443308.0
2017.0,MDV,100.0,100.0,MDV,MDV,100.0,100.0,10509.628805812,31.0,9.14948273,458287.0
2018.0,MDV,100.0,100.0,MDV,MDV,100.0,100.0,11423.2838427029,33.0,7.2940383,473099.0
2019.0,MDV,100.0,100.0,MDV,MDV,100.0,100.0,11740.2724029785,41.0,7.50238085,487731.0
2020.0,MDV,100.0,100.0,MDV,MDV,100.0,100.0,7393.8886543933,43.0,11.43943214,502118.0
2021.0,MDV,100.0,100.0,MDV,MDV,100.0,100.0,10176.143882547,43.0,8.85169506,516154.0
2022.0,MDV,100.0,100.0,MDV,MDV,100.0,100.0,11786.0191492983,41.0,7.4997015,524106.0
2023.0,MDV,100.0,100.0,MDV,MDV,100.0,100.0,12587.6126038651,43.0,9.24973583,525994.0
2024.0,MDV,100.0,100.0,MDV,MDV,100.0,100.0,13379.3513577224,48.0,,527799.0
1990.0,MNG,100.0,100.0,MNG,MNG,100.0,100.0,1220.17127664137,,,2098710.0
1991.0,MNG,100.0,100.0,MNG,MNG,100.0,100.0,1098.68017445549,,,2165342.0
1992.0,MNG,100.0,100.0,MNG,MNG,100.0,100.0,607.813424662797,,,2167790.0
1993.0,MNG,100.0,100.0,MNG,MNG,100.0,100.0,354.898613087701,,,2165130.0
1994.0,MNG,100.0,100.0,MNG,MNG,100.0,100.0,422.864349383041,,,2189395.0
1995.0,MNG,100.0,100.0,MNG,MNG,100.0,100.0,652.67456284915,,,2224945.0
1996.0,MNG,100.0,100.0,MNG,MNG,100.0,100.0,595.5810149554,,,2259507.0
1997.0,MNG,100.0,100.0,MNG,MNG,100.0,100.0,515.298004947316,,,2291750.0
1998.0,MNG,100.0,100.0,MNG,MNG,100.0,100.0,483.878066074871,,,2323809.0
1999.0,MNG,100.0,100.0,MNG,MNG,100.0,100.0,448.660368337533,,,2356813.0
2000.0,MNG,100.0,100.0,MNG,MNG,100.0,100.0,476.02755082717,0.0,6.07605076,2388299.0
2001.0,MNG,100.0,100.0,MNG,MNG,100.0,100.0,524.453483552485,0.0,5.4423995,2417751.0
2002.0,MNG,100.0,100.0,MNG,MNG,100.0,100.0,570.249213248399,0.0,5.49190998,2449027.0
2003.0,MNG,100.0,100.0,MNG,MNG,100.0,100.0,643.168068921658,1.0,4.29768944,2480374.0
2004.0,MNG,100.0,100.0,MNG,MNG,100.0,100.0,794.154552001815,0.0,4.30204487,2508412.0
2005.0,MNG,100.0,100.0,MNG,MNG,100.0,100.0,994.90010913241,0.0,3.86456275,2536407.0
2006.0,MNG,100.0,100.0,MNG,MNG,100.0,100.0,1329.89179579053,1.0,3.74971509,2567168.0
2007.0,MNG,100.0,100.0,MNG,MNG,100.0,100.0,1627.68787743359,1.0,4.07522774,2601850.0
2008.0,MNG,100.0,100.0,MNG,MNG,100.0,100.0,2127.42678594737,1.0,4.55693007,2643201.0
2009.0,MNG,100.0,100.0,MNG,MNG,100.0,100.0,1703.32756790019,3.0,4.45980072,2691115.0
2010.0,MNG,100.0,100.0,MNG,MNG,100.0,100.0,2625.21881402433,6.0,3.73945642,2738622.0
2011.0,MNG,100.0,100.0,MNG,MNG,100.0,100.0,3736.04201455077,9.0,3.58612084,2786317.0
2012.0,MNG,100.0,100.0,MNG,MNG,100.0,100.0,4328.89001905655,12.0,3.85800076,2839705.0
2013.0,MNG,100.0,100.0,MNG,MNG,100.0,100.0,4340.14310544449,20.0,4.08932018,2899011.0
2014.0,MNG,100.0,100.0,MNG,MNG,100.0,100.0,4126.23975800524,25.0,4.20989752,2963113.0
2015.0,MNG,100.0,100.0,MNG,MNG,100.0,100.0,3838.92126989984,28.0,4.23154545,3026864.0
2016.0,MNG,100.0,100.0,MNG,MNG,100.0,100.0,3619.90026383792,29.0,4.58008575,3088856.0
2017.0,MNG,100.0,100.0,MNG,MNG,100.0,100.0,3645.96708669551,33.0,4.33954191,3148917.0
2018.0,MNG,100.0,100.0,MNG,MNG,100.0,100.0,4107.64288528468,34.0,4.53449297,3208189.0
2019.0,MNG,100.0,100.0,MNG,MNG,100.0,100.0,4347.54610314873,33.0,4.49497986,3267673.0
2020.0,MNG,100.0,100.0,MNG,MNG,100.0,100.0,4001.25193077703,36.0,4.6662488,3327204.0
2021.0,MNG,100.0,100.0,MNG,MNG,100.0,100.0,4517.61578018785,38.0,7.21042728,3383741.0
2022.0,MNG,100.0,100.0,MNG,MNG,100.0,100.0,4993.51487463495,39.0,8.85170174,3433748.0
2023.0,MNG,100.0,100.0,MNG,MNG,100.0,100.0,5838.63108083902,39.0,6.07207489,3481145.0
2024.0,MNG,100.0,100.0,MNG,MNG,100.0,100.0,6750.6301157724,41.0,,3524788.0
1990.0,MMR,200.0,11000.0,MMR,MMR,9100.0,12000.0,53.1225401094506,,,39817251.0
1991.0,MMR,500.0,18000.0,MMR,MMR,15000.0,21000.0,51.2408970610106,,,40394154.0
1992.0,MMR,670.0,18000.0,MMR,MMR,15000.0,21000.0,58.8896739558883,,,40950342.0
1993.0,MMR,1100.0,15000.0,MMR,MMR,13000.0,17000.0,76.212889482598,,,41502429.0
1994.0,MMR,1600.0,14000.0,MMR,MMR,12000.0,16000.0,105.391561114159,,,42055143.0
1995.0,MMR,2300.0,15000.0,MMR,MMR,13000.0,16000.0,124.14348039051,,,42605338.0
1996.0,MMR,3000.0,16000.0,MMR,MMR,14000.0,18000.0,141.897267580367,,,43154860.0
1997.0,MMR,3800.0,19000.0,MMR,MMR,17000.0,21000.0,108.039770292032,,,43708798.0
1998.0,MMR,4700.0,21000.0,MMR,MMR,19000.0,24000.0,145.950830383757,,,44257793.0
1999.0,MMR,5600.0,24000.0,MMR,MMR,22000.0,27000.0,189.490155849067,,,44787724.0
2000.0,MMR,6700.0,26000.0,MMR,MMR,23000.0,29000.0,196.619580625284,0.0,2.00781965,45290841.0
2001.0,MMR,7800.0,26000.0,MMR,MMR,23000.0,29000.0,141.525660705722,0.0,2.16208982,45771139.0
2002.0,MMR,8900.0,25000.0,MMR,MMR,23000.0,28000.0,146.598390364449,0.0,2.59446764,46232653.0
2003.0,MMR,10000.0,25000.0,MMR,MMR,22000.0,27000.0,224.292688912409,0.0,2.3959713,46667192.0
2004.0,MMR,11000.0,24000.0,MMR,MMR,21000.0,26000.0,224.508811413327,0.0,2.33253765,47068772.0
2005.0,MMR,12000.0,23000.0,MMR,MMR,20000.0,25000.0,252.685193060728,1.0,2.3447094,47438365.0
2006.0,MMR,12000.0,22000.0,MMR,MMR,19000.0,24000.0,303.495087119254,3.0,2.26559186,47785135.0
2007.0,MMR,12000.0,21000.0,MMR,MMR,18000.0,23000.0,419.375780725042,5.0,2.03606868,48125043.0
2008.0,MMR,12000.0,19000.0,MMR,MMR,17000.0,22000.0,658.442487229705,6.0,2.12175322,48390793.0
2009.0,MMR,12000.0,18000.0,MMR,MMR,16000.0,20000.0,758.442935789255,9.0,2.17283702,48660459.0
2010.0,MMR,12000.0,18000.0,MMR,MMR,16000.0,19000.0,1010.53417343401,12.0,1.96793783,49024382.0
2011.0,MMR,12000.0,17000.0,MMR,MMR,15000.0,19000.0,1213.62898703376,16.0,1.95077813,49419820.0
2012.0,MMR,11000.0,17000.0,MMR,MMR,15000.0,18000.0,1202.6658960055,21.0,2.43605232,49837446.0
2013.0,MMR,11000.0,16000.0,MMR,MMR,15000.0,18000.0,1199.09561597055,26.0,3.11112022,50262658.0
2014.0,MMR,10000.0,16000.0,MMR,MMR,14000.0,17000.0,1293.00042298688,33.0,4.14940882,50681634.0
2015.0,MMR,9400.0,15000.0,MMR,MMR,14000.0,17000.0,1166.73305546337,40.0,5.19711542,51089056.0
2016.0,MMR,8700.0,14000.0,MMR,MMR,13000.0,16000.0,1229.19713515893,47.0,4.76220942,51495696.0
2017.0,MMR,8100.0,13000.0,MMR,MMR,12000.0,15000.0,1272.82241830603,54.0,4.6921258,51894938.0
2018.0,MMR,7700.0,12000.0,MMR,MMR,11000.0,14000.0,1298.21310320785,61.0,4.53514671,52272247.0
2019.0,MMR,7300.0,12000.0,MMR,MMR,10000.0,13000.0,1425.98954211903,67.0,3.814466,52640713.0
2020.0,MMR,6800.0,11000.0,MMR,MMR,9800.0,12000.0,1490.21683548367,71.0,4.27808714,53016522.0
2021.0,MMR,6300.0,12000.0,MMR,MMR,10000.0,13000.0,1242.72134419599,71.0,5.53530645,53387102.0
2022.0,MMR,6400.0,12000.0,MMR,MMR,10000.0,13000.0,1158.05005034332,73.0,4.49158478,53756787.0
2023.0,MMR,6500.0,11000.0,MMR,MMR,9800.0,12000.0,1233.19666209269,75.0,4.45748425,54133798.0
2024.0,MMR,6200.0,11000.0,MMR,MMR,9500.0,12000.0,1359.05001560107,75.0,,54500091.0
1990.0,NPL,100.0,100.0,NPL,NPL,100.0,100.0,185.794600449903,,,19524573.0
1991.0,NPL,100.0,100.0,NPL,NPL,100.0,100.0,195.716621410462,,,20036500.0
1992.0,NPL,100.0,200.0,NPL,NPL,100.0,200.0,165.02959412726,,,20609707.0
1993.0,NPL,100.0,500.0,NPL,NPL,500.0,500.0,172.805202579767,,,21180159.0
1994.0,NPL,100.0,500.0,NPL,NPL,500.0,560.0,187.258176246151,,,21717479.0
1995.0,NPL,100.0,950.0,NPL,NPL,840.0,1100.0,197.843001330326,,,22245439.0
1996.0,NPL,100.0,1900.0,NPL,NPL,1600.0,2100.0,198.821907435345,,,22741862.0
1997.0,NPL,200.0,3400.0,NPL,NPL,2900.0,3800.0,211.834869589153,,,23219463.0
1998.0,NPL,500.0,4900.0,NPL,NPL,4300.0,5600.0,205.075246306069,,,23680357.0
1999.0,NPL,500.0,5600.0,NPL,NPL,4900.0,6400.0,208.646667913743,,,24125199.0
2000.0,NPL,580.0,5600.0,NPL,NPL,4900.0,6300.0,223.830289183078,0.0,3.13292074,24546509.0
2001.0,NPL,850.0,5300.0,NPL,NPL,4700.0,5900.0,240.795114544664,0.0,3.81229901,24946748.0
2002.0,NPL,1100.0,5100.0,NPL,NPL,4600.0,5700.0,238.89140296106,0.0,3.93863344,25328981.0
2003.0,NPL,1500.0,4900.0,NPL,NPL,4400.0,5400.0,246.429706587633,0.0,3.8560729,25688758.0
2004.0,NPL,1800.0,4600.0,NPL,NPL,4200.0,5100.0,279.587750044428,0.0,4.04629898,26016656.0
2005.0,NPL,2100.0,4300.0,NPL,NPL,3900.0,4700.0,309.024168339372,0.0,3.95095325,26309458.0
2006.0,NPL,2300.0,3800.0,NPL,NPL,3400.0,4100.0,340.431796437968,1.0,3.54402447,26565425.0
2007.0,NPL,2400.0,3400.0,NPL,NPL,3000.0,3700.0,385.449767660642,3.0,3.67297482,26788492.0
2008.0,NPL,2400.0,3100.0,NPL,NPL,2800.0,3400.0,464.817391891529,6.0,3.81756353,26990037.0
2009.0,NPL,2300.0,2800.0,NPL,NPL,2500.0,3100.0,473.078751198621,9.0,3.90179515,27173035.0
2010.0,NPL,2400.0,2600.0,NPL,NPL,2300.0,2800.0,585.278491984574,12.0,4.36131525,27341952.0
2011.0,NPL,2300.0,2300.0,NPL,NPL,2100.0,2500.0,785.518656222132,16.0,4.45220184,27464494.0
2012.0,NPL,2300.0,2100.0,NPL,NPL,1900.0,2300.0,788.202937148377,19.0,4.49078751,27534915.0
2013.0,NPL,2200.0,1900.0,NPL,NPL,1700.0,2000.0,803.269595420477,22.0,4.63012981,27589996.0
2014.0,NPL,2200.0,1700.0,NPL,NPL,1600.0,1900.0,821.455224911731,26.0,5.07549381,27672370.0
2015.0,NPL,2000.0,1600.0,NPL,NPL,1500.0,1700.0,875.543635474862,31.0,5.46615553,27823629.0
2016.0,NPL,1900.0,1400.0,NPL,NPL,1300.0,1500.0,877.256454696737,34.0,5.42378998,27955462.0
2017.0,NPL,1800.0,1200.0,NPL,NPL,1100.0,1400.0,1034.28374906846,41.0,4.72174025,28011258.0
2018.0,NPL,1600.0,1100.0,NPL,NPL,1000.0,1200.0,1179.19843190389,46.0,4.52845383,28079689.0
2019.0,NPL,1400.0,1000.0,NPL,NPL,910.0,1100.0,1203.14294706401,51.0,4.44524717,28414064.0
2020.0,NPL,1300.0,940.0,NPL,NPL,840.0,1000.0,1154.21517578318,56.0,5.2080965,28966574.0
2021.0,NPL,1100.0,840.0,NPL,NPL,750.0,910.0,1252.75076731986,62.0,5.53498316,29475010.0
2022.0,NPL,870.0,760.0,NPL,NPL,680.0,830.0,1385.91066002922,67.0,6.52950287,29715436.0
2023.0,NPL,720.0,680.0,NPL,NPL,610.0,750.0,1382.38300895424,72.0,6.15843678,29694614.0
2024.0,NPL,580.0,620.0,NPL,NPL,550.0,680.0,1460.28237984149,77.0,,29651054.0
1990.0,NZL,100.0,200.0,NZL,NZL,100.0,200.0,13663.0216184298,,,3329800.0
1991.0,NZL,100.0,100.0,NZL,NZL,100.0,200.0,12230.0734548834,,,3495100.0
1992.0,NZL,100.0,100.0,NZL,NZL,100.0,200.0,11793.1392416214,,,3531700.0
1993.0,NZL,100.0,100.0,NZL,NZL,100.0,100.0,13094.3454502639,,,3572200.0
1994.0,NZL,100.0,100.0,NZL,NZL,100.0,100.0,15280.3127842922,,,3620000.0
1995.0,NZL,100.0,100.0,NZL,NZL,100.0,100.0,17400.4201848172,,,3673400.0
1996.0,NZL,100.0,100.0,NZL,NZL,100.0,100.0,18794.436039393,,,3732000.0
1997.0,NZL,100.0,100.0,NZL,NZL,100.0,100.0,17474.187029724,,,3781300.0
1998.0,NZL,100.0,100.0,NZL,NZL,100.0,100.0,14738.4455703918,,,3815000.0
1999.0,NZL,100.0,100.0,NZL,NZL,100.0,200.0,15322.2238340267,,,3835100.0
2000.0,NZL,100.0,100.0,NZL,NZL,100.0,200.0,13641.1027183822,32.0,7.46995974,3857700.0
2001.0,NZL,100.0,200.0,NZL,NZL,100.0,200.0,13882.8568268586,36.0,7.5789361,3880500.0
2002.0,NZL,100.0,200.0,NZL,NZL,100.0,200.0,16874.1874918196,39.0,7.90034246,3948500.0
2003.0,NZL,100.0,200.0,NZL,NZL,200.0,200.0,21913.7081719961,42.0,7.72179937,4027200.0
2004.0,NZL,100.0,200.0,NZL,NZL,200.0,200.0,25420.234882944,45.0,7.90095711,4087500.0
2005.0,NZL,100.0,200.0,NZL,NZL,200.0,200.0,27751.0654708859,46.0,8.27324677,4133900.0
2006.0,NZL,100.0,200.0,NZL,NZL,200.0,200.0,26654.5932018985,46.0,8.63846684,4184600.0
2007.0,NZL,100.0,200.0,NZL,NZL,200.0,200.0,32479.9817381467,47.0,8.32899952,4223800.0
2008.0,NZL,100.0,200.0,NZL,NZL,200.0,200.0,31324.7397977102,48.0,8.65133667,4259800.0
2009.0,NZL,100.0,200.0,NZL,NZL,200.0,200.0,28276.7255416225,50.0,9.13566399,4302600.0
2010.0,NZL,100.0,200.0,NZL,NZL,200.0,200.0,33761.9009639947,53.0,9.09511089,4350700.0
2011.0,NZL,100.0,200.0,NZL,NZL,200.0,200.0,38425.829997974,57.0,9.10748196,4384000.0
2012.0,NZL,100.0,200.0,NZL,NZL,200.0,200.0,40041.7524816244,58.0,9.20243168,4408100.0
2013.0,NZL,100.0,200.0,NZL,NZL,200.0,200.0,42984.9571801167,59.0,8.9393549,4442100.0
2014.0,NZL,100.0,200.0,NZL,NZL,200.0,200.0,44599.8992733675,62.0,8.97204113,4516500.0
2015.0,NZL,100.0,200.0,NZL,NZL,200.0,200.0,38648.7302562109,65.0,8.88920593,4609400.0
2016.0,NZL,100.0,200.0,NZL,NZL,100.0,200.0,40088.3205470499,68.0,8.76869011,4714100.0
2017.0,NZL,100.0,200.0,NZL,NZL,100.0,200.0,42912.1537002148,71.0,8.61795807,4813600.0
2018.0,NZL,100.0,200.0,NZL,NZL,100.0,200.0,43204.1305124872,74.0,8.56966972,4900600.0
2019.0,NZL,100.0,200.0,NZL,NZL,100.0,200.0,42872.2681243427,74.0,8.61898708,4970300.0
2020.0,NZL,100.0,100.0,NZL,NZL,100.0,200.0,42054.6743136586,75.0,9.25240231,5072400.0
2021.0,NZL,100.0,100.0,NZL,NZL,100.0,200.0,49902.154346032,77.0,9.55072403,5084600.0
2022.0,NZL,100.0,100.0,NZL,NZL,100.0,200.0,49141.6316294227,77.0,10.56814575,5081700.0
2023.0,NZL,100.0,100.0,NZL,NZL,100.0,200.0,49302.341876493,83.0,10.12947655,5200000.0
2024.0,NZL,100.0,100.0,NZL,NZL,100.0,200.0,49432.3626396797,84.0,10.06186676,5290000.0
1990.0,PAK,100.0,,PAK,PAK,,,344.45547384189,,,116155576.0
1991.0,PAK,100.0,,PAK,PAK,,,380.019843346229,,,120060406.0
1992.0,PAK,100.0,,PAK,PAK,,,395.67720859593,,,123546848.0
1993.0,PAK,100.0,,PAK,PAK,,,407.888140688466,,,127020117.0
1994.0,PAK,100.0,,PAK,PAK,,,399.955927561352,,,130748083.0
1995.0,PAK,100.0,,PAK,PAK,,,450.550279346206,,,134582253.0
1996.0,PAK,100.0,,PAK,PAK,,,456.996961832943,,,138557092.0
1997.0,PAK,100.0,,PAK,PAK,,,438.030942680153,,,142531804.0
1998.0,PAK,100.0,,PAK,PAK,,,424.453697798497,,,146522356.0
1999.0,PAK,100.0,,PAK,PAK,,,418.249257055367,,,150565377.0
2000.0,PAK,100.0,,PAK,PAK,,,642.338346499898,0.0,2.48079324,154879127.0
2001.0,PAK,100.0,,PAK,PAK,,,609.939506905073,0.0,2.33959723,159270907.0
2002.0,PAK,100.0,,PAK,PAK,,,599.937345723927,2.0,2.42219901,163222549.0
2003.0,PAK,100.0,,PAK,PAK,,,672.44178669894,2.0,2.10399199,167110248.0
2004.0,PAK,100.0,,PAK,PAK,,,771.902247348954,1.0,2.03666282,171286000.0
2005.0,PAK,500.0,,PAK,PAK,,,827.619861189926,1.0,2.37323904,175453212.0
2006.0,PAK,500.0,,PAK,PAK,,,900.873564984808,1.0,2.73132491,179682690.0
2007.0,PAK,730.0,,PAK,PAK,,,998.090114197524,1.0,2.62370729,184493231.0
2008.0,PAK,1100.0,,PAK,PAK,,,1067.04324565284,2.0,2.56806731,189499113.0
2009.0,PAK,1600.0,,PAK,PAK,,,963.788066395225,2.0,2.49995875,194376534.0
2010.0,PAK,2200.0,,PAK,PAK,,,987.304571124485,2.0,2.42967653,199239047.0
2011.0,PAK,3000.0,,PAK,PAK,,,1131.73513834324,2.0,2.23121333,203746065.0
2012.0,PAK,3900.0,,PAK,PAK,,,1204.36475491585,3.0,2.22185278,207667125.0
2013.0,PAK,4700.0,,PAK,PAK,,,1225.4340119198,3.0,2.4164784,211073978.0
2014.0,PAK,5700.0,,PAK,PAK,,,1266.61340849959,4.0,2.48899078,214264647.0
2015.0,PAK,6600.0,,PAK,PAK,,,1380.47020838317,4.0,2.49493265,217290883.0
2016.0,PAK,7500.0,,PAK,PAK,,,1424.69161195897,5.0,2.57026362,220138869.0
2017.0,PAK,8300.0,,PAK,PAK,,,1519.23459514248,7.0,2.7863009,223273967.0
2018.0,PAK,9000.0,,PAK,PAK,,,1569.33814626355,8.0,2.82844949,226928892.0
2019.0,PAK,9700.0,,PAK,PAK,,,1390.41690981745,11.0,2.84736943,230800899.0
2020.0,PAK,11000.0,,PAK,PAK,,,1278.39735206896,10.0,2.95273018,235001746.0
2021.0,PAK,12000.0,,PAK,PAK,,,1455.31922370186,10.0,2.99015832,239477801.0
2022.0,PAK,13000.0,,PAK,PAK,,,1538.3228133171,12.0,2.90354776,243700667.0
2023.0,PAK,13000.0,,PAK,PAK,,,1360.32417758419,14.0,2.51988316,247504495.0
2024.0,PAK,14000.0,,PAK,PAK,,,1479.47755241191,16.0,,251269164.0
1990.0,PNG,200.0,1500.0,PNG,PNG,980.0,2300.0,826.317152082832,,,3896481.0
1991.0,PNG,500.0,1600.0,PNG,PNG,1100.0,2600.0,941.707721616563,,,4021837.0
1992.0,PNG,500.0,1700.0,PNG,PNG,1300.0,2500.0,1050.7071689258,,,4166699.0
1993.0,PNG,500.0,2000.0,PNG,PNG,1500.0,2800.0,1151.28388116601,,,4320872.0
1994.0,PNG,580.0,2200.0,PNG,PNG,1700.0,3000.0,1228.24343638772,,,4480208.0
1995.0,PNG,710.0,2500.0,PNG,PNG,2000.0,3300.0,998.229967376131,,,4644278.0
1996.0,PNG,860.0,2800.0,PNG,PNG,2300.0,3600.0,1071.04185150251,,,4813361.0
1997.0,PNG,1000.0,3100.0,PNG,PNG,2500.0,3900.0,989.721550965343,,,4987883.0
1998.0,PNG,1200.0,3400.0,PNG,PNG,2900.0,4400.0,733.479860137662,,,5166390.0
1999.0,PNG,1400.0,3700.0,PNG,PNG,3100.0,4600.0,649.994719718763,,,5349333.0
2000.0,PNG,1600.0,4100.0,PNG,PNG,3400.0,5000.0,635.957919047725,0.0,2.0184176,5537064.0
2001.0,PNG,1800.0,4400.0,PNG,PNG,3700.0,5400.0,537.847459634131,0.0,2.3006382,5728435.0
2002.0,PNG,2000.0,4700.0,PNG,PNG,3900.0,5600.0,506.331789534482,0.0,2.77562952,5924003.0
2003.0,PNG,2200.0,5000.0,PNG,PNG,4200.0,6000.0,577.467922387259,0.0,2.4531486,6123997.0
2004.0,PNG,2500.0,5100.0,PNG,PNG,4300.0,6100.0,620.596147680561,0.0,2.59372902,6328041.0
2005.0,PNG,2600.0,5300.0,PNG,PNG,4500.0,6400.0,744.486489977433,1.0,2.44874048,6535905.0
2006.0,PNG,2600.0,5400.0,PNG,PNG,4600.0,6400.0,1238.18282926706,3.0,2.42600322,6747720.0
2007.0,PNG,2400.0,5500.0,PNG,PNG,4700.0,6500.0,1370.753415829,8.0,2.42102122,6963345.0
2008.0,PNG,2300.0,5500.0,PNG,PNG,4700.0,6500.0,1624.79319935188,10.0,2.13526058,7183002.0
2009.0,PNG,2400.0,5700.0,PNG,PNG,4800.0,6600.0,1568.83193368607,12.0,2.32937527,7406438.0
2010.0,PNG,2500.0,6000.0,PNG,PNG,5100.0,6900.0,1866.86889851208,14.0,2.10756016,7633523.0
2011.0,PNG,2700.0,6100.0,PNG,PNG,5300.0,7100.0,2288.37591141234,16.0,2.29397798,7859346.0
2012.0,PNG,2800.0,6200.0,PNG,PNG,5300.0,7300.0,2635.0873631547,19.0,2.66693544,8081390.0
2013.0,PNG,2800.0,6300.0,PNG,PNG,5500.0,7400.0,2560.77458976327,23.0,2.99727893,8302698.0
2014.0,PNG,2700.0,6300.0,PNG,PNG,5400.0,7400.0,2723.17529825196,27.0,3.27119064,8523441.0
2015.0,PNG,2700.0,6600.0,PNG,PNG,5700.0,7800.0,2484.5963398603,30.0,1.81881714,8743246.0
2016.0,PNG,2800.0,6800.0,PNG,PNG,5900.0,8000.0,2316.39479758492,32.0,2.33063054,8961718.0
2017.0,PNG,3000.0,7300.0,PNG,PNG,6300.0,8700.0,2477.76530986323,33.0,2.22970986,9178714.0
2018.0,PNG,3200.0,8100.0,PNG,PNG,7000.0,9800.0,2566.36833735041,35.0,2.30051899,9394513.0
2019.0,PNG,3300.0,8500.0,PNG,PNG,7300.0,10000.0,2575.77274140393,36.0,2.3253386,9609010.0
2020.0,PNG,3400.0,9200.0,PNG,PNG,7900.0,11000.0,2429.61134585269,38.0,2.30193973,9815746.0
2021.0,PNG,3600.0,9600.0,PNG,PNG,8300.0,12000.0,2607.97769973161,39.0,2.33994722,10012896.0
2022.0,PNG,3600.0,10000.0,PNG,PNG,8700.0,12000.0,3102.29409730005,42.0,2.61463141,10203169.0
2023.0,PNG,3500.0,11000.0,PNG,PNG,9100.0,13000.0,2966.06455045333,44.0,2.87081432,10389635.0
2024.0,PNG,3400.0,11000.0,PNG,PNG,9400.0,14000.0,2912.4914068385,46.0,,10576502.0
1990.0,PHL,100.0,100.0,PHL,PHL,100.0,100.0,803.572588255813,,,62854666.0
1991.0,PHL,100.0,100.0,PHL,PHL,100.0,100.0,804.323330530547,,,64382249.0
1992.0,PHL,100.0,100.0,PHL,PHL,100.0,100.0,916.515694532029,,,65926125.0
1993.0,PHL,100.0,100.0,PHL,PHL,100.0,100.0,918.642953796961,,,67530621.0
1994.0,PHL,100.0,100.0,PHL,PHL,100.0,100.0,1059.9838951587,,,69019291.0
1995.0,PHL,100.0,100.0,PHL,PHL,100.0,100.0,1199.84171414993,,,70546246.0
1996.0,PHL,100.0,200.0,PHL,PHL,100.0,200.0,1311.09249403865,,,72190242.0
1997.0,PHL,100.0,200.0,PHL,PHL,200.0,200.0,1273.27604875636,,,73908810.0
1998.0,PHL,100.0,200.0,PHL,PHL,200.0,200.0,982.865943728564,,,75791024.0
1999.0,PHL,100.0,500.0,PHL,PHL,200.0,500.0,1101.43515975318,,,77753257.0
2000.0,PHL,100.0,500.0,PHL,PHL,500.0,500.0,1050.79273107952,0.0,3.05512357,79625397.0
2001.0,PHL,100.0,500.0,PHL,PHL,500.0,500.0,969.530611744453,0.0,2.84775972,81401488.0
2002.0,PHL,100.0,510.0,PHL,PHL,500.0,580.0,1014.90879320106,0.0,2.63767385,83068889.0
2003.0,PHL,100.0,680.0,PHL,PHL,560.0,790.0,1027.2301192843,0.0,3.07663488,84731835.0
2004.0,PHL,200.0,890.0,PHL,PHL,740.0,1000.0,1099.63013023758,0.0,3.0468533,86394504.0
2005.0,PHL,200.0,1200.0,PHL,PHL,960.0,1400.0,1220.46018559867,1.0,3.74253035,88015962.0
2006.0,PHL,200.0,1500.0,PHL,PHL,1200.0,1800.0,1426.14649179546,2.0,3.77762938,89508986.0
2007.0,PHL,200.0,2200.0,PHL,PHL,1800.0,2600.0,1712.65543282793,3.0,3.75318074,91075184.0
2008.0,PHL,500.0,3400.0,PHL,PHL,2800.0,3800.0,1959.29233534978,4.0,3.86315918,92699095.0
2009.0,PHL,500.0,4100.0,PHL,PHL,3400.0,4700.0,1864.45043406471,4.0,4.16451931,94384250.0
2010.0,PHL,500.0,4700.0,PHL,PHL,3900.0,5400.0,2162.91375885614,5.0,4.13107872,96337125.0
2011.0,PHL,500.0,5600.0,PHL,PHL,4600.0,6400.0,2383.91892522087,7.0,4.02518559,98248614.0
2012.0,PHL,500.0,6700.0,PHL,PHL,5500.0,7700.0,2614.61644401308,8.0,4.17709208,100175512.0
2013.0,PHL,560.0,7900.0,PHL,PHL,6500.0,9100.0,2781.27957677397,14.0,4.27408695,102076336.0
2014.0,PHL,570.0,9000.0,PHL,PHL,7500.0,10000.0,2866.83803761407,18.0,3.70313668,103767130.0
2015.0,PHL,600.0,10000.0,PHL,PHL,8500.0,12000.0,2909.85818010301,23.0,3.8982749,105312992.0
2016.0,PHL,650.0,12000.0,PHL,PHL,9800.0,14000.0,2985.19564024046,27.0,3.95484328,106735719.0
2017.0,PHL,740.0,13000.0,PHL,PHL,11000.0,15000.0,3038.12124959289,31.0,3.96042776,108119693.0
2018.0,PHL,830.0,15000.0,PHL,PHL,12000.0,17000.0,3168.51036609727,36.0,3.9538188,109465287.0
2019.0,PHL,940.0,16000.0,PHL,PHL,13000.0,19000.0,3400.78949767074,40.0,4.16646004,110804683.0
2020.0,PHL,1100.0,18000.0,PHL,PHL,15000.0,21000.0,3227.57910235199,38.0,5.16214037,112081264.0
2021.0,PHL,1300.0,21000.0,PHL,PHL,17000.0,24000.0,3484.38593882819,39.0,5.97500563,113100950.0
2022.0,PHL,1600.0,24000.0,PHL,PHL,20000.0,27000.0,3548.06930572116,41.0,5.15588379,113964338.0
2023.0,PHL,1900.0,27000.0,PHL,PHL,22000.0,31000.0,3804.08274131718,40.0,5.10122538,114891199.0
2024.0,PHL,2300.0,31000.0,PHL,PHL,25000.0,36000.0,3985.29464669706,40.0,,115843670.0
1990.0,KOR,,,KOR,KOR,,,6812.9019416767,,,42869283.0
1991.0,KOR,,,KOR,KOR,,,7872.65052449111,,,43295704.0
1992.0,KOR,,,KOR,KOR,,,8387.16308258471,,,43747962.0
1993.0,KOR,,,KOR,KOR,,,9179.96872485152,,,44194628.0
1994.0,KOR,,,KOR,KOR,,,10733.9888860657,,,44641540.0
1995.0,KOR,,,KOR,KOR,,,13001.7205867019,,,45092991.0
1996.0,KOR,,,KOR,KOR,,,13864.9376534518,,,45524681.0
1997.0,KOR,,,KOR,KOR,,,12821.6893313675,,,45953580.0
1998.0,KOR,,,KOR,KOR,,,8583.43557499234,,,46286503.0
1999.0,KOR,,,KOR,KOR,,,11062.5019301357,,,46616677.0
2000.0,KOR,,,KOR,KOR,,,12710.2995795579,,3.71794796,47008111.0
2001.0,KOR,,,KOR,KOR,,,11981.4828218758,,4.16983986,47370164.0
2002.0,KOR,,,KOR,KOR,,,13642.9424537101,,3.90854764,47644736.0
2003.0,KOR,,,KOR,KOR,,,15211.5483770422,,4.46640348,47892330.0
2004.0,KOR,,,KOR,KOR,,,17121.6301633201,,4.43287992,48082519.0
2005.0,KOR,,,KOR,KOR,,,20167.0474902506,,4.65223551,48184561.0
2006.0,KOR,,,KOR,KOR,,,22609.7059431449,,4.95851803,48438292.0
2007.0,KOR,,,KOR,KOR,,,25078.4853957105,,4.95834208,48683638.0
2008.0,KOR,,,KOR,KOR,,,22252.3125108061,,5.24642324,49054708.0
2009.0,KOR,,,KOR,KOR,,,19937.3029137734,,5.68525076,49307835.0
2010.0,KOR,,,KOR,KOR,,,24071.2620526362,,5.79390717,49554112.0
2011.0,KOR,,,KOR,KOR,,,26175.2398553363,,5.90292883,49936638.0
2012.0,KOR,,,KOR,KOR,,,26600.5477433903,,5.9576025,50199853.0
2013.0,KOR,,,KOR,KOR,,,28449.3591104972,,6.06858635,50428893.0
2014.0,KOR,,,KOR,KOR,,,30667.0912467447,,6.24487352,50746659.0
2015.0,KOR,,,KOR,KOR,,,30171.7906545222,,6.46202612,51014947.0
2016.0,KOR,,,KOR,KOR,,,30832.0628072516,,6.6356945,51217803.0
2017.0,KOR,,,KOR,KOR,,,33296.9845439195,,6.79827499,51361911.0
2018.0,KOR,,,KOR,KOR,,,35363.9508228687,,7.14222002,51585058.0
2019.0,KOR,,,KOR,KOR,,,33826.9443301597,,7.69397116,51764822.0
2020.0,KOR,,,KOR,KOR,,,33645.7719545073,,8.02722836,51836239.0
2021.0,KOR,,,KOR,KOR,,,37518.4635305697,,8.34412766,51769539.0
2022.0,KOR,,,KOR,KOR,,,34822.4048404971,,8.8595314,51672569.0
2023.0,KOR,,,KOR,KOR,,,35674.095995632,,8.5650692,51712619.0
2024.0,KOR,,,KOR,KOR,,,36238.639908315,,8.67656994,51751065.0
1990.0,SGP,100.0,100.0,SGP,SGP,100.0,100.0,11861.7561591366,,,3047132.0
1991.0,SGP,100.0,100.0,SGP,SGP,100.0,100.0,14502.3799938606,,,3135083.0
1992.0,SGP,100.0,100.0,SGP,SGP,100.0,100.0,16136.2405377661,,,3230698.0
1993.0,SGP,100.0,100.0,SGP,SGP,100.0,100.0,18290.130113185,,,3313471.0
1994.0,SGP,100.0,100.0,SGP,SGP,100.0,100.0,21552.4100366948,,,3419048.0
1995.0,SGP,100.0,200.0,SGP,SGP,100.0,200.0,24914.8507020358,,,3524506.0
1996.0,SGP,100.0,200.0,SGP,SGP,200.0,200.0,26232.866096827,,,3670704.0
1997.0,SGP,100.0,200.0,SGP,SGP,200.0,200.0,26375.8653668113,,,3796038.0
1998.0,SGP,100.0,200.0,SGP,SGP,200.0,200.0,21829.2737831583,,,3927213.0
1999.0,SGP,100.0,200.0,SGP,SGP,200.0,500.0,21796.6373891001,,,3958723.0
2000.0,SGP,100.0,500.0,SGP,SGP,200.0,500.0,23852.8389514753,8.0,3.343364,4027887.0
2001.0,SGP,100.0,500.0,SGP,SGP,500.0,500.0,21699.7414868907,8.0,3.16302657,4138012.0
2002.0,SGP,100.0,500.0,SGP,SGP,500.0,500.0,22159.8373710639,9.0,3.358464,4175950.0
2003.0,SGP,100.0,500.0,SGP,SGP,500.0,500.0,23730.3840054566,10.0,3.60699272,4114826.0
2004.0,SGP,100.0,500.0,SGP,SGP,500.0,500.0,27608.080013423,10.0,3.15019798,4166664.0
2005.0,SGP,100.0,500.0,SGP,SGP,500.0,500.0,29961.3172812732,14.0,3.03367925,4265762.0
2006.0,SGP,100.0,500.0,SGP,SGP,500.0,500.0,33768.4528234651,20.0,2.9347465,4401365.0
2007.0,SGP,100.0,500.0,SGP,SGP,500.0,500.0,39432.8860198877,28.0,2.83749056,4588599.0
2008.0,SGP,100.0,500.0,SGP,SGP,500.0,500.0,40008.5720489092,36.0,3.19488454,4839396.0
2009.0,SGP,100.0,500.0,SGP,SGP,500.0,510.0,38926.8054365453,46.0,3.39370513,4987573.0
2010.0,SGP,100.0,500.0,SGP,SGP,500.0,530.0,47236.683084953,50.0,3.1982615,5076732.0
2011.0,SGP,100.0,500.0,SGP,SGP,500.0,540.0,53891.4570264372,56.0,3.1539185,5183688.0
2012.0,SGP,100.0,500.0,SGP,SGP,500.0,540.0,55547.5553077786,61.0,3.32392788,5312437.0
2013.0,SGP,100.0,500.0,SGP,SGP,500.0,530.0,56967.4257940383,66.0,3.68225336,5399162.0
2014.0,SGP,100.0,500.0,SGP,SGP,500.0,520.0,57564.8023114977,72.0,3.87132597,5469724.0
2015.0,SGP,100.0,500.0,SGP,SGP,500.0,500.0,55645.6068614606,75.0,4.18061399,5535002.0
2016.0,SGP,100.0,500.0,SGP,SGP,500.0,500.0,57204.0340105222,76.0,4.37989521,5607283.0
2017.0,SGP,100.0,500.0,SGP,SGP,500.0,500.0,61436.1325502558,80.0,4.35978413,5612253.0
2018.0,SGP,100.0,500.0,SGP,SGP,500.0,500.0,67032.8225769734,80.0,4.07275724,5638676.0
2019.0,SGP,100.0,500.0,SGP,SGP,500.0,500.0,66068.7003106378,83.0,4.40746737,5703569.0
2020.0,SGP,100.0,500.0,SGP,SGP,500.0,500.0,61772.5036492256,85.0,5.70015287,5685807.0
2021.0,SGP,100.0,500.0,SGP,SGP,200.0,500.0,80884.8565369236,84.0,5.14599705,5453566.0
2022.0,SGP,100.0,200.0,SGP,SGP,200.0,500.0,91227.6970426492,85.0,4.33121586,5637022.0
2023.0,SGP,100.0,200.0,SGP,SGP,200.0,500.0,86382.5900499252,86.0,4.49163246,5917648.0
2024.0,SGP,,,SGP,SGP,,,94896.5621495988,,,6036860.0
1990.0,LKA,100.0,100.0,LKA,LKA,100.0,100.0,491.213686238493,,,16352458.0
1991.0,LKA,100.0,100.0,LKA,LKA,100.0,100.0,546.292515570886,,,16475354.0
1992.0,LKA,100.0,100.0,LKA,LKA,100.0,100.0,579.655117618283,,,16739284.0
1993.0,LKA,100.0,200.0,LKA,LKA,200.0,200.0,607.231847102846,,,17025918.0
1994.0,LKA,100.0,200.0,LKA,LKA,200.0,500.0,678.268012020205,,,17275773.0
1995.0,LKA,100.0,500.0,LKA,LKA,500.0,500.0,741.838255293455,,,17564068.0
1996.0,LKA,100.0,500.0,LKA,LKA,500.0,500.0,776.192371057587,,,17905018.0
1997.0,LKA,100.0,500.0,LKA,LKA,500.0,500.0,827.035756058631,,,18248200.0
1998.0,LKA,100.0,500.0,LKA,LKA,500.0,500.0,847.533577843861,,,18596003.0
1999.0,LKA,100.0,500.0,LKA,LKA,500.0,540.0,829.356379527539,,,18944731.0
2000.0,LKA,200.0,500.0,LKA,LKA,500.0,550.0,860.199884304769,0.0,4.10818672,19293054.0
2001.0,LKA,200.0,500.0,LKA,LKA,500.0,560.0,803.544026627385,0.0,4.05662823,19600362.0
2002.0,LKA,200.0,500.0,LKA,LKA,500.0,570.0,834.936014905338,0.0,4.03715754,19805752.0
2003.0,LKA,200.0,500.0,LKA,LKA,500.0,560.0,946.382255128072,0.0,3.64646697,19951521.0
2004.0,LKA,500.0,500.0,LKA,LKA,500.0,530.0,1028.62068132555,0.0,4.03912592,20087605.0
2005.0,LKA,500.0,500.0,LKA,LKA,500.0,510.0,1207.21994764165,1.0,3.87908745,20216524.0
2006.0,LKA,500.0,500.0,LKA,LKA,500.0,500.0,1388.89739119932,2.0,3.85019565,20352411.0
2007.0,LKA,500.0,500.0,LKA,LKA,500.0,500.0,1578.63451125392,3.0,3.82258177,20492545.0
2008.0,LKA,500.0,500.0,LKA,LKA,500.0,500.0,1973.58476901287,3.0,3.85482955,20629378.0
2009.0,LKA,500.0,500.0,LKA,LKA,500.0,500.0,2026.65939950702,5.0,4.05676842,20756435.0
2010.0,LKA,500.0,500.0,LKA,LKA,500.0,500.0,2808.36245207687,7.0,3.7414515,20879089.0
2011.0,LKA,500.0,500.0,LKA,LKA,500.0,500.0,3224.95745082305,8.0,3.5819521,21009048.0
2012.0,LKA,500.0,500.0,LKA,LKA,500.0,500.0,3327.77612404326,10.0,3.30659294,21169458.0
2013.0,LKA,500.0,500.0,LKA,LKA,500.0,500.0,3739.43182292825,13.0,3.69365358,20585000.0
2014.0,LKA,500.0,500.0,LKA,LKA,500.0,500.0,3972.04377042271,16.0,3.46786141,20778000.0
2015.0,LKA,500.0,500.0,LKA,LKA,500.0,500.0,4057.71582716521,20.0,3.6826396,20970000.0
2016.0,LKA,500.0,500.0,LKA,LKA,500.0,500.0,4149.19189391879,26.0,3.61788416,21209000.0
2017.0,LKA,500.0,500.0,LKA,LKA,500.0,500.0,4398.88828786059,31.0,3.33093429,21453000.0
2018.0,LKA,200.0,500.0,LKA,LKA,500.0,500.0,4358.56095905888,37.0,3.6418879,21670000.0
2019.0,LKA,200.0,500.0,LKA,LKA,500.0,500.0,4081.94772178134,41.0,3.70119572,21803000.0
2020.0,LKA,200.0,500.0,LKA,LKA,500.0,500.0,3847.60136741182,47.0,4.27431631,21919000.0
2021.0,LKA,200.0,500.0,LKA,LKA,500.0,500.0,3996.96240531688,49.0,5.19427729,22156000.0
2022.0,LKA,200.0,500.0,LKA,LKA,500.0,500.0,3342.63650438046,55.0,3.98300457,22181000.0
2023.0,LKA,200.0,500.0,LKA,LKA,500.0,500.0,3815.41531767474,62.0,3.68313766,22037000.0
2024.0,LKA,200.0,500.0,LKA,LKA,500.0,500.0,4545.36006870612,71.0,,21916000.0
1990.0,THA,2700.0,160000.0,THA,THA,140000.0,180000.0,1559.11209344755,,,54738329.0
1991.0,THA,5700.0,170000.0,THA,THA,150000.0,190000.0,1765.62267359529,,,55637434.0
1992.0,THA,10000.0,160000.0,THA,THA,140000.0,180000.0,1971.60879910694,,,56528834.0
1993.0,THA,15000.0,130000.0,THA,THA,110000.0,150000.0,2245.13688708983,,,57408198.0
1994.0,THA,21000.0,110000.0,THA,THA,96000.0,120000.0,2517.70732641683,,,58260854.0
1995.0,THA,28000.0,93000.0,THA,THA,81000.0,100000.0,2864.36515719866,,,59098232.0
1996.0,THA,35000.0,79000.0,THA,THA,69000.0,89000.0,3054.65690806473,,,59920064.0
1997.0,THA,42000.0,69000.0,THA,THA,61000.0,78000.0,2473.14096982086,,,60724584.0
1998.0,THA,49000.0,63000.0,THA,THA,55000.0,71000.0,1847.70379269771,,,61522630.0
1999.0,THA,55000.0,57000.0,THA,THA,50000.0,64000.0,2033.24490520569,,,62299043.0
2000.0,THA,60000.0,51000.0,THA,THA,45000.0,57000.0,2005.97694514234,0.0,3.10125351,63007815.0
2001.0,THA,64000.0,46000.0,THA,THA,40000.0,51000.0,1889.93432467144,1.0,3.02623773,63651141.0
2002.0,THA,66000.0,41000.0,THA,THA,36000.0,46000.0,2089.75183111554,2.0,3.334723,64266437.0
2003.0,THA,66000.0,37000.0,THA,THA,32000.0,41000.0,2347.54001286066,3.0,3.24312782,64868166.0
2004.0,THA,62000.0,31000.0,THA,THA,28000.0,35000.0,2641.56268717857,7.0,3.13893151,65452047.0
2005.0,THA,53000.0,28000.0,THA,THA,25000.0,31000.0,2867.70383436062,13.0,3.15972233,66017420.0
2006.0,THA,45000.0,25000.0,THA,THA,22000.0,27000.0,3331.32043511773,17.0,3.09970832,66567687.0
2007.0,THA,41000.0,22000.0,THA,THA,20000.0,24000.0,3918.52817434581,21.0,3.19277525,67102394.0
2008.0,THA,37000.0,20000.0,THA,THA,18000.0,22000.0,4309.13509292986,24.0,3.45933938,67619830.0
2009.0,THA,34000.0,19000.0,THA,THA,17000.0,21000.0,4135.43986952819,28.0,3.61939645,68121080.0
2010.0,THA,31000.0,18000.0,THA,THA,16000.0,20000.0,4973.86288823778,32.0,3.39009809,68579447.0
2011.0,THA,28000.0,17000.0,THA,THA,16000.0,19000.0,5373.6232832898,36.0,3.56825495,69007208.0
2012.0,THA,26000.0,16000.0,THA,THA,15000.0,18000.0,5725.52802835463,40.0,3.5229404,69436098.0
2013.0,THA,24000.0,15000.0,THA,THA,14000.0,17000.0,6018.08244729255,44.0,3.45313334,69845114.0
2014.0,THA,23000.0,15000.0,THA,THA,13000.0,16000.0,5801.1978916205,48.0,3.68448091,70216367.0
2015.0,THA,21000.0,14000.0,THA,THA,12000.0,15000.0,5688.85335397884,55.0,3.8522861,70540795.0
2016.0,THA,19000.0,12000.0,THA,THA,11000.0,14000.0,5833.57715617098,60.0,3.93900609,70859841.0
2017.0,THA,17000.0,12000.0,THA,THA,10000.0,13000.0,6413.09182530343,65.0,3.85276842,71160187.0
2018.0,THA,16000.0,11000.0,THA,THA,9800.0,12000.0,7099.77650081458,68.0,3.87040329,71376079.0
2019.0,THA,14000.0,10000.0,THA,THA,9300.0,11000.0,7605.69657797759,72.0,3.78911877,71522271.0
2020.0,THA,13000.0,9900.0,THA,THA,8900.0,11000.0,6983.03412836245,76.0,4.35724688,71641484.0
2021.0,THA,12000.0,9500.0,THA,THA,8600.0,10000.0,7055.18760721422,78.0,5.15399981,71727332.0
2022.0,THA,11000.0,9100.0,THA,THA,8200.0,10000.0,6910.00995211206,81.0,5.35471153,71735329.0
2023.0,THA,9900.0,8600.0,THA,THA,7700.0,9500.0,7210.54130832685,85.0,4.53787661,71702435.0
2024.0,THA,9100.0,8100.0,THA,THA,7300.0,8900.0,7386.63615126055,88.0,,71668011.0
1990.0,TLS,100.0,100.0,TLS,TLS,100.0,100.0,168.621010199317,,,760345.0
1991.0,TLS,100.0,100.0,TLS,TLS,100.0,100.0,189.794649212749,,,778278.0
1992.0,TLS,100.0,100.0,TLS,TLS,100.0,100.0,235.064767714477,,,799318.0
1993.0,TLS,100.0,100.0,TLS,TLS,100.0,100.0,264.066994790836,,,821437.0
1994.0,TLS,100.0,100.0,TLS,TLS,100.0,100.0,283.058000480762,,,844493.0
1995.0,TLS,100.0,100.0,TLS,TLS,100.0,100.0,302.736982028369,,,868146.0
1996.0,TLS,100.0,100.0,TLS,TLS,100.0,100.0,344.013327625123,,,892282.0
1997.0,TLS,100.0,100.0,TLS,TLS,100.0,200.0,348.86424098109,,,917184.0
1998.0,TLS,100.0,100.0,TLS,TLS,100.0,200.0,345.59090957317,,,942530.0
1999.0,TLS,100.0,100.0,TLS,TLS,100.0,200.0,269.987312761397,,,834697.0
2000.0,TLS,100.0,100.0,TLS,TLS,100.0,100.0,492.457669429651,0.0,,745088.0
2001.0,TLS,100.0,100.0,TLS,TLS,100.0,100.0,587.700692767858,0.0,,812249.0
2002.0,TLS,100.0,100.0,TLS,TLS,100.0,200.0,533.982476434866,0.0,,879159.0
2003.0,TLS,100.0,100.0,TLS,TLS,100.0,200.0,534.901153697657,0.0,2.84187031,916878.0
2004.0,TLS,100.0,100.0,TLS,TLS,100.0,200.0,474.420767344689,0.0,4.26103544,929074.0
2005.0,TLS,100.0,100.0,TLS,TLS,100.0,200.0,487.464555404292,0.0,5.28044748,948311.0
2006.0,TLS,100.0,100.0,TLS,TLS,100.0,200.0,464.667001844159,,6.00192022,976597.0
2007.0,TLS,100.0,100.0,TLS,TLS,100.0,200.0,540.154584237662,,5.64793253,1004889.0
2008.0,TLS,100.0,100.0,TLS,TLS,100.0,200.0,628.153219252849,3.0,6.96563959,1032429.0
2009.0,TLS,100.0,200.0,TLS,TLS,100.0,200.0,686.579295832381,4.0,7.30931807,1058782.0
2010.0,TLS,100.0,200.0,TLS,TLS,100.0,200.0,813.060177250597,6.0,6.47058821,1084679.0
2011.0,TLS,100.0,200.0,TLS,TLS,100.0,200.0,939.045241112693,6.0,6.86541462,1110207.0
2012.0,TLS,100.0,200.0,TLS,TLS,100.0,200.0,1022.61903188429,9.0,6.99215221,1134885.0
2013.0,TLS,100.0,200.0,TLS,TLS,200.0,200.0,1204.56841532931,14.0,8.5323782,1158695.0
2014.0,TLS,100.0,200.0,TLS,TLS,200.0,200.0,1224.74957758801,16.0,7.59958553,1181903.0
2015.0,TLS,100.0,200.0,TLS,TLS,200.0,200.0,1319.59297370991,17.0,7.69146681,1205131.0
2016.0,TLS,100.0,200.0,TLS,TLS,200.0,200.0,1335.54390089814,20.0,6.94250727,1228312.0
2017.0,TLS,100.0,200.0,TLS,TLS,200.0,200.0,1266.17767952941,22.0,6.80442286,1251703.0
2018.0,TLS,100.0,200.0,TLS,TLS,200.0,200.0,1219.46598597604,28.0,6.40227413,1275959.0
2019.0,TLS,100.0,200.0,TLS,TLS,200.0,200.0,1562.36458881813,35.0,4.99218798,1300945.0
2020.0,TLS,100.0,200.0,TLS,TLS,200.0,200.0,1630.86935439232,39.0,7.26445007,1326053.0
2021.0,TLS,100.0,200.0,TLS,TLS,200.0,200.0,2684.92673717299,46.0,4.9192977,1350139.0
2022.0,TLS,100.0,200.0,TLS,TLS,200.0,200.0,2343.24955542816,57.0,7.46371841,1369295.0
2023.0,TLS,100.0,200.0,TLS,TLS,200.0,200.0,1502.4114958903,59.0,9.59779453,1384286.0
2024.0,TLS,100.0,200.0,TLS,TLS,200.0,200.0,1331.9705130185,61.0,,1400638.0
1990.0,VNM,100.0,950.0,VNM,VNM,800.0,1100.0,98.7983370311401,,,65504552.0
1991.0,VNM,100.0,1900.0,VNM,VNM,1600.0,2300.0,143.715270231936,,,66891775.0
1992.0,VNM,100.0,3700.0,VNM,VNM,3100.0,4300.0,144.549392371677,,,68260337.0
1993.0,VNM,200.0,6300.0,VNM,VNM,5300.0,7300.0,189.418573584332,,,69586384.0
1994.0,VNM,500.0,9600.0,VNM,VNM,8000.0,11000.0,229.857787265757,,,70854391.0
1995.0,VNM,510.0,13000.0,VNM,VNM,11000.0,14000.0,287.802661028593,,,72049940.0
1996.0,VNM,820.0,15000.0,VNM,VNM,12000.0,17000.0,337.051231790277,,,73156447.0
1997.0,VNM,1200.0,16000.0,VNM,VNM,14000.0,18000.0,361.643884085566,,,74226889.0
1998.0,VNM,1700.0,17000.0,VNM,VNM,15000.0,19000.0,361.350928411167,,,75299660.0
1999.0,VNM,2300.0,17000.0,VNM,VNM,15000.0,20000.0,375.994455900496,,,76287452.0
2000.0,VNM,3100.0,18000.0,VNM,VNM,16000.0,20000.0,404.029784055118,0.0,4.10752726,77154011.0
2001.0,VNM,3900.0,18000.0,VNM,VNM,16000.0,21000.0,419.205677580901,0.0,4.80107498,77969361.0
2002.0,VNM,4700.0,19000.0,VNM,VNM,16000.0,21000.0,445.132861817313,0.0,3.87075853,78772224.0
2003.0,VNM,5600.0,19000.0,VNM,VNM,16000.0,21000.0,497.117089249256,0.0,3.94229889,79563777.0
2004.0,VNM,6600.0,18000.0,VNM,VNM,16000.0,20000.0,565.452284586212,0.0,4.08791971,80338971.0
2005.0,VNM,7200.0,17000.0,VNM,VNM,15000.0,19000.0,710.746759994861,2.0,4.31821251,81088313.0
2006.0,VNM,7400.0,16000.0,VNM,VNM,14000.0,18000.0,807.756645117054,5.0,4.56979847,82167897.0
2007.0,VNM,6900.0,16000.0,VNM,VNM,14000.0,17000.0,925.640338348717,10.0,4.62917614,83633375.0
2008.0,VNM,5900.0,15000.0,VNM,VNM,13000.0,17000.0,1163.83195772873,16.0,4.36028337,85175788.0
2009.0,VNM,5100.0,15000.0,VNM,VNM,13000.0,16000.0,1226.16976051536,21.0,4.48502922,86460018.0
2010.0,VNM,4600.0,14000.0,VNM,VNM,12000.0,15000.0,1683.16182443979,26.0,5.07146072,87455152.0
2011.0,VNM,4700.0,14000.0,VNM,VNM,12000.0,15000.0,1950.92504174913,31.0,4.97468519,88468314.0
2012.0,VNM,4700.0,13000.0,VNM,VNM,12000.0,14000.0,2185.11767654291,36.0,5.00178242,89510356.0
2013.0,VNM,4600.0,13000.0,VNM,VNM,11000.0,14000.0,2359.51736472828,40.0,4.41233158,90573104.0
2014.0,VNM,4400.0,12000.0,VNM,VNM,11000.0,13000.0,2546.38464459903,42.0,4.69078779,91679578.0
2015.0,VNM,4300.0,12000.0,VNM,VNM,11000.0,13000.0,2577.56885340113,48.0,4.71140909,92823254.0
2016.0,VNM,4100.0,11000.0,VNM,VNM,10000.0,12000.0,2735.0604380416,51.0,4.86994743,94000117.0
2017.0,VNM,4100.0,11000.0,VNM,VNM,9800.0,12000.0,2956.10992127753,53.0,4.99014759,95176977.0
2018.0,VNM,4400.0,10000.0,VNM,VNM,9400.0,11000.0,3222.31003125366,58.0,5.02678823,96237319.0
2019.0,VNM,4300.0,9800.0,VNM,VNM,8900.0,11000.0,3440.90025375434,61.0,4.97407484,97173776.0
2020.0,VNM,4200.0,9000.0,VNM,VNM,8100.0,9900.0,3534.03953482647,65.0,4.33219814,98079191.0
2021.0,VNM,4200.0,8200.0,VNM,VNM,7400.0,9100.0,3704.1935590038,67.0,4.53792429,98935098.0
2022.0,VNM,4200.0,7600.0,VNM,VNM,6800.0,8400.0,4147.69777213621,69.0,4.53809595,99680655.0
2023.0,VNM,4300.0,6800.0,VNM,VNM,6100.0,7500.0,4322.82572261566,72.0,4.56109476,100352192.0
2024.0,VNM,4200.0,6100.0,VNM,VNM,5500.0,6700.0,4716.6599379632,74.0,,100987686.0
1990.0,BHS,100.0,540.0,BHS,BHS,500.0,610.0,11473.3008389353,,,275945.0
1991.0,BHS,200.0,520.0,BHS,BHS,500.0,590.0,11082.3528573617,,,280731.0
1992.0,BHS,200.0,510.0,BHS,BHS,500.0,580.0,10873.4047501635,,,285927.0
1993.0,BHS,200.0,500.0,BHS,BHS,500.0,560.0,10613.0658785813,,,291339.0
1994.0,BHS,500.0,500.0,BHS,BHS,500.0,530.0,10991.2346674131,,,296509.0
1995.0,BHS,500.0,500.0,BHS,BHS,500.0,500.0,11374.6056703852,,,301461.0
1996.0,BHS,500.0,500.0,BHS,BHS,500.0,500.0,11783.797197226,,,306268.0
1997.0,BHS,500.0,500.0,BHS,BHS,500.0,500.0,20367.5732702056,,,310904.0
1998.0,BHS,500.0,500.0,BHS,BHS,500.0,500.0,21667.448821694,,,315368.0
1999.0,BHS,500.0,500.0,BHS,BHS,500.0,500.0,24041.0933188158,,,319614.0
2000.0,BHS,500.0,500.0,BHS,BHS,500.0,500.0,24940.0775086078,1.0,3.80487037,323835.0
2001.0,BHS,500.0,500.0,BHS,BHS,500.0,500.0,25371.9237667614,2.0,3.92440891,327836.0
2002.0,BHS,500.0,500.0,BHS,BHS,500.0,500.0,26781.6195938652,3.0,3.81251931,331614.0
2003.0,BHS,500.0,500.0,BHS,BHS,500.0,500.0,26429.1247787663,17.0,4.01998568,335618.0
2004.0,BHS,500.0,500.0,BHS,BHS,500.0,500.0,26650.2934234303,21.0,4.04628181,339782.0
2005.0,BHS,200.0,500.0,BHS,BHS,500.0,500.0,28602.4181869995,25.0,4.03196478,343894.0
2006.0,BHS,200.0,500.0,BHS,BHS,200.0,500.0,29184.7865087908,32.0,4.30935764,348375.0
2007.0,BHS,200.0,500.0,BHS,BHS,200.0,500.0,30051.8489587756,32.0,4.49598694,353334.0
2008.0,BHS,200.0,200.0,BHS,BHS,200.0,500.0,29392.3824416397,37.0,4.86261654,358120.0
2009.0,BHS,200.0,200.0,BHS,BHS,200.0,500.0,27512.9130950084,41.0,5.1500144,362810.0
2010.0,BHS,200.0,200.0,BHS,BHS,200.0,200.0,27473.100430502,30.0,5.25594234,367478.0
2011.0,BHS,200.0,200.0,BHS,BHS,200.0,200.0,27090.8376801379,30.0,5.32398558,371729.0
2012.0,BHS,200.0,200.0,BHS,BHS,200.0,200.0,28552.0242683151,38.0,5.3190918,375469.0
2013.0,BHS,200.0,200.0,BHS,BHS,200.0,200.0,27642.7419759179,46.0,5.68411207,378953.0
2014.0,BHS,200.0,200.0,BHS,BHS,100.0,200.0,29137.2175632622,55.0,5.64133978,382298.0
2015.0,BHS,200.0,200.0,BHS,BHS,100.0,200.0,30719.405417469,54.0,5.244627,385346.0
2016.0,BHS,200.0,100.0,BHS,BHS,100.0,200.0,30616.5363157284,54.0,5.65515327,388055.0
2017.0,BHS,100.0,100.0,BHS,BHS,100.0,200.0,31875.4881749619,70.0,6.6036396,390485.0
2018.0,BHS,100.0,100.0,BHS,BHS,100.0,200.0,32642.3353203452,74.0,5.83890343,392717.0
2019.0,BHS,100.0,100.0,BHS,BHS,100.0,200.0,33640.3369861278,72.0,5.70484161,394675.0
2020.0,BHS,100.0,100.0,BHS,BHS,100.0,100.0,26178.7537607708,72.0,7.3983264,395863.0
2021.0,BHS,100.0,100.0,BHS,BHS,100.0,100.0,30367.8605757708,74.0,6.78537178,396373.0
2022.0,BHS,100.0,100.0,BHS,BHS,100.0,100.0,34957.1613279737,74.0,7.04287481,397538.0
2023.0,BHS,100.0,100.0,BHS,BHS,100.0,100.0,38231.774484278,70.0,6.30260801,399440.0
2024.0,BHS,100.0,100.0,BHS,BHS,100.0,100.0,39455.4466548546,74.0,,401283.0
1990.0,BRB,100.0,100.0,BRB,BRB,100.0,200.0,7781.40573306125,,,258582.0
1991.0,BRB,100.0,200.0,BRB,BRB,100.0,200.0,7790.26229439159,,,259373.0
1992.0,BRB,100.0,200.0,BRB,BRB,200.0,500.0,7519.20143544898,,,260267.0
1993.0,BRB,100.0,500.0,BRB,BRB,200.0,500.0,7904.70762426389,,,261027.0
1994.0,BRB,100.0,500.0,BRB,BRB,200.0,500.0,8223.16681181719,,,261620.0
1995.0,BRB,100.0,500.0,BRB,BRB,200.0,500.0,8460.47380869104,,,262039.0
1996.0,BRB,100.0,500.0,BRB,BRB,200.0,500.0,9011.77884838722,,,262284.0
1997.0,BRB,100.0,500.0,BRB,BRB,200.0,500.0,9521.57127377123,,,262392.0
1998.0,BRB,100.0,500.0,BRB,BRB,200.0,500.0,10734.3637242884,,,262436.0
1999.0,BRB,100.0,200.0,BRB,BRB,200.0,500.0,11244.3087668392,,,262517.0
2000.0,BRB,100.0,200.0,BRB,BRB,200.0,500.0,11674.6736471764,0.0,4.92612553,262063.0
2001.0,BRB,200.0,200.0,BRB,BRB,200.0,500.0,11639.5160522054,0.0,5.10418987,262425.0
2002.0,BRB,200.0,200.0,BRB,BRB,200.0,200.0,11760.4524736133,3.0,5.41338634,264148.0
2003.0,BRB,100.0,200.0,BRB,BRB,200.0,200.0,12075.9587020649,18.0,6.17312717,265776.0
2004.0,BRB,100.0,200.0,BRB,BRB,200.0,200.0,12886.3665272467,22.0,6.7109499,267298.0
2005.0,BRB,100.0,200.0,BRB,BRB,200.0,200.0,14214.4202213572,24.0,6.14326382,268706.0
2006.0,BRB,100.0,200.0,BRB,BRB,200.0,200.0,15619.6005955511,26.0,5.90468073,270002.0
2007.0,BRB,100.0,200.0,BRB,BRB,200.0,200.0,17235.4396434785,29.0,5.36863089,271288.0
2008.0,BRB,100.0,200.0,BRB,BRB,200.0,200.0,17565.6929970592,32.0,5.73821974,272714.0
2009.0,BRB,100.0,200.0,BRB,BRB,100.0,200.0,16294.9099491834,35.0,6.30137348,274123.0
2010.0,BRB,100.0,200.0,BRB,BRB,100.0,200.0,19723.2381931602,38.0,5.97029495,275243.0
2011.0,BRB,100.0,200.0,BRB,BRB,100.0,200.0,20146.2381264508,40.0,6.05910301,276139.0
2012.0,BRB,100.0,200.0,BRB,BRB,100.0,200.0,19811.2953079751,43.0,6.85218811,276938.0
2013.0,BRB,100.0,200.0,BRB,BRB,100.0,200.0,20384.4910233555,45.0,6.48274279,277665.0
2014.0,BRB,100.0,200.0,BRB,BRB,100.0,200.0,20423.7177921163,46.0,6.09732294,278348.0
2015.0,BRB,100.0,200.0,BRB,BRB,100.0,200.0,20429.4747123553,47.0,6.09170628,278990.0
2016.0,BRB,100.0,100.0,BRB,BRB,100.0,200.0,20311.4094163764,50.0,6.19479513,279598.0
2017.0,BRB,100.0,100.0,BRB,BRB,100.0,200.0,20870.7596432179,53.0,6.0020504,280171.0
2018.0,BRB,100.0,100.0,BRB,BRB,100.0,200.0,21378.2201267496,55.0,5.83037996,280711.0
2019.0,BRB,100.0,100.0,BRB,BRB,100.0,200.0,21929.435611489,58.0,5.67476797,281207.0
2020.0,BRB,100.0,100.0,BRB,BRB,100.0,200.0,19180.9915228365,57.0,6.7272892,281698.0
2021.0,BRB,100.0,100.0,BRB,BRB,100.0,200.0,21084.4013935998,59.0,7.4427762,282147.0
2022.0,BRB,100.0,100.0,BRB,BRB,100.0,200.0,24393.2193483944,57.0,5.8744669,282318.0
2023.0,BRB,100.0,100.0,BRB,BRB,100.0,200.0,25583.8722302505,59.0,5.40463829,282336.0
2024.0,BRB,100.0,100.0,BRB,BRB,100.0,200.0,26897.2002039176,60.0,,282467.0
1990.0,BLZ,100.0,100.0,BLZ,BLZ,100.0,100.0,2986.46962075029,,,183076.0
1991.0,BLZ,100.0,100.0,BLZ,BLZ,100.0,100.0,3190.13098802395,,,187040.0
1992.0,BLZ,100.0,100.0,BLZ,BLZ,100.0,200.0,3642.9480634402,,,190983.0
1993.0,BLZ,100.0,100.0,BLZ,BLZ,100.0,200.0,3859.6584437307,,,194902.0
1994.0,BLZ,100.0,200.0,BLZ,BLZ,100.0,200.0,3876.69327011457,,,199097.0
1995.0,BLZ,100.0,200.0,BLZ,BLZ,200.0,200.0,4009.82752539849,,,204146.0
1996.0,BLZ,100.0,200.0,BLZ,BLZ,200.0,200.0,4043.26517997242,,,210310.0
1997.0,BLZ,100.0,200.0,BLZ,BLZ,200.0,500.0,4014.40380600241,,,217446.0
1998.0,BLZ,100.0,500.0,BLZ,BLZ,200.0,500.0,4125.92539958166,,,225173.0
1999.0,BLZ,100.0,500.0,BLZ,BLZ,500.0,500.0,4289.5277590653,,,233059.0
2000.0,BLZ,100.0,500.0,BLZ,BLZ,500.0,500.0,4726.50675459616,1.0,2.93866777,240799.0
2001.0,BLZ,100.0,500.0,BLZ,BLZ,500.0,500.0,4718.77715104739,1.0,3.45384741,248379.0
2002.0,BLZ,100.0,500.0,BLZ,BLZ,500.0,500.0,4858.86062599362,3.0,3.55506229,256009.0
2003.0,BLZ,100.0,500.0,BLZ,BLZ,500.0,500.0,4959.74012434605,8.0,3.5292151,263780.0
2004.0,BLZ,100.0,500.0,BLZ,BLZ,500.0,500.0,5153.71308265363,7.0,3.41825557,271688.0
2005.0,BLZ,100.0,500.0,BLZ,BLZ,500.0,500.0,5270.41479135312,11.0,3.43729496,279731.0
2006.0,BLZ,100.0,500.0,BLZ,BLZ,200.0,500.0,5524.78167834986,14.0,3.54883528,287878.0
2007.0,BLZ,100.0,500.0,BLZ,BLZ,200.0,500.0,5762.21023302938,15.0,4.05345058,296100.0
2008.0,BLZ,100.0,500.0,BLZ,BLZ,200.0,500.0,5711.81458859709,18.0,4.51286459,304361.0
2009.0,BLZ,100.0,500.0,BLZ,BLZ,200.0,500.0,5399.67100001919,24.0,4.50473404,312614.0
2010.0,BLZ,100.0,200.0,BLZ,BLZ,200.0,500.0,5461.40735999001,26.0,4.47716761,320245.0
2011.0,BLZ,100.0,200.0,BLZ,BLZ,200.0,500.0,5596.05222152289,30.0,4.52904415,327298.0
2012.0,BLZ,100.0,200.0,BLZ,BLZ,200.0,500.0,5732.66519942347,31.0,4.34283972,334414.0
2013.0,BLZ,100.0,200.0,BLZ,BLZ,200.0,500.0,5957.34953619006,34.0,4.42128754,341627.0
2014.0,BLZ,200.0,200.0,BLZ,BLZ,200.0,200.0,6128.12053089077,33.0,4.87071466,348923.0
2015.0,BLZ,200.0,200.0,BLZ,BLZ,200.0,200.0,6154.62264230369,36.0,4.65988731,356333.0
2016.0,BLZ,200.0,200.0,BLZ,BLZ,200.0,200.0,6140.86713919469,38.0,4.77207184,364705.0
2017.0,BLZ,200.0,200.0,BLZ,BLZ,200.0,200.0,6071.85451846453,38.0,4.62228823,373202.0
2018.0,BLZ,200.0,200.0,BLZ,BLZ,200.0,200.0,6011.99036888587,41.0,4.75529861,380226.0
2019.0,BLZ,200.0,200.0,BLZ,BLZ,200.0,200.0,6171.61449761423,42.0,4.81608105,385829.0
2020.0,BLZ,200.0,200.0,BLZ,BLZ,200.0,200.0,5238.54078175696,41.0,5.33901167,390812.0
2021.0,BLZ,200.0,200.0,BLZ,BLZ,200.0,500.0,6142.98930557031,42.0,5.04598379,395346.0
2022.0,BLZ,200.0,200.0,BLZ,BLZ,200.0,500.0,7068.21728043145,44.0,4.21643019,402733.0
2023.0,BLZ,200.0,200.0,BLZ,BLZ,200.0,500.0,7424.75821321022,47.0,4.14735794,411106.0
2024.0,BLZ,200.0,200.0,BLZ,BLZ,200.0,500.0,7681.24400583113,50.0,,417072.0
1990.0,CUB,100.0,200.0,CUB,CUB,100.0,500.0,2694.31697957692,,,10631799.0
1991.0,CUB,100.0,200.0,CUB,CUB,100.0,500.0,2268.83493247194,,,10717640.0
1992.0,CUB,100.0,200.0,CUB,CUB,100.0,500.0,2047.67900346421,,,10785801.0
1993.0,CUB,100.0,200.0,CUB,CUB,100.0,500.0,2063.20366253587,,,10841031.0
1994.0,CUB,100.0,200.0,CUB,CUB,200.0,500.0,2613.28971869122,,,10886021.0
1995.0,CUB,100.0,500.0,CUB,CUB,200.0,500.0,2785.24442954103,,,10925362.0
1996.0,CUB,100.0,500.0,CUB,CUB,500.0,500.0,2282.18809324202,,,10962010.0
1997.0,CUB,100.0,520.0,CUB,CUB,500.0,650.0,2306.42483397336,,,10997934.0
1998.0,CUB,200.0,740.0,CUB,CUB,590.0,880.0,2332.30656133119,,,11034712.0
1999.0,CUB,200.0,1000.0,CUB,CUB,810.0,1200.0,2561.77980406838,,,11072230.0
2000.0,CUB,200.0,1300.0,CUB,CUB,1000.0,1500.0,2751.3817714814,1.0,6.58189821,11109109.0
2001.0,CUB,200.0,1500.0,CUB,CUB,1300.0,1800.0,2842.96704310394,6.0,6.9820981,11144132.0
2002.0,CUB,200.0,1700.0,CUB,CUB,1400.0,2000.0,3005.21104247868,10.0,7.11481619,11177418.0
2003.0,CUB,200.0,1900.0,CUB,CUB,1600.0,2200.0,3202.78109865637,13.0,7.10295439,11209383.0
2004.0,CUB,200.0,2000.0,CUB,CUB,1700.0,2300.0,3399.21962893402,14.0,6.83178711,11238756.0
2005.0,CUB,200.0,2100.0,CUB,CUB,1700.0,2400.0,3786.33799225291,15.0,8.75525475,11262554.0
2006.0,CUB,200.0,2100.0,CUB,CUB,1800.0,2400.0,4329.98265964383,17.0,8.2719059,11278550.0
2007.0,CUB,500.0,2200.0,CUB,CUB,1800.0,2500.0,4807.43888960684,19.0,10.9674921,11287272.0
2008.0,CUB,500.0,2200.0,CUB,CUB,1800.0,2500.0,4986.12436479175,22.0,11.31422806,11291762.0
2009.0,CUB,500.0,2200.0,CUB,CUB,1900.0,2500.0,5089.23519757167,24.0,12.29053974,11294719.0
2010.0,CUB,500.0,2200.0,CUB,CUB,1800.0,2500.0,5272.26755824835,27.0,10.6880827,11297409.0
2011.0,CUB,500.0,2200.0,CUB,CUB,1800.0,2500.0,6104.46105236166,32.0,11.31298637,11301571.0
2012.0,CUB,500.0,2200.0,CUB,CUB,1800.0,2500.0,6470.83673392653,35.0,9.29940987,11303175.0
2013.0,CUB,500.0,2200.0,CUB,CUB,1800.0,2500.0,6828.36428245396,38.0,10.43099499,11298167.0
2014.0,CUB,500.0,2100.0,CUB,CUB,1700.0,2500.0,7146.70459051328,44.0,12.14121914,11285775.0
2015.0,CUB,500.0,2100.0,CUB,CUB,1700.0,2400.0,7727.91997207998,51.0,12.81404305,11275065.0
2016.0,CUB,500.0,2100.0,CUB,CUB,1600.0,2400.0,8110.55874283616,55.0,12.21769619,11265612.0
2017.0,CUB,500.0,2000.0,CUB,CUB,1600.0,2400.0,8610.60829605429,59.0,11.47201538,11247829.0
2018.0,CUB,500.0,2000.0,CUB,CUB,1500.0,2300.0,8911.46205998726,63.0,11.01842499,11227118.0
2019.0,CUB,500.0,2000.0,CUB,CUB,1500.0,2300.0,9232.26115935183,68.0,11.08501148,11202846.0
2020.0,CUB,500.0,1900.0,CUB,CUB,1500.0,2300.0,9605.27914559614,66.0,12.48641968,11176354.0
2021.0,CUB,500.0,1900.0,CUB,CUB,1400.0,2200.0,,67.0,13.78746605,11122168.0
2022.0,CUB,500.0,1900.0,CUB,CUB,1400.0,2200.0,,70.0,11.78773499,11059820.0
2023.0,CUB,500.0,1800.0,CUB,CUB,1300.0,2200.0,,69.0,9.38383102,11019931.0
2024.0,CUB,500.0,1800.0,CUB,CUB,1300.0,2200.0,,68.0,,10979783.0
1990.0,DOM,570.0,6800.0,DOM,DOM,4800.0,11000.0,989.163941207659,,,7151166.0
1991.0,DOM,850.0,8400.0,DOM,DOM,6200.0,13000.0,1345.84673690623,,,7299853.0
1992.0,DOM,1200.0,9800.0,DOM,DOM,7500.0,13000.0,1558.29782071075,,,7447474.0
1993.0,DOM,1600.0,11000.0,DOM,DOM,8400.0,14000.0,1722.41995993981,,,7594572.0
1994.0,DOM,2100.0,11000.0,DOM,DOM,8500.0,15000.0,1891.67055679,,,7741694.0
1995.0,DOM,2500.0,11000.0,DOM,DOM,8200.0,14000.0,2109.16940728689,,,7888115.0
1996.0,DOM,3000.0,9200.0,DOM,DOM,7400.0,12000.0,2270.86558687203,,,8032894.0
1997.0,DOM,3500.0,8600.0,DOM,DOM,7100.0,11000.0,2448.89393535363,,,8174078.0
1998.0,DOM,4000.0,8100.0,DOM,DOM,6700.0,10000.0,2607.85457321405,,,8310362.0
1999.0,DOM,4400.0,7900.0,DOM,DOM,6600.0,9800.0,2620.8896817272,,,8446208.0
2000.0,DOM,4800.0,7900.0,DOM,DOM,6500.0,9800.0,2831.45883638033,0.0,4.88427496,8584190.0
2001.0,DOM,5100.0,7400.0,DOM,DOM,6000.0,9200.0,2935.89367312668,0.0,4.88183308,8720283.0
2002.0,DOM,5400.0,7200.0,DOM,DOM,5900.0,9000.0,3065.60329524196,0.0,4.98649025,8852235.0
2003.0,DOM,5700.0,6900.0,DOM,DOM,5600.0,8500.0,2383.26171780393,0.0,4.38888264,8980620.0
2004.0,DOM,5800.0,6400.0,DOM,DOM,5300.0,7800.0,2451.69161616569,1.0,4.2877388,9104892.0
2005.0,DOM,5500.0,6100.0,DOM,DOM,5000.0,7400.0,3878.31206735244,3.0,4.35391188,9225034.0
2006.0,DOM,5100.0,5800.0,DOM,DOM,4800.0,7100.0,4055.14270347371,6.0,3.99365425,9341183.0
2007.0,DOM,4500.0,5400.0,DOM,DOM,4400.0,6600.0,4649.64558875814,10.0,4.08935308,9455658.0
2008.0,DOM,4000.0,5000.0,DOM,DOM,3900.0,6300.0,5023.58513403515,13.0,4.56442022,9573130.0
2009.0,DOM,3600.0,4900.0,DOM,DOM,3800.0,6200.0,4973.95186999952,16.0,4.76706171,9695265.0
2010.0,DOM,3400.0,4700.0,DOM,DOM,3500.0,6000.0,5478.62470398954,20.0,4.92896748,9820175.0
2011.0,DOM,3300.0,4400.0,DOM,DOM,3100.0,5600.0,5826.51014109195,23.0,5.04506636,9945621.0
2012.0,DOM,3200.0,4300.0,DOM,DOM,2800.0,5500.0,6013.81965002603,26.0,5.05897284,10070411.0
2013.0,DOM,3100.0,4100.0,DOM,DOM,2500.0,5400.0,6136.59429329301,28.0,4.92594242,10193833.0
2014.0,DOM,2900.0,4000.0,DOM,DOM,2400.0,5300.0,6496.45166971142,31.0,4.80942917,10315528.0
2015.0,DOM,2700.0,3900.0,DOM,DOM,2300.0,5200.0,6800.95309395474,34.0,4.73534584,10434829.0
2016.0,DOM,2600.0,4000.0,DOM,DOM,2300.0,5300.0,7160.44200982307,36.0,4.58582401,10551430.0
2017.0,DOM,2600.0,4300.0,DOM,DOM,2500.0,5700.0,7412.71571571512,39.0,4.44562674,10666843.0
2018.0,DOM,2600.0,4500.0,DOM,DOM,2600.0,5900.0,7882.98221584944,42.0,4.21765518,10782053.0
2019.0,DOM,2400.0,4600.0,DOM,DOM,2700.0,6100.0,8183.01623600375,45.0,4.36808872,10894043.0
2020.0,DOM,2300.0,4700.0,DOM,DOM,2800.0,6300.0,7135.22273255899,48.0,4.96490288,11008300.0
2021.0,DOM,2100.0,4600.0,DOM,DOM,2700.0,6200.0,8527.0754858205,54.0,5.08839989,11123476.0
2022.0,DOM,1700.0,4300.0,DOM,DOM,2500.0,5800.0,10104.2464008585,61.0,4.64506817,11230734.0
2023.0,DOM,1400.0,4100.0,DOM,DOM,2300.0,5700.0,10630.431743829,62.0,4.59880495,11331265.0
2024.0,DOM,1300.0,4000.0,DOM,DOM,2300.0,5600.0,10875.6618443092,66.0,,11427557.0
1990.0,GUY,100.0,500.0,GUY,GUY,200.0,580.0,528.851095342994,,,749894.0
1991.0,GUY,100.0,500.0,GUY,GUY,200.0,1000.0,466.039938988882,,,747861.0
1992.0,GUY,100.0,500.0,GUY,GUY,500.0,1100.0,498.156636569954,,,749911.0
1993.0,GUY,100.0,500.0,GUY,GUY,500.0,900.0,603.084316652805,,,752965.0
1994.0,GUY,100.0,500.0,GUY,GUY,500.0,880.0,721.437561135572,,,755822.0
1995.0,GUY,200.0,530.0,GUY,GUY,500.0,930.0,819.668541584905,,,758388.0
1996.0,GUY,200.0,570.0,GUY,GUY,500.0,990.0,927.523847211669,,,760526.0
1997.0,GUY,200.0,610.0,GUY,GUY,500.0,1000.0,982.804753805587,,,762245.0
1998.0,GUY,200.0,630.0,GUY,GUY,500.0,1000.0,939.685488169724,,,763586.0
1999.0,GUY,500.0,670.0,GUY,GUY,500.0,1100.0,908.790631391797,,,764483.0
2000.0,GUY,500.0,680.0,GUY,GUY,500.0,1000.0,931.796651718955,0.0,3.18737936,764832.0
2001.0,GUY,500.0,680.0,GUY,GUY,500.0,1000.0,931.574723847673,0.0,3.05506778,764477.0
2002.0,GUY,500.0,680.0,GUY,GUY,500.0,1000.0,950.866932470993,0.0,3.19353795,763652.0
2003.0,GUY,500.0,650.0,GUY,GUY,500.0,1000.0,973.742598054188,2.0,3.26884198,763101.0
2004.0,GUY,500.0,610.0,GUY,GUY,500.0,950.0,1033.31030902188,10.0,3.43770432,762418.0
2005.0,GUY,200.0,580.0,GUY,GUY,500.0,940.0,1084.06541388904,22.0,3.79409742,760914.0
2006.0,GUY,200.0,550.0,GUY,GUY,500.0,930.0,3135.60553528326,28.0,3.93144464,758966.0
2007.0,GUY,200.0,530.0,GUY,GUY,500.0,910.0,3608.28685240188,33.0,4.28126192,756861.0
2008.0,GUY,200.0,500.0,GUY,GUY,500.0,900.0,4008.9628671603,40.0,4.20242214,754606.0
2009.0,GUY,100.0,500.0,GUY,GUY,500.0,900.0,4209.13230624565,44.0,4.35117149,752094.0
2010.0,GUY,100.0,500.0,GUY,GUY,500.0,830.0,4581.76179693492,46.0,4.21897697,749256.0
2011.0,GUY,100.0,500.0,GUY,GUY,500.0,840.0,4947.22170589917,50.0,4.17213488,746153.0
2012.0,GUY,100.0,500.0,GUY,GUY,500.0,890.0,5444.39751913913,53.0,3.7081871,746288.0
2013.0,GUY,100.0,500.0,GUY,GUY,500.0,870.0,5556.91231156932,56.0,3.80231309,750021.0
2014.0,GUY,100.0,500.0,GUY,GUY,500.0,890.0,5472.68820452237,57.0,3.94755435,754229.0
2015.0,GUY,100.0,500.0,GUY,GUY,500.0,880.0,5640.41560569466,58.0,4.02264786,758781.0
2016.0,GUY,200.0,500.0,GUY,GUY,500.0,890.0,5870.87823759835,61.0,4.01842117,763548.0
2017.0,GUY,200.0,500.0,GUY,GUY,500.0,920.0,6178.6650437298,64.0,4.3191123,768479.0
2018.0,GUY,200.0,500.0,GUY,GUY,500.0,930.0,6048.38697180418,62.0,4.90492535,791556.0
2019.0,GUY,200.0,570.0,GUY,GUY,500.0,1000.0,6405.82443444562,66.0,4.90331507,807665.0
2020.0,GUY,200.0,520.0,GUY,GUY,500.0,970.0,6775.70939096303,63.0,5.37510586,807481.0
2021.0,GUY,200.0,570.0,GUY,GUY,500.0,1000.0,9860.87014834386,64.0,4.64326477,815482.0
2022.0,GUY,200.0,590.0,GUY,GUY,500.0,1100.0,17913.4928066879,65.0,2.52456355,821637.0
2023.0,GUY,200.0,600.0,GUY,GUY,500.0,1100.0,20473.7002190617,66.0,2.46673751,826353.0
2024.0,GUY,200.0,560.0,GUY,GUY,500.0,1000.0,29675.2501582835,69.0,,831087.0
1990.0,HTI,3800.0,18000.0,HTI,HTI,14000.0,23000.0,451.720249689216,,,6854441.0
1991.0,HTI,4600.0,17000.0,HTI,HTI,14000.0,22000.0,496.545987433864,,,6995450.0
1992.0,HTI,5500.0,16000.0,HTI,HTI,13000.0,20000.0,316.276513134354,,,7136571.0
1993.0,HTI,6400.0,15000.0,HTI,HTI,12000.0,19000.0,258.066372258817,,,7278181.0
1994.0,HTI,7200.0,14000.0,HTI,HTI,11000.0,18000.0,292.134224374091,,,7419771.0
1995.0,HTI,8000.0,14000.0,HTI,HTI,11000.0,17000.0,372.006104665125,,,7562546.0
1996.0,HTI,8700.0,13000.0,HTI,HTI,11000.0,16000.0,377.229465025972,,,7707557.0
1997.0,HTI,9300.0,13000.0,HTI,HTI,11000.0,15000.0,425.111085879256,,,7854298.0
1998.0,HTI,9800.0,12000.0,HTI,HTI,10000.0,15000.0,465.363306259051,,,8002143.0
1999.0,HTI,10000.0,12000.0,HTI,HTI,10000.0,14000.0,509.578585275375,,,8151296.0
2000.0,HTI,10000.0,12000.0,HTI,HTI,10000.0,14000.0,820.600046761464,0.0,3.99165702,8303151.0
2001.0,HTI,11000.0,12000.0,HTI,HTI,10000.0,14000.0,748.821159844528,0.0,3.7502923,8455918.0
2002.0,HTI,11000.0,11000.0,HTI,HTI,10000.0,13000.0,720.969568042522,0.0,3.43250132,8607641.0
2003.0,HTI,11000.0,11000.0,HTI,HTI,9500.0,13000.0,578.995291079709,1.0,3.53695321,8759912.0
2004.0,HTI,11000.0,10000.0,HTI,HTI,9000.0,12000.0,683.185298155273,1.0,3.42928433,8910263.0
2005.0,HTI,10000.0,9700.0,HTI,HTI,8500.0,11000.0,775.845704056916,2.0,3.30554652,9061273.0
2006.0,HTI,9400.0,9200.0,HTI,HTI,8100.0,11000.0,828.805700289589,5.0,3.48013902,9216562.0
2007.0,HTI,8400.0,8600.0,HTI,HTI,7500.0,10000.0,984.566983448521,7.0,3.64734101,9373296.0
2008.0,HTI,7600.0,8400.0,HTI,HTI,7100.0,10000.0,1094.66058421644,10.0,3.75722051,9530774.0
2009.0,HTI,6800.0,8000.0,HTI,HTI,6900.0,9900.0,1196.8528706018,13.0,3.50277376,9689581.0
2010.0,HTI,6800.0,8200.0,HTI,HTI,7100.0,10000.0,1209.72733503094,13.0,4.54871035,9803294.0
2011.0,HTI,6900.0,7700.0,HTI,HTI,6400.0,9700.0,1312.03953552013,16.0,5.91197777,9914904.0
2012.0,HTI,6300.0,7100.0,HTI,HTI,5900.0,8900.0,1361.39396587374,20.0,5.56462336,10069771.0
2013.0,HTI,5600.0,7200.0,HTI,HTI,5900.0,9100.0,1457.83221179626,25.0,4.10524035,10222362.0
2014.0,HTI,5200.0,7100.0,HTI,HTI,5800.0,8900.0,1460.18898613914,29.0,4.52035809,10373235.0
2015.0,HTI,5000.0,7200.0,HTI,HTI,5900.0,9100.0,1411.12684746796,32.0,5.07518148,10523242.0
2016.0,HTI,5200.0,7600.0,HTI,HTI,6100.0,9600.0,1318.40268167953,30.0,4.80760574,10671457.0
2017.0,HTI,4200.0,7900.0,HTI,HTI,6400.0,9900.0,1395.23945184461,49.0,3.8199389,10817754.0
2018.0,HTI,2900.0,7100.0,HTI,HTI,5700.0,9100.0,1496.38048970156,49.0,4.31650305,10962362.0
2019.0,HTI,2400.0,7400.0,HTI,HTI,5900.0,9400.0,1352.17204191532,63.0,3.91107917,11105163.0
2020.0,HTI,1800.0,7000.0,HTI,HTI,5600.0,9000.0,1290.32538667383,77.0,3.78651953,11243848.0
2021.0,HTI,1400.0,6600.0,HTI,HTI,5100.0,8800.0,1824.6798742577,78.0,3.57739854,11374586.0
2022.0,HTI,1300.0,6700.0,HTI,HTI,5200.0,9300.0,1748.40890116803,81.0,3.20755076,11503606.0
2023.0,HTI,1300.0,6200.0,HTI,HTI,4600.0,8900.0,1681.84407667059,82.0,3.19156528,11637398.0
2024.0,HTI,1300.0,5800.0,HTI,HTI,4200.0,8700.0,2060.35591768638,87.0,,11772557.0
1990.0,JAM,,2300.0,JAM,JAM,1600.0,3300.0,1929.59891905857,,,2379877.0
1991.0,JAM,,2800.0,JAM,JAM,2100.0,3900.0,1710.30058243722,,,2400869.0
1992.0,JAM,,3300.0,JAM,JAM,2600.0,4200.0,1458.10146892635,,,2424701.0
1993.0,JAM,,3600.0,JAM,JAM,2900.0,4600.0,2220.51518327186,,,2449916.0
1994.0,JAM,,3800.0,JAM,JAM,3200.0,4700.0,2202.85831038471,,,2475220.0
1995.0,JAM,,3900.0,JAM,JAM,3300.0,4700.0,2630.84935382822,,,2500151.0
1996.0,JAM,,3800.0,JAM,JAM,3300.0,4500.0,2928.89692611996,,,2524463.0
1997.0,JAM,,3800.0,JAM,JAM,3300.0,4400.0,3296.91634805083,,,2547848.0
1998.0,JAM,,3600.0,JAM,JAM,3200.0,4100.0,3419.49352868739,,,2569736.0
1999.0,JAM,,3400.0,JAM,JAM,3100.0,3900.0,3431.56813468335,,,2589795.0
2000.0,JAM,,3300.0,JAM,JAM,2900.0,3700.0,3453.09252800226,0.0,5.97869205,2607826.0
2001.0,JAM,,2900.0,JAM,JAM,2700.0,3300.0,3503.55026688858,0.0,5.15652943,2624403.0
2002.0,JAM,,2800.0,JAM,JAM,2500.0,3100.0,3680.64551727724,0.0,5.57934141,2640572.0
2003.0,JAM,,2600.0,JAM,JAM,2400.0,2900.0,3549.70758394618,0.0,4.99239254,2656623.0
2004.0,JAM,,2500.0,JAM,JAM,2300.0,2900.0,3807.56293124552,1.0,5.83766747,2672225.0
2005.0,JAM,,2300.0,JAM,JAM,2100.0,2600.0,4184.43974867497,5.0,5.82104874,2687066.0
2006.0,JAM,,2100.0,JAM,JAM,1900.0,2500.0,4417.00127135363,7.0,5.51022339,2700968.0
2007.0,JAM,,2100.0,JAM,JAM,1800.0,2400.0,4716.48612542727,10.0,6.19109583,2713800.0
2008.0,JAM,,1900.0,JAM,JAM,1700.0,2300.0,5029.80095281745,13.0,6.65533972,2725635.0
2009.0,JAM,,1800.0,JAM,JAM,1600.0,2100.0,4428.38153333557,18.0,6.37021589,2736995.0
2010.0,JAM,,1700.0,JAM,JAM,1500.0,2000.0,4809.977380312,20.0,6.44219255,2748568.0
2011.0,JAM,,1700.0,JAM,JAM,1400.0,2000.0,5232.63644918132,23.0,6.5231781,2760494.0
2012.0,JAM,,1600.0,JAM,JAM,1400.0,1900.0,5340.83333232158,26.0,6.18602896,2772430.0
2013.0,JAM,,1500.0,JAM,JAM,1300.0,1800.0,5124.21301411137,30.0,6.28453302,2783687.0
2014.0,JAM,,1300.0,JAM,JAM,1100.0,1600.0,4975.11325459872,33.0,6.28673887,2793749.0
2015.0,JAM,,1200.0,JAM,JAM,1100.0,1500.0,5339.30718256806,35.0,6.61477137,2802534.0
2016.0,JAM,,1200.0,JAM,JAM,990.0,1400.0,5302.29553353854,38.0,6.5901823,2809915.0
2017.0,JAM,,1200.0,JAM,JAM,980.0,1400.0,5605.43541173019,42.0,6.98476934,2815764.0
2018.0,JAM,,1300.0,JAM,JAM,1100.0,1600.0,5976.90362644337,45.0,6.83884478,2820097.0
2019.0,JAM,,1200.0,JAM,JAM,1000.0,1500.0,6030.68896415921,50.0,6.96945572,2823271.0
2020.0,JAM,,1200.0,JAM,JAM,1000.0,1500.0,5299.04530804283,46.0,7.47555304,2830739.0
2021.0,JAM,,1300.0,JAM,JAM,1100.0,1600.0,5625.67806271236,50.0,8.00261688,2837682.0
2022.0,JAM,,1200.0,JAM,JAM,980.0,1500.0,6626.47502388538,52.0,8.65338707,2839144.0
2023.0,JAM,,1300.0,JAM,JAM,1000.0,1600.0,7542.39855849054,53.0,7.60493946,2839786.0
2024.0,JAM,,1100.0,JAM,JAM,890.0,1500.0,7753.8119527678,54.0,,2839175.0
1990.0,SUR,100.0,200.0,SUR,SUR,200.0,500.0,941.591736102188,,,412493.0
1991.0,SUR,100.0,500.0,SUR,SUR,200.0,500.0,1079.72521342705,,,415013.0
1992.0,SUR,100.0,500.0,SUR,SUR,200.0,500.0,968.895253466926,,,417589.0
1993.0,SUR,100.0,500.0,SUR,SUR,500.0,500.0,1022.44583519896,,,419352.0
1994.0,SUR,100.0,500.0,SUR,SUR,500.0,500.0,1433.54255652781,,,422375.0
1995.0,SUR,100.0,500.0,SUR,SUR,500.0,500.0,1609.82504373206,,,429606.0
1996.0,SUR,200.0,500.0,SUR,SUR,500.0,500.0,1962.88495820295,,,438830.0
1997.0,SUR,200.0,500.0,SUR,SUR,500.0,530.0,2067.59814938391,,,448067.0
1998.0,SUR,200.0,500.0,SUR,SUR,500.0,560.0,2428.58641994202,,,457406.0
1999.0,SUR,200.0,520.0,SUR,SUR,500.0,590.0,1898.1801816053,,,466916.0
2000.0,SUR,200.0,550.0,SUR,SUR,500.0,610.0,1988.22172925433,0.0,5.87092161,476643.0
2001.0,SUR,500.0,550.0,SUR,SUR,500.0,610.0,1714.64846637242,0.0,3.82474971,486560.0
2002.0,SUR,500.0,550.0,SUR,SUR,500.0,620.0,2202.340682196,1.0,5.32991552,496551.0
2003.0,SUR,500.0,540.0,SUR,SUR,500.0,610.0,2516.10404020956,3.0,4.88878393,506414.0
2004.0,SUR,500.0,510.0,SUR,SUR,500.0,580.0,2887.7721728844,5.0,5.4608078,513923.0
2005.0,SUR,500.0,500.0,SUR,SUR,500.0,560.0,3453.42865937765,7.0,5.2439642,519313.0
2006.0,SUR,500.0,500.0,SUR,SUR,500.0,550.0,5002.65798695759,10.0,5.85598755,524997.0
2007.0,SUR,500.0,500.0,SUR,SUR,500.0,530.0,5530.17615638309,13.0,5.22148609,531016.0
2008.0,SUR,500.0,500.0,SUR,SUR,500.0,530.0,6576.08546307249,16.0,4.74699593,537245.0
2009.0,SUR,500.0,500.0,SUR,SUR,500.0,530.0,7129.5768626291,18.0,4.97810316,543568.0
2010.0,SUR,500.0,500.0,SUR,SUR,500.0,540.0,7943.60482816915,20.0,4.6978569,549923.0
2011.0,SUR,500.0,500.0,SUR,SUR,500.0,520.0,7949.88867218383,22.0,4.40932178,556269.0
2012.0,SUR,500.0,500.0,SUR,SUR,500.0,510.0,8851.24050668908,28.0,4.28435707,562633.0
2013.0,SUR,200.0,500.0,SUR,SUR,500.0,500.0,9043.19281529222,31.0,4.48738098,569020.0
2014.0,SUR,200.0,500.0,SUR,SUR,500.0,500.0,9108.18905406764,34.0,4.52127838,575373.0
2015.0,SUR,200.0,500.0,SUR,SUR,500.0,500.0,8813.61705392067,36.0,5.80808163,581627.0
2016.0,SUR,200.0,500.0,SUR,SUR,500.0,500.0,5644.2061057532,39.0,5.99283743,587757.0
2017.0,SUR,200.0,500.0,SUR,SUR,500.0,500.0,6049.52128553675,40.0,5.32285929,593713.0
2018.0,SUR,200.0,500.0,SUR,SUR,500.0,510.0,6665.74180472239,41.0,6.60567093,599513.0
2019.0,SUR,500.0,500.0,SUR,SUR,500.0,550.0,6629.66775248603,40.0,8.38353634,605768.0
2020.0,SUR,500.0,500.0,SUR,SUR,500.0,590.0,4755.39221710693,47.0,6.03425598,612317.0
2021.0,SUR,500.0,500.0,SUR,SUR,500.0,550.0,5029.84838543953,45.0,5.01704168,617896.0
2022.0,SUR,500.0,500.0,SUR,SUR,500.0,560.0,6084.43876736445,41.0,5.93297768,623164.0
2023.0,SUR,500.0,500.0,SUR,SUR,500.0,590.0,5521.97602122638,49.0,5.40666008,628886.0
2024.0,SUR,500.0,500.0,SUR,SUR,500.0,580.0,6961.78956060258,49.0,,634431.0
1990.0,TTO,,,TTO,TTO,,,4047.25093594674,,,1252208.0
1991.0,TTO,,,TTO,TTO,,,4205.37778348016,,,1262171.0
1992.0,TTO,,,TTO,TTO,,,4277.47436935604,,,1271674.0
1993.0,TTO,,,TTO,TTO,,,3646.71231742803,,,1280466.0
1994.0,TTO,,,TTO,TTO,,,3839.96290233114,,,1288341.0
1995.0,TTO,,,TTO,TTO,,,4114.68908475464,,,1295169.0
1996.0,TTO,,,TTO,TTO,,,4427.27832448289,,,1300928.0
1997.0,TTO,,,TTO,TTO,,,4393.94496943068,,,1305836.0
1998.0,TTO,,,TTO,TTO,,,4612.70900312686,,,1310225.0
1999.0,TTO,,,TTO,TTO,,,5179.08350809274,,,1314708.0
2000.0,TTO,,,TTO,TTO,,,6178.58975559687,,4.23492479,1319774.0
2001.0,TTO,,,TTO,TTO,,,6657.41466937221,,4.0346489,1325567.0
2002.0,TTO,,,TTO,TTO,,,6762.93080808096,,4.72302485,1332011.0
2003.0,TTO,,,TTO,TTO,,,8445.04653518298,,4.18767118,1338709.0
2004.0,TTO,,,TTO,TTO,,,9871.03419820086,,4.30805206,1345380.0
2005.0,TTO,,,TTO,TTO,,,12346.4373094075,,4.43451166,1294494.0
2006.0,TTO,,,TTO,TTO,,,14152.6607422113,,4.15431976,1297944.0
2007.0,TTO,,,TTO,TTO,,,16606.675360681,,4.1536026,1303188.0
2008.0,TTO,,,TTO,TTO,,,21298.9945258063,,3.6575706,1308587.0
2009.0,TTO,,,TTO,TTO,,,14634.0565003912,,5.48676443,1310106.0
2010.0,TTO,,,TTO,TTO,,,16815.424737361,,5.08042908,1317714.0
2011.0,TTO,,,TTO,TTO,,,19151.0870229722,,4.72197914,1328019.0
2012.0,TTO,,,TTO,TTO,,,20332.1389531925,,4.62851572,1335194.0
2013.0,TTO,,,TTO,TTO,,,21304.9777496628,,4.80224705,1340557.0
2014.0,TTO,,,TTO,TTO,,,21908.3014555644,,4.87381697,1345343.0
2015.0,TTO,,,TTO,TTO,,,19887.2327716498,,5.6525383,1349667.0
2016.0,TTO,,,TTO,TTO,,,17449.1538801956,,6.47465849,1353895.0
2017.0,TTO,,,TTO,TTO,,,17566.0999700656,,6.56562996,1356633.0
2018.0,TTO,,,TTO,TTO,,,17571.498737278,,6.65089417,1359193.0
2019.0,TTO,,,TTO,TTO,,,17212.6128892163,,6.90704823,1363985.0
2020.0,TTO,,,TTO,TTO,,,15283.6270531554,,7.47677326,1366725.0
2021.0,TTO,,,TTO,TTO,,,17712.5674104655,,7.20521307,1367558.0
2022.0,TTO,,,TTO,TTO,,,20750.5202434652,,6.64416027,1365805.0
2023.0,TTO,,,TTO,TTO,,,18308.4536298575,,7.52568626,1367510.0
2024.0,TTO,,,TTO,TTO,,,18733.4110406494,,,1368333.0
1990.0,AGO,1800.0,8500.0,AGO,AGO,5400.0,13000.0,965.866840464665,,,11626360.0
1991.0,AGO,2300.0,9700.0,AGO,AGO,6300.0,14000.0,881.919488130062,,,12023529.0
1992.0,AGO,2800.0,11000.0,AGO,AGO,7800.0,15000.0,668.706017459877,,,12423712.0
1993.0,AGO,3400.0,12000.0,AGO,AGO,9000.0,16000.0,449.727894936295,,,12827135.0
1994.0,AGO,4100.0,14000.0,AGO,AGO,10000.0,18000.0,334.973590276074,,,13249764.0
1995.0,AGO,4800.0,15000.0,AGO,AGO,12000.0,20000.0,404.29481849612,,,13699778.0
1996.0,AGO,5600.0,16000.0,AGO,AGO,13000.0,21000.0,531.115366543271,,,14170973.0
1997.0,AGO,6400.0,17000.0,AGO,AGO,13000.0,22000.0,521.70291489053,,,14660413.0
1998.0,AGO,7300.0,18000.0,AGO,AGO,15000.0,23000.0,429.188126933192,,,15159370.0
1999.0,AGO,8200.0,19000.0,AGO,AGO,16000.0,24000.0,392.725539027496,,,15667235.0
2000.0,AGO,9200.0,20000.0,AGO,AGO,17000.0,24000.0,563.733795571487,0.0,1.68525279,16194869.0
2001.0,AGO,10000.0,21000.0,AGO,AGO,18000.0,26000.0,533.586202412447,0.0,3.95882654,16747208.0
2002.0,AGO,11000.0,22000.0,AGO,AGO,19000.0,27000.0,999.065855956628,0.0,2.9398222,17327699.0
2003.0,AGO,12000.0,24000.0,AGO,AGO,20000.0,28000.0,1133.66331960414,0.0,3.10680342,17943712.0
2004.0,AGO,13000.0,24000.0,AGO,AGO,21000.0,28000.0,1451.47117870872,0.0,3.46084046,18600423.0
2005.0,AGO,14000.0,26000.0,AGO,AGO,22000.0,29000.0,2145.88621098663,0.0,2.54726577,19291161.0
2006.0,AGO,14000.0,25000.0,AGO,AGO,22000.0,29000.0,2930.44428606516,2.0,2.39833426,20015279.0
2007.0,AGO,15000.0,26000.0,AGO,AGO,22000.0,30000.0,3515.05678985496,3.0,2.65790844,20778561.0
2008.0,AGO,15000.0,27000.0,AGO,AGO,23000.0,31000.0,4578.15526451058,5.0,2.97807598,21578655.0
2009.0,AGO,15000.0,27000.0,AGO,AGO,24000.0,32000.0,3645.14846565169,7.0,3.30655909,22414773.0
2010.0,AGO,16000.0,27000.0,AGO,AGO,23000.0,32000.0,4101.63715564669,9.0,2.36373854,23294825.0
2011.0,AGO,16000.0,28000.0,AGO,AGO,24000.0,32000.0,5184.15269151846,10.0,2.35561895,24218352.0
2012.0,AGO,17000.0,28000.0,AGO,AGO,24000.0,33000.0,5702.45306277434,12.0,2.13677311,25177394.0
2013.0,AGO,16000.0,27000.0,AGO,AGO,23000.0,32000.0,5688.57916213471,17.0,2.4297719,26165620.0
2014.0,AGO,15000.0,27000.0,AGO,AGO,23000.0,31000.0,5649.68762467535,22.0,2.15680027,27160769.0
2015.0,AGO,15000.0,26000.0,AGO,AGO,22000.0,31000.0,3641.72893920253,24.0,2.29966879,28157798.0
2016.0,AGO,16000.0,27000.0,AGO,AGO,23000.0,32000.0,2082.37343594705,22.0,2.39068723,29183070.0
2017.0,AGO,17000.0,27000.0,AGO,AGO,23000.0,32000.0,2832.14997950512,24.0,2.4379425,30234839.0
2018.0,AGO,18000.0,27000.0,AGO,AGO,22000.0,31000.0,2891.83032378747,27.0,2.29887486,31297155.0
2019.0,AGO,18000.0,25000.0,AGO,AGO,21000.0,30000.0,2507.86807213642,28.0,2.20394278,32375632.0
2020.0,AGO,17000.0,25000.0,AGO,AGO,21000.0,30000.0,1749.1794838482,32.0,2.81688905,33451132.0
2021.0,AGO,16000.0,24000.0,AGO,AGO,20000.0,29000.0,2266.96834861584,36.0,2.73987103,34532429.0
2022.0,AGO,15000.0,22000.0,AGO,AGO,18000.0,27000.0,3598.53669077341,40.0,2.60041046,35635029.0
2023.0,AGO,14000.0,21000.0,AGO,AGO,17000.0,26000.0,2885.51349130806,44.0,2.54692864,36749906.0
2024.0,AGO,13000.0,21000.0,AGO,AGO,17000.0,25000.0,2720.81900669715,48.0,,37885849.0
1990.0,BWA,1700.0,18000.0,BWA,BWA,17000.0,20000.0,2903.15381562611,,,1305696.0
1991.0,BWA,2500.0,24000.0,BWA,BWA,22000.0,26000.0,2938.59442659608,,,1341756.0
1992.0,BWA,3500.0,29000.0,BWA,BWA,27000.0,31000.0,3004.61263362306,,,1380033.0
1993.0,BWA,4700.0,33000.0,BWA,BWA,30000.0,35000.0,2929.43119022452,,,1420115.0
1994.0,BWA,6200.0,35000.0,BWA,BWA,33000.0,38000.0,2917.25514197806,,,1460023.0
1995.0,BWA,7700.0,36000.0,BWA,BWA,33000.0,38000.0,3156.18194514079,,,1498836.0
1996.0,BWA,9500.0,35000.0,BWA,BWA,33000.0,38000.0,3156.26865681161,,,1535914.0
1997.0,BWA,11000.0,33000.0,BWA,BWA,31000.0,36000.0,3194.18106145858,,,1571691.0
1998.0,BWA,13000.0,31000.0,BWA,BWA,29000.0,34000.0,2981.19639702109,,,1606899.0
1999.0,BWA,15000.0,29000.0,BWA,BWA,27000.0,31000.0,3339.99596033431,,,1641997.0
2000.0,BWA,17000.0,27000.0,BWA,BWA,25000.0,29000.0,3450.81180622992,0.0,6.10838556,1677382.0
2001.0,BWA,18000.0,25000.0,BWA,BWA,23000.0,27000.0,3206.07123689853,1.0,6.3660779,1712254.0
2002.0,BWA,19000.0,23000.0,BWA,BWA,21000.0,25000.0,3117.25087183011,2.0,6.66529799,1744763.0
2003.0,BWA,18000.0,21000.0,BWA,BWA,19000.0,23000.0,4230.12326909926,6.0,6.40933847,1775736.0
2004.0,BWA,16000.0,19000.0,BWA,BWA,17000.0,22000.0,4956.69287735214,12.0,6.09125996,1807146.0
2005.0,BWA,13000.0,17000.0,BWA,BWA,15000.0,19000.0,5391.07076619634,19.0,5.26532936,1839877.0
2006.0,BWA,10000.0,15000.0,BWA,BWA,13000.0,17000.0,5291.58379144849,25.0,4.87599421,1874516.0
2007.0,BWA,9000.0,15000.0,BWA,BWA,13000.0,17000.0,5529.12574632532,29.0,5.52080727,1911201.0
2008.0,BWA,8100.0,14000.0,BWA,BWA,12000.0,16000.0,5503.07395314313,36.0,5.89747286,1949970.0
2009.0,BWA,6900.0,13000.0,BWA,BWA,12000.0,15000.0,5082.93388332404,44.0,6.62081194,1990673.0
2010.0,BWA,6100.0,13000.0,BWA,BWA,12000.0,14000.0,6215.73216077919,49.0,6.26718187,2033111.0
2011.0,BWA,5700.0,14000.0,BWA,BWA,13000.0,15000.0,7287.38295334919,54.0,5.86915016,2073535.0
2012.0,BWA,5200.0,13000.0,BWA,BWA,11000.0,14000.0,6595.53845015424,61.0,6.35010576,2108617.0
2013.0,BWA,5000.0,12000.0,BWA,BWA,10000.0,13000.0,6666.91219583487,65.0,6.49913645,2140682.0
2014.0,BWA,4800.0,12000.0,BWA,BWA,10000.0,13000.0,7122.36423421503,67.0,5.8804059,2172044.0
2015.0,BWA,4800.0,11000.0,BWA,BWA,9800.0,12000.0,6141.20394726616,72.0,6.10287762,2203273.0
2016.0,BWA,4800.0,10000.0,BWA,BWA,9400.0,11000.0,6749.05994339013,76.0,5.76837635,2234776.0
2017.0,BWA,4500.0,9200.0,BWA,BWA,8400.0,9800.0,7104.96401088027,79.0,6.62986994,2266747.0
2018.0,BWA,4600.0,8200.0,BWA,BWA,7400.0,9000.0,7407.95940141786,84.0,6.04010344,2299141.0
2019.0,BWA,4500.0,7300.0,BWA,BWA,6400.0,8000.0,7172.08956480028,86.0,6.12193203,2332083.0
2020.0,BWA,4400.0,6700.0,BWA,BWA,5800.0,7400.0,6323.2974967659,89.0,6.1213398,2365894.0
2021.0,BWA,4300.0,5500.0,BWA,BWA,4700.0,6300.0,7807.88794570471,92.0,6.30315065,2401441.0
2022.0,BWA,4000.0,4700.0,BWA,BWA,3900.0,5500.0,8328.7090572666,93.0,5.73650789,2439892.0
2023.0,BWA,3900.0,4300.0,BWA,BWA,3500.0,5300.0,7827.30027960734,94.0,6.25574684,2480244.0
2024.0,BWA,3800.0,4200.0,BWA,BWA,3300.0,5200.0,7649.81663744354,95.0,,2521139.0
1990.0,COM,100.0,100.0,COM,COM,100.0,100.0,903.20430581841,,,444596.0
1991.0,COM,100.0,100.0,COM,COM,100.0,100.0,879.348889291867,,,455556.0
1992.0,COM,100.0,100.0,COM,COM,100.0,100.0,938.595399659213,,,465113.0
1993.0,COM,100.0,100.0,COM,COM,100.0,100.0,903.033729112507,,,473682.0
1994.0,COM,100.0,100.0,COM,COM,100.0,100.0,652.898017688557,,,482142.0
1995.0,COM,100.0,100.0,COM,COM,100.0,100.0,800.623567802959,,,490586.0
1996.0,COM,100.0,100.0,COM,COM,100.0,100.0,786.380773511866,,,499107.0
1997.0,COM,100.0,100.0,COM,COM,100.0,100.0,714.519968676115,,,507777.0
1998.0,COM,100.0,100.0,COM,COM,100.0,100.0,704.479817408486,,,516597.0
1999.0,COM,100.0,100.0,COM,COM,100.0,100.0,707.228776682623,,,525886.0
2000.0,COM,100.0,100.0,COM,COM,100.0,100.0,633.309032776244,0.0,7.51525021,536080.0
2001.0,COM,100.0,100.0,COM,COM,100.0,100.0,681.163857619963,0.0,6.6571784,547220.0
2002.0,COM,100.0,100.0,COM,COM,100.0,100.0,764.61349832543,0.0,6.68594599,558923.0
2003.0,COM,100.0,100.0,COM,COM,100.0,100.0,959.691049354812,0.0,6.66024828,569798.0
2004.0,COM,100.0,100.0,COM,COM,100.0,100.0,1072.28409029621,0.0,6.58576155,580704.0
2005.0,COM,100.0,100.0,COM,COM,100.0,100.0,1105.78796866788,0.0,6.13142872,592677.0
2006.0,COM,100.0,100.0,COM,COM,100.0,100.0,1138.47908404345,0.0,5.77341843,604753.0
2007.0,COM,100.0,100.0,COM,COM,100.0,100.0,1289.73631056361,0.0,5.41753864,616927.0
2008.0,COM,100.0,100.0,COM,COM,100.0,100.0,1455.02768595586,0.0,5.06897497,629307.0
2009.0,COM,100.0,100.0,COM,COM,100.0,100.0,1410.30516959473,0.0,4.92694378,641947.0
2010.0,COM,100.0,100.0,COM,COM,100.0,100.0,1386.57533553376,17.0,4.99181557,654836.0
2011.0,COM,100.0,100.0,COM,COM,100.0,100.0,1531.43969320468,18.0,5.3021183,668056.0
2012.0,COM,100.0,100.0,COM,COM,100.0,100.0,1490.31425650871,21.0,5.17354631,681630.0
2013.0,COM,100.0,100.0,COM,COM,100.0,100.0,1603.32653496691,23.0,5.10299301,696192.0
2014.0,COM,100.0,100.0,COM,COM,100.0,100.0,1615.71709756316,24.0,5.23849726,711503.0
2015.0,COM,100.0,100.0,COM,COM,100.0,100.0,1329.37048235986,31.0,4.60089922,726682.0
2016.0,COM,100.0,100.0,COM,COM,100.0,100.0,1365.48403444497,34.0,4.65263557,741741.0
2017.0,COM,100.0,100.0,COM,COM,100.0,100.0,1423.9248027797,37.0,5.26807451,756669.0
2018.0,COM,100.0,100.0,COM,COM,100.0,100.0,1540.71132257526,43.0,4.90318584,771590.0
2019.0,COM,100.0,100.0,COM,COM,100.0,100.0,1519.26386436068,54.0,5.18044472,786578.0
2020.0,COM,100.0,100.0,COM,COM,100.0,100.0,1527.16991011916,57.0,5.902421,802163.0
2021.0,COM,100.0,100.0,COM,COM,100.0,100.0,1587.72988658008,58.0,6.46315002,818174.0
2022.0,COM,100.0,100.0,COM,COM,100.0,100.0,1533.87755393614,62.0,8.47119522,834188.0
2023.0,COM,100.0,100.0,COM,COM,100.0,100.0,1723.89474946474,68.0,6.55212021,850387.0
2024.0,COM,100.0,100.0,COM,COM,100.0,100.0,1857.87060684189,84.0,,866628.0
1990.0,ERI,690.0,3800.0,ERI,ERI,2500.0,6100.0,,,,2032737.0
1991.0,ERI,850.0,4100.0,ERI,ERI,2800.0,6400.0,,,,1919571.0
1992.0,ERI,880.0,3600.0,ERI,ERI,2500.0,5300.0,265.240962963337,,,1798748.0
1993.0,ERI,1000.0,3800.0,ERI,ERI,2600.0,5500.0,252.085777069472,,,1856006.0
1994.0,ERI,1200.0,3600.0,ERI,ERI,2500.0,5000.0,277.801423620334,,,1913915.0
1995.0,ERI,1400.0,3500.0,ERI,ERI,2600.0,4800.0,285.402184008331,,,2025267.0
1996.0,ERI,1700.0,2900.0,ERI,ERI,2200.0,4000.0,325.838705371605,,,2128464.0
1997.0,ERI,1800.0,3300.0,ERI,ERI,2500.0,4300.0,318.980960831984,,,2152135.0
1998.0,ERI,1900.0,2900.0,ERI,ERI,2200.0,3700.0,341.91736400208,,,2180419.0
1999.0,ERI,2000.0,2500.0,ERI,ERI,2000.0,3400.0,311.336209255125,,,2212780.0
2000.0,ERI,2100.0,2200.0,ERI,ERI,1700.0,3000.0,314.357396753501,0.0,5.76670074,2247031.0
2001.0,ERI,2100.0,1800.0,ERI,ERI,1300.0,2500.0,325.409161513593,0.0,5.91931677,2312079.0
2002.0,ERI,2300.0,1500.0,ERI,ERI,960.0,2100.0,304.775756465092,0.0,6.68857431,2392978.0
2003.0,ERI,2300.0,1400.0,ERI,ERI,900.0,2000.0,348.950327077742,0.0,7.33703375,2493903.0
2004.0,ERI,2400.0,1100.0,ERI,ERI,570.0,1600.0,426.840947887032,0.0,7.00984907,2598284.0
2005.0,ERI,2300.0,890.0,ERI,ERI,500.0,1400.0,412.753079199423,2.0,6.8641758,2661215.0
2006.0,ERI,2000.0,800.0,ERI,ERI,500.0,1300.0,447.997404727201,5.0,6.85727453,2703502.0
2007.0,ERI,1600.0,680.0,ERI,ERI,500.0,1200.0,480.44762365456,10.0,5.2786293,2743222.0
2008.0,ERI,1400.0,590.0,ERI,ERI,500.0,1100.0,490.066956003333,15.0,6.57807541,2816327.0
2009.0,ERI,1200.0,500.0,ERI,ERI,500.0,840.0,642.92572288007,20.0,5.42343187,2887885.0
2010.0,ERI,1000.0,500.0,ERI,ERI,500.0,740.0,539.699512069686,26.0,4.81866503,2945186.0
2011.0,ERI,920.0,500.0,ERI,ERI,200.0,690.0,688.68165957684,32.0,5.1622901,2998485.0
2012.0,ERI,800.0,500.0,ERI,ERI,200.0,780.0,,38.0,3.74245787,3036988.0
2013.0,ERI,670.0,500.0,ERI,ERI,200.0,620.0,,45.0,4.96813059,3074360.0
2014.0,ERI,570.0,500.0,ERI,ERI,200.0,680.0,,52.0,3.91432381,3095173.0
2015.0,ERI,500.0,500.0,ERI,ERI,200.0,600.0,,59.0,4.50776815,3105546.0
2016.0,ERI,500.0,500.0,ERI,ERI,200.0,540.0,,63.0,3.73838949,3124698.0
2017.0,ERI,500.0,500.0,ERI,ERI,200.0,560.0,,65.0,4.15359449,3150347.0
2018.0,ERI,500.0,500.0,ERI,ERI,200.0,620.0,,67.0,4.24748898,3192760.0
2019.0,ERI,500.0,500.0,ERI,ERI,200.0,620.0,,68.0,4.64806461,3240194.0
2020.0,ERI,500.0,500.0,ERI,ERI,200.0,540.0,,71.0,4.31117725,3291271.0
2021.0,ERI,500.0,500.0,ERI,ERI,500.0,620.0,,69.0,4.17839003,3350183.0
2022.0,ERI,500.0,500.0,ERI,ERI,500.0,640.0,,70.0,3.87537837,3409447.0
2023.0,ERI,500.0,500.0,ERI,ERI,500.0,580.0,,71.0,3.6837678,3470390.0
2024.0,ERI,500.0,500.0,ERI,ERI,500.0,570.0,,72.0,,3535603.0
1990.0,SWZ,200.0,2900.0,SWZ,SWZ,2400.0,3700.0,1277.69173005665,,,872428.0
1991.0,SWZ,500.0,5600.0,SWZ,SWZ,4600.0,7000.0,1273.01224518903,,,908189.0
1992.0,SWZ,530.0,9400.0,SWZ,SWZ,7900.0,11000.0,1361.8169795148,,,943416.0
1993.0,SWZ,950.0,14000.0,SWZ,SWZ,12000.0,16000.0,1397.26593317978,,,971318.0
1994.0,SWZ,1500.0,18000.0,SWZ,SWZ,16000.0,21000.0,1461.36400128736,,,971212.0
1995.0,SWZ,2200.0,21000.0,SWZ,SWZ,18000.0,23000.0,1750.75400773784,,,970433.0
1996.0,SWZ,3000.0,23000.0,SWZ,SWZ,20000.0,25000.0,1619.19119707662,,,989841.0
1997.0,SWZ,4000.0,23000.0,SWZ,SWZ,21000.0,26000.0,1705.39874942229,,,1006635.0
1998.0,SWZ,5100.0,23000.0,SWZ,SWZ,21000.0,24000.0,1546.51519325373,,,1019653.0
1999.0,SWZ,6200.0,22000.0,SWZ,SWZ,21000.0,24000.0,1501.66426653189,,,1030782.0
2000.0,SWZ,7400.0,21000.0,SWZ,SWZ,20000.0,23000.0,1629.67038842815,0.0,4.60951757,1041414.0
2001.0,SWZ,8500.0,21000.0,SWZ,SWZ,19000.0,22000.0,1429.85630359447,1.0,5.13895369,1051064.0
2002.0,SWZ,9400.0,20000.0,SWZ,SWZ,19000.0,21000.0,1315.73634647994,1.0,5.52298307,1059441.0
2003.0,SWZ,10000.0,19000.0,SWZ,SWZ,18000.0,21000.0,2015.21743065251,2.0,6.37864399,1066700.0
2004.0,SWZ,11000.0,19000.0,SWZ,SWZ,18000.0,20000.0,2525.5640452625,3.0,6.81432486,1073159.0
2005.0,SWZ,11000.0,18000.0,SWZ,SWZ,17000.0,19000.0,2871.06877437449,6.0,7.37623358,1079022.0
2006.0,SWZ,9700.0,17000.0,SWZ,SWZ,16000.0,18000.0,2964.95865200682,10.0,7.82560062,1084436.0
2007.0,SWZ,8800.0,17000.0,SWZ,SWZ,16000.0,18000.0,3109.11097608864,13.0,7.93004131,1090705.0
2008.0,SWZ,8200.0,17000.0,SWZ,SWZ,15000.0,18000.0,2946.8606613746,17.0,8.85792923,1098091.0
2009.0,SWZ,7500.0,16000.0,SWZ,SWZ,14000.0,17000.0,3189.79679956637,22.0,8.63292217,1105153.0
2010.0,SWZ,6500.0,14000.0,SWZ,SWZ,13000.0,16000.0,3922.74039390733,31.0,8.5912571,1111650.0
2011.0,SWZ,5400.0,14000.0,SWZ,SWZ,12000.0,15000.0,4225.06049411911,34.0,8.46997261,1117833.0
2012.0,SWZ,5100.0,14000.0,SWZ,SWZ,12000.0,15000.0,4224.54789174487,38.0,7.82047606,1123863.0
2013.0,SWZ,4900.0,13000.0,SWZ,SWZ,12000.0,15000.0,3949.94310039907,43.0,7.45703411,1129990.0
2014.0,SWZ,4700.0,13000.0,SWZ,SWZ,11000.0,14000.0,3771.07228381938,52.0,7.25596571,1136299.0
2015.0,SWZ,4400.0,11000.0,SWZ,SWZ,9400.0,12000.0,3419.82276559528,67.0,7.05855274,1142813.0
2016.0,SWZ,4000.0,8400.0,SWZ,SWZ,7400.0,9500.0,3238.17611961364,77.0,6.82044792,1149507.0
2017.0,SWZ,3300.0,7200.0,SWZ,SWZ,6400.0,8300.0,3853.09956569679,78.0,6.98103714,1158195.0
2018.0,SWZ,3000.0,6900.0,SWZ,SWZ,5800.0,8000.0,3972.65450620357,78.0,7.31937742,1168929.0
2019.0,SWZ,3300.0,6300.0,SWZ,SWZ,5300.0,7300.0,3913.14577547336,84.0,8.40033817,1179874.0
2020.0,SWZ,3300.0,5300.0,SWZ,SWZ,4400.0,6200.0,3466.56936278145,90.0,7.0983777,1192729.0
2021.0,SWZ,2900.0,5300.0,SWZ,SWZ,4400.0,6400.0,3984.00229174306,88.0,7.40552139,1206593.0
2022.0,SWZ,2900.0,4400.0,SWZ,SWZ,3500.0,5300.0,3894.1620089869,89.0,7.2449131,1218917.0
2023.0,SWZ,2900.0,4600.0,SWZ,SWZ,3800.0,5600.0,3755.52111232464,91.0,7.49763966,1230506.0
2024.0,SWZ,2900.0,4200.0,SWZ,SWZ,3400.0,5200.0,3909.55892378182,94.0,,1242822.0
1990.0,ETH,20000.0,140000.0,ETH,ETH,79000.0,280000.0,262.108971053707,,,47609755.0
1991.0,ETH,26000.0,150000.0,ETH,ETH,86000.0,300000.0,277.565910365091,,,49717198.0
1992.0,ETH,33000.0,150000.0,ETH,ETH,83000.0,290000.0,207.406400863847,,,51853747.0
1993.0,ETH,40000.0,140000.0,ETH,ETH,78000.0,270000.0,168.520401400989,,,53708891.0
1994.0,ETH,47000.0,120000.0,ETH,ETH,69000.0,240000.0,127.685923459033,,,55611508.0
1995.0,ETH,53000.0,110000.0,ETH,ETH,61000.0,210000.0,136.523619088963,,,57537335.0
1996.0,ETH,60000.0,93000.0,ETH,ETH,53000.0,190000.0,147.327458851964,,,59467635.0
1997.0,ETH,65000.0,84000.0,ETH,ETH,48000.0,170000.0,143.369531498844,,,61404539.0
1998.0,ETH,70000.0,76000.0,ETH,ETH,43000.0,150000.0,126.465095781244,,,63363524.0
1999.0,ETH,73000.0,69000.0,ETH,ETH,40000.0,140000.0,120.734631499865,,,65374561.0
2000.0,ETH,75000.0,59000.0,ETH,ETH,34000.0,120000.0,122.269202606069,0.0,4.36504698,67411494.0
2001.0,ETH,76000.0,54000.0,ETH,ETH,31000.0,110000.0,118.457204255261,0.0,4.72316694,69487762.0
2002.0,ETH,76000.0,50000.0,ETH,ETH,28000.0,99000.0,109.593813612988,0.0,4.7126298,71635517.0
2003.0,ETH,75000.0,46000.0,ETH,ETH,26000.0,91000.0,116.800491132777,0.0,4.89970922,73832663.0
2004.0,ETH,73000.0,41000.0,ETH,ETH,23000.0,82000.0,133.169812538096,1.0,4.31281853,76077206.0
2005.0,ETH,68000.0,38000.0,ETH,ETH,22000.0,75000.0,158.243458082465,3.0,4.10098124,78367470.0
2006.0,ETH,60000.0,34000.0,ETH,ETH,20000.0,69000.0,189.345737521418,7.0,4.45757294,80703490.0
2007.0,ETH,49000.0,32000.0,ETH,ETH,18000.0,64000.0,237.146255996319,13.0,5.00128317,83103217.0
2008.0,ETH,39000.0,30000.0,ETH,ETH,17000.0,60000.0,316.410475118075,20.0,4.28063869,85543668.0
2009.0,ETH,32000.0,27000.0,ETH,ETH,16000.0,55000.0,368.574712267445,27.0,4.6496563,88007636.0
2010.0,ETH,27000.0,26000.0,ETH,ETH,15000.0,51000.0,330.619412798644,33.0,5.46637249,90538514.0
2011.0,ETH,22000.0,23000.0,ETH,ETH,13000.0,47000.0,343.024942351887,40.0,4.46897745,93149970.0
2012.0,ETH,19000.0,21000.0,ETH,ETH,12000.0,41000.0,452.101031885754,44.0,4.5395956,95798767.0
2013.0,ETH,17000.0,18000.0,ETH,ETH,11000.0,37000.0,484.039833104062,48.0,4.07506514,98438751.0
2014.0,ETH,17000.0,17000.0,ETH,ETH,9700.0,34000.0,549.986577082588,56.0,4.03365517,101115610.0
2015.0,ETH,16000.0,14000.0,ETH,ETH,8300.0,29000.0,597.912113218663,60.0,3.82316828,103867135.0
2016.0,ETH,16000.0,15000.0,ETH,ETH,8800.0,31000.0,641.651523286233,66.0,3.60033751,106718162.0
2017.0,ETH,15000.0,15000.0,ETH,ETH,8400.0,29000.0,696.348429076216,69.0,3.45336914,109666481.0
2018.0,ETH,15000.0,14000.0,ETH,ETH,7900.0,28000.0,739.702022272086,71.0,3.30371761,112664152.0
2019.0,ETH,14000.0,12000.0,ETH,ETH,7200.0,25000.0,793.473247218996,75.0,3.24287128,115737383.0
2020.0,ETH,13000.0,11000.0,ETH,ETH,6000.0,21000.0,829.790982552951,78.0,3.48096275,118917671.0
2021.0,ETH,12000.0,13000.0,ETH,ETH,7200.0,25000.0,893.009835441784,78.0,3.20779967,122138588.0
2022.0,ETH,11000.0,9700.0,ETH,ETH,5500.0,19000.0,982.103161502198,82.0,2.85298109,125384287.0
2023.0,ETH,10000.0,8700.0,ETH,ETH,5000.0,17000.0,1055.81091593061,85.0,2.80310345,128691692.0
2024.0,ETH,9600.0,8000.0,ETH,ETH,4600.0,16000.0,1133.88279681256,88.0,,132059767.0
1990.0,KEN,27000.0,210000.0,KEN,KEN,130000.0,320000.0,374.458992895562,,,22892651.0
1991.0,KEN,37000.0,240000.0,KEN,KEN,150000.0,370000.0,344.722642127742,,,23646514.0
1992.0,KEN,47000.0,250000.0,KEN,KEN,160000.0,390000.0,336.68139978696,,,24382460.0
1993.0,KEN,59000.0,250000.0,KEN,KEN,160000.0,380000.0,228.998032843434,,,25117188.0
1994.0,KEN,71000.0,230000.0,KEN,KEN,140000.0,350000.0,276.447871981244,,,25857130.0
1995.0,KEN,83000.0,200000.0,KEN,KEN,130000.0,310000.0,340.064842175429,,,26601751.0
1996.0,KEN,94000.0,180000.0,KEN,KEN,120000.0,280000.0,440.527078880876,,,27344211.0
1997.0,KEN,100000.0,170000.0,KEN,KEN,110000.0,260000.0,466.723814611399,,,28101768.0
1998.0,KEN,110000.0,150000.0,KEN,KEN,99000.0,240000.0,487.883239905452,,,28888057.0
1999.0,KEN,120000.0,140000.0,KEN,KEN,93000.0,230000.0,433.721235701305,,,29733408.0
2000.0,KEN,130000.0,130000.0,KEN,KEN,85000.0,210000.0,414.626365130846,0.0,3.62451434,30642890.0
2001.0,KEN,130000.0,130000.0,KEN,KEN,81000.0,200000.0,410.700452474814,0.0,3.74002314,31619170.0
2002.0,KEN,140000.0,120000.0,KEN,KEN,76000.0,180000.0,402.936385605382,0.0,3.82159472,32629808.0
2003.0,KEN,140000.0,110000.0,KEN,KEN,72000.0,180000.0,442.898457253405,0.0,4.03365707,33652223.0
2004.0,KEN,130000.0,110000.0,KEN,KEN,68000.0,170000.0,463.662781300121,2.0,4.21159506,34713455.0
2005.0,KEN,120000.0,100000.0,KEN,KEN,64000.0,150000.0,523.456312433863,4.0,4.2174139,35796484.0
2006.0,KEN,110000.0,93000.0,KEN,KEN,59000.0,140000.0,699.80237063381,9.0,5.0134387,36904008.0
2007.0,KEN,95000.0,86000.0,KEN,KEN,55000.0,130000.0,840.201439476765,13.0,5.12358475,38036349.0
2008.0,KEN,81000.0,76000.0,KEN,KEN,48000.0,120000.0,915.54435473604,18.0,5.19050598,39206351.0
2009.0,KEN,68000.0,72000.0,KEN,KEN,46000.0,110000.0,1047.9678324485,24.0,5.29172945,40408891.0
2010.0,KEN,58000.0,67000.0,KEN,KEN,43000.0,100000.0,1091.51873101194,31.0,5.38849831,41598567.0
2011.0,KEN,51000.0,59000.0,KEN,KEN,38000.0,92000.0,1096.14499807675,38.0,5.20212841,42758461.0
2012.0,KEN,46000.0,57000.0,KEN,KEN,36000.0,88000.0,1285.00536171512,43.0,5.0180583,43888303.0
2013.0,KEN,43000.0,52000.0,KEN,KEN,33000.0,81000.0,1370.87885214659,47.0,4.93100405,44986791.0
2014.0,KEN,41000.0,46000.0,KEN,KEN,30000.0,72000.0,1482.81566253497,54.0,4.91267347,46051440.0
2015.0,KEN,36000.0,38000.0,KEN,KEN,24000.0,59000.0,1489.11959777284,65.0,4.76439571,47088526.0
2016.0,KEN,31000.0,32000.0,KEN,KEN,21000.0,50000.0,1554.12610314423,74.0,4.75429106,48139687.0
2017.0,KEN,28000.0,30000.0,KEN,KEN,19000.0,46000.0,1667.48447230835,81.0,3.98597503,49197766.0
2018.0,KEN,25000.0,25000.0,KEN,KEN,16000.0,39000.0,1836.45275528993,80.0,4.09903383,50207107.0
2019.0,KEN,24000.0,25000.0,KEN,KEN,16000.0,38000.0,1960.40808854893,78.0,4.36874676,51202827.0
2020.0,KEN,25000.0,24000.0,KEN,KEN,15000.0,37000.0,1927.66459027849,78.0,4.49248886,52217334.0
2021.0,KEN,25000.0,24000.0,KEN,KEN,15000.0,37000.0,2061.35622089594,84.0,4.56992722,53219166.0
2022.0,KEN,23000.0,23000.0,KEN,KEN,15000.0,36000.0,2109.56288513137,85.0,4.32241869,54252461.0
2023.0,KEN,21000.0,20000.0,KEN,KEN,13000.0,31000.0,1942.58802756191,86.0,4.35172892,55339003.0
2024.0,KEN,21000.0,20000.0,KEN,KEN,13000.0,31000.0,2133.46193404026,87.0,,56432944.0
1990.0,LSO,580.0,8400.0,LSO,LSO,6600.0,10000.0,329.563785157203,,,1809696.0
1991.0,LSO,970.0,13000.0,LSO,LSO,11000.0,16000.0,382.291247739142,,,1842379.0
1992.0,LSO,1600.0,20000.0,LSO,LSO,16000.0,24000.0,443.624297195576,,,1873274.0
1993.0,LSO,2400.0,26000.0,LSO,LSO,22000.0,32000.0,439.365410681482,,,1901793.0
1994.0,LSO,3500.0,32000.0,LSO,LSO,27000.0,39000.0,455.593586203956,,,1927707.0
1995.0,LSO,4900.0,35000.0,LSO,LSO,30000.0,42000.0,513.413448796175,,,1951437.0
1996.0,LSO,6400.0,35000.0,LSO,LSO,31000.0,40000.0,479.671394625707,,,1972418.0
1997.0,LSO,8100.0,33000.0,LSO,LSO,29000.0,37000.0,501.981388900965,,,1988130.0
1998.0,LSO,9800.0,31000.0,LSO,LSO,27000.0,34000.0,464.683745548265,,,1998049.0
1999.0,LSO,12000.0,29000.0,LSO,LSO,25000.0,32000.0,455.650054387377,,,2003234.0
2000.0,LSO,13000.0,27000.0,LSO,LSO,24000.0,31000.0,442.779545779081,0.0,5.15633392,2003913.0
2001.0,LSO,15000.0,26000.0,LSO,LSO,24000.0,29000.0,412.677473676821,0.0,6.59075689,2000853.0
2002.0,LSO,16000.0,26000.0,LSO,LSO,23000.0,29000.0,388.92334985135,0.0,5.8607502,1994679.0
2003.0,LSO,18000.0,26000.0,LSO,LSO,23000.0,29000.0,583.270036200288,0.0,5.33754826,1985059.0
2004.0,LSO,19000.0,26000.0,LSO,LSO,23000.0,29000.0,766.685820928242,1.0,5.24658537,1971129.0
2005.0,LSO,18000.0,25000.0,LSO,LSO,23000.0,29000.0,861.381496414995,3.0,4.67452669,1953076.0
2006.0,LSO,17000.0,25000.0,LSO,LSO,23000.0,29000.0,925.467485502842,7.0,5.40532398,1945063.0
2007.0,LSO,14000.0,24000.0,LSO,LSO,22000.0,28000.0,861.188420899563,15.0,7.22251844,1953268.0
2008.0,LSO,11000.0,24000.0,LSO,LSO,21000.0,27000.0,898.482517882593,20.0,7.66648197,1966541.0
2009.0,LSO,9400.0,22000.0,LSO,LSO,19000.0,25000.0,878.847950537772,27.0,8.9529829,1980883.0
2010.0,LSO,8200.0,19000.0,LSO,LSO,17000.0,22000.0,1119.47557793042,33.0,7.4048481,1996251.0
2011.0,LSO,7600.0,18000.0,LSO,LSO,15000.0,21000.0,1280.73390931581,34.0,8.99487114,2014009.0
2012.0,LSO,7700.0,17000.0,LSO,LSO,14000.0,20000.0,1217.93071228944,37.0,9.98601341,2034354.0
2013.0,LSO,7800.0,17000.0,LSO,LSO,14000.0,20000.0,1151.03735837227,40.0,10.97986031,2056504.0
2014.0,LSO,7800.0,15000.0,LSO,LSO,13000.0,18000.0,1173.5377928819,44.0,9.98823929,2080089.0
2015.0,LSO,7600.0,13000.0,LSO,LSO,11000.0,16000.0,1121.19851342518,51.0,9.25280476,2104611.0
2016.0,LSO,7000.0,11000.0,LSO,LSO,9200.0,13000.0,992.491840678465,61.0,9.19744301,2130422.0
2017.0,LSO,6300.0,9100.0,LSO,LSO,7600.0,11000.0,1069.36673247542,68.0,10.52956581,2157110.0
2018.0,LSO,5600.0,7400.0,LSO,LSO,5900.0,9300.0,1170.65569702819,71.0,11.12637329,2183603.0
2019.0,LSO,5400.0,6600.0,LSO,LSO,5300.0,8400.0,1082.05706777516,77.0,21.92373085,2209405.0
2020.0,LSO,5000.0,5800.0,LSO,LSO,4600.0,7500.0,918.582574704447,81.0,10.40836906,2235727.0
2021.0,LSO,4600.0,4800.0,LSO,LSO,3700.0,6200.0,1066.58645143823,84.0,10.66165733,2261542.0
2022.0,LSO,4300.0,3900.0,LSO,LSO,2900.0,5200.0,1030.12582947757,87.0,12.89569187,2286110.0
2023.0,LSO,4100.0,3800.0,LSO,LSO,2700.0,5000.0,921.435141557056,90.0,12.61182117,2311472.0
2024.0,LSO,4000.0,3200.0,LSO,LSO,2300.0,4200.0,1023.04227681523,94.0,,2337423.0
1990.0,MDG,100.0,200.0,MDG,MDG,100.0,500.0,326.099253221978,,,12055639.0
1991.0,MDG,100.0,200.0,MDG,MDG,100.0,500.0,262.024402380479,,,12421412.0
1992.0,MDG,100.0,200.0,MDG,MDG,100.0,500.0,290.2120463948,,,12800870.0
1993.0,MDG,100.0,500.0,MDG,MDG,100.0,540.0,307.887603096441,,,13197345.0
1994.0,MDG,100.0,500.0,MDG,MDG,200.0,640.0,258.723806434505,,,13613850.0
1995.0,MDG,100.0,500.0,MDG,MDG,200.0,750.0,273.149653945976,,,14051275.0
1996.0,MDG,100.0,500.0,MDG,MDG,500.0,940.0,339.877283663608,,,14510711.0
1997.0,MDG,200.0,520.0,MDG,MDG,500.0,1100.0,284.371843967244,,,14990814.0
1998.0,MDG,200.0,670.0,MDG,MDG,500.0,1400.0,284.192923139852,,,15489364.0
1999.0,MDG,200.0,830.0,MDG,MDG,500.0,1700.0,267.360530991414,,,16000506.0
2000.0,MDG,500.0,1100.0,MDG,MDG,600.0,1900.0,280.282905559649,0.0,3.99177623,16516338.0
2001.0,MDG,500.0,1300.0,MDG,MDG,770.0,2300.0,319.283278235657,0.0,4.11513853,17032939.0
2002.0,MDG,500.0,1600.0,MDG,MDG,990.0,2600.0,304.941777398445,0.0,4.92866945,17549913.0
2003.0,MDG,500.0,2000.0,MDG,MDG,1300.0,3000.0,352.620095849925,0.0,5.00276566,18071854.0
2004.0,MDG,500.0,2300.0,MDG,MDG,1500.0,3400.0,272.20074858856,0.0,5.25090027,18606608.0
2005.0,MDG,570.0,2800.0,MDG,MDG,1900.0,3800.0,305.812074924388,0.0,5.21557808,19159707.0
2006.0,MDG,690.0,3100.0,MDG,MDG,2300.0,4200.0,324.146874882604,1.0,5.07203865,19730909.0
2007.0,MDG,820.0,3500.0,MDG,MDG,2600.0,4500.0,419.548001431865,1.0,4.60865784,20318583.0
2008.0,MDG,980.0,3800.0,MDG,MDG,2900.0,4900.0,512.579800058444,1.0,4.08111811,20923840.0
2009.0,MDG,1200.0,4000.0,MDG,MDG,3100.0,5100.0,446.315238370592,1.0,4.38469839,21547280.0
2010.0,MDG,1300.0,4200.0,MDG,MDG,3300.0,5300.0,450.009391645726,1.0,4.69762659,22183340.0
2011.0,MDG,1500.0,4300.0,MDG,MDG,3400.0,5500.0,506.163691559309,1.0,4.521595,22822300.0
2012.0,MDG,1700.0,4400.0,MDG,MDG,3400.0,5700.0,493.511162904211,1.0,3.91105914,23462438.0
2013.0,MDG,1900.0,4700.0,MDG,MDG,3600.0,6000.0,515.301589361832,2.0,3.75156307,24109290.0
2014.0,MDG,2100.0,5000.0,MDG,MDG,3700.0,6600.0,505.684922503435,2.0,4.46240282,24764348.0
2015.0,MDG,2300.0,5200.0,MDG,MDG,3900.0,7100.0,445.320069480568,3.0,5.0062542,25426702.0
2016.0,MDG,2500.0,5700.0,MDG,MDG,4200.0,7800.0,453.970714522463,4.0,5.33248854,26099952.0
2017.0,MDG,2700.0,6200.0,MDG,MDG,4500.0,8500.0,491.866848718929,5.0,4.80225945,26788375.0
2018.0,MDG,2800.0,6700.0,MDG,MDG,4800.0,9200.0,500.45718552916,7.0,4.22160387,27494926.0
2019.0,MDG,2900.0,7200.0,MDG,MDG,5200.0,9900.0,499.818837622534,10.0,3.10129309,28219554.0
2020.0,MDG,3000.0,7900.0,MDG,MDG,5500.0,11000.0,450.771615205157,10.0,3.72316122,28953556.0
2021.0,MDG,3100.0,8600.0,MDG,MDG,6000.0,12000.0,483.469463351195,15.0,3.55335546,29691083.0
2022.0,MDG,3100.0,9100.0,MDG,MDG,6200.0,13000.0,504.059106969168,18.0,3.14948058,30437261.0
2023.0,MDG,3100.0,14000.0,MDG,MDG,11000.0,19000.0,514.064076551927,22.0,3.42822957,31195932.0
2024.0,MDG,3100.0,16000.0,MDG,MDG,12000.0,22000.0,550.37875528856,29.0,,31964956.0
1990.0,MWI,20000.0,120000.0,MWI,MWI,110000.0,120000.0,286.730598968269,,,9545852.0
1991.0,MWI,25000.0,130000.0,MWI,MWI,120000.0,130000.0,325.75273105931,,,9844227.0
1992.0,MWI,32000.0,130000.0,MWI,MWI,130000.0,140000.0,258.393430877557,,,10135079.0
1993.0,MWI,38000.0,140000.0,MWI,MWI,130000.0,150000.0,293.016883079922,,,10284024.0
1994.0,MWI,44000.0,130000.0,MWI,MWI,130000.0,140000.0,169.196526919639,,,10164894.0
1995.0,MWI,49000.0,120000.0,MWI,MWI,120000.0,130000.0,200.362370007247,,,10150117.0
1996.0,MWI,55000.0,120000.0,MWI,MWI,110000.0,130000.0,320.662735559137,,,10352228.0
1997.0,MWI,61000.0,110000.0,MWI,MWI,110000.0,120000.0,366.954461274104,,,10562035.0
1998.0,MWI,66000.0,110000.0,MWI,MWI,100000.0,120000.0,236.045479450504,,,10792876.0
1999.0,MWI,71000.0,96000.0,MWI,MWI,91000.0,100000.0,233.935986197873,,,11047804.0
2000.0,MWI,74000.0,96000.0,MWI,MWI,91000.0,110000.0,224.22415918428,0.0,2.35247517,11315942.0
2001.0,MWI,77000.0,91000.0,MWI,MWI,86000.0,100000.0,215.474524898357,0.0,2.06040049,11593058.0
2002.0,MWI,79000.0,86000.0,MWI,MWI,81000.0,96000.0,428.210439838398,0.0,2.69725966,11880440.0
2003.0,MWI,80000.0,81000.0,MWI,MWI,77000.0,91000.0,383.348596852642,0.0,3.32019806,12181574.0
2004.0,MWI,79000.0,78000.0,MWI,MWI,73000.0,87000.0,404.674248445428,1.0,4.07199907,12500737.0
2005.0,MWI,75000.0,73000.0,MWI,MWI,69000.0,83000.0,414.361121984475,3.0,4.30046511,12840031.0
2006.0,MWI,69000.0,69000.0,MWI,MWI,65000.0,78000.0,440.822149023873,6.0,4.91223288,13198701.0
2007.0,MWI,60000.0,65000.0,MWI,MWI,61000.0,75000.0,475.180261659331,11.0,5.44258356,13576343.0
2008.0,MWI,51000.0,63000.0,MWI,MWI,58000.0,71000.0,554.048820396119,17.0,6.10668802,13976417.0
2009.0,MWI,43000.0,57000.0,MWI,MWI,52000.0,65000.0,625.869729869625,22.0,5.87333822,14395788.0
2010.0,MWI,38000.0,57000.0,MWI,MWI,52000.0,65000.0,683.124694716799,27.0,5.14304781,14826463.0
2011.0,MWI,34000.0,54000.0,MWI,MWI,49000.0,62000.0,763.061000394572,34.0,5.32226658,15265022.0
2012.0,MWI,29000.0,51000.0,MWI,MWI,47000.0,58000.0,558.46208832772,42.0,6.02199793,15709577.0
2013.0,MWI,26000.0,48000.0,MWI,MWI,44000.0,55000.0,496.947368267313,48.0,8.22379494,16161816.0
2014.0,MWI,24000.0,45000.0,MWI,MWI,42000.0,52000.0,529.5133440206,54.0,6.89776182,16621538.0
2015.0,MWI,22000.0,40000.0,MWI,MWI,37000.0,47000.0,539.605363240686,59.0,6.62879086,17085587.0
2016.0,MWI,22000.0,36000.0,MWI,MWI,33000.0,42000.0,450.506105510719,67.0,7.72703791,17557739.0
2017.0,MWI,20000.0,30000.0,MWI,MWI,27000.0,36000.0,495.769683367165,74.0,7.58438921,18039715.0
2018.0,MWI,19000.0,25000.0,MWI,MWI,21000.0,30000.0,533.202567189331,80.0,6.88249922,18528081.0
2019.0,MWI,17000.0,22000.0,MWI,MWI,19000.0,27000.0,580.889139762475,81.0,6.37021732,19025752.0
2020.0,MWI,16000.0,19000.0,MWI,MWI,16000.0,24000.0,602.507478176106,85.0,7.03859568,19533888.0
2021.0,MWI,16000.0,16000.0,MWI,MWI,13000.0,21000.0,617.446994451007,87.0,7.5164628,20047258.0
2022.0,MWI,15000.0,15000.0,MWI,MWI,12000.0,19000.0,604.269740360317,88.0,6.62527609,20568728.0
2023.0,MWI,14000.0,13000.0,MWI,MWI,10000.0,17000.0,633.214767978695,90.0,6.53459597,21104482.0
2024.0,MWI,14000.0,12000.0,MWI,MWI,9300.0,16000.0,522.365366146003,90.0,,21655286.0
1990.0,MUS,,,TUR,MUS,,,2689.52621921233,,,56015628.0
1990.0,MUS,,,TUR,TUR,,,2689.52621921233,,,56015628.0
1991.0,MUS,,,TUR,MUS,,,2649.27259974439,,,57009887.0
1991.0,MUS,,,TUR,TUR,,,2649.27259974439,,,57009887.0
1992.0,MUS,,,TUR,MUS,,,2743.65320297936,,,57990118.0
1992.0,MUS,,,TUR,TUR,,,2743.65320297936,,,57990118.0
1993.0,MUS,,,TUR,MUS,,,3057.93737480422,,,58999167.0
1993.0,MUS,,,TUR,TUR,,,3057.93737480422,,,58999167.0
1994.0,MUS,,,TUR,MUS,,,2176.2801813809,,,60033836.0
1994.0,MUS,,,TUR,TUR,,,2176.2801813809,,,60033836.0
1995.0,MUS,,,TUR,MUS,,,3845.98997887841,,,61024503.0
1995.0,MUS,,,TUR,TUR,,,3845.98997887841,,,61024503.0
1996.0,MUS,,,TUR,MUS,,,4041.36210281686,,,61951134.0
1996.0,MUS,,,TUR,TUR,,,4041.36210281686,,,61951134.0
1997.0,MUS,,,TUR,MUS,,,4197.37636165642,,,62852966.0
1997.0,MUS,,,TUR,TUR,,,4197.37636165642,,,62852966.0
1998.0,MUS,,,TUR,MUS,,,4331.02761275037,,,63734383.0
1998.0,MUS,,,TUR,TUR,,,4331.02761275037,,,63734383.0
1999.0,MUS,,,TUR,MUS,,,3973.77763854116,,,64591923.0
1999.0,MUS,,,TUR,TUR,,,3973.77763854116,,,64591923.0
2000.0,MUS,,,TUR,MUS,,,4199.3798635759,,4.59957218,65425961.0
2000.0,MUS,,,TUR,TUR,,,4199.3798635759,,4.59957218,65425961.0
2001.0,MUS,,,TUR,MUS,,,3052.2256706793,,4.88784933,66245128.0
2001.0,MUS,,,TUR,TUR,,,3052.2256706793,,4.88784933,66245128.0
2002.0,MUS,,,TUR,MUS,,,3591.08628982587,,5.06227875,67048795.0
2002.0,MUS,,,TUR,TUR,,,3591.08628982587,,5.06227875,67048795.0
2003.0,MUS,,,TUR,MUS,,,4649.63668068586,,5.01427698,67831730.0
2003.0,MUS,,,TUR,TUR,,,4649.63668068586,,5.01427698,67831730.0
2004.0,MUS,,,TUR,MUS,,,5979.6054216148,,4.9096446,68592617.0
2004.0,MUS,,,TUR,TUR,,,5979.6054216148,,4.9096446,68592617.0
2005.0,MUS,,,TUR,MUS,,,7331.85429430255,,4.89389706,69329557.0
2005.0,MUS,,,TUR,TUR,,,7331.85429430255,,4.89389706,69329557.0
2006.0,MUS,,,TUR,MUS,,,7990.08251407245,,5.14591694,70045349.0
2006.0,MUS,,,TUR,TUR,,,7990.08251407245,,5.14591694,70045349.0
2007.0,MUS,,,TUR,MUS,,,9766.91734545294,,5.23760796,70158112.0
2007.0,MUS,,,TUR,TUR,,,9766.91734545294,,5.23760796,70158112.0
2008.0,MUS,,,TUR,MUS,,,10913.4079047769,,5.21761751,71051678.0
2008.0,MUS,,,TUR,TUR,,,10913.4079047769,,5.21761751,71051678.0
2009.0,MUS,,,TUR,MUS,,,9076.92472236977,,5.49438715,72039206.0
2009.0,MUS,,,TUR,TUR,,,9076.92472236977,,5.49438715,72039206.0
2010.0,MUS,,,TUR,MUS,,,10698.9699409757,,5.02053452,73142150.0
2010.0,MUS,,,TUR,TUR,,,10698.9699409757,,5.02053452,73142150.0
2011.0,MUS,,,TUR,MUS,,,11373.6355760885,,4.6530509,74223629.0
2011.0,MUS,,,TUR,TUR,,,11373.6355760885,,4.6530509,74223629.0
2012.0,MUS,,,TUR,MUS,,,11776.7593362033,,4.44444656,75175827.0
2012.0,MUS,,,TUR,TUR,,,11776.7593362033,,4.44444656,75175827.0
2013.0,MUS,,,TUR,MUS,,,12635.5570016068,,4.37099934,76147624.0
2013.0,MUS,,,TUR,TUR,,,12635.5570016068,,4.37099934,76147624.0
2014.0,MUS,,,TUR,MUS,,,12209.3862327674,,4.32517862,77181884.0
2014.0,MUS,,,TUR,TUR,,,12209.3862327674,,4.32517862,77181884.0
2015.0,MUS,,,TUR,MUS,,,11064.6494504662,,4.11690426,78218479.0
2015.0,MUS,,,TUR,TUR,,,11064.6494504662,,4.11690426,78218479.0
2016.0,MUS,,,TUR,MUS,,,10984.3643169061,,4.28469229,79277962.0
2016.0,MUS,,,TUR,TUR,,,10984.3643169061,,4.28469229,79277962.0
2017.0,MUS,,,TUR,MUS,,,10756.3877677883,,4.17974997,80312698.0
2017.0,MUS,,,TUR,TUR,,,10756.3877677883,,4.17974997,80312698.0
2018.0,MUS,,,TUR,MUS,,,9684.11819884721,,4.12101603,81407204.0
2018.0,MUS,,,TUR,TUR,,,9684.11819884721,,4.12101603,81407204.0
2019.0,MUS,,,TUR,MUS,,,9395.23378001368,,4.35954332,82579440.0
2019.0,MUS,,,TUR,TUR,,,9395.23378001368,,4.35954332,82579440.0
2020.0,MUS,,,TUR,MUS,,,8798.11791709313,,4.61640215,83384680.0
2020.0,MUS,,,TUR,TUR,,,8798.11791709313,,4.61640215,83384680.0
2021.0,MUS,,,TUR,MUS,,,9981.76398411336,,4.56065559,84147318.0
2021.0,MUS,,,TUR,TUR,,,9981.76398411336,,4.56065559,84147318.0
2022.0,MUS,,,TUR,MUS,,,10897.8397861365,,3.70338893,84979913.0
2022.0,MUS,,,TUR,TUR,,,10897.8397861365,,3.70338893,84979913.0
2023.0,MUS,,,TUR,MUS,,,13375.0947282864,,4.27524424,85325965.0
2023.0,MUS,,,TUR,TUR,,,13375.0947282864,,4.27524424,85325965.0
2024.0,MUS,,,TUR,MUS,,,15892.7157287241,,,85518661.0
2024.0,MUS,,,TUR,TUR,,,15892.7157287241,,,85518661.0
1990.0,MOZ,5200.0,39000.0,MOZ,MOZ,31000.0,49000.0,,,,13094537.0
1991.0,MOZ,7000.0,48000.0,MOZ,MOZ,39000.0,60000.0,288.708092484444,,,13352090.0
1992.0,MOZ,9300.0,59000.0,MOZ,MOZ,49000.0,72000.0,205.585216062094,,,13613316.0
1993.0,MOZ,12000.0,69000.0,MOZ,MOZ,59000.0,83000.0,205.189844208699,,,14051192.0
1994.0,MOZ,16000.0,83000.0,MOZ,MOZ,72000.0,99000.0,196.763143175646,,,15033853.0
1995.0,MOZ,21000.0,100000.0,MOZ,MOZ,89000.0,120000.0,191.826096861406,,,15960530.0
1996.0,MOZ,26000.0,120000.0,MOZ,MOZ,100000.0,130000.0,244.362651012498,,,16492480.0
1997.0,MOZ,32000.0,130000.0,MOZ,MOZ,120000.0,150000.0,287.532091475389,,,16949982.0
1998.0,MOZ,38000.0,140000.0,MOZ,MOZ,130000.0,160000.0,320.125121723292,,,17340464.0
1999.0,MOZ,44000.0,150000.0,MOZ,MOZ,140000.0,180000.0,354.406245723711,,,17734506.0
2000.0,MOZ,51000.0,160000.0,MOZ,MOZ,140000.0,180000.0,327.12623979157,0.0,2.14253044,18129653.0
2001.0,MOZ,58000.0,160000.0,MOZ,MOZ,150000.0,180000.0,304.792138621913,0.0,2.80098224,18537729.0
2002.0,MOZ,65000.0,160000.0,MOZ,MOZ,150000.0,180000.0,313.886661721198,0.0,3.18652654,18958338.0
2003.0,MOZ,71000.0,160000.0,MOZ,MOZ,150000.0,180000.0,339.488737800648,0.0,3.25095367,19392475.0
2004.0,MOZ,77000.0,160000.0,MOZ,MOZ,150000.0,180000.0,400.056973161545,1.0,3.53062654,19840313.0
2005.0,MOZ,82000.0,160000.0,MOZ,MOZ,150000.0,180000.0,436.773856167384,2.0,4.21435642,20304569.0
2006.0,MOZ,82000.0,160000.0,MOZ,MOZ,150000.0,180000.0,457.487647833183,3.0,3.94559026,20787087.0
2007.0,MOZ,77000.0,150000.0,MOZ,MOZ,140000.0,170000.0,507.874923914304,7.0,3.79955554,21287635.0
2008.0,MOZ,73000.0,160000.0,MOZ,MOZ,150000.0,180000.0,592.159111184122,10.0,4.13496828,21819036.0
2009.0,MOZ,71000.0,160000.0,MOZ,MOZ,140000.0,180000.0,547.697144193651,11.0,5.05562353,22391745.0
2010.0,MOZ,73000.0,170000.0,MOZ,MOZ,150000.0,180000.0,496.185839392659,14.0,5.29249668,22999235.0
2011.0,MOZ,72000.0,160000.0,MOZ,MOZ,150000.0,180000.0,618.17649286789,16.0,4.9217639,23649039.0
2012.0,MOZ,74000.0,160000.0,MOZ,MOZ,150000.0,180000.0,685.685748199513,18.0,5.14035702,24337846.0
2013.0,MOZ,72000.0,160000.0,MOZ,MOZ,150000.0,180000.0,686.505672517351,26.0,6.04556036,25051611.0
2014.0,MOZ,63000.0,150000.0,MOZ,MOZ,140000.0,170000.0,697.142680444123,34.0,6.24013042,25788475.0
2015.0,MOZ,55000.0,150000.0,MOZ,MOZ,140000.0,170000.0,610.563774706589,41.0,6.60972881,26547572.0
2016.0,MOZ,51000.0,140000.0,MOZ,MOZ,130000.0,160000.0,441.489734819071,48.0,7.21501875,27337105.0
2017.0,MOZ,49000.0,130000.0,MOZ,MOZ,120000.0,150000.0,470.93856305196,55.0,7.80532169,28166393.0
2018.0,MOZ,47000.0,130000.0,MOZ,MOZ,110000.0,150000.0,517.507260258101,56.0,7.97903347,29018644.0
2019.0,MOZ,49000.0,130000.0,MOZ,MOZ,110000.0,150000.0,519.09255091362,60.0,7.90207434,29884380.0
2020.0,MOZ,50000.0,130000.0,MOZ,MOZ,110000.0,150000.0,462.433876479921,61.0,7.55190039,30783688.0
2021.0,MOZ,50000.0,120000.0,MOZ,MOZ,100000.0,140000.0,509.907829475551,67.0,8.64841366,31707800.0
2022.0,MOZ,49000.0,110000.0,MOZ,MOZ,89000.0,130000.0,578.273222184503,72.0,8.24868107,32656246.0
2023.0,MOZ,46000.0,100000.0,MOZ,MOZ,81000.0,120000.0,622.191133245967,77.0,8.50126553,33635160.0
2024.0,MOZ,44000.0,92000.0,MOZ,MOZ,73000.0,110000.0,656.976148587772,82.0,,34631766.0
1990.0,NAM,690.0,6000.0,NAM,NAM,5200.0,6900.0,2037.47589359778,,,1369303.0
1991.0,NAM,1000.0,8600.0,NAM,NAM,7600.0,9800.0,2116.90552516214,,,1415684.0
1992.0,NAM,1500.0,11000.0,NAM,NAM,10000.0,13000.0,2346.86242963741,,,1461322.0
1993.0,NAM,2000.0,15000.0,NAM,NAM,13000.0,17000.0,2154.96473655435,,,1508697.0
1994.0,NAM,2700.0,18000.0,NAM,NAM,16000.0,20000.0,2355.90445673153,,,1556304.0
1995.0,NAM,3500.0,20000.0,NAM,NAM,18000.0,23000.0,2483.20353415161,,,1602170.0
1996.0,NAM,4500.0,21000.0,NAM,NAM,20000.0,24000.0,2423.3982907313,,,1646103.0
1997.0,NAM,5500.0,22000.0,NAM,NAM,20000.0,24000.0,2459.64511763936,,,1689264.0
1998.0,NAM,6700.0,22000.0,NAM,NAM,20000.0,24000.0,2235.24515468625,,,1732745.0
1999.0,NAM,7900.0,21000.0,NAM,NAM,19000.0,24000.0,2177.78733370092,,,1776368.0
2000.0,NAM,9000.0,20000.0,NAM,NAM,19000.0,23000.0,2156.67590512714,0.0,10.04545307,1818647.0
2001.0,NAM,10000.0,19000.0,NAM,NAM,18000.0,21000.0,1915.58926594875,0.0,10.46567631,1857048.0
2002.0,NAM,11000.0,18000.0,NAM,NAM,17000.0,20000.0,1772.07565537493,0.0,10.47871208,1889970.0
2003.0,NAM,12000.0,17000.0,NAM,NAM,16000.0,19000.0,2569.24739317883,0.0,10.74474621,1917464.0
2004.0,NAM,12000.0,16000.0,NAM,NAM,15000.0,18000.0,3403.15496192955,3.0,10.88543797,1942082.0
2005.0,NAM,11000.0,15000.0,NAM,NAM,14000.0,17000.0,3685.77299991587,8.0,10.82506466,1966582.0
2006.0,NAM,9100.0,14000.0,NAM,NAM,13000.0,16000.0,4017.1834716928,15.0,11.30290031,1991888.0
2007.0,NAM,7100.0,13000.0,NAM,NAM,12000.0,15000.0,4379.04313682732,25.0,11.41372871,2018600.0
2008.0,NAM,5500.0,12000.0,NAM,NAM,11000.0,14000.0,4204.78555422749,32.0,10.67726994,2047056.0
2009.0,NAM,4600.0,12000.0,NAM,NAM,11000.0,14000.0,4302.91374148376,35.0,9.90435314,2077394.0
2010.0,NAM,4200.0,12000.0,NAM,NAM,10000.0,13000.0,5418.21633365814,41.0,10.62278938,2109811.0
2011.0,NAM,4000.0,11000.0,NAM,NAM,10000.0,13000.0,5834.7917675794,48.0,10.86068344,2146325.0
2012.0,NAM,3900.0,10000.0,NAM,NAM,9100.0,12000.0,5942.64680978673,52.0,10.20360184,2194654.0
2013.0,NAM,3700.0,9100.0,NAM,NAM,7900.0,11000.0,5346.62131149967,56.0,10.08887577,2252508.0
2014.0,NAM,3400.0,8400.0,NAM,NAM,7300.0,10000.0,5378.32326241205,54.0,8.4089098,2312139.0
2015.0,NAM,3800.0,7900.0,NAM,NAM,6800.0,9900.0,4774.10650865775,61.0,9.98106289,2374300.0
2016.0,NAM,3900.0,7600.0,NAM,NAM,6400.0,9700.0,4395.68776162376,61.0,9.32231045,2439213.0
2017.0,NAM,4200.0,6900.0,NAM,NAM,5700.0,9000.0,5143.96072323076,69.0,8.71348476,2506853.0
2018.0,NAM,4100.0,6100.0,NAM,NAM,5100.0,8000.0,5308.60813408705,73.0,8.62148285,2577327.0
2019.0,NAM,3900.0,5100.0,NAM,NAM,4200.0,6700.0,4731.9210318831,81.0,8.85805798,2650494.0
2020.0,NAM,3700.0,4500.0,NAM,NAM,3500.0,6000.0,3878.58982993966,83.0,9.56060219,2728762.0
2021.0,NAM,3500.0,4900.0,NAM,NAM,3800.0,6500.0,4412.8355693052,86.0,10.19644737,2810548.0
2022.0,NAM,3300.0,4400.0,NAM,NAM,3500.0,5800.0,4349.79908493314,88.0,9.6219883,2889662.0
2023.0,NAM,3300.0,4700.0,NAM,NAM,3800.0,5900.0,4225.99102418102,92.0,9.48251629,2963095.0
2024.0,NAM,3200.0,4500.0,NAM,NAM,3600.0,5800.0,4501.84849548225,95.0,,3030131.0
1990.0,RWA,4400.0,29000.0,RWA,RWA,21000.0,41000.0,345.773495139137,,,7375307.0
1991.0,RWA,5600.0,32000.0,RWA,RWA,25000.0,41000.0,253.966902025944,,,7526966.0
1992.0,RWA,7000.0,35000.0,RWA,RWA,29000.0,43000.0,264.083914517464,,,7683266.0
1993.0,RWA,8600.0,35000.0,RWA,RWA,29000.0,42000.0,247.023318476014,,,7981132.0
1994.0,RWA,8900.0,31000.0,RWA,RWA,26000.0,37000.0,110.953668251372,,,6792352.0
1995.0,RWA,7300.0,23000.0,RWA,RWA,20000.0,27000.0,227.971147849318,,,5674118.0
1996.0,RWA,9000.0,23000.0,RWA,RWA,21000.0,26000.0,206.04911417485,,,6708764.0
1997.0,RWA,12000.0,27000.0,RWA,RWA,24000.0,30000.0,238.749371368214,,,7755238.0
1998.0,RWA,14000.0,29000.0,RWA,RWA,26000.0,33000.0,246.154673288384,,,8081681.0
1999.0,RWA,16000.0,27000.0,RWA,RWA,25000.0,30000.0,264.74368682977,,,8147912.0
2000.0,RWA,17000.0,25000.0,RWA,RWA,23000.0,28000.0,251.86926386091,0.0,3.57583427,8213931.0
2001.0,RWA,18000.0,25000.0,RWA,RWA,23000.0,27000.0,237.308846200901,0.0,3.31599975,8287094.0
2002.0,RWA,19000.0,22000.0,RWA,RWA,20000.0,24000.0,234.043016755733,0.0,3.12787294,8400180.0
2003.0,RWA,19000.0,19000.0,RWA,RWA,17000.0,21000.0,249.012274982252,0.0,6.92888737,8586875.0
2004.0,RWA,19000.0,18000.0,RWA,RWA,17000.0,21000.0,269.540446333402,2.0,7.50856972,8816844.0
2005.0,RWA,16000.0,17000.0,RWA,RWA,16000.0,20000.0,324.016863847189,8.0,7.71997023,9054528.0
2006.0,RWA,13000.0,16000.0,RWA,RWA,14000.0,19000.0,352.093916578347,14.0,7.60511971,9299246.0
2007.0,RWA,11000.0,14000.0,RWA,RWA,12000.0,17000.0,420.733580702508,19.0,7.86262226,9549933.0
2008.0,RWA,9600.0,13000.0,RWA,RWA,11000.0,16000.0,522.288339420679,26.0,7.55971909,9804269.0
2009.0,RWA,8500.0,12000.0,RWA,RWA,9600.0,15000.0,556.97399621739,32.0,7.79951382,10060432.0
2010.0,RWA,7600.0,11000.0,RWA,RWA,9400.0,15000.0,586.599950359877,37.0,8.08185482,10317553.0
2011.0,RWA,6700.0,9700.0,RWA,RWA,7600.0,13000.0,643.356138618166,41.0,7.93233776,10573733.0
2012.0,RWA,6000.0,9400.0,RWA,RWA,7400.0,13000.0,697.760143509565,47.0,8.1021471,10829901.0
2013.0,RWA,5400.0,9100.0,RWA,RWA,7200.0,12000.0,695.397140963607,52.0,6.77388763,11093340.0
2014.0,RWA,4900.0,7500.0,RWA,RWA,5900.0,11000.0,715.36808783393,58.0,6.98448992,11364757.0
2015.0,RWA,4500.0,6900.0,RWA,RWA,5300.0,10000.0,725.691418696952,64.0,6.65061283,11640022.0
2016.0,RWA,4200.0,5800.0,RWA,RWA,4500.0,8800.0,721.258515833094,71.0,5.968925,11919183.0
2017.0,RWA,3800.0,4900.0,RWA,RWA,3800.0,7500.0,751.049039527547,74.0,5.37623835,12202060.0
2018.0,RWA,3600.0,4500.0,RWA,RWA,3200.0,7200.0,772.754982959354,77.0,5.45722818,12487996.0
2019.0,RWA,3500.0,3700.0,RWA,RWA,2500.0,6300.0,823.355304065304,80.0,4.91471481,12776103.0
2020.0,RWA,3300.0,3200.0,RWA,RWA,2000.0,5500.0,802.638686936204,84.0,5.79862261,13065837.0
2021.0,RWA,3200.0,3400.0,RWA,RWA,2200.0,5700.0,842.581492947672,87.0,6.23147202,13355260.0
2022.0,RWA,3000.0,3100.0,RWA,RWA,2000.0,5300.0,1007.05989322914,89.0,5.92842579,13651030.0
2023.0,RWA,2900.0,2900.0,RWA,RWA,1900.0,4500.0,1061.05788154076,93.0,5.12708998,13954471.0
2024.0,RWA,2800.0,2600.0,RWA,RWA,1700.0,3800.0,1059.93709298801,96.0,,14256567.0
1990.0,ZAF,9700.0,120000.0,ZAF,ZAF,110000.0,140000.0,3093.48920352334,,,40746268.0
1991.0,ZAF,15000.0,180000.0,ZAF,ZAF,160000.0,200000.0,3243.23616023953,,,41687898.0
1992.0,ZAF,23000.0,240000.0,ZAF,ZAF,220000.0,270000.0,3462.39400202835,,,42443509.0
1993.0,ZAF,34000.0,320000.0,ZAF,ZAF,280000.0,350000.0,3399.64009566241,,,43297156.0
1994.0,ZAF,49000.0,380000.0,ZAF,ZAF,340000.0,420000.0,3488.59711541763,,,44004139.0
1995.0,ZAF,67000.0,440000.0,ZAF,ZAF,400000.0,490000.0,3855.6340871567,,,44541554.0
1996.0,ZAF,89000.0,490000.0,ZAF,ZAF,440000.0,540000.0,3617.55336002932,,,45123018.0
1997.0,ZAF,110000.0,520000.0,ZAF,ZAF,470000.0,580000.0,3700.23554789867,,,45666838.0
1998.0,ZAF,140000.0,540000.0,ZAF,ZAF,490000.0,590000.0,3309.60933087472,,,46223880.0
1999.0,ZAF,170000.0,540000.0,ZAF,ZAF,490000.0,600000.0,3242.36830483958,,,46730335.0
2000.0,ZAF,190000.0,530000.0,ZAF,ZAF,480000.0,580000.0,3217.84693448467,0.0,7.3366189,47159719.0
2001.0,ZAF,220000.0,520000.0,ZAF,ZAF,470000.0,570000.0,2847.15191945908,0.0,7.12327909,47566800.0
2002.0,ZAF,240000.0,500000.0,ZAF,ZAF,460000.0,550000.0,2688.23676032806,1.0,6.67774487,48019415.0
2003.0,ZAF,270000.0,490000.0,ZAF,ZAF,440000.0,530000.0,4062.21755993786,1.0,7.04098177,48500348.0
2004.0,ZAF,280000.0,470000.0,ZAF,ZAF,430000.0,520000.0,5221.46333731721,2.0,6.938416,48991421.0
2005.0,ZAF,280000.0,460000.0,ZAF,ZAF,410000.0,500000.0,5836.87663325127,4.0,6.86216164,49490033.0
2006.0,ZAF,270000.0,440000.0,ZAF,ZAF,400000.0,480000.0,6077.38293388876,6.0,6.87650871,49998277.0
2007.0,ZAF,240000.0,420000.0,ZAF,ZAF,380000.0,460000.0,6591.85535960564,10.0,6.90510845,50528584.0
2008.0,ZAF,210000.0,400000.0,ZAF,ZAF,360000.0,440000.0,6184.75474328399,14.0,7.14832258,51114599.0
2009.0,ZAF,190000.0,370000.0,ZAF,ZAF,340000.0,420000.0,6374.70560042992,19.0,7.64941454,51728516.0
2010.0,ZAF,160000.0,350000.0,ZAF,ZAF,320000.0,390000.0,7973.47195771517,25.0,7.79358244,52344051.0
2011.0,ZAF,130000.0,330000.0,ZAF,ZAF,300000.0,360000.0,8646.05571071635,33.0,7.94434404,52995205.0
2012.0,ZAF,110000.0,310000.0,ZAF,ZAF,280000.0,350000.0,8076.97678479741,40.0,8.00428867,53782567.0
2013.0,ZAF,91000.0,300000.0,ZAF,ZAF,270000.0,330000.0,7331.65467384919,45.0,8.10322285,54678791.0
2014.0,ZAF,81000.0,280000.0,ZAF,ZAF,260000.0,310000.0,6856.73137092522,49.0,7.87136555,55594838.0
2015.0,ZAF,78000.0,270000.0,ZAF,ZAF,250000.0,300000.0,6112.27382485974,54.0,8.05304241,56723537.0
2016.0,ZAF,77000.0,260000.0,ZAF,ZAF,230000.0,290000.0,5651.20585165749,60.0,8.07959366,57259551.0
2017.0,ZAF,72000.0,240000.0,ZAF,ZAF,210000.0,260000.0,6618.33508255701,66.0,7.97711372,57635162.0
2018.0,ZAF,67000.0,220000.0,ZAF,ZAF,200000.0,250000.0,6914.1780318076,70.0,8.0819664,58613001.0
2019.0,ZAF,62000.0,210000.0,ZAF,ZAF,190000.0,230000.0,6533.71121032856,73.0,8.24652863,59587885.0
2020.0,ZAF,58000.0,200000.0,ZAF,ZAF,180000.0,220000.0,5580.60383075189,75.0,9.02174091,60562381.0
2021.0,ZAF,56000.0,190000.0,ZAF,ZAF,170000.0,210000.0,6828.75624590017,77.0,8.6645031,61502603.0
2022.0,ZAF,55000.0,180000.0,ZAF,ZAF,160000.0,200000.0,6534.24867783397,78.0,8.74512291,62378410.0
2023.0,ZAF,54000.0,170000.0,ZAF,ZAF,150000.0,190000.0,6034.27208964673,79.0,8.90966797,63212384.0
2024.0,ZAF,53000.0,170000.0,ZAF,ZAF,150000.0,190000.0,6267.186814093,81.0,,64007187.0
1990.0,SSD,1200.0,8100.0,SSD,SSD,3700.0,12000.0,,,,4737633.0
1991.0,SSD,1600.0,9700.0,SSD,SSD,4800.0,14000.0,,,,4836677.0
1992.0,SSD,2000.0,11000.0,SSD,SSD,5800.0,16000.0,,,,4909749.0
1993.0,SSD,2500.0,12000.0,SSD,SSD,6800.0,18000.0,,,,4956002.0
1994.0,SSD,3100.0,14000.0,SSD,SSD,8000.0,20000.0,,,,5071184.0
1995.0,SSD,3700.0,14000.0,SSD,SSD,8100.0,19000.0,,,,5225836.0
1996.0,SSD,4300.0,14000.0,SSD,SSD,8700.0,20000.0,,,,5356925.0
1997.0,SSD,5000.0,14000.0,SSD,SSD,9600.0,20000.0,,,,5509136.0
1998.0,SSD,5500.0,14000.0,SSD,SSD,10000.0,20000.0,,,,5620068.0
1999.0,SSD,6300.0,14000.0,SSD,SSD,9900.0,20000.0,,,,5771628.0
2000.0,SSD,7000.0,14000.0,SSD,SSD,10000.0,19000.0,,0.0,,6032267.0
2001.0,SSD,7800.0,13000.0,SSD,SSD,9900.0,19000.0,,0.0,,6308391.0
2002.0,SSD,8500.0,13000.0,SSD,SSD,10000.0,18000.0,,0.0,,6596806.0
2003.0,SSD,9200.0,14000.0,SSD,SSD,10000.0,18000.0,,0.0,,6903127.0
2004.0,SSD,9900.0,15000.0,SSD,SSD,11000.0,20000.0,,0.0,,7233041.0
2005.0,SSD,11000.0,14000.0,SSD,SSD,11000.0,18000.0,,0.0,,7590143.0
2006.0,SSD,11000.0,14000.0,SSD,SSD,11000.0,18000.0,,0.0,,7976526.0
2007.0,SSD,12000.0,14000.0,SSD,SSD,12000.0,19000.0,,0.0,,8388788.0
2008.0,SSD,12000.0,14000.0,SSD,SSD,11000.0,19000.0,1654.21153546555,0.0,,8817647.0
2009.0,SSD,12000.0,15000.0,SSD,SSD,12000.0,19000.0,1323.22068747862,1.0,,9243556.0
2010.0,SSD,13000.0,14000.0,SSD,SSD,11000.0,18000.0,1498.27034985194,1.0,,9745953.0
2011.0,SSD,13000.0,15000.0,SSD,SSD,12000.0,19000.0,1448.98435006408,2.0,,10288109.0
2012.0,SSD,13000.0,15000.0,SSD,SSD,12000.0,19000.0,1109.26050083408,3.0,,10756240.0
2013.0,SSD,13000.0,15000.0,SSD,SSD,12000.0,20000.0,1650.18943353528,4.0,,11166275.0
2014.0,SSD,13000.0,16000.0,SSD,SSD,13000.0,20000.0,1242.73450181032,7.0,,11235073.0
2015.0,SSD,11000.0,13000.0,SSD,SSD,11000.0,17000.0,1080.14718624765,11.0,,11107561.0
2016.0,SSD,11000.0,14000.0,SSD,SSD,11000.0,17000.0,,13.0,,10830102.0
2017.0,SSD,9600.0,11000.0,SSD,SSD,8900.0,14000.0,,17.0,22.11322403,10259154.0
2018.0,SSD,8100.0,9100.0,SSD,SSD,6600.0,12000.0,,22.0,11.69539356,10122977.0
2019.0,SSD,7800.0,9400.0,SSD,SSD,7000.0,12000.0,,24.0,9.06570053,10423384.0
2020.0,SSD,7500.0,8900.0,SSD,SSD,6500.0,12000.0,,29.0,9.35116673,10698467.0
2021.0,SSD,7200.0,8800.0,SSD,SSD,6400.0,12000.0,,31.0,6.30117083,10865780.0
2022.0,SSD,6600.0,8300.0,SSD,SSD,5800.0,11000.0,,38.0,6.57254314,11021177.0
2023.0,SSD,5500.0,7500.0,SSD,SSD,5000.0,11000.0,,45.0,11.61002254,11483374.0
2024.0,SSD,5100.0,7500.0,SSD,SSD,4700.0,11000.0,,50.0,,11943408.0
1990.0,UGA,57000.0,110000.0,UGA,UGA,99000.0,130000.0,244.987168126806,,,17569897.0
1991.0,UGA,63000.0,110000.0,UGA,UGA,96000.0,120000.0,182.955897348348,,,18155901.0
1992.0,UGA,69000.0,110000.0,UGA,UGA,97000.0,120000.0,152.113542415537,,,18785032.0
1993.0,UGA,75000.0,100000.0,UGA,UGA,96000.0,120000.0,165.616476211716,,,19445161.0
1994.0,UGA,79000.0,100000.0,UGA,UGA,96000.0,120000.0,198.441987998795,,,20108801.0
1995.0,UGA,83000.0,100000.0,UGA,UGA,95000.0,120000.0,278.520835668767,,,20665667.0
1996.0,UGA,85000.0,100000.0,UGA,UGA,95000.0,120000.0,284.698259285733,,,21231550.0
1997.0,UGA,88000.0,100000.0,UGA,UGA,94000.0,110000.0,286.846637912964,,,21856046.0
1998.0,UGA,89000.0,100000.0,UGA,UGA,94000.0,110000.0,292.453037058835,,,22515806.0
1999.0,UGA,90000.0,100000.0,UGA,UGA,93000.0,110000.0,257.921949601357,,,23257281.0
2000.0,UGA,91000.0,100000.0,UGA,UGA,92000.0,110000.0,258.050338731086,0.0,5.0827775,24000150.0
2001.0,UGA,91000.0,100000.0,UGA,UGA,94000.0,110000.0,236.021188853993,1.0,5.05208397,24745676.0
2002.0,UGA,89000.0,100000.0,UGA,UGA,95000.0,110000.0,241.984688408335,1.0,4.77136898,25532870.0
2003.0,UGA,87000.0,100000.0,UGA,UGA,95000.0,110000.0,250.71543664681,2.0,4.2991581,26352124.0
2004.0,UGA,82000.0,100000.0,UGA,UGA,95000.0,110000.0,292.38185796262,5.0,4.70022202,27154515.0
2005.0,UGA,73000.0,100000.0,UGA,UGA,92000.0,110000.0,330.405402707025,8.0,5.80516291,27963289.0
2006.0,UGA,70000.0,100000.0,UGA,UGA,93000.0,110000.0,346.518255310647,8.0,6.463305,28794003.0
2007.0,UGA,71000.0,100000.0,UGA,UGA,93000.0,110000.0,401.389130865581,10.0,6.11309004,29653430.0
2008.0,UGA,65000.0,99000.0,UGA,UGA,91000.0,110000.0,472.842681495852,14.0,5.45474958,30539553.0
2009.0,UGA,60000.0,99000.0,UGA,UGA,91000.0,110000.0,798.947089938247,16.0,5.78845549,31451151.0
2010.0,UGA,56000.0,96000.0,UGA,UGA,88000.0,110000.0,823.488144282,20.0,6.80890226,32390802.0
2011.0,UGA,51000.0,92000.0,UGA,UGA,84000.0,110000.0,835.620060555838,23.0,6.6959095,33354543.0
2012.0,UGA,46000.0,84000.0,UGA,UGA,75000.0,98000.0,795.222867553127,30.0,6.10853958,34337438.0
2013.0,UGA,41000.0,80000.0,UGA,UGA,71000.0,94000.0,818.285427416713,40.0,5.78252411,35337042.0
2014.0,UGA,36000.0,74000.0,UGA,UGA,65000.0,88000.0,896.054795546394,49.0,5.33653069,36395539.0
2015.0,UGA,32000.0,71000.0,UGA,UGA,62000.0,84000.0,862.934610355811,53.0,4.99643135,37531446.0
2016.0,UGA,30000.0,69000.0,UGA,UGA,60000.0,83000.0,752.696571725656,59.0,5.01553297,38799152.0
2017.0,UGA,28000.0,61000.0,UGA,UGA,53000.0,76000.0,765.218332297361,67.0,3.99852037,40177388.0
2018.0,UGA,25000.0,53000.0,UGA,UGA,45000.0,67000.0,792.16570022814,71.0,4.02153397,41565831.0
2019.0,UGA,23000.0,50000.0,UGA,UGA,42000.0,64000.0,822.171150036357,74.0,3.79341364,42999637.0
2020.0,UGA,22000.0,48000.0,UGA,UGA,39000.0,62000.0,845.766463890124,76.0,5.23865509,44457152.0
2021.0,UGA,22000.0,48000.0,UGA,UGA,39000.0,64000.0,882.791717542504,78.0,5.47374916,45910930.0
2022.0,UGA,22000.0,45000.0,UGA,UGA,35000.0,60000.0,963.067314117178,80.0,4.45071125,47312719.0
2023.0,UGA,21000.0,40000.0,UGA,UGA,30000.0,57000.0,1002.30913917142,82.0,4.23600149,48656601.0
2024.0,UGA,20000.0,37000.0,UGA,UGA,26000.0,52000.0,1077.91278438613,85.0,,50015092.0
1990.0,TZA,30000.0,150000.0,TZA,TZA,130000.0,170000.0,243.611557006836,,,26110207.0
1991.0,TZA,37000.0,150000.0,TZA,TZA,140000.0,170000.0,276.452453613281,,,26780436.0
1992.0,TZA,45000.0,150000.0,TZA,TZA,130000.0,170000.0,250.329925537109,,,27457588.0
1993.0,TZA,52000.0,150000.0,TZA,TZA,130000.0,170000.0,224.491546630859,,,28332692.0
1994.0,TZA,61000.0,140000.0,TZA,TZA,130000.0,160000.0,228.890029907227,,,29442356.0
1995.0,TZA,70000.0,140000.0,TZA,TZA,120000.0,160000.0,258.418334960938,,,30383497.0
1996.0,TZA,77000.0,130000.0,TZA,TZA,120000.0,150000.0,313.658386230469,,,30945762.0
1997.0,TZA,82000.0,130000.0,TZA,TZA,120000.0,150000.0,363.597686767578,,,31578089.0
1998.0,TZA,88000.0,120000.0,TZA,TZA,110000.0,140000.0,386.378448486328,,,32420458.0
1999.0,TZA,93000.0,120000.0,TZA,TZA,110000.0,140000.0,392.621765136719,,,33300330.0
2000.0,TZA,97000.0,110000.0,TZA,TZA,100000.0,130000.0,401.698150634766,0.0,3.41529942,34260139.0
2001.0,TZA,100000.0,110000.0,TZA,TZA,100000.0,130000.0,396.638732910156,0.0,4.23551702,35198299.0
2002.0,TZA,100000.0,110000.0,TZA,TZA,100000.0,120000.0,402.649047851563,0.0,4.68907642,36121304.0
2003.0,TZA,100000.0,110000.0,TZA,TZA,98000.0,120000.0,422.18359375,0.0,5.34231472,37089555.0
2004.0,TZA,110000.0,100000.0,TZA,TZA,94000.0,120000.0,450.385284423828,1.0,5.7373414,38109668.0
2005.0,TZA,100000.0,99000.0,TZA,TZA,92000.0,110000.0,483.334869384766,2.0,6.32282543,39182076.0
2006.0,TZA,94000.0,96000.0,TZA,TZA,88000.0,110000.0,475.746734619141,5.0,7.598279,40294902.0
2007.0,TZA,76000.0,88000.0,TZA,TZA,79000.0,100000.0,543.198303222656,12.0,6.88427973,41435512.0
2008.0,TZA,65000.0,87000.0,TZA,TZA,79000.0,100000.0,675.977233886719,13.0,5.55704737,42570728.0
2009.0,TZA,61000.0,88000.0,TZA,TZA,79000.0,100000.0,693.823547363281,17.0,5.06306362,43633982.0
2010.0,TZA,54000.0,89000.0,TZA,TZA,79000.0,100000.0,736.530151367188,20.0,5.22392178,44758488.0
2011.0,TZA,52000.0,93000.0,TZA,TZA,83000.0,110000.0,775.392761230469,21.0,5.0559845,46029367.0
2012.0,TZA,48000.0,91000.0,TZA,TZA,82000.0,110000.0,861.969909667969,31.0,5.01779366,47374260.0
2013.0,TZA,40000.0,94000.0,TZA,TZA,84000.0,110000.0,963.05712890625,35.0,4.64643383,48824128.0
2014.0,TZA,38000.0,98000.0,TZA,TZA,88000.0,120000.0,1022.74841308594,40.0,4.01492071,50351512.0
2015.0,TZA,37000.0,100000.0,TZA,TZA,91000.0,120000.0,939.127319335938,43.0,3.64969945,52020962.0
2016.0,TZA,37000.0,110000.0,TZA,TZA,98000.0,130000.0,953.0107421875,45.0,3.96350336,53824013.0
2017.0,TZA,38000.0,100000.0,TZA,TZA,92000.0,130000.0,986.674011230469,52.0,4.02325726,55652890.0
2018.0,TZA,36000.0,99000.0,TZA,TZA,88000.0,120000.0,1023.10626220703,55.0,4.32775831,57437145.0
2019.0,TZA,36000.0,91000.0,TZA,TZA,81000.0,110000.0,1063.32250976563,61.0,4.02347755,59174891.0
2020.0,TZA,33000.0,77000.0,TZA,TZA,67000.0,97000.0,1117.41528320313,67.0,3.05028677,60972798.0
2021.0,TZA,30000.0,71000.0,TZA,TZA,61000.0,91000.0,1159.85656738281,70.0,3.46963334,62830412.0
2022.0,TZA,29000.0,62000.0,TZA,TZA,52000.0,81000.0,1207.52062988281,74.0,3.13497496,64711821.0
2023.0,TZA,27000.0,54000.0,TZA,TZA,42000.0,74000.0,1224.00219726563,79.0,3.05201221,66617606.0
2024.0,TZA,26000.0,43000.0,TZA,TZA,33000.0,61000.0,1192.60668945313,87.0,,68560157.0
1990.0,ZMB,17000.0,90000.0,ZMB,ZMB,80000.0,100000.0,422.336298804219,,,7786169.0
1991.0,ZMB,21000.0,94000.0,ZMB,ZMB,85000.0,100000.0,423.071256835592,,,7981650.0
1992.0,ZMB,25000.0,95000.0,ZMB,ZMB,86000.0,110000.0,389.254665832226,,,8176680.0
1993.0,ZMB,30000.0,92000.0,ZMB,ZMB,82000.0,100000.0,390.916673784646,,,8373921.0
1994.0,ZMB,34000.0,90000.0,ZMB,ZMB,81000.0,100000.0,426.386598390102,,,8576269.0
1995.0,ZMB,38000.0,88000.0,ZMB,ZMB,78000.0,97000.0,433.312782642118,,,8785763.0
1996.0,ZMB,42000.0,85000.0,ZMB,ZMB,76000.0,95000.0,399.511304742449,,,9004053.0
1997.0,ZMB,46000.0,82000.0,ZMB,ZMB,74000.0,90000.0,465.871942164799,,,9237063.0
1998.0,ZMB,50000.0,80000.0,ZMB,ZMB,73000.0,88000.0,373.084763057408,,,9482408.0
1999.0,ZMB,53000.0,78000.0,ZMB,ZMB,72000.0,85000.0,349.515723095687,,,9740005.0
2000.0,ZMB,56000.0,77000.0,ZMB,ZMB,71000.0,83000.0,359.429500988221,0.0,4.12029076,10017631.0
2001.0,ZMB,59000.0,75000.0,ZMB,ZMB,69000.0,83000.0,396.548952993504,0.0,4.77853632,10325185.0
2002.0,ZMB,62000.0,75000.0,ZMB,ZMB,69000.0,82000.0,393.864625518616,0.0,5.88845205,10647949.0
2003.0,ZMB,61000.0,74000.0,ZMB,ZMB,69000.0,81000.0,446.290104839041,2.0,5.99553585,10983595.0
2004.0,ZMB,58000.0,71000.0,ZMB,ZMB,65000.0,79000.0,548.685974566277,4.0,5.46587515,11338198.0
2005.0,ZMB,55000.0,68000.0,ZMB,ZMB,62000.0,75000.0,710.982068171696,7.0,6.33088684,11718819.0
2006.0,ZMB,50000.0,66000.0,ZMB,ZMB,60000.0,73000.0,1051.71714895686,10.0,5.5774231,12129553.0
2007.0,ZMB,42000.0,64000.0,ZMB,ZMB,57000.0,71000.0,1118.73162626953,19.0,4.55994081,12565085.0
2008.0,ZMB,33000.0,59000.0,ZMB,ZMB,52000.0,68000.0,1375.50211006997,26.0,4.49370766,13021324.0
2009.0,ZMB,27000.0,60000.0,ZMB,ZMB,53000.0,68000.0,1136.24168316848,31.0,5.22568512,13490389.0
2010.0,ZMB,26000.0,63000.0,ZMB,ZMB,57000.0,71000.0,1451.10616017155,37.0,4.13426876,13965594.0
2011.0,ZMB,25000.0,65000.0,ZMB,ZMB,59000.0,74000.0,1624.86817763443,43.0,3.95913363,14437796.0
2012.0,ZMB,23000.0,68000.0,ZMB,ZMB,62000.0,76000.0,1710.05061343728,47.0,4.04541731,14913629.0
2013.0,ZMB,22000.0,71000.0,ZMB,ZMB,64000.0,80000.0,1820.71854827391,53.0,4.57390451,15398997.0
2014.0,ZMB,22000.0,72000.0,ZMB,ZMB,66000.0,82000.0,1707.48573136694,59.0,3.82924223,15895315.0
2015.0,ZMB,22000.0,74000.0,ZMB,ZMB,69000.0,84000.0,1295.87788680068,65.0,4.42974281,16399089.0
2016.0,ZMB,20000.0,75000.0,ZMB,ZMB,69000.0,85000.0,1239.08527877713,66.0,4.46923161,16914423.0
2017.0,ZMB,20000.0,75000.0,ZMB,ZMB,68000.0,85000.0,1483.46577328065,67.0,4.78156233,17441320.0
2018.0,ZMB,22000.0,70000.0,ZMB,ZMB,64000.0,80000.0,1463.89997855593,74.0,4.76996708,17973569.0
2019.0,ZMB,23000.0,59000.0,ZMB,ZMB,52000.0,69000.0,1258.98619844462,80.0,6.75330257,18513839.0
2020.0,ZMB,22000.0,48000.0,ZMB,ZMB,41000.0,57000.0,951.644316655957,87.0,6.3067441,19059395.0
2021.0,ZMB,20000.0,42000.0,ZMB,ZMB,34000.0,52000.0,1127.16077872857,87.0,6.63951397,19603607.0
2022.0,ZMB,18000.0,38000.0,ZMB,ZMB,30000.0,47000.0,1447.12310138035,92.0,5.21042967,20152938.0
2023.0,ZMB,17000.0,33000.0,ZMB,ZMB,25000.0,42000.0,1330.72780576709,92.0,5.97841072,20723965.0
2024.0,ZMB,16000.0,30000.0,ZMB,ZMB,23000.0,40000.0,1187.10943350064,94.0,,21314956.0
1990.0,ZWE,40000.0,280000.0,ZWE,ZWE,260000.0,320000.0,866.928868406131,,,10137281.0
1991.0,ZWE,53000.0,290000.0,ZWE,ZWE,260000.0,330000.0,830.961354818769,,,10404816.0
1992.0,ZWE,66000.0,270000.0,ZWE,ZWE,240000.0,310000.0,631.149149280088,,,10702700.0
1993.0,ZWE,80000.0,250000.0,ZWE,ZWE,220000.0,280000.0,604.70311652877,,,10860288.0
1994.0,ZWE,93000.0,230000.0,ZWE,ZWE,210000.0,260000.0,634.062003018813,,,10873148.0
1995.0,ZWE,110000.0,200000.0,ZWE,ZWE,180000.0,220000.0,648.315259628165,,,10974599.0
1996.0,ZWE,120000.0,180000.0,ZWE,ZWE,160000.0,200000.0,766.913775859535,,,11158360.0
1997.0,ZWE,130000.0,160000.0,ZWE,ZWE,150000.0,180000.0,750.583100340929,,,11369827.0
1998.0,ZWE,130000.0,150000.0,ZWE,ZWE,140000.0,160000.0,552.448328691252,,,11594297.0
1999.0,ZWE,140000.0,140000.0,ZWE,ZWE,130000.0,150000.0,582.299355588147,,,11783458.0
2000.0,ZWE,150000.0,130000.0,ZWE,ZWE,120000.0,140000.0,562.833757496076,2.0,,11892055.0
2001.0,ZWE,150000.0,120000.0,ZWE,ZWE,110000.0,130000.0,566.388746448872,2.0,,11971901.0
2002.0,ZWE,150000.0,110000.0,ZWE,ZWE,110000.0,130000.0,524.936478570323,2.0,,12087653.0
2003.0,ZWE,150000.0,110000.0,ZWE,ZWE,98000.0,120000.0,468.471932927213,2.0,,12232323.0
2004.0,ZWE,150000.0,100000.0,ZWE,ZWE,93000.0,110000.0,469.719298949304,3.0,,12365896.0
2005.0,ZWE,140000.0,96000.0,ZWE,ZWE,89000.0,110000.0,461.271387547912,3.0,,12483432.0
2006.0,ZWE,120000.0,93000.0,ZWE,ZWE,85000.0,100000.0,431.034994414964,4.0,,12636445.0
2007.0,ZWE,110000.0,88000.0,ZWE,ZWE,80000.0,98000.0,413.521244592925,7.0,,12804058.0
2008.0,ZWE,100000.0,83000.0,ZWE,ZWE,77000.0,93000.0,340.917447588572,11.0,,12959149.0
2009.0,ZWE,90000.0,81000.0,ZWE,ZWE,74000.0,90000.0,735.821693871697,16.0,,13142790.0
2010.0,ZWE,75000.0,76000.0,ZWE,ZWE,70000.0,87000.0,902.010759067388,26.0,10.47575283,13356548.0
2011.0,ZWE,58000.0,63000.0,ZWE,ZWE,57000.0,74000.0,1037.77565157218,35.0,8.081707,13595424.0
2012.0,ZWE,46000.0,56000.0,ZWE,ZWE,49000.0,68000.0,1239.22709745709,41.0,6.91838741,13817887.0
2013.0,ZWE,39000.0,52000.0,ZWE,ZWE,45000.0,63000.0,1362.99498323368,48.0,7.11022186,14013808.0
2014.0,ZWE,34000.0,45000.0,ZWE,ZWE,39000.0,56000.0,1372.91526173161,55.0,8.1335125,14207359.0
2015.0,ZWE,33000.0,42000.0,ZWE,ZWE,37000.0,53000.0,1387.12632595026,61.0,7.45204067,14399013.0
2016.0,ZWE,30000.0,39000.0,ZWE,ZWE,33000.0,50000.0,1408.13945253431,67.0,7.25845575,14600294.0
2017.0,ZWE,28000.0,31000.0,ZWE,ZWE,26000.0,40000.0,3445.44941020134,76.0,6.17448902,14812482.0
2018.0,ZWE,25000.0,24000.0,ZWE,ZWE,20000.0,31000.0,2270.89531874302,79.0,4.67327976,15034452.0
2019.0,ZWE,23000.0,21000.0,ZWE,ZWE,17000.0,27000.0,2184.52155388801,85.0,3.23268151,15271368.0
2020.0,ZWE,22000.0,18000.0,ZWE,ZWE,15000.0,23000.0,2059.63704025274,88.0,2.95440102,15526888.0
2021.0,ZWE,20000.0,21000.0,ZWE,ZWE,18000.0,27000.0,2613.6167414057,89.0,2.67111874,15797210.0
2022.0,ZWE,20000.0,17000.0,ZWE,ZWE,14000.0,22000.0,2536.40197087505,93.0,3.39519501,16069056.0
2023.0,ZWE,18000.0,15000.0,ZWE,ZWE,12000.0,20000.0,2195.22502010174,94.0,2.92601609,16340822.0
2024.0,ZWE,17000.0,15000.0,ZWE,ZWE,12000.0,20000.0,2496.15514995576,95.0,,16634373.0
1990.0,ALB,100.0,100.0,ALB,ALB,100.0,100.0,617.230435515505,,,3286542.0
1991.0,ALB,100.0,100.0,ALB,ALB,100.0,100.0,336.586994504629,,,3266790.0
1992.0,ALB,100.0,100.0,ALB,ALB,100.0,100.0,200.852219772323,,,3247039.0
1993.0,ALB,100.0,100.0,ALB,ALB,100.0,100.0,367.279225077581,,,3227287.0
1994.0,ALB,100.0,100.0,ALB,ALB,100.0,100.0,586.416135130865,,,3207536.0
1995.0,ALB,100.0,100.0,ALB,ALB,100.0,100.0,911.320465445326,,,3187784.0
1996.0,ALB,100.0,100.0,ALB,ALB,100.0,100.0,1020.97618050188,,,3168033.0
1997.0,ALB,100.0,100.0,ALB,ALB,100.0,100.0,728.545523729675,,,3148281.0
1998.0,ALB,100.0,100.0,ALB,ALB,100.0,100.0,831.175344077295,,,3128530.0
1999.0,ALB,100.0,100.0,ALB,ALB,100.0,100.0,1056.34481153033,,,3108778.0
2000.0,ALB,100.0,100.0,ALB,ALB,100.0,100.0,1160.42047054038,0.0,5.87429667,3089027.0
2001.0,ALB,100.0,100.0,ALB,ALB,100.0,100.0,1326.41652388077,0.0,5.8561573,3060173.0
2002.0,ALB,100.0,100.0,ALB,ALB,100.0,100.0,1479.83884572006,0.0,5.59802675,3051010.0
2003.0,ALB,100.0,100.0,ALB,ALB,100.0,100.0,1908.69900687608,0.0,5.84188986,3039616.0
2004.0,ALB,100.0,100.0,ALB,ALB,100.0,100.0,2446.90949947798,4.0,5.82433939,3026939.0
2005.0,ALB,100.0,100.0,ALB,ALB,100.0,100.0,2741.72136549578,10.0,5.6621623,3011487.0
2006.0,ALB,100.0,100.0,ALB,ALB,100.0,100.0,3057.77257038113,11.0,5.56553745,2992547.0
2007.0,ALB,100.0,100.0,ALB,ALB,100.0,100.0,3743.05529896187,13.0,5.85639858,2970017.0
2008.0,ALB,100.0,100.0,ALB,ALB,100.0,100.0,4498.50486763601,17.0,5.44421673,2947314.0
2009.0,ALB,100.0,100.0,ALB,ALB,100.0,100.0,4213.65007574693,20.0,5.75751925,2927519.0
2010.0,ALB,100.0,100.0,ALB,ALB,100.0,200.0,4149.14469936847,20.0,6.16333199,2913021.0
2011.0,ALB,100.0,100.0,ALB,ALB,100.0,200.0,4465.70914328865,24.0,6.11026192,2905195.0
2012.0,ALB,100.0,100.0,ALB,ALB,100.0,200.0,4280.93316338873,30.0,6.08504725,2860708.0
2013.0,ALB,100.0,100.0,ALB,ALB,100.0,200.0,4542.92903556739,38.0,6.20897436,2816902.0
2014.0,ALB,100.0,100.0,ALB,ALB,100.0,200.0,4793.59751131525,39.0,6.35884142,2773767.0
2015.0,ALB,100.0,200.0,ALB,ALB,100.0,200.0,4199.53912925398,43.0,6.38810158,2731293.0
2016.0,ALB,100.0,200.0,ALB,ALB,100.0,200.0,4457.63412207495,47.0,6.65018797,2689469.0
2017.0,ALB,100.0,200.0,ALB,ALB,100.0,200.0,5006.36012951959,49.0,6.50111914,2648285.0
2018.0,ALB,100.0,200.0,ALB,ALB,100.0,200.0,5897.65452588774,47.0,6.59002447,2607733.0
2019.0,ALB,100.0,200.0,ALB,ALB,100.0,200.0,6069.43903131027,48.0,6.78144073,2567801.0
2020.0,ALB,100.0,200.0,ALB,ALB,100.0,200.0,6027.91350716348,51.0,7.46513748,2528480.0
2021.0,ALB,100.0,200.0,ALB,ALB,100.0,200.0,7242.45513146613,55.0,7.35750389,2489762.0
2022.0,ALB,100.0,200.0,ALB,ALB,100.0,200.0,7756.96188744253,58.0,7.53646231,2451636.0
2023.0,ALB,100.0,200.0,ALB,ALB,100.0,200.0,9740.7023414631,57.0,7.05240345,2411658.0
2024.0,ALB,100.0,200.0,ALB,ALB,100.0,200.0,11374.0085781236,61.0,,2377128.0
1990.0,ARM,100.0,100.0,ARM,ARM,100.0,100.0,635.355327502517,,,3552128.0
1991.0,ARM,100.0,100.0,ARM,ARM,100.0,100.0,572.740260900977,,,3613977.0
1992.0,ARM,100.0,100.0,ARM,ARM,100.0,100.0,356.350780006933,,,3571861.0
1993.0,ARM,100.0,100.0,ARM,ARM,100.0,100.0,347.870644720878,,,3453332.0
1994.0,ARM,100.0,100.0,ARM,ARM,100.0,100.0,390.879964297655,,,3364610.0
1995.0,ARM,100.0,100.0,ARM,ARM,100.0,100.0,443.924860857976,,,3307581.0
1996.0,ARM,100.0,100.0,ARM,ARM,100.0,100.0,487.068624404558,,,3278735.0
1997.0,ARM,100.0,100.0,ARM,ARM,100.0,100.0,505.035887057966,,,3246289.0
1998.0,ARM,100.0,100.0,ARM,ARM,100.0,100.0,590.239947333459,,,3208401.0
1999.0,ARM,100.0,100.0,ARM,ARM,100.0,100.0,582.669886150895,,,3167286.0
2000.0,ARM,100.0,100.0,ARM,ARM,100.0,100.0,593.450581742282,0.0,4.19581175,3221100.0
2001.0,ARM,100.0,100.0,ARM,ARM,100.0,100.0,659.588988535629,0.0,4.64563894,3211800.0
2002.0,ARM,100.0,100.0,ARM,ARM,100.0,200.0,742.651118319819,0.0,7.61358786,3199800.0
2003.0,ARM,100.0,200.0,ARM,ARM,100.0,200.0,882.030167695474,0.0,7.17936182,3182500.0
2004.0,ARM,100.0,200.0,ARM,ARM,200.0,200.0,1130.08791444158,0.0,6.05510139,3164900.0
2005.0,ARM,100.0,200.0,ARM,ARM,200.0,500.0,1557.48458908655,5.0,5.8618803,3146400.0
2006.0,ARM,100.0,500.0,ARM,ARM,200.0,500.0,2041.65267068997,6.0,5.85007095,3127100.0
2007.0,ARM,100.0,500.0,ARM,ARM,200.0,500.0,2962.70234594569,8.0,5.49814034,3107400.0
2008.0,ARM,100.0,500.0,ARM,ARM,500.0,500.0,3777.66859313767,8.0,6.63976622,3087100.0
2009.0,ARM,100.0,500.0,ARM,ARM,500.0,500.0,2820.5926553347,11.0,8.44377708,3066000.0
2010.0,ARM,100.0,500.0,ARM,ARM,500.0,500.0,3041.34450723339,14.0,9.23538303,3044800.0
2011.0,ARM,100.0,500.0,ARM,ARM,500.0,500.0,3349.55309771906,15.0,9.37588882,3027900.0
2012.0,ARM,100.0,500.0,ARM,ARM,500.0,510.0,3511.56399687426,18.0,9.13455009,3024100.0
2013.0,ARM,100.0,500.0,ARM,ARM,500.0,550.0,3680.16692158886,21.0,10.32345009,3022000.0
2014.0,ARM,100.0,500.0,ARM,ARM,500.0,590.0,3852.11800610384,23.0,10.17827892,3013800.0
2015.0,ARM,100.0,500.0,ARM,ARM,500.0,640.0,3512.39350276709,27.0,10.11762714,3004600.0
2016.0,ARM,100.0,500.0,ARM,ARM,500.0,670.0,3524.42476874707,30.0,9.95194912,2992300.0
2017.0,ARM,100.0,510.0,ARM,ARM,500.0,720.0,3869.05373867752,36.0,10.36270332,2979400.0
2018.0,ARM,100.0,520.0,ARM,ARM,500.0,790.0,4196.00562301769,40.0,10.00543404,2969000.0
2019.0,ARM,100.0,530.0,ARM,ARM,500.0,840.0,4597.22887399548,43.0,11.3798008,2962500.0
2020.0,ARM,100.0,540.0,ARM,ARM,500.0,920.0,4268.68093304583,42.0,12.24056244,2961500.0
2021.0,ARM,200.0,550.0,ARM,ARM,500.0,1000.0,4685.17997128509,45.0,12.32268524,2962300.0
2022.0,ARM,200.0,550.0,ARM,ARM,500.0,1100.0,6571.97445545099,49.0,9.96211243,2969200.0
2023.0,ARM,200.0,570.0,ARM,ARM,500.0,1200.0,8159.08720967996,49.0,9.32119179,2964300.0
2024.0,ARM,200.0,610.0,ARM,ARM,500.0,1400.0,8556.21406956719,52.0,,3033500.0
1990.0,AZE,100.0,100.0,AZE,AZE,100.0,200.0,1238.27189274842,,,7175200.0
1991.0,AZE,100.0,100.0,AZE,AZE,100.0,200.0,734.944232805688,,,7271300.0
1992.0,AZE,100.0,200.0,AZE,AZE,100.0,200.0,60.2351205405972,,,7382050.0
1993.0,AZE,100.0,200.0,AZE,AZE,100.0,500.0,209.530954548425,,,7494800.0
1994.0,AZE,100.0,500.0,AZE,AZE,200.0,500.0,157.063549947072,,,7596550.0
1995.0,AZE,100.0,500.0,AZE,AZE,200.0,500.0,314.55801908334,,,7684850.0
1996.0,AZE,100.0,500.0,AZE,AZE,500.0,690.0,409.185543774103,,,7763000.0
1997.0,AZE,100.0,600.0,AZE,AZE,500.0,940.0,505.516204188336,,,7838250.0
1998.0,AZE,100.0,730.0,AZE,AZE,500.0,1100.0,561.906807871869,,,7913000.0
1999.0,AZE,100.0,850.0,AZE,AZE,560.0,1200.0,573.893528734031,,,7982750.0
2000.0,AZE,200.0,910.0,AZE,AZE,650.0,1300.0,655.097249579917,0.0,2.94891715,8048600.0
2001.0,AZE,200.0,920.0,AZE,AZE,680.0,1300.0,703.670998584686,0.0,2.774194,8111200.0
2002.0,AZE,200.0,890.0,AZE,AZE,680.0,1200.0,763.108895463487,0.0,2.73097301,8171950.0
2003.0,AZE,500.0,870.0,AZE,AZE,670.0,1100.0,883.692580745256,0.0,2.72699213,8234100.0
2004.0,AZE,500.0,840.0,AZE,AZE,660.0,1000.0,1045.0136328106,0.0,2.65944242,8306500.0
2005.0,AZE,500.0,810.0,AZE,AZE,650.0,1000.0,1578.36733030667,,2.22960997,8391850.0
2006.0,AZE,500.0,810.0,AZE,AZE,650.0,1000.0,2472.95725732287,0.0,2.07059145,8484550.0
2007.0,AZE,500.0,790.0,AZE,AZE,630.0,990.0,3851.33015175141,1.0,1.99422264,8581300.0
2008.0,AZE,500.0,790.0,AZE,AZE,630.0,980.0,5574.46810432575,2.0,2.04814458,8763400.0
2009.0,AZE,500.0,790.0,AZE,AZE,620.0,970.0,4950.39949009423,3.0,2.76541352,8947243.0
2010.0,AZE,500.0,760.0,AZE,AZE,620.0,930.0,5843.5337683582,6.0,2.64634848,9054332.0
2011.0,AZE,500.0,740.0,AZE,AZE,600.0,890.0,7189.81869211976,9.0,2.59547186,9173082.0
2012.0,AZE,500.0,700.0,AZE,AZE,570.0,850.0,7495.86527658099,11.0,3.15682149,9295784.0
2013.0,AZE,500.0,670.0,AZE,AZE,540.0,820.0,7875.34536661549,15.0,3.22551084,9416801.0
2014.0,AZE,500.0,640.0,AZE,AZE,520.0,790.0,7890.84028062087,21.0,3.58703041,9535079.0
2015.0,AZE,500.0,600.0,AZE,AZE,500.0,750.0,5500.50364628486,27.0,4.34131384,9649341.0
2016.0,AZE,500.0,540.0,AZE,AZE,500.0,670.0,3880.6852276838,33.0,4.42241955,9757812.0
2017.0,AZE,500.0,570.0,AZE,AZE,500.0,720.0,4147.1981423222,39.0,4.07396507,9854033.0
2018.0,AZE,500.0,570.0,AZE,AZE,500.0,730.0,4739.7943123408,46.0,3.83661342,9939771.0
2019.0,AZE,200.0,540.0,AZE,AZE,500.0,690.0,4805.75371765917,56.0,4.18188763,10024283.0
2020.0,AZE,200.0,500.0,AZE,AZE,500.0,600.0,4229.91064904503,60.0,5.84817696,10093121.0
2021.0,AZE,200.0,500.0,AZE,AZE,500.0,560.0,5408.04535175023,66.0,4.68526697,10137750.0
2022.0,AZE,200.0,500.0,AZE,AZE,500.0,550.0,7770.594223351,67.0,3.41549611,10141756.0
2023.0,AZE,200.0,500.0,AZE,AZE,500.0,620.0,7133.02838048328,76.0,4.27113533,10153958.0
2024.0,AZE,100.0,500.0,AZE,AZE,500.0,540.0,7294.64276088105,86.0,,10202830.0
1990.0,BLR,,,BLR,BLR,,,1706.64091882343,,,10189348.0
1991.0,BLR,,,BLR,BLR,,,1805.45592531527,,,10194050.0
1992.0,BLR,,,BLR,BLR,,,1658.08641281239,,,10216470.0
1993.0,BLR,,,BLR,BLR,,,1589.51011343649,,,10239050.0
1994.0,BLR,,,BLR,BLR,,,1460.00791360458,,,10226955.0
1995.0,BLR,,,BLR,BLR,,,1370.69991385664,,,10193831.0
1996.0,BLR,,,BLR,BLR,,,1427.26896385327,,,10159569.0
1997.0,BLR,,,BLR,BLR,,,1396.44201900881,,,10117433.0
1998.0,BLR,,,BLR,BLR,,,1511.32531567314,,,10071963.0
1999.0,BLR,,,BLR,BLR,,,1210.6117195862,,,10026738.0
2000.0,BLR,,,BLR,BLR,,,1276.2880341,,5.28088045,9979610.0
2001.0,BLR,,,BLR,BLR,,,1244.37318523431,,5.7064805,9928549.0
2002.0,BLR,,,BLR,BLR,,,1479.38066337175,,5.62404203,9865548.0
2003.0,BLR,,,BLR,BLR,,,1819.52653114699,,5.77103186,9796749.0
2004.0,BLR,,,BLR,BLR,,,2378.33700470129,,5.73650646,9730146.0
2005.0,BLR,,,BLR,BLR,,,3126.07176665248,,6.07036304,9663915.0
2006.0,BLR,,,BLR,BLR,,,3848.22350300163,,5.57366323,9604924.0
2007.0,BLR,,,BLR,BLR,,,4735.48107556066,,5.6917243,9560953.0
2008.0,BLR,,,BLR,BLR,,,6376.17569162063,,5.29448891,9527985.0
2009.0,BLR,,,BLR,BLR,,,5352.48809190697,,5.3906498,9504583.0
2010.0,BLR,,,BLR,BLR,,,6034.67885177216,,5.65694332,9483836.0
2011.0,BLR,,,BLR,BLR,,,6527.6593428786,,4.87452745,9461643.0
2012.0,BLR,,,BLR,BLR,,,6953.21591683101,,5.24538946,9446836.0
2013.0,BLR,,,BLR,BLR,,,7998.0802045456,,5.69563103,9443211.0
2014.0,BLR,,,BLR,BLR,,,8341.31809294883,,5.38792181,9448515.0
2015.0,BLR,,,BLR,BLR,,,5967.05595058777,,6.06528044,9461076.0
2016.0,BLR,,,BLR,BLR,,,5039.77560949445,,5.91054153,9469379.0
2017.0,BLR,,,BLR,BLR,,,5785.54491935194,,5.75974846,9458989.0
2018.0,BLR,,,BLR,BLR,,,6360.037502312,,5.52699471,9438785.0
2019.0,BLR,,,BLR,BLR,,,6837.77339645635,,5.86133814,9419758.0
2020.0,BLR,,,BLR,BLR,,,6542.85579976768,,6.40607214,9379952.0
2021.0,BLR,,,BLR,BLR,,,7489.71894713888,,6.56549978,9302585.0
2022.0,BLR,,,BLR,BLR,,,7994.64806074889,,6.57784128,9228071.0
2023.0,BLR,,,BLR,BLR,,,7896.75388295584,,7.08167362,9178298.0
2024.0,BLR,,,BLR,BLR,,,8605.60954569694,,,9132629.0
1990.0,BIH,,,BIH,BIH,,,1742.88262171767,,,4448652.0
1991.0,BIH,,,BIH,BIH,,,1373.37104472973,,,4458343.0
1992.0,BIH,,,BIH,BIH,,,1118.17569934079,,,4234616.0
1993.0,BIH,,,BIH,BIH,,,929.872118717018,,,3904482.0
1994.0,BIH,,,BIH,BIH,,,337.090896023259,,,3725412.0
1995.0,BIH,,,BIH,BIH,,,502.365980975339,,,3715564.0
1996.0,BIH,,,BIH,BIH,,,718.933797141505,,,3875246.0
1997.0,BIH,,,BIH,BIH,,,913.813399054859,,,4018227.0
1998.0,BIH,,,BIH,BIH,,,1006.70479669823,,,4089356.0
1999.0,BIH,,,BIH,BIH,,,1134.60298042083,,,4130305.0
2000.0,BIH,,,BIH,BIH,,,1338.48059636261,,7.96239424,4159771.0
2001.0,BIH,,,BIH,BIH,,,1387.89362942121,,7.5734477,4179438.0
2002.0,BIH,,,BIH,BIH,,,1606.5467454132,,7.39934349,4188002.0
2003.0,BIH,,,BIH,BIH,,,2033.94700935864,,8.28056145,4178523.0
2004.0,BIH,,,BIH,BIH,,,2452.6860917386,,9.06270218,4140987.0
2005.0,BIH,,,BIH,BIH,,,2739.61076866057,,8.82041836,4096493.0
2006.0,BIH,,,BIH,BIH,,,3166.12865344833,,8.88362694,4063272.0
2007.0,BIH,,,BIH,BIH,,,3931.48948737505,,9.25501442,4013424.0
2008.0,BIH,,,BIH,BIH,,,4841.69311934649,,9.48630238,3947544.0
2009.0,BIH,,,BIH,BIH,,,4539.91863774968,,9.0152092,3879794.0
2010.0,BIH,,,BIH,BIH,,,4506.47828548389,,9.01212692,3811472.0
2011.0,BIH,,,BIH,BIH,,,4982.69375768263,,9.1712122,3741798.0
2012.0,BIH,,,BIH,BIH,,,4693.78899115381,,9.4791584,3670113.0
2013.0,BIH,,,BIH,BIH,,,5034.56634817068,,9.43616295,3610859.0
2014.0,BIH,,,BIH,BIH,,,5206.06573475132,,9.4710331,3564829.0
2015.0,BIH,,,BIH,BIH,,,4662.25869219448,,9.24086571,3518541.0
2016.0,BIH,,,BIH,BIH,,,4928.5665903114,,9.13943481,3473003.0
2017.0,BIH,,,BIH,BIH,,,5345.01978766473,,8.81797314,3428682.0
2018.0,BIH,,,BIH,BIH,,,6047.84707207392,,8.76100445,3387000.0
2019.0,BIH,,,BIH,BIH,,,6122.37541352353,,8.92544365,3345533.0
2020.0,BIH,,,BIH,BIH,,,6130.31187968266,,9.70311832,3299349.0
2021.0,BIH,,,BIH,BIH,,,7295.34378682258,,9.55514336,3244907.0
2022.0,BIH,,,BIH,BIH,,,7655.59421024383,,8.71644783,3204802.0
2023.0,BIH,,,BIH,BIH,,,8663.02326458629,,8.9216938,3185073.0
2024.0,BIH,,,BIH,BIH,,,9397.90942855997,,,3164253.0
1990.0,GEO,100.0,100.0,GEO,GEO,100.0,100.0,1610.98027146868,,,4802000.0
1991.0,GEO,100.0,100.0,GEO,GEO,100.0,100.0,1307.82342713006,,,4835900.0
1992.0,GEO,100.0,100.0,GEO,GEO,100.0,100.0,757.223548505358,,,4873500.0
1993.0,GEO,100.0,100.0,GEO,GEO,100.0,100.0,550.015542609224,,,4911100.0
1994.0,GEO,100.0,100.0,GEO,GEO,100.0,100.0,519.815578814965,,,4836076.0
1995.0,GEO,100.0,100.0,GEO,GEO,100.0,100.0,578.336923460866,,,4657722.0
1996.0,GEO,100.0,100.0,GEO,GEO,100.0,100.0,689.034634153312,,,4491699.0
1997.0,GEO,100.0,100.0,GEO,GEO,100.0,100.0,807.032285752352,,,4349913.0
1998.0,GEO,100.0,100.0,GEO,GEO,100.0,100.0,851.515542450841,,,4243607.0
1999.0,GEO,100.0,100.0,GEO,GEO,100.0,100.0,673.537782887275,,,4157192.0
2000.0,GEO,100.0,100.0,GEO,GEO,100.0,100.0,749.908534993961,0.0,7.194592,4077131.0
2001.0,GEO,100.0,100.0,GEO,GEO,100.0,200.0,801.98383707929,0.0,7.16950893,4014373.0
2002.0,GEO,100.0,200.0,GEO,GEO,100.0,200.0,853.526171868939,0.0,7.81474257,3978515.0
2003.0,GEO,100.0,200.0,GEO,GEO,200.0,200.0,1010.03151630868,0.0,8.02952862,3951736.0
2004.0,GEO,100.0,500.0,GEO,GEO,200.0,500.0,1305.04748557208,8.0,8.08910847,3927340.0
2005.0,GEO,100.0,500.0,GEO,GEO,500.0,500.0,1642.78359414797,17.0,8.07734203,3902469.0
2006.0,GEO,100.0,500.0,GEO,GEO,500.0,500.0,1996.02013272284,23.0,7.63208008,3880347.0
2007.0,GEO,100.0,500.0,GEO,GEO,500.0,500.0,2635.36650276116,24.0,7.43517828,3860158.0
2008.0,GEO,100.0,500.0,GEO,GEO,500.0,500.0,3324.7537205015,28.0,8.44424057,3848449.0
2009.0,GEO,100.0,500.0,GEO,GEO,500.0,500.0,2822.68939668797,30.0,9.56681633,3814419.0
2010.0,GEO,100.0,500.0,GEO,GEO,500.0,500.0,3281.72930937343,32.0,9.02123737,3786695.0
2011.0,GEO,100.0,500.0,GEO,GEO,500.0,540.0,4119.66818307193,37.0,7.88224316,3756441.0
2012.0,GEO,100.0,540.0,GEO,GEO,500.0,570.0,4530.69533409431,48.0,7.95168972,3728874.0
2013.0,GEO,100.0,560.0,GEO,GEO,520.0,600.0,4712.00229382665,53.0,8.00574589,3717668.0
2014.0,GEO,100.0,590.0,GEO,GEO,550.0,620.0,4830.33486170249,57.0,8.2940836,3719414.0
2015.0,GEO,100.0,600.0,GEO,GEO,560.0,640.0,4086.6223465965,61.0,8.6599493,3725276.0
2016.0,GEO,100.0,620.0,GEO,GEO,580.0,660.0,4143.40125686315,66.0,9.07258892,3727505.0
2017.0,GEO,100.0,620.0,GEO,GEO,580.0,680.0,4418.75206546679,68.0,8.70140266,3728004.0
2018.0,GEO,100.0,630.0,GEO,GEO,590.0,680.0,4804.0546040444,70.0,7.75524616,3726549.0
2019.0,GEO,100.0,630.0,GEO,GEO,590.0,680.0,4741.2832715876,71.0,7.31291389,3720161.0
2020.0,GEO,100.0,630.0,GEO,GEO,580.0,670.0,4300.85701291207,71.0,9.22991848,3722716.0
2021.0,GEO,100.0,610.0,GEO,GEO,560.0,660.0,5083.60695484577,71.0,10.53835487,3708610.0
2022.0,GEO,100.0,600.0,GEO,GEO,550.0,650.0,6729.84659930283,70.0,8.29634285,3712502.0
2023.0,GEO,100.0,590.0,GEO,GEO,530.0,640.0,8283.66960652261,71.0,6.85758877,3715483.0
2024.0,GEO,100.0,560.0,GEO,GEO,500.0,630.0,8967.67525638987,72.0,,3812518.0
1990.0,KAZ,,100.0,KAZ,KAZ,100.0,100.0,1570.00883112591,,,17154054.0
1991.0,KAZ,,100.0,KAZ,KAZ,100.0,100.0,1442.42455540825,,,17278600.0
1992.0,KAZ,,100.0,KAZ,KAZ,100.0,100.0,1437.59848100913,,,17332625.0
1993.0,KAZ,,100.0,KAZ,KAZ,100.0,100.0,1355.13493859139,,,17274487.0
1994.0,KAZ,,200.0,KAZ,KAZ,100.0,200.0,1246.83633018218,,,17043771.0
1995.0,KAZ,,200.0,KAZ,KAZ,200.0,200.0,1217.79138769863,,,16730536.0
1996.0,KAZ,,500.0,KAZ,KAZ,200.0,500.0,1281.39152895397,,,16416027.0
1997.0,KAZ,,500.0,KAZ,KAZ,500.0,500.0,1381.63593295187,,,16043251.0
1998.0,KAZ,,500.0,KAZ,KAZ,500.0,500.0,1414.59289652597,,,15647785.0
1999.0,KAZ,,520.0,KAZ,KAZ,500.0,590.0,1091.54727722159,,,15455874.0
2000.0,KAZ,,720.0,KAZ,KAZ,660.0,800.0,1180.0444563226,0.0,4.16032028,15501103.0
2001.0,KAZ,,870.0,KAZ,KAZ,790.0,960.0,1422.27331810957,0.0,3.47098041,15575550.0
2002.0,KAZ,,980.0,KAZ,KAZ,890.0,1100.0,1573.55219932325,0.0,3.6148138,15656677.0
2003.0,KAZ,,1200.0,KAZ,KAZ,1100.0,1300.0,1958.02050246511,0.0,3.72335005,15747380.0
2004.0,KAZ,,1400.0,KAZ,KAZ,1300.0,1500.0,2722.47407755402,0.0,3.98307681,15850159.0
2005.0,KAZ,,1500.0,KAZ,KAZ,1400.0,1600.0,3577.35804001782,3.0,3.90172958,15968117.0
2006.0,KAZ,,1700.0,KAZ,KAZ,1600.0,1900.0,5030.13494711519,3.0,3.39824843,16103716.0
2007.0,KAZ,,1900.0,KAZ,KAZ,1700.0,2000.0,6449.43931096532,4.0,2.70314813,16257214.0
2008.0,KAZ,,2000.0,KAZ,KAZ,1900.0,2200.0,8123.54705891736,5.0,3.02569842,16426525.0
2009.0,KAZ,,2100.0,KAZ,KAZ,1900.0,2300.0,6938.01175663001,7.0,3.47355628,16619846.0
2010.0,KAZ,,2300.0,KAZ,KAZ,2100.0,2500.0,8793.07589980782,8.0,2.73641396,16836810.0
2011.0,KAZ,,2500.0,KAZ,KAZ,2300.0,2700.0,11287.1464926039,10.0,2.60236669,17066002.0
2012.0,KAZ,,2700.0,KAZ,KAZ,2500.0,3000.0,12018.7966527993,13.0,3.03725982,17306106.0
2013.0,KAZ,,2800.0,KAZ,KAZ,2600.0,3100.0,13478.459627612,17.0,2.66286755,17556502.0
2014.0,KAZ,,2800.0,KAZ,KAZ,2600.0,3100.0,12427.7094576939,20.0,2.97468448,17816285.0
2015.0,KAZ,,2900.0,KAZ,KAZ,2600.0,3100.0,10196.1226255982,24.0,3.04051113,18084169.0
2016.0,KAZ,,2900.0,KAZ,KAZ,2600.0,3200.0,7475.56688689424,28.0,3.42235589,18363600.0
2017.0,KAZ,,2700.0,KAZ,KAZ,2400.0,3100.0,8943.08416791984,38.0,3.0524447,18651931.0
2018.0,KAZ,,2600.0,KAZ,KAZ,2200.0,3000.0,9472.48527327758,47.0,2.90062451,18932727.0
2019.0,KAZ,,2600.0,KAZ,KAZ,2200.0,3000.0,9457.12614657136,52.0,2.87143755,19209555.0
2020.0,KAZ,,2600.0,KAZ,KAZ,2200.0,3100.0,8781.50797787648,56.0,3.83133817,19482117.0
2021.0,KAZ,,2500.0,KAZ,KAZ,2100.0,3000.0,9983.60103576902,60.0,3.98701859,19743603.0
2022.0,KAZ,,2300.0,KAZ,KAZ,2000.0,2900.0,11255.3396437881,65.0,3.74577999,20034609.0
2023.0,KAZ,,2500.0,KAZ,KAZ,2100.0,3000.0,12879.4275257974,70.0,3.76701546,20330104.0
2024.0,KAZ,,2300.0,KAZ,KAZ,1900.0,2800.0,14154.6324958076,74.0,,20592571.0
1990.0,KGZ,100.0,100.0,KGZ,KGZ,100.0,100.0,605.798144966488,,,4391236.0
1991.0,KGZ,100.0,100.0,KGZ,KGZ,100.0,100.0,569.548584035047,,,4463634.0
1992.0,KGZ,100.0,100.0,KGZ,KGZ,100.0,100.0,512.766741120388,,,4515400.0
1993.0,KGZ,100.0,100.0,KGZ,KGZ,100.0,100.0,448.554190878232,,,4516777.0
1994.0,KGZ,100.0,100.0,KGZ,KGZ,100.0,100.0,372.481759948941,,,4515069.0
1995.0,KGZ,100.0,100.0,KGZ,KGZ,100.0,100.0,364.250365258345,,,4560454.0
1996.0,KGZ,100.0,100.0,KGZ,KGZ,100.0,100.0,394.856879614212,,,4628438.0
1997.0,KGZ,100.0,100.0,KGZ,KGZ,100.0,100.0,376.427930059811,,,4696421.0
1998.0,KGZ,100.0,100.0,KGZ,KGZ,100.0,100.0,345.137046084246,,,4769015.0
1999.0,KGZ,100.0,100.0,KGZ,KGZ,100.0,100.0,258.048055936976,,,4840422.0
2000.0,KGZ,100.0,100.0,KGZ,KGZ,100.0,200.0,279.621738464365,0.0,4.41414976,4898362.0
2001.0,KGZ,100.0,650.0,KGZ,KGZ,500.0,3700.0,308.41129550148,0.0,4.27703238,4945073.0
2002.0,KGZ,100.0,200.0,KGZ,KGZ,100.0,550.0,321.726775366804,0.0,4.59219551,4990704.0
2003.0,KGZ,100.0,100.0,KGZ,KGZ,100.0,200.0,380.505828812441,0.0,5.82382107,5043308.0
2004.0,KGZ,100.0,200.0,KGZ,KGZ,100.0,500.0,433.233873286,0.0,6.20281315,5104713.0
2005.0,KGZ,100.0,500.0,KGZ,KGZ,500.0,500.0,476.548193640077,3.0,7.45010662,5162640.0
2006.0,KGZ,100.0,500.0,KGZ,KGZ,500.0,550.0,543.113512472219,3.0,8.3118391,5218373.0
2007.0,KGZ,100.0,570.0,KGZ,KGZ,500.0,700.0,721.771577544361,3.0,6.93210649,5268385.0
2008.0,KGZ,100.0,690.0,KGZ,KGZ,630.0,800.0,966.388569370494,5.0,6.52511883,5318729.0
2009.0,KGZ,200.0,720.0,KGZ,KGZ,660.0,810.0,870.198894546917,7.0,6.89873457,5389643.0
2010.0,KGZ,200.0,750.0,KGZ,KGZ,680.0,840.0,876.954476440354,9.0,6.95027161,5467059.0
2011.0,KGZ,200.0,830.0,KGZ,KGZ,760.0,900.0,1117.40174350185,10.0,7.1072917,5546587.0
2012.0,KGZ,200.0,880.0,KGZ,KGZ,810.0,950.0,1168.62244675446,12.0,8.50966358,5652076.0
2013.0,KGZ,200.0,850.0,KGZ,KGZ,780.0,930.0,1269.66303464348,18.0,8.18745041,5777150.0
2014.0,KGZ,200.0,860.0,KGZ,KGZ,780.0,930.0,1264.52668823891,24.0,7.35766459,5905848.0
2015.0,KGZ,200.0,850.0,KGZ,KGZ,760.0,920.0,1105.65193844261,27.0,7.14930916,6040036.0
2016.0,KGZ,200.0,860.0,KGZ,KGZ,780.0,940.0,1103.27489428412,32.0,6.41248226,6175338.0
2017.0,KGZ,500.0,830.0,KGZ,KGZ,750.0,910.0,1221.39046807082,36.0,6.18586349,6306696.0
2018.0,KGZ,500.0,850.0,KGZ,KGZ,760.0,930.0,1283.5203037417,39.0,5.01030922,6444079.0
2019.0,KGZ,500.0,860.0,KGZ,KGZ,770.0,940.0,1421.99927504102,40.0,4.25461817,6590211.0
2020.0,KGZ,500.0,860.0,KGZ,KGZ,770.0,940.0,1229.51766602907,41.0,4.93558979,6726596.0
2021.0,KGZ,500.0,870.0,KGZ,KGZ,780.0,950.0,1349.99730650542,45.0,5.35275602,6851224.0
2022.0,KGZ,500.0,890.0,KGZ,KGZ,790.0,970.0,1739.72018344174,48.0,5.04874945,6975220.0
2023.0,KGZ,500.0,910.0,KGZ,KGZ,810.0,990.0,2138.22210211478,51.0,4.50344467,7099750.0
2024.0,KGZ,500.0,920.0,KGZ,KGZ,830.0,1000.0,2514.81066933171,53.0,,7221868.0
1990.0,MNE,100.0,100.0,MNE,MNE,100.0,100.0,,,,606372.0
1991.0,MNE,100.0,100.0,MNE,MNE,100.0,100.0,,,,607105.0
1992.0,MNE,100.0,100.0,MNE,MNE,100.0,100.0,,,,608516.0
1993.0,MNE,100.0,100.0,MNE,MNE,100.0,100.0,,,,610170.0
1994.0,MNE,100.0,100.0,MNE,MNE,100.0,100.0,,,,611389.0
1995.0,MNE,100.0,100.0,MNE,MNE,100.0,100.0,,,,611712.0
1996.0,MNE,100.0,100.0,MNE,MNE,100.0,100.0,,,,611003.0
1997.0,MNE,100.0,100.0,MNE,MNE,100.0,100.0,1375.32616813442,,,609520.0
1998.0,MNE,100.0,100.0,MNE,MNE,100.0,100.0,1405.81632669854,,,607662.0
1999.0,MNE,100.0,100.0,MNE,MNE,100.0,100.0,1367.90257335097,,,606001.0
2000.0,MNE,100.0,100.0,MNE,MNE,100.0,100.0,1627.06511911987,8.0,,604950.0
2001.0,MNE,100.0,100.0,MNE,MNE,100.0,100.0,1909.59870186179,11.0,,607389.0
2002.0,MNE,100.0,100.0,MNE,MNE,100.0,100.0,2109.30631947331,11.0,,609828.0
2003.0,MNE,100.0,100.0,MNE,MNE,100.0,100.0,2789.95435110345,13.0,,612267.0
2004.0,MNE,100.0,100.0,MNE,MNE,100.0,100.0,3386.38099417981,15.0,,613353.0
2005.0,MNE,100.0,100.0,MNE,MNE,100.0,100.0,3675.98851272723,20.0,,614261.0
2006.0,MNE,100.0,100.0,MNE,MNE,100.0,100.0,4422.55172559508,21.0,,615025.0
2007.0,MNE,100.0,100.0,MNE,MNE,100.0,100.0,5979.43813180981,22.0,,615875.0
2008.0,MNE,100.0,100.0,MNE,MNE,100.0,100.0,7390.01481290503,24.0,,616969.0
2009.0,MNE,100.0,100.0,MNE,MNE,100.0,100.0,6726.67589734408,25.0,,618294.0
2010.0,MNE,100.0,100.0,MNE,MNE,100.0,100.0,6678.63939560908,28.0,,619428.0
2011.0,MNE,100.0,100.0,MNE,MNE,100.0,100.0,7265.51771176628,27.0,7.96692181,620345.0
2012.0,MNE,100.0,100.0,MNE,MNE,100.0,100.0,6552.47970337373,28.0,8.29550457,621418.0
2013.0,MNE,100.0,100.0,MNE,MNE,100.0,100.0,7102.7776714702,31.0,8.47144604,622587.0
2014.0,MNE,100.0,100.0,MNE,MNE,100.0,100.0,7342.17147363741,34.0,8.00086784,623744.0
2015.0,MNE,100.0,100.0,MNE,MNE,100.0,100.0,6421.00005731419,34.0,9.02188778,624651.0
2016.0,MNE,100.0,100.0,MNE,MNE,100.0,100.0,6968.01202883651,40.0,8.63302994,625353.0
2017.0,MNE,100.0,100.0,MNE,MNE,100.0,100.0,7674.2856571219,45.0,7.98255396,625982.0
2018.0,MNE,100.0,100.0,MNE,MNE,100.0,100.0,8673.59469069858,49.0,8.34355545,626438.0
2019.0,MNE,100.0,100.0,MNE,MNE,100.0,100.0,8749.25629734676,52.0,8.32983208,626753.0
2020.0,MNE,100.0,100.0,MNE,MNE,100.0,100.0,7555.48699036321,52.0,11.42177582,626590.0
2021.0,MNE,100.0,100.0,MNE,MNE,100.0,100.0,9315.86435643142,52.0,10.55253506,625053.0
2022.0,MNE,100.0,100.0,MNE,MNE,100.0,100.0,10038.1849482517,53.0,10.19081783,623591.0
2023.0,MNE,100.0,100.0,MNE,MNE,100.0,100.0,12258.1600477339,58.0,9.6549921,623529.0
2024.0,MNE,100.0,100.0,MNE,MNE,100.0,100.0,13270.1824401005,61.0,,623525.0
1990.0,MKD,100.0,100.0,MKD,MKD,100.0,100.0,2277.30372314314,,,2063689.0
1991.0,MKD,100.0,100.0,MKD,MKD,100.0,100.0,2402.13517656378,,,2055994.0
1992.0,MKD,100.0,100.0,MKD,MKD,100.0,100.0,1198.92829846257,,,2032523.0
1993.0,MKD,100.0,100.0,MKD,MKD,100.0,100.0,1336.64775641463,,,2006854.0
1994.0,MKD,100.0,100.0,MKD,MKD,100.0,100.0,1786.35488334914,,,1992666.0
1995.0,MKD,100.0,100.0,MKD,MKD,100.0,100.0,2355.24705371138,,,1998534.0
1996.0,MKD,100.0,100.0,MKD,MKD,100.0,100.0,2306.53366957635,,,2012553.0
1997.0,MKD,100.0,100.0,MKD,MKD,100.0,100.0,1959.56073782188,,,1996869.0
1998.0,MKD,100.0,100.0,MKD,MKD,100.0,100.0,1875.81662735988,,,2007523.0
1999.0,MKD,100.0,100.0,MKD,MKD,100.0,100.0,1915.39281060996,,,2017142.0
2000.0,MKD,100.0,100.0,MKD,MKD,100.0,100.0,1861.89899780644,7.0,8.86991501,2026350.0
2001.0,MKD,100.0,100.0,MKD,MKD,100.0,100.0,1823.02267682636,8.0,8.3815918,2034882.0
2002.0,MKD,100.0,100.0,MKD,MKD,100.0,100.0,1989.13537265159,8.0,8.97826958,2020157.0
2003.0,MKD,100.0,100.0,MKD,MKD,100.0,100.0,2445.36286400013,9.0,9.00857735,2022725.0
2004.0,MKD,100.0,100.0,MKD,MKD,100.0,100.0,2818.5814561242,3.0,8.46505451,2016186.0
2005.0,MKD,100.0,100.0,MKD,MKD,100.0,100.0,3120.98401394233,9.0,7.67907524,2005330.0
2006.0,MKD,100.0,100.0,MKD,MKD,100.0,100.0,3440.4411057968,13.0,7.38314581,1994287.0
2007.0,MKD,100.0,100.0,MKD,MKD,100.0,100.0,4204.11328760452,16.0,6.57065344,1982933.0
2008.0,MKD,100.0,100.0,MKD,MKD,100.0,100.0,5026.4202989873,20.0,6.55317593,1971493.0
2009.0,MKD,100.0,100.0,MKD,MKD,100.0,100.0,4799.78722768888,18.0,6.52846384,1958782.0
2010.0,MKD,100.0,100.0,MKD,MKD,100.0,100.0,4833.36586759968,22.0,6.71369696,1946298.0
2011.0,MKD,100.0,100.0,MKD,MKD,100.0,100.0,5416.86672931659,23.0,6.51887369,1937398.0
2012.0,MKD,100.0,100.0,MKD,MKD,100.0,100.0,5049.8265386157,26.0,6.61468363,1929821.0
2013.0,MKD,100.0,100.0,MKD,MKD,100.0,100.0,5626.26115664893,28.0,6.71928358,1922716.0
2014.0,MKD,100.0,100.0,MKD,MKD,100.0,100.0,5925.38592218015,30.0,6.28993368,1917557.0
2015.0,MKD,100.0,100.0,MKD,MKD,100.0,100.0,5262.68671928674,37.0,6.34227896,1912430.0
2016.0,MKD,100.0,100.0,MKD,MKD,100.0,100.0,5598.48622617967,41.0,6.37943363,1906313.0
2017.0,MKD,100.0,100.0,MKD,MKD,100.0,100.0,5955.2973863451,44.0,6.43909454,1898657.0
2018.0,MKD,100.0,100.0,MKD,MKD,100.0,100.0,6713.98925398989,48.0,6.45699358,1889051.0
2019.0,MKD,100.0,100.0,MKD,MKD,100.0,100.0,6718.85826635458,49.0,7.06654119,1876262.0
2020.0,MKD,100.0,100.0,MKD,MKD,100.0,100.0,6659.59651070776,53.0,7.73212385,1856124.0
2021.0,MKD,100.0,100.0,MKD,MKD,100.0,100.0,7620.80296977508,52.0,8.41851234,1837114.0
2022.0,MKD,100.0,100.0,MKD,MKD,100.0,100.0,7606.2375253797,53.0,7.42164755,1831712.0
2023.0,MKD,100.0,100.0,MKD,MKD,100.0,100.0,8674.35846327485,56.0,7.42730284,1827816.0
2024.0,MKD,100.0,100.0,MKD,MKD,100.0,100.0,9291.8566035502,59.0,,1824359.0
1990.0,MDA,100.0,200.0,MDA,MDA,100.0,200.0,1206.50208704977,,,2977912.0
1991.0,MDA,100.0,500.0,MDA,MDA,200.0,500.0,1037.89950336245,,,2981566.0
1992.0,MDA,100.0,500.0,MDA,MDA,500.0,500.0,778.017667420102,,,2980965.0
1993.0,MDA,100.0,510.0,MDA,MDA,500.0,700.0,796.989388848336,,,2975966.0
1994.0,MDA,100.0,770.0,MDA,MDA,540.0,1000.0,573.798647201304,,,2966745.0
1995.0,MDA,100.0,1100.0,MDA,MDA,760.0,1500.0,593.593177049161,,,2953200.0
1996.0,MDA,200.0,1400.0,MDA,MDA,1000.0,1900.0,575.145455139019,,,2947293.0
1997.0,MDA,200.0,1800.0,MDA,MDA,1300.0,2400.0,657.29213459795,,,2936413.0
1998.0,MDA,500.0,2100.0,MDA,MDA,1500.0,2900.0,578.734627562193,,,2935227.0
1999.0,MDA,500.0,2300.0,MDA,MDA,1700.0,3200.0,399.499818596336,,,2930622.0
2000.0,MDA,500.0,2500.0,MDA,MDA,1800.0,3400.0,440.538683980372,0.0,5.92687273,2924668.0
2001.0,MDA,500.0,2500.0,MDA,MDA,1800.0,3400.0,507.404076252819,0.0,6.23449755,2918135.0
2002.0,MDA,600.0,2500.0,MDA,MDA,1800.0,3400.0,570.799866188293,0.0,7.40437651,2911385.0
2003.0,MDA,710.0,2500.0,MDA,MDA,1700.0,3300.0,682.319095965299,0.0,7.02227592,2903198.0
2004.0,MDA,810.0,2400.0,MDA,MDA,1700.0,3300.0,897.178494749468,1.0,8.97114944,2896023.0
2005.0,MDA,900.0,2300.0,MDA,MDA,1700.0,3200.0,1034.39197746993,1.0,9.55814838,2888985.0
2006.0,MDA,980.0,2300.0,MDA,MDA,1600.0,3100.0,1183.02481442894,2.0,10.54445267,2880967.0
2007.0,MDA,1000.0,2200.0,MDA,MDA,1500.0,3000.0,1531.21618590748,3.0,11.02066803,2874299.0
2008.0,MDA,1100.0,2100.0,MDA,MDA,1500.0,2800.0,2110.55305353857,4.0,10.94920063,2868833.0
2009.0,MDA,1100.0,2000.0,MDA,MDA,1400.0,2700.0,1898.43975710988,5.0,13.6766243,2865213.0
2010.0,MDA,1100.0,1900.0,MDA,MDA,1300.0,2500.0,2436.79935102421,7.0,10.13112831,2862354.0
2011.0,MDA,1100.0,1800.0,MDA,MDA,1300.0,2400.0,2941.36224066021,9.0,9.09670353,2860699.0
2012.0,MDA,1100.0,1700.0,MDA,MDA,1200.0,2300.0,3044.8084324815,11.0,9.13962078,2860324.0
2013.0,MDA,1100.0,1600.0,MDA,MDA,1100.0,2200.0,3321.04397795719,14.0,8.68300343,2859558.0
2014.0,MDA,1000.0,1400.0,MDA,MDA,1000.0,2000.0,3289.95758568777,17.0,8.73206043,2857815.0
2015.0,MDA,980.0,1400.0,MDA,MDA,970.0,1900.0,2749.55137054338,21.0,8.50013351,2835978.0
2016.0,MDA,930.0,1300.0,MDA,MDA,930.0,1800.0,2847.08794770479,25.0,7.62106228,2803186.0
2017.0,MDA,870.0,1200.0,MDA,MDA,860.0,1700.0,3453.26727720294,29.0,7.1278038,2755189.0
2018.0,MDA,800.0,1100.0,MDA,MDA,810.0,1600.0,4156.44981956646,33.0,6.70760345,2707203.0
2019.0,MDA,730.0,1000.0,MDA,MDA,730.0,1400.0,4405.33418162155,38.0,6.49662447,2664224.0
2020.0,MDA,720.0,990.0,MDA,MDA,700.0,1300.0,4375.7788930524,39.0,7.00484037,2635130.0
2021.0,MDA,710.0,920.0,MDA,MDA,650.0,1300.0,5274.60582195352,42.0,7.7490406,2595809.0
2022.0,MDA,640.0,840.0,MDA,MDA,590.0,1100.0,5744.29618434435,46.0,6.96505404,2528654.0
2023.0,MDA,560.0,780.0,MDA,MDA,550.0,1100.0,6799.58594644576,50.0,6.7359705,2457783.0
2024.0,MDA,500.0,700.0,MDA,MDA,500.0,960.0,7578.90216348853,53.0,,2402306.0
1990.0,RUS,,,RUS,RUS,,,3494.06323242188,,,147969406.0
1991.0,RUS,,,RUS,RUS,,,3490.45239257813,,,148394216.0
1992.0,RUS,,,RUS,RUS,,,3098.802734375,,,148538197.0
1993.0,RUS,,,RUS,RUS,,,2930.67016601563,,,148458777.0
1994.0,RUS,,,RUS,RUS,,,2662.10400390625,,,148407912.0
1995.0,RUS,,,RUS,RUS,,,2665.77978515625,,,148375787.0
1996.0,RUS,,,RUS,RUS,,,2643.92919921875,,,148160129.0
1997.0,RUS,,,RUS,RUS,,,2737.57202148438,,,147915361.0
1998.0,RUS,,,RUS,RUS,,,1834.86181640625,,,147670784.0
1999.0,RUS,,,RUS,RUS,,,1330.75720214844,,,147214776.0
2000.0,RUS,,,RUS,RUS,,,1771.59411621094,,5.01989794,146596869.0
2001.0,RUS,,,RUS,RUS,,,2100.3525390625,,5.24284792,145976482.0
2002.0,RUS,,,RUS,RUS,,,2377.52954101563,,5.52166557,145306497.0
2003.0,RUS,,,RUS,RUS,,,2975.123046875,,5.16368914,144648618.0
2004.0,RUS,,,RUS,RUS,,,4102.36474609375,,4.7603755,144067316.0
2005.0,RUS,,,RUS,RUS,,,5323.455078125,,4.77177477,143518814.0
2006.0,RUS,,,RUS,RUS,,,6920.19970703125,,4.76654387,143049637.0
2007.0,RUS,,,RUS,RUS,,,9101.2392578125,,4.74792528,142805114.0
2008.0,RUS,,,RUS,RUS,,,11635.2841796875,,4.90364122,142742366.0
2009.0,RUS,,,RUS,RUS,,,8562.82421875,,5.64392471,142785348.0
2010.0,RUS,,,RUS,RUS,,,10674.990234375,,4.97111797,142849468.0
2011.0,RUS,,,RUS,RUS,,,14305.33203125,,4.79491472,143018195.0
2012.0,RUS,,,RUS,RUS,,,15401.8515625,,4.93637276,143378447.0
2013.0,RUS,,,RUS,RUS,,,15941.4482421875,,5.08104849,143805638.0
2014.0,RUS,,,RUS,RUS,,,14055.47265625,,5.1820941,144237223.0
2015.0,RUS,,,RUS,RUS,,,9277.7138671875,,5.29604626,144640716.0
2016.0,RUS,,,RUS,RUS,,,8663.158203125,,5.28970337,145015460.0
2017.0,RUS,,,RUS,RUS,,,10658.9130859375,,5.35890055,145293260.0
2018.0,RUS,,,RUS,RUS,,,11211.8876953125,,5.35520792,145398106.0
2019.0,RUS,,,RUS,RUS,,,11447.701171875,,5.64849091,145453291.0
2020.0,RUS,,,RUS,RUS,,,10108.3271484375,,8.04076004,145245148.0
2021.0,RUS,,,RUS,RUS,,,12425.029296875,,7.0299139,144746762.0
2022.0,RUS,,,RUS,RUS,,,15625.6328125,,6.8788662,144236933.0
2023.0,RUS,,,RUS,RUS,,,13986.9951171875,,7.04438496,143826130.0
2024.0,RUS,,,RUS,RUS,,,14961.8974609375,,,143669648.0
1990.0,TJK,100.0,100.0,TJK,TJK,100.0,100.0,487.03612866309,,,5398768.0
1991.0,TJK,100.0,100.0,TJK,TJK,100.0,100.0,457.767825924805,,,5541205.0
1992.0,TJK,100.0,100.0,TJK,TJK,100.0,100.0,337.833145514813,,,5649400.0
1993.0,TJK,100.0,100.0,TJK,TJK,100.0,100.0,287.620123754917,,,5724993.0
1994.0,TJK,100.0,500.0,TJK,TJK,100.0,870.0,261.271254544865,,,5825368.0
1995.0,TJK,100.0,200.0,TJK,TJK,100.0,500.0,207.034457343036,,,5948584.0
1996.0,TJK,100.0,500.0,TJK,TJK,100.0,500.0,172.035088688368,,,6066523.0
1997.0,TJK,100.0,500.0,TJK,TJK,500.0,500.0,150.088550171239,,,6139829.0
1998.0,TJK,100.0,500.0,TJK,TJK,500.0,590.0,213.749145581577,,,6176397.0
1999.0,TJK,100.0,560.0,TJK,TJK,550.0,570.0,175.023764735625,,,6208370.0
2000.0,TJK,100.0,680.0,TJK,TJK,670.0,740.0,136.925716400723,0.0,4.26492405,6284735.0
2001.0,TJK,200.0,790.0,TJK,TJK,780.0,800.0,168.676285365186,0.0,4.57802534,6407377.0
2002.0,TJK,200.0,900.0,TJK,TJK,880.0,910.0,186.951638285222,0.0,4.43647242,6531669.0
2003.0,TJK,200.0,950.0,TJK,TJK,930.0,960.0,233.58124845289,0.0,4.70218658,6658575.0
2004.0,TJK,500.0,990.0,TJK,TJK,970.0,1000.0,305.745158587502,0.0,4.79911184,6790547.0
2005.0,TJK,500.0,980.0,TJK,TJK,960.0,990.0,333.927150941684,0.0,5.21024704,6924720.0
2006.0,TJK,500.0,1000.0,TJK,TJK,1000.0,1000.0,401.018403316427,1.0,5.03254795,7057566.0
2007.0,TJK,500.0,1000.0,TJK,TJK,980.0,1000.0,516.997210618914,1.0,5.54050112,7194477.0
2008.0,TJK,500.0,1000.0,TJK,TJK,1000.0,1100.0,703.327375898643,2.0,5.91206694,7338403.0
2009.0,TJK,500.0,1100.0,TJK,TJK,1000.0,1100.0,664.795655734657,3.0,5.85579777,7490230.0
2010.0,TJK,500.0,1100.0,TJK,TJK,1100.0,1100.0,737.338883219356,5.0,5.73543453,7652141.0
2011.0,TJK,500.0,1000.0,TJK,TJK,1000.0,1100.0,833.601978202852,7.0,5.85971785,7824785.0
2012.0,TJK,500.0,1000.0,TJK,TJK,990.0,1100.0,952.452819695469,9.0,5.98185873,8014084.0
2013.0,TJK,520.0,1100.0,TJK,TJK,1100.0,1100.0,1028.19704279396,12.0,6.53226423,8216724.0
2014.0,TJK,500.0,1000.0,TJK,TJK,1000.0,1100.0,1081.54402932039,18.0,6.6654973,8425552.0
2015.0,TJK,500.0,950.0,TJK,TJK,910.0,980.0,956.916310930656,26.0,6.90735912,8643840.0
2016.0,TJK,500.0,920.0,TJK,TJK,880.0,940.0,788.710481734485,33.0,6.96349716,8865631.0
2017.0,TJK,500.0,830.0,TJK,TJK,790.0,850.0,829.45714764957,40.0,6.85399008,9085946.0
2018.0,TJK,500.0,790.0,TJK,TJK,750.0,810.0,834.288404578801,47.0,7.01381588,9307333.0
2019.0,TJK,500.0,820.0,TJK,TJK,780.0,850.0,871.022372934846,54.0,6.9476676,9529966.0
2020.0,TJK,500.0,580.0,TJK,TJK,550.0,600.0,834.311715460625,60.0,8.8903532,9749310.0
2021.0,TJK,500.0,560.0,TJK,TJK,530.0,590.0,896.748053372182,64.0,8.37504482,9966908.0
2022.0,TJK,500.0,500.0,TJK,TJK,500.0,510.0,1052.17949484894,70.0,7.62917423,10182222.0
2023.0,TJK,200.0,500.0,TJK,TJK,500.0,500.0,1178.47990060249,76.0,7.43789911,10389799.0
2024.0,TJK,200.0,500.0,TJK,TJK,500.0,500.0,1362.02559981695,81.0,,10590927.0
1990.0,TKM,,,TKM,TKM,,,848.155047388424,,,3760562.0
1991.0,TKM,,,TKM,TKM,,,831.99873207474,,,3855894.0
1992.0,TKM,,,TKM,TKM,,,811.354156451902,,,3944689.0
1993.0,TKM,,,TKM,TKM,,,788.418914207107,,,4032407.0
1994.0,TKM,,,TKM,TKM,,,622.13478015809,,,4116662.0
1995.0,TKM,,,TKM,TKM,,,592.247247321132,,,4191203.0
1996.0,TKM,,,TKM,TKM,,,557.894220051334,,,4263819.0
1997.0,TKM,,,TKM,TKM,,,565.022638048501,,,4336730.0
1998.0,TKM,,,TKM,TKM,,,590.791293266381,,,4410507.0
1999.0,TKM,,,TKM,TKM,,,545.519003106054,,,4492170.0
2000.0,TKM,,,TKM,TKM,,,633.835487638011,,4.03080034,4582677.0
2001.0,TKM,,,TKM,TKM,,,756.034976276398,,4.7660532,4675409.0
2002.0,TKM,,,TKM,TKM,,,935.540801478466,,4.10696697,4769465.0
2003.0,TKM,,,TKM,TKM,,,1228.94870289404,,4.97849178,4863865.0
2004.0,TKM,,,TKM,TKM,,,1379.23009682692,,6.18652296,4958093.0
2005.0,TKM,,,TKM,TKM,,,1604.01618452312,,5.58886814,5052257.0
2006.0,TKM,,,TKM,TKM,,,1996.59310717308,,4.92075682,5147105.0
2007.0,TKM,,,TKM,TKM,,,2414.96071986964,,3.09328628,5244046.0
2008.0,TKM,,,TKM,TKM,,,3605.50395120549,,3.45380449,5345029.0
2009.0,TKM,,,TKM,TKM,,,3707.97850699617,,2.81471276,5451592.0
2010.0,TKM,,,TKM,TKM,,,4058.53937000739,,3.20879436,5564356.0
2011.0,TKM,,,TKM,TKM,,,5143.61929334647,,3.22296,5683417.0
2012.0,TKM,,,TKM,TKM,,,6053.8748468749,,3.34203553,5808546.0
2013.0,TKM,,,TKM,TKM,,,6599.64529055481,,3.96929264,5939341.0
2014.0,TKM,,,TKM,TKM,,,7164.14536184006,,4.25741673,6075283.0
2015.0,TKM,,,TKM,TKM,,,5759.497903834,,5.01652908,6215770.0
2016.0,TKM,,,TKM,TKM,,,5238.00827202546,,5.58718491,6360041.0
2017.0,TKM,,,TKM,TKM,,,5125.54920055808,,5.82361221,6507061.0
2018.0,TKM,,,TKM,TKM,,,3911.98557297865,,5.55298042,6655524.0
2019.0,TKM,,,TKM,TKM,,,4365.1152919542,,5.5522337,6803944.0
2020.0,TKM,,,TKM,TKM,,,3935.37749365223,,5.57226086,6949912.0
2021.0,TKM,,,TKM,TKM,,,3713.20113171765,,5.49196625,7092043.0
2022.0,TKM,,,TKM,TKM,,,5198.18947409551,,5.37103748,7230193.0
2023.0,TKM,,,TKM,TKM,,,5298.46421949276,,5.49789095,7364438.0
2024.0,TKM,,,TKM,TKM,,,5904.25772576512,,,7494498.0
1990.0,UKR,,,UKR,UKR,,,1563.63415527344,,,52054092.0
1991.0,UKR,,,UKR,UKR,,,1482.6396484375,,,52170961.0
1992.0,UKR,,,UKR,UKR,,,1413.24011230469,,,52323671.0
1993.0,UKR,,,UKR,UKR,,,1254.02868652344,,,52350126.0
1994.0,UKR,,,UKR,UKR,,,1009.09405517578,,,52075998.0
1995.0,UKR,,,UKR,UKR,,,933.191772460938,,,51665539.0
1996.0,UKR,,,UKR,UKR,,,869.846069335938,,,51226109.0
1997.0,UKR,,,UKR,UKR,,,987.489807128906,,,50786885.0
1998.0,UKR,,,UKR,UKR,,,831.336791992188,,,50379731.0
1999.0,UKR,,,UKR,UKR,,,631.910461425781,,,49976446.0
2000.0,UKR,,,UKR,UKR,,,653.294311523438,,5.30685186,49556660.0
2001.0,UKR,,,UKR,UKR,,,800.49072265625,,5.72534418,49106855.0
2002.0,UKR,,,UKR,UKR,,,903.011901855469,,5.99220037,48677281.0
2003.0,UKR,,,UKR,UKR,,,1076.48156738281,,6.54574108,48315136.0
2004.0,UKR,,,UKR,UKR,,,1401.01806640625,,6.16856956,47979507.0
2005.0,UKR,,,UKR,UKR,,,1875.33508300781,,6.3461585,47585556.0
2006.0,UKR,,,UKR,UKR,,,2366.494140625,,6.4171896,47278694.0
2007.0,UKR,,,UKR,UKR,,,3160.32763671875,,6.01776791,47062798.0
2008.0,UKR,,,UKR,UKR,,,4017.806640625,,5.49754429,46819175.0
2009.0,UKR,,,UKR,UKR,,,2607.08764648438,,6.60991716,46623731.0
2010.0,UKR,,,UKR,UKR,,,3039.63232421875,,6.81387615,46456003.0
2011.0,UKR,,,UKR,UKR,,,3656.69799804688,,6.81669855,46307853.0
2012.0,UKR,,,UKR,UKR,,,3951.34228515625,,7.11789227,46210056.0
2013.0,UKR,,,UKR,UKR,,,4129.89697265625,,6.94358015,46126770.0
2014.0,UKR,,,UKR,UKR,,,3054.908203125,,7.19506168,45972380.0
2015.0,UKR,,,UKR,UKR,,,2094.47387695313,,7.78352833,45784896.0
2016.0,UKR,,,UKR,UKR,,,2158.46118164063,,7.55205393,45616832.0
2017.0,UKR,,,UKR,UKR,,,2604.28759765625,,7.44610357,45436041.0
2018.0,UKR,,,UKR,UKR,,,3059.0517578125,,7.52051353,45208907.0
2019.0,UKR,,,UKR,UKR,,,3619.86157226563,,7.09389353,44957458.0
2020.0,UKR,,,UKR,UKR,,,3709.76928710938,,7.56217051,44680014.0
2021.0,UKR,,,UKR,UKR,,,4775.94580078125,,8.2027483,44298640.0
2022.0,UKR,,,UKR,UKR,,,4199.6708984375,,,41048766.0
2023.0,UKR,,,UKR,UKR,,,5139.59814453125,,,37732836.0
2024.0,UKR,,,UKR,UKR,,,5391.62255859375,,,37860221.0
1990.0,UZB,,,UZB,UZB,,,652.9376529256,,,20464956.0
1991.0,UZB,,,UZB,UZB,,,658.313550528068,,,20962910.0
1992.0,UZB,,,UZB,UZB,,,602.920525827048,,,21485090.0
1993.0,UZB,,,UZB,UZB,,,595.777099596612,,,21987955.0
1994.0,UZB,,,UZB,UZB,,,574.229079896619,,,22463291.0
1995.0,UZB,,,UZB,UZB,,,582.54213674034,,,22917589.0
1996.0,UZB,,,UZB,UZB,,,597.33228695111,,,23351981.0
1997.0,UZB,,,UZB,UZB,,,620.59129581366,,,23758960.0
1998.0,UZB,,,UZB,UZB,,,621.048904301242,,,24134929.0
1999.0,UZB,,,UZB,UZB,,,697.763539790812,,,24476008.0
2000.0,UZB,,,UZB,UZB,,,555.149231099186,,5.13293362,24787054.0
2001.0,UZB,,,UZB,UZB,,,454.415812256778,,5.23737431,25090283.0
2002.0,UZB,,,UZB,UZB,,,381.409296889283,,5.14164925,25399980.0
2003.0,UZB,,,UZB,UZB,,,394.164028897235,,5.1882515,25711259.0
2004.0,UZB,,,UZB,UZB,,,462.171492867885,,4.84063768,26029350.0
2005.0,UZB,,,UZB,UZB,,,542.835808692209,,4.781991,26356975.0
2006.0,UZB,,,UZB,UZB,,,649.118167003925,,4.75141335,26699043.0
2007.0,UZB,,,UZB,UZB,,,824.028192334768,,4.54267979,27076008.0
2008.0,UZB,,,UZB,UZB,,,1074.72928796701,,4.70447445,27494774.0
2009.0,UZB,,,UZB,UZB,,,1205.7993547038,,4.79649639,27939328.0
2010.0,UZB,,,UZB,UZB,,,1956.78127255673,,5.29938841,28385506.0
2011.0,UZB,,,UZB,UZB,,,2338.55462817306,,5.26245499,28823196.0
2012.0,UZB,,,UZB,UZB,,,2573.95586785056,,5.54822111,29261903.0
2013.0,UZB,,,UZB,UZB,,,2781.38869470315,,5.71896601,29724065.0
2014.0,UZB,,,UZB,UZB,,,3021.00331668049,,4.43092394,30222994.0
2015.0,UZB,,,UZB,UZB,,,3172.89899391083,,4.73596573,30749346.0
2016.0,UZB,,,UZB,UZB,,,3128.42307170099,,4.71504498,31284568.0
2017.0,UZB,,,UZB,UZB,,,2271.4730109511,,4.30888557,31819178.0
2018.0,UZB,,,UZB,UZB,,,1894.09088741408,,4.55261564,32373490.0
2019.0,UZB,,,UZB,UZB,,,2128.66067138334,,4.83520985,32964701.0
2020.0,UZB,,,UZB,UZB,,,2087.96374711792,,6.08597755,33586372.0
2021.0,UZB,,,UZB,UZB,,,2370.36480555669,,6.92742586,34243696.0
2022.0,UZB,,,UZB,UZB,,,2698.60262953369,,6.61703825,34938955.0
2023.0,UZB,,,UZB,UZB,,,3015.97705069457,,6.74312878,35652307.0
2024.0,UZB,,,UZB,UZB,,,3337.45492058664,,,36361859.0
1990.0,ARG,500.0,5100.0,ARG,ARG,4400.0,5500.0,4315.33403111588,,,32755901.0
1991.0,ARG,670.0,5400.0,ARG,ARG,4700.0,6100.0,5709.24784079504,,,33230294.0
1992.0,ARG,900.0,5500.0,ARG,ARG,4800.0,6200.0,6789.99611136495,,,33693527.0
1993.0,ARG,1200.0,5600.0,ARG,ARG,4900.0,6200.0,6931.85596375876,,,34152717.0
1994.0,ARG,1400.0,5600.0,ARG,ARG,5000.0,6200.0,7437.56242327594,,,34613491.0
1995.0,ARG,1800.0,5700.0,ARG,ARG,5000.0,6200.0,7357.6162773788,,,35070020.0
1996.0,ARG,2100.0,5700.0,ARG,ARG,5000.0,6200.0,7663.21271287469,,,35513793.0
1997.0,ARG,2400.0,5700.0,ARG,ARG,5000.0,6100.0,8146.78710021431,,,35947791.0
1998.0,ARG,2200.0,5700.0,ARG,ARG,5000.0,6100.0,8218.99212764682,,,36372860.0
1999.0,ARG,1900.0,5700.0,ARG,ARG,5000.0,6100.0,7705.54288252851,,,36794682.0
2000.0,ARG,1800.0,5700.0,ARG,ARG,5000.0,6100.0,7637.01489203628,18.0,8.22001076,37213984.0
2001.0,ARG,1600.0,5700.0,ARG,ARG,5000.0,6200.0,7141.47507662826,22.0,8.26966286,37624825.0
2002.0,ARG,1600.0,5700.0,ARG,ARG,5000.0,6100.0,2569.69963519124,25.0,7.33203077,38029349.0
2003.0,ARG,1600.0,5600.0,ARG,ARG,4900.0,6100.0,3320.47775133903,28.0,6.92670012,38424282.0
2004.0,ARG,1600.0,5600.0,ARG,ARG,4900.0,6100.0,4242.02099089422,31.0,7.09477043,38815916.0
2005.0,ARG,1600.0,5600.0,ARG,ARG,4900.0,6100.0,5067.65342293276,33.0,7.73392439,39216789.0
2006.0,ARG,1600.0,5600.0,ARG,ARG,4900.0,6100.0,5869.38028970204,35.0,7.70940399,39622115.0
2007.0,ARG,1600.0,5500.0,ARG,ARG,4800.0,6000.0,7185.25155147027,38.0,7.86196613,40016763.0
2008.0,ARG,1500.0,5500.0,ARG,ARG,4800.0,6000.0,8944.1102657357,41.0,8.24087811,40424148.0
2009.0,ARG,1400.0,5500.0,ARG,ARG,4800.0,6000.0,8150.23527028221,43.0,9.56852913,40854831.0
2010.0,ARG,1500.0,5400.0,ARG,ARG,4700.0,6000.0,10260.1313108254,46.0,9.4852438,41288694.0
2011.0,ARG,1500.0,5400.0,ARG,ARG,4700.0,6000.0,12704.2831819684,49.0,9.51042366,41730660.0
2012.0,ARG,1400.0,5400.0,ARG,ARG,4700.0,5900.0,12949.717486654,52.0,9.8851881,42161721.0
2013.0,ARG,1400.0,5400.0,ARG,ARG,4700.0,5900.0,12963.675773326,55.0,9.92091465,42582455.0
2014.0,ARG,1400.0,5300.0,ARG,ARG,4600.0,5900.0,12233.1444119186,58.0,9.79773045,43024071.0
2015.0,ARG,1300.0,5300.0,ARG,ARG,4600.0,5900.0,13679.6264980954,61.0,10.27364159,43477012.0
2016.0,ARG,1300.0,5300.0,ARG,ARG,4600.0,5900.0,12699.9623137756,64.0,10.05355549,43900313.0
2017.0,ARG,1300.0,5200.0,ARG,ARG,4600.0,5900.0,14532.5009308511,66.0,10.26057911,44288894.0
2018.0,ARG,1300.0,5200.0,ARG,ARG,4500.0,5800.0,11752.7998922979,68.0,10.17289257,44654882.0
2019.0,ARG,1300.0,5200.0,ARG,ARG,4500.0,5800.0,9955.97478680428,70.0,10.11911297,44973465.0
2020.0,ARG,1300.0,5100.0,ARG,ARG,4400.0,5800.0,8535.59938004389,72.0,10.67246342,45191965.0
2021.0,ARG,1200.0,5100.0,ARG,ARG,4300.0,5800.0,10738.0179223384,74.0,11.00910187,45312281.0
2022.0,ARG,1300.0,5000.0,ARG,ARG,4200.0,5700.0,13962.1894087223,76.0,10.15950489,45407904.0
2023.0,ARG,1300.0,4900.0,ARG,ARG,4100.0,5700.0,14261.8465667948,77.0,10.2695179,45538401.0
2024.0,ARG,1300.0,4900.0,ARG,ARG,4000.0,5700.0,13969.7836603737,79.0,,45696159.0
1990.0,BOL,100.0,790.0,BOL,BOL,500.0,3100.0,682.67681029538,,,7130142.0
1991.0,BOL,100.0,1300.0,BOL,BOL,500.0,3900.0,733.935487602519,,,7280289.0
1992.0,BOL,200.0,2000.0,BOL,BOL,630.0,4800.0,759.57113496365,,,7430336.0
1993.0,BOL,500.0,2600.0,BOL,BOL,1000.0,6200.0,756.637016048451,,,7579195.0
1994.0,BOL,500.0,2200.0,BOL,BOL,1200.0,5100.0,774.035669644318,,,7727322.0
1995.0,BOL,500.0,1900.0,BOL,BOL,1200.0,3900.0,852.754034861444,,,7874676.0
1996.0,BOL,520.0,1800.0,BOL,BOL,1200.0,3600.0,922.113259069714,,,8021736.0
1997.0,BOL,630.0,1700.0,BOL,BOL,1300.0,3500.0,970.351843368594,,,8167900.0
1998.0,BOL,750.0,1800.0,BOL,BOL,1300.0,3000.0,1022.14506519545,,,8313394.0
1999.0,BOL,860.0,1900.0,BOL,BOL,1400.0,2900.0,979.344494964572,,,8459806.0
2000.0,BOL,970.0,1900.0,BOL,BOL,1500.0,2600.0,975.777060358751,0.0,4.39554119,8606326.0
2001.0,BOL,1100.0,1900.0,BOL,BOL,1500.0,2500.0,930.168227214313,0.0,4.82522202,8752736.0
2002.0,BOL,1200.0,1900.0,BOL,BOL,1500.0,2500.0,888.221328974352,0.0,4.89645052,8900355.0
2003.0,BOL,1200.0,2000.0,BOL,BOL,1600.0,2500.0,893.013760211149,1.0,5.19709635,9050700.0
2004.0,BOL,1300.0,2000.0,BOL,BOL,1600.0,2500.0,953.191893246277,1.0,4.86315727,9204287.0
2005.0,BOL,1300.0,2100.0,BOL,BOL,1700.0,2500.0,1020.12326200737,1.0,5.07408142,9360754.0
2006.0,BOL,1400.0,2100.0,BOL,BOL,1700.0,2600.0,1202.71150446327,2.0,4.66087532,9521689.0
2007.0,BOL,1400.0,2100.0,BOL,BOL,1700.0,2600.0,1354.54905949929,3.0,4.6968894,9685960.0
2008.0,BOL,1400.0,2100.0,BOL,BOL,1700.0,2600.0,1692.67248455876,3.0,4.60677242,9850858.0
2009.0,BOL,1400.0,2100.0,BOL,BOL,1700.0,2600.0,1731.18172112209,5.0,5.17444515,10016275.0
2010.0,BOL,1400.0,2000.0,BOL,BOL,1600.0,2500.0,1929.78373077158,6.0,5.20230532,10182345.0
2011.0,BOL,1400.0,2100.0,BOL,BOL,1700.0,2600.0,2315.52121930607,6.0,5.17306805,10348929.0
2012.0,BOL,1400.0,2100.0,BOL,BOL,1700.0,2600.0,2575.59857098084,11.0,5.2539444,10515807.0
2013.0,BOL,1300.0,2100.0,BOL,BOL,1700.0,2600.0,2870.02377000756,13.0,5.57465124,10682608.0
2014.0,BOL,1300.0,2100.0,BOL,BOL,1700.0,2600.0,3041.43503162408,16.0,5.89613628,10848888.0
2015.0,BOL,1200.0,2100.0,BOL,BOL,1700.0,2600.0,2996.01289811344,23.0,6.55064964,11014705.0
2016.0,BOL,1100.0,2100.0,BOL,BOL,1600.0,2600.0,3035.87347732132,27.0,6.83333063,11180020.0
2017.0,BOL,1000.0,2000.0,BOL,BOL,1600.0,2500.0,4048.40119739839,32.0,6.4901948,11344587.0
2018.0,BOL,890.0,2000.0,BOL,BOL,1600.0,2500.0,4206.8552936661,38.0,6.60399437,11508368.0
2019.0,BOL,790.0,2000.0,BOL,BOL,1600.0,2500.0,4203.15492855788,43.0,6.88792992,11671386.0
2020.0,BOL,740.0,2000.0,BOL,BOL,1600.0,2500.0,3580.96761778303,46.0,8.0225811,11816299.0
2021.0,BOL,680.0,2000.0,BOL,BOL,1600.0,2600.0,4010.76053686204,50.0,8.16016769,11937360.0
2022.0,BOL,650.0,2000.0,BOL,BOL,1600.0,2600.0,4219.46113742445,51.0,7.15933084,12077154.0
2023.0,BOL,600.0,2000.0,BOL,BOL,1600.0,2500.0,4274.70820547613,57.0,6.91864729,12244159.0
2024.0,BOL,530.0,1900.0,BOL,BOL,1600.0,2600.0,4421.16609889999,60.0,,12413315.0
1990.0,BRA,6500.0,30000.0,BRA,BRA,27000.0,33000.0,2581.14187449078,,,149143223.0
1991.0,BRA,8800.0,34000.0,BRA,BRA,30000.0,36000.0,2257.6092968885,,,151724256.0
1992.0,BRA,11000.0,36000.0,BRA,BRA,32000.0,39000.0,2127.31642731638,,,154275079.0
1993.0,BRA,14000.0,38000.0,BRA,BRA,34000.0,40000.0,2348.88247685352,,,156794577.0
1994.0,BRA,17000.0,39000.0,BRA,BRA,35000.0,41000.0,3298.71250747787,,,159265006.0
1995.0,BRA,20000.0,38000.0,BRA,BRA,34000.0,41000.0,4756.74840785403,,,161735073.0
1996.0,BRA,17000.0,37000.0,BRA,BRA,33000.0,40000.0,5179.13052002464,,,164202549.0
1997.0,BRA,16000.0,35000.0,BRA,BRA,31000.0,38000.0,5299.39630404412,,,166661659.0
1998.0,BRA,16000.0,32000.0,BRA,BRA,29000.0,35000.0,5105.89099544117,,,169159655.0
1999.0,BRA,14000.0,29000.0,BRA,BRA,25000.0,32000.0,3493.57162513699,,,171641543.0
2000.0,BRA,13000.0,26000.0,BRA,BRA,24000.0,29000.0,3766.54811466032,31.0,8.33457184,174018282.0
2001.0,BRA,12000.0,25000.0,BRA,BRA,22000.0,27000.0,3176.28935747524,36.0,8.54963303,176301203.0
2002.0,BRA,12000.0,24000.0,BRA,BRA,22000.0,27000.0,2855.94018885769,39.0,8.69686985,178503484.0
2003.0,BRA,13000.0,25000.0,BRA,BRA,22000.0,28000.0,3090.6070097455,42.0,8.18899441,180622688.0
2004.0,BRA,13000.0,27000.0,BRA,BRA,23000.0,30000.0,3663.823188064,46.0,8.12491989,182675143.0
2005.0,BRA,13000.0,29000.0,BRA,BRA,25000.0,33000.0,4827.78173074714,49.0,8.03539562,184688101.0
2006.0,BRA,13000.0,34000.0,BRA,BRA,29000.0,37000.0,5934.14470924968,46.0,8.24952507,186653106.0
2007.0,BRA,15000.0,38000.0,BRA,BRA,33000.0,42000.0,7409.69130673473,46.0,8.20182991,188552320.0
2008.0,BRA,16000.0,43000.0,BRA,BRA,38000.0,47000.0,8908.33176538648,46.0,8.01128483,190367302.0
2009.0,BRA,16000.0,47000.0,BRA,BRA,42000.0,52000.0,8678.6592244676,47.0,8.39480495,192079951.0
2010.0,BRA,14000.0,51000.0,BRA,BRA,46000.0,56000.0,11403.2821278747,50.0,7.94516611,193701929.0
2011.0,BRA,13000.0,55000.0,BRA,BRA,49000.0,60000.0,13396.6243562986,51.0,7.78819132,195284734.0
2012.0,BRA,13000.0,59000.0,BRA,BRA,53000.0,64000.0,12521.7213519966,53.0,7.73637724,196876111.0
2013.0,BRA,12000.0,62000.0,BRA,BRA,55000.0,68000.0,12458.8912138813,56.0,7.9766016,198478299.0
2014.0,BRA,13000.0,65000.0,BRA,BRA,57000.0,72000.0,12274.9939689363,59.0,8.39644146,200085127.0
2015.0,BRA,14000.0,67000.0,BRA,BRA,58000.0,74000.0,8936.19661712113,63.0,8.90929985,201675532.0
2016.0,BRA,13000.0,68000.0,BRA,BRA,59000.0,75000.0,8836.28652735657,64.0,9.16901684,203218114.0
2017.0,BRA,12000.0,69000.0,BRA,BRA,60000.0,76000.0,10080.5092819305,66.0,9.47125053,204703445.0
2018.0,BRA,12000.0,69000.0,BRA,BRA,59000.0,76000.0,9300.66164923219,68.0,9.46475029,206107261.0
2019.0,BRA,11000.0,68000.0,BRA,BRA,59000.0,75000.0,9029.83326681073,69.0,9.61449146,207455459.0
2020.0,BRA,11000.0,66000.0,BRA,BRA,57000.0,74000.0,7074.19378337644,68.0,9.62326527,208660842.0
2021.0,BRA,12000.0,64000.0,BRA,BRA,55000.0,72000.0,7972.5366498646,69.0,9.63646507,209550294.0
2022.0,BRA,12000.0,62000.0,BRA,BRA,52000.0,70000.0,9281.33334441234,69.0,9.38739491,210306415.0
2023.0,BRA,12000.0,58000.0,BRA,BRA,49000.0,68000.0,10377.5892792557,71.0,9.73092747,211140729.0
2024.0,BRA,12000.0,55000.0,BRA,BRA,46000.0,66000.0,10310.5486973693,73.0,,211998573.0
1990.0,CHL,,1100.0,CHL,CHL,940.0,1300.0,2487.76829657299,,,13437176.0
1991.0,CHL,,1300.0,CHL,CHL,1100.0,1500.0,2798.34262413795,,,13662491.0
1992.0,CHL,,1500.0,CHL,CHL,1300.0,1700.0,3351.84108855522,,,13884577.0
1993.0,CHL,,1600.0,CHL,CHL,1400.0,1800.0,3540.91377313015,,,14102276.0
1994.0,CHL,,1700.0,CHL,CHL,1500.0,1900.0,4012.10159912285,,,14316256.0
1995.0,CHL,,1800.0,CHL,CHL,1500.0,2000.0,5081.4682771561,,,14527381.0
1996.0,CHL,,1800.0,CHL,CHL,1500.0,2000.0,5333.50438729711,,,14734046.0
1997.0,CHL,,1800.0,CHL,CHL,1600.0,2000.0,5741.95842989596,,,14932434.0
1998.0,CHL,,1800.0,CHL,CHL,1600.0,2000.0,5419.82417297191,,,15127799.0
1999.0,CHL,,1800.0,CHL,CHL,1600.0,2000.0,4933.55581516755,,,15319313.0
2000.0,CHL,,1900.0,CHL,CHL,1600.0,2100.0,5052.99245766325,11.0,7.00020742,15503635.0
2001.0,CHL,,1900.0,CHL,CHL,1600.0,2100.0,4563.5952986689,14.0,7.09733105,15683849.0
2002.0,CHL,,2000.0,CHL,CHL,1700.0,2200.0,4430.84741157984,19.0,7.20833778,15857925.0
2003.0,CHL,,2100.0,CHL,CHL,1800.0,2300.0,4773.40177520754,24.0,7.25047779,16024752.0
2004.0,CHL,,2200.0,CHL,CHL,1900.0,2400.0,6120.59152055344,25.0,6.91028595,16187322.0
2005.0,CHL,,2300.0,CHL,CHL,2000.0,2600.0,7480.32330998636,34.0,6.62372065,16348778.0
2006.0,CHL,,2400.0,CHL,CHL,2100.0,2700.0,9318.65655296121,33.0,6.07235622,16509195.0
2007.0,CHL,,2600.0,CHL,CHL,2200.0,2800.0,10346.4138184533,35.0,6.21259642,16671581.0
2008.0,CHL,,2700.0,CHL,CHL,2300.0,3000.0,10683.2188772511,35.0,6.73954487,16838988.0
2009.0,CHL,,2800.0,CHL,CHL,2300.0,3100.0,10098.8017167286,38.0,7.25026846,17009731.0
2010.0,CHL,,3000.0,CHL,CHL,2400.0,3300.0,12632.8704724192,40.0,6.81958389,17181464.0
2011.0,CHL,,3100.0,CHL,CHL,2500.0,3400.0,14487.3927832032,41.0,6.79947519,17351816.0
2012.0,CHL,,3200.0,CHL,CHL,2600.0,3500.0,15241.9069981119,47.0,7.01951265,17519119.0
2013.0,CHL,,3200.0,CHL,CHL,2600.0,3600.0,15683.5486369155,51.0,7.47552681,17687006.0
2014.0,CHL,,3300.0,CHL,CHL,2700.0,3700.0,14529.6767206336,55.0,7.84150171,17864195.0
2015.0,CHL,,3400.0,CHL,CHL,2800.0,3800.0,13433.9202987032,57.0,8.3513937,18047625.0
2016.0,CHL,,3500.0,CHL,CHL,2800.0,3900.0,13649.8520452803,62.0,8.55767059,18267221.0
2017.0,CHL,,3600.0,CHL,CHL,2900.0,4000.0,14879.9086227187,69.0,9.090518,18558868.0
2018.0,CHL,,3700.0,CHL,CHL,3000.0,4100.0,15659.4808675628,74.0,9.15040398,18893191.0
2019.0,CHL,,3800.0,CHL,CHL,3000.0,4200.0,14496.9345640362,76.0,9.30968475,19197744.0
2020.0,CHL,,3800.0,CHL,CHL,3100.0,4300.0,13117.9930230086,76.0,9.69734573,19370624.0
2021.0,CHL,,3900.0,CHL,CHL,3100.0,4400.0,16216.1840860289,75.0,9.72450161,19456334.0
2022.0,CHL,,3900.0,CHL,CHL,3100.0,4400.0,15399.1044717559,76.0,10.0053072,19553036.0
2023.0,CHL,,3900.0,CHL,CHL,3100.0,4500.0,17081.5180740049,75.0,10.17470455,19658835.0
2024.0,CHL,,4000.0,CHL,CHL,3100.0,4500.0,16658.9652720351,71.0,10.53092575,19764771.0
1990.0,COL,530.0,5600.0,COL,COL,3900.0,8400.0,1474.8455285342,,,32440069.0
1991.0,COL,750.0,7300.0,COL,COL,5000.0,11000.0,1485.73971889208,,,33098372.0
1992.0,COL,1000.0,9000.0,COL,COL,6200.0,13000.0,1730.39091795329,,,33760571.0
1993.0,COL,1400.0,11000.0,COL,COL,7600.0,16000.0,1929.26721811738,,,34441473.0
1994.0,COL,1800.0,12000.0,COL,COL,9100.0,17000.0,2325.91872973374,,,35127410.0
1995.0,COL,2300.0,13000.0,COL,COL,9800.0,18000.0,2583.66576349858,,,35804662.0
1996.0,COL,2900.0,14000.0,COL,COL,10000.0,19000.0,2664.64056059983,,,36462745.0
1997.0,COL,3500.0,14000.0,COL,COL,10000.0,19000.0,2873.2814350993,,,37121149.0
1998.0,COL,4200.0,14000.0,COL,COL,10000.0,19000.0,2604.87166959518,,,37792165.0
1999.0,COL,4900.0,14000.0,COL,COL,10000.0,19000.0,2241.22911801216,,,38454863.0
2000.0,COL,5700.0,13000.0,COL,COL,10000.0,18000.0,2555.00751039968,0.0,5.63529348,39089934.0
2001.0,COL,6100.0,12000.0,COL,COL,9600.0,16000.0,2472.99084035833,2.0,5.94238281,39709262.0
2002.0,COL,6300.0,12000.0,COL,COL,9500.0,15000.0,2428.92969771584,3.0,5.73296595,40324680.0
2003.0,COL,6600.0,12000.0,COL,COL,9600.0,15000.0,2311.94218760291,4.0,5.77505445,40937429.0
2004.0,COL,6900.0,12000.0,COL,COL,9300.0,15000.0,2818.57195413044,5.0,5.79892111,41543171.0
2005.0,COL,7200.0,11000.0,COL,COL,9000.0,14000.0,3456.06610874512,6.0,6.06710577,42128977.0
2006.0,COL,6700.0,11000.0,COL,COL,8700.0,14000.0,3789.85361217027,11.0,6.33546638,42691084.0
2007.0,COL,6700.0,11000.0,COL,COL,8500.0,14000.0,4769.926147194,9.0,6.49102163,43235374.0
2008.0,COL,7900.0,12000.0,COL,COL,8900.0,15000.0,5541.83629665898,10.0,6.84192181,43758808.0
2009.0,COL,8400.0,12000.0,COL,COL,9100.0,16000.0,5250.97292433518,11.0,7.31134558,44271541.0
2010.0,COL,7800.0,12000.0,COL,COL,8800.0,16000.0,6398.2958447102,16.0,7.07130194,44777319.0
2011.0,COL,6700.0,11000.0,COL,COL,7900.0,15000.0,7400.9940695669,23.0,6.78076792,45259614.0
2012.0,COL,6000.0,11000.0,COL,COL,7700.0,15000.0,8108.59838244229,27.0,6.74601603,45715810.0
2013.0,COL,5700.0,11000.0,COL,COL,7900.0,16000.0,8279.10255642981,32.0,7.01724052,46151584.0
2014.0,COL,5400.0,11000.0,COL,COL,7600.0,16000.0,8187.20824890084,35.0,7.18553209,46565429.0
2015.0,COL,4900.0,11000.0,COL,COL,7900.0,16000.0,6248.51490534512,41.0,7.52338505,46969940.0
2016.0,COL,4500.0,11000.0,COL,COL,7500.0,16000.0,5959.84250367574,45.0,7.53117037,47437512.0
2017.0,COL,4700.0,12000.0,COL,COL,7900.0,18000.0,6479.53231292429,45.0,7.67864323,48131078.0
2018.0,COL,4600.0,12000.0,COL,COL,8200.0,19000.0,6816.96818309544,50.0,7.71777487,49024465.0
2019.0,COL,3800.0,12000.0,COL,COL,8000.0,20000.0,6472.54544924705,58.0,7.83404827,49907985.0
2020.0,COL,3200.0,12000.0,COL,COL,7400.0,20000.0,5339.68711357943,61.0,8.69751263,50629997.0
2021.0,COL,3300.0,12000.0,COL,COL,7800.0,22000.0,6222.62164397614,60.0,9.14150524,51188173.0
2022.0,COL,3400.0,13000.0,COL,COL,7600.0,23000.0,6680.44506854481,63.0,7.59037256,51737944.0
2023.0,COL,3100.0,12000.0,COL,COL,7500.0,24000.0,7012.49169137756,66.0,8.15838146,52321152.0
2024.0,COL,,,COL,COL,,,7951.08624019412,,8.14139366,52886363.0
1990.0,CRI,100.0,500.0,CRI,CRI,500.0,500.0,1829.6687089559,,,3121706.0
1991.0,CRI,100.0,500.0,CRI,CRI,500.0,500.0,2253.3819611182,,,3202176.0
1992.0,CRI,100.0,500.0,CRI,CRI,500.0,500.0,2612.38762395528,,,3284258.0
1993.0,CRI,100.0,500.0,CRI,CRI,500.0,500.0,2840.38709085425,,,3367434.0
1994.0,CRI,200.0,500.0,CRI,CRI,500.0,500.0,3039.56331706225,,,3451122.0
1995.0,CRI,200.0,500.0,CRI,CRI,500.0,500.0,3275.25258510331,,,3535176.0
1996.0,CRI,200.0,500.0,CRI,CRI,500.0,500.0,3226.96401664833,,,3619013.0
1997.0,CRI,200.0,500.0,CRI,CRI,500.0,500.0,3407.77611260904,,,3701711.0
1998.0,CRI,200.0,500.0,CRI,CRI,500.0,500.0,3617.45758013205,,,3782838.0
1999.0,CRI,500.0,500.0,CRI,CRI,500.0,500.0,3690.9615476017,,,3862101.0
2000.0,CRI,200.0,500.0,CRI,CRI,500.0,530.0,3812.75386183689,10.0,6.56498718,3937739.0
2001.0,CRI,200.0,540.0,CRI,CRI,500.0,590.0,3985.12987980056,13.0,6.47409868,4008947.0
2002.0,CRI,200.0,600.0,CRI,CRI,520.0,650.0,4067.71854177094,15.0,6.8690877,4075705.0
2003.0,CRI,200.0,650.0,CRI,CRI,570.0,720.0,4173.14853766977,17.0,6.9691925,4138784.0
2004.0,CRI,200.0,700.0,CRI,CRI,610.0,780.0,4431.01172024063,19.0,6.63006067,4200078.0
2005.0,CRI,200.0,760.0,CRI,CRI,660.0,840.0,4703.00720463794,20.0,6.66429663,4261240.0
2006.0,CRI,200.0,800.0,CRI,CRI,690.0,890.0,5256.59641275583,21.0,6.93530846,4321340.0
2007.0,CRI,200.0,840.0,CRI,CRI,730.0,950.0,6137.71199435022,23.0,6.99642611,4380248.0
2008.0,CRI,200.0,890.0,CRI,CRI,760.0,1000.0,6937.24261660254,23.0,7.4685483,4440056.0
2009.0,CRI,200.0,920.0,CRI,CRI,780.0,1000.0,6832.69828187486,24.0,7.86019182,4499791.0
2010.0,CRI,200.0,950.0,CRI,CRI,810.0,1100.0,8265.78820580299,35.0,8.02937698,4555962.0
2011.0,CRI,200.0,980.0,CRI,CRI,830.0,1100.0,9276.39109377477,36.0,8.12197781,4609833.0
2012.0,CRI,200.0,1000.0,CRI,CRI,850.0,1100.0,10126.9991155066,35.0,7.78642273,4663934.0
2013.0,CRI,200.0,1000.0,CRI,CRI,860.0,1200.0,10803.2401795009,36.0,7.68229342,4716147.0
2014.0,CRI,500.0,1000.0,CRI,CRI,870.0,1200.0,10911.4978703456,37.0,7.66376209,4767119.0
2015.0,CRI,500.0,1100.0,CRI,CRI,870.0,1200.0,11714.7106121672,41.0,7.59196186,4818038.0
2016.0,CRI,200.0,1100.0,CRI,CRI,870.0,1200.0,12091.0301560892,43.0,7.31724358,4866998.0
2017.0,CRI,200.0,1100.0,CRI,CRI,880.0,1300.0,12317.0902779911,46.0,7.04522991,4913177.0
2018.0,CRI,200.0,1100.0,CRI,CRI,880.0,1300.0,12620.0207321581,50.0,7.28587723,4957818.0
2019.0,CRI,200.0,1100.0,CRI,CRI,870.0,1300.0,12951.8588421841,53.0,7.2212491,4999553.0
2020.0,CRI,200.0,1100.0,CRI,CRI,880.0,1300.0,12475.6852076814,52.0,7.82545757,5034320.0
2021.0,CRI,200.0,1100.0,CRI,CRI,880.0,1300.0,12962.2716075659,59.0,7.61130476,5059988.0
2022.0,CRI,200.0,1100.0,CRI,CRI,890.0,1400.0,13971.7649991294,61.0,7.18368196,5081765.0
2023.0,CRI,200.0,1100.0,CRI,CRI,880.0,1400.0,17140.771430122,62.0,6.8663702,5105525.0
2024.0,CRI,200.0,1100.0,CRI,CRI,900.0,1400.0,18853.2828705886,62.0,,5129910.0
1990.0,ECU,200.0,1200.0,ECU,ECU,640.0,2300.0,1455.00748510871,,,10473673.0
1991.0,ECU,200.0,1500.0,ECU,ECU,820.0,2800.0,1587.36049996672,,,10702380.0
1992.0,ECU,500.0,1900.0,ECU,ECU,1100.0,3200.0,1655.44613192632,,,10930128.0
1993.0,ECU,500.0,2300.0,ECU,ECU,1400.0,3300.0,1697.88884141445,,,11154274.0
1994.0,ECU,500.0,2700.0,ECU,ECU,1800.0,3600.0,1996.85894789444,,,11372197.0
1995.0,ECU,500.0,2900.0,ECU,ECU,2100.0,3800.0,2108.00698245316,,,11590514.0
1996.0,ECU,540.0,3100.0,ECU,ECU,2300.0,3900.0,2135.8479374308,,,11810950.0
1997.0,ECU,660.0,3100.0,ECU,ECU,2500.0,4000.0,2340.76600026857,,,12031127.0
1998.0,ECU,800.0,3100.0,ECU,ECU,2600.0,4000.0,2284.01572847769,,,12251184.0
1999.0,ECU,950.0,3100.0,ECU,ECU,2500.0,3800.0,1575.30234730971,,,12470795.0
2000.0,ECU,1100.0,3000.0,ECU,ECU,2500.0,3700.0,1382.23421759909,1.0,3.57367969,12689206.0
2001.0,ECU,1300.0,2900.0,ECU,ECU,2500.0,3600.0,1791.30359685037,1.0,4.06365538,12910740.0
2002.0,ECU,1400.0,2900.0,ECU,ECU,2500.0,3500.0,2059.1585535974,1.0,4.81404829,13138472.0
2003.0,ECU,1500.0,2800.0,ECU,ECU,2500.0,3400.0,2315.62215223014,1.0,5.79232407,13372306.0
2004.0,ECU,1600.0,2800.0,ECU,ECU,2400.0,3300.0,2586.20914663347,3.0,5.88152218,13608701.0
2005.0,ECU,1600.0,2700.0,ECU,ECU,2400.0,3200.0,2909.02606014388,4.0,5.85904884,13846163.0
2006.0,ECU,1700.0,2700.0,ECU,ECU,2400.0,3200.0,3243.67010359339,6.0,5.93617773,14086131.0
2007.0,ECU,1600.0,2700.0,ECU,ECU,2400.0,3200.0,3478.92488770671,9.0,5.55722475,14328773.0
2008.0,ECU,1500.0,2800.0,ECU,ECU,2300.0,3200.0,4194.75750661981,12.0,5.52174902,14575202.0
2009.0,ECU,1300.0,2700.0,ECU,ECU,2300.0,3200.0,4053.36331139298,16.0,6.03388453,14825954.0
2010.0,ECU,1200.0,2700.0,ECU,ECU,2300.0,3300.0,4520.30959039763,20.0,6.34925699,15076695.0
2011.0,ECU,1200.0,2700.0,ECU,ECU,2300.0,3200.0,5153.6916424375,24.0,6.60509682,15326227.0
2012.0,ECU,1200.0,2600.0,ECU,ECU,2200.0,3100.0,5634.08393191094,25.0,6.87859821,15572194.0
2013.0,ECU,1300.0,2500.0,ECU,ECU,2100.0,3100.0,6109.29031510341,28.0,6.77866411,15807128.0
2014.0,ECU,1300.0,2500.0,ECU,ECU,2000.0,3000.0,6405.79979300441,31.0,6.76601839,16035124.0
2015.0,ECU,1200.0,2300.0,ECU,ECU,1900.0,2900.0,5976.1596805651,38.0,7.76786041,16266225.0
2016.0,ECU,1000.0,2100.0,ECU,ECU,1700.0,2700.0,5917.63771271481,43.0,7.58817482,16505139.0
2017.0,ECU,860.0,2000.0,ECU,ECU,1600.0,2600.0,6233.32244797718,50.0,7.52484131,16759519.0
2018.0,ECU,690.0,2000.0,ECU,ECU,1600.0,2500.0,6303.91886658338,56.0,7.83364677,17049547.0
2019.0,ECU,530.0,1900.0,ECU,ECU,1500.0,2500.0,6205.05765246766,67.0,7.80878448,17340021.0
2020.0,ECU,500.0,1800.0,ECU,ECU,1500.0,2400.0,5463.64515348598,71.0,8.60608387,17546065.0
2021.0,ECU,500.0,1900.0,ECU,ECU,1500.0,2600.0,6061.32350181711,71.0,8.37526226,17682454.0
2022.0,ECU,500.0,1900.0,ECU,ECU,1500.0,2600.0,6515.58528418336,77.0,7.60183907,17823897.0
2023.0,ECU,500.0,1900.0,ECU,ECU,1400.0,2500.0,6718.1447938811,80.0,7.56167889,17980083.0
2024.0,ECU,500.0,1900.0,ECU,ECU,1400.0,2600.0,6826.5294137822,82.0,,18135478.0
1990.0,SLV,100.0,670.0,SLV,SLV,550.0,880.0,892.18271519703,,,5399726.0
1991.0,SLV,100.0,940.0,SLV,SLV,760.0,1100.0,955.826897421092,,,5495077.0
1992.0,SLV,100.0,1200.0,SLV,SLV,1000.0,1400.0,1040.78164082019,,,5585609.0
1993.0,SLV,200.0,1500.0,SLV,SLV,1300.0,1700.0,1180.26854267621,,,5659957.0
1994.0,SLV,200.0,1800.0,SLV,SLV,1600.0,1900.0,1343.9290572544,,,5714129.0
1995.0,SLV,500.0,2000.0,SLV,SLV,1800.0,2200.0,1548.3763038362,,,5762131.0
1996.0,SLV,500.0,2200.0,SLV,SLV,2000.0,2500.0,1651.31016800895,,,5805286.0
1997.0,SLV,500.0,2400.0,SLV,SLV,2100.0,2600.0,1748.92111971129,,,5844578.0
1998.0,SLV,500.0,2500.0,SLV,SLV,2200.0,2800.0,1859.73085887742,,,5880781.0
1999.0,SLV,610.0,2600.0,SLV,SLV,2300.0,2800.0,1908.0804545224,,,5913900.0
2000.0,SLV,710.0,2600.0,SLV,SLV,2300.0,2800.0,1982.87093542615,0.0,7.84342813,5943366.0
2001.0,SLV,810.0,2500.0,SLV,SLV,2300.0,2800.0,2058.04459070452,0.0,7.88604879,5968060.0
2002.0,SLV,870.0,2400.0,SLV,SLV,2100.0,2600.0,2115.41187355626,1.0,7.88565731,5986631.0
2003.0,SLV,900.0,2200.0,SLV,SLV,2000.0,2400.0,2207.83089518069,3.0,7.77182293,5998599.0
2004.0,SLV,840.0,2000.0,SLV,SLV,1700.0,2100.0,2285.68907438892,7.0,8.1302166,6004671.0
2005.0,SLV,710.0,1700.0,SLV,SLV,1500.0,2000.0,2447.39140845394,12.0,9.20057869,6005578.0
2006.0,SLV,610.0,1500.0,SLV,SLV,1300.0,1800.0,2665.61807194853,19.0,8.69338894,6002319.0
2007.0,SLV,570.0,1200.0,SLV,SLV,1000.0,1500.0,2830.65693770733,23.0,8.47836304,6009824.0
2008.0,SLV,530.0,950.0,SLV,SLV,810.0,1200.0,2983.24829577976,29.0,8.49585915,6029297.0
2009.0,SLV,500.0,790.0,SLV,SLV,660.0,970.0,2910.18651752011,36.0,8.83749676,6048279.0
2010.0,SLV,500.0,680.0,SLV,SLV,560.0,830.0,3040.07300952878,43.0,8.90416241,6068249.0
2011.0,SLV,500.0,620.0,SLV,SLV,500.0,770.0,3330.60049486653,45.0,8.87645435,6090127.0
2012.0,SLV,500.0,580.0,SLV,SLV,500.0,740.0,3497.91256915509,48.0,8.60625362,6113975.0
2013.0,SLV,500.0,590.0,SLV,SLV,500.0,760.0,3582.26694005169,53.0,9.05235958,6138839.0
2014.0,SLV,500.0,620.0,SLV,SLV,500.0,800.0,3666.01248913873,55.0,8.5989418,6162955.0
2015.0,SLV,500.0,650.0,SLV,SLV,500.0,830.0,3790.34089108162,57.0,8.75833225,6183676.0
2016.0,SLV,500.0,670.0,SLV,SLV,500.0,860.0,3901.34014965811,60.0,8.71456337,6200800.0
2017.0,SLV,500.0,700.0,SLV,SLV,500.0,880.0,4020.12671373919,62.0,8.42286873,6213533.0
2018.0,SLV,500.0,730.0,SLV,SLV,500.0,910.0,4183.54620971358,62.0,8.322752,6219807.0
2019.0,SLV,500.0,750.0,SLV,SLV,510.0,940.0,4320.11671534627,69.0,8.80846119,6222318.0
2020.0,SLV,500.0,790.0,SLV,SLV,560.0,960.0,3997.19279583709,71.0,8.95105076,6234673.0
2021.0,SLV,500.0,810.0,SLV,SLV,600.0,990.0,4642.60743101342,74.0,10.12668991,6255782.0
2022.0,SLV,500.0,850.0,SLV,SLV,620.0,1100.0,5074.60050994225,75.0,9.82036304,6280319.0
2023.0,SLV,500.0,890.0,SLV,SLV,610.0,1200.0,5319.7195268688,76.0,9.28738594,6309624.0
2024.0,SLV,200.0,940.0,SLV,SLV,590.0,1300.0,5503.10317151907,76.0,,6338193.0
1990.0,GTM,500.0,2300.0,GTM,GTM,1400.0,3600.0,847.688561830359,,,9024773.0
1991.0,GTM,500.0,2800.0,GTM,GTM,1800.0,4200.0,1014.40279682682,,,9272584.0
1992.0,GTM,510.0,3200.0,GTM,GTM,2100.0,4300.0,1096.45976992698,,,9522266.0
1993.0,GTM,650.0,3500.0,GTM,GTM,2400.0,4700.0,1165.67442716224,,,9779761.0
1994.0,GTM,800.0,3500.0,GTM,GTM,2500.0,4800.0,1292.67202750483,,,10043718.0
1995.0,GTM,950.0,3500.0,GTM,GTM,2400.0,4600.0,1421.06177809796,,,10312996.0
1996.0,GTM,1100.0,3400.0,GTM,GTM,2400.0,4600.0,1481.05986750672,,,10583526.0
1997.0,GTM,1300.0,3100.0,GTM,GTM,2200.0,4200.0,1638.46281851789,,,10857754.0
1998.0,GTM,1400.0,2900.0,GTM,GTM,2100.0,4100.0,1741.20114182856,,,11139145.0
1999.0,GTM,1600.0,2700.0,GTM,GTM,1900.0,3800.0,1603.64776144934,,,11422965.0
2000.0,GTM,1700.0,2700.0,GTM,GTM,1900.0,3500.0,1648.96578971559,0.0,5.39686108,11697592.0
2001.0,GTM,1800.0,2300.0,GTM,GTM,1700.0,3100.0,1537.68663578252,0.0,6.07023716,11969422.0
2002.0,GTM,1900.0,2300.0,GTM,GTM,1600.0,3000.0,1669.33517469705,0.0,6.01301289,12246915.0
2003.0,GTM,1600.0,2000.0,GTM,GTM,1400.0,2600.0,1722.54701910774,11.0,6.15306854,12525842.0
2004.0,GTM,1400.0,1700.0,GTM,GTM,1200.0,2300.0,1840.91184884,11.0,6.26182795,12807402.0
2005.0,GTM,1400.0,1700.0,GTM,GTM,1100.0,2200.0,2046.46611650758,12.0,6.14826393,13087629.0
2006.0,GTM,1300.0,1400.0,GTM,GTM,970.0,2000.0,2225.1234753878,18.0,6.36362219,13367459.0
2007.0,GTM,970.0,1300.0,GTM,GTM,900.0,1900.0,2458.81573919384,28.0,6.1918335,13652040.0
2008.0,GTM,680.0,1200.0,GTM,GTM,830.0,1700.0,2763.05988172926,36.0,6.08129978,13935174.0
2009.0,GTM,510.0,1100.0,GTM,GTM,730.0,1500.0,2611.64632773352,40.0,6.33938646,14215611.0
2010.0,GTM,500.0,1000.0,GTM,GTM,690.0,1500.0,2805.25960237322,44.0,6.1247797,14500112.0
2011.0,GTM,500.0,840.0,GTM,GTM,520.0,1300.0,3168.98370607705,49.0,5.96306896,14792126.0
2012.0,GTM,500.0,830.0,GTM,GTM,530.0,1300.0,3286.61959336267,54.0,6.07316971,15089647.0
2013.0,GTM,500.0,750.0,GTM,GTM,500.0,1200.0,3444.15802275864,59.0,5.77188921,15387337.0
2014.0,GTM,500.0,780.0,GTM,GTM,500.0,1300.0,3689.14510410202,60.0,5.8885684,15681725.0
2015.0,GTM,500.0,890.0,GTM,GTM,580.0,1500.0,3893.50533299068,58.0,6.00602007,15971743.0
2016.0,GTM,540.0,1000.0,GTM,GTM,690.0,1600.0,4060.13784737643,58.0,6.07008219,16268760.0
2017.0,GTM,540.0,1000.0,GTM,GTM,700.0,1600.0,4324.99768915601,62.0,6.13563824,16567357.0
2018.0,GTM,500.0,1100.0,GTM,GTM,800.0,1700.0,4352.94593289707,68.0,6.10662699,16845685.0
2019.0,GTM,500.0,1100.0,GTM,GTM,820.0,1700.0,4511.99839552697,71.0,6.17443275,17103803.0
2020.0,GTM,500.0,1200.0,GTM,GTM,890.0,1800.0,4477.61785000665,71.0,6.4591527,17357325.0
2021.0,GTM,500.0,1400.0,GTM,GTM,1100.0,2100.0,4912.62240414681,73.0,7.35698891,17598650.0
2022.0,GTM,500.0,1300.0,GTM,GTM,1000.0,2100.0,5356.92435887895,76.0,7.1678791,17847877.0
2023.0,GTM,500.0,1300.0,GTM,GTM,1000.0,2100.0,5754.42833909847,78.0,6.80241346,18124838.0
2024.0,GTM,500.0,1400.0,GTM,GTM,1100.0,2200.0,6150.89465281457,78.0,,18406359.0
1990.0,HND,520.0,2800.0,HND,HND,2100.0,3800.0,749.818113552631,,,4980488.0
1991.0,HND,660.0,3200.0,HND,HND,2500.0,4200.0,722.000657931123,,,5123792.0
1992.0,HND,810.0,3600.0,HND,HND,2900.0,4600.0,782.111518709432,,,5271431.0
1993.0,HND,990.0,3900.0,HND,HND,3300.0,4900.0,772.74224772986,,,5423249.0
1994.0,HND,1200.0,4100.0,HND,HND,3500.0,4900.0,735.886147157389,,,5579242.0
1995.0,HND,1400.0,4200.0,HND,HND,3600.0,4900.0,814.049075569071,,,5739637.0
1996.0,HND,1600.0,4000.0,HND,HND,3500.0,4800.0,812.817047602244,,,5903954.0
1997.0,HND,1800.0,3900.0,HND,HND,3500.0,4600.0,917.272651200904,,,6071454.0
1998.0,HND,2000.0,3700.0,HND,HND,3200.0,4300.0,988.655986927253,,,6234431.0
1999.0,HND,2100.0,3400.0,HND,HND,2900.0,3900.0,999.004383328908,,,6400463.0
2000.0,HND,2300.0,3000.0,HND,HND,2600.0,3500.0,1092.56400746252,0.0,6.26817989,6577773.0
2001.0,HND,2400.0,2500.0,HND,HND,2100.0,2900.0,1132.1648753329,0.0,5.92998314,6757993.0
2002.0,HND,2500.0,2100.0,HND,HND,1800.0,2500.0,1132.49965345317,1.0,6.2445755,6938859.0
2003.0,HND,2300.0,1700.0,HND,HND,1400.0,2100.0,1156.08162681357,7.0,6.89004707,7119213.0
2004.0,HND,2000.0,1300.0,HND,HND,1000.0,1600.0,1215.13995412761,9.0,6.85484362,7298994.0
2005.0,HND,1800.0,1100.0,HND,HND,780.0,1400.0,1304.70039153826,13.0,7.50086403,7478355.0
2006.0,HND,1700.0,830.0,HND,HND,560.0,1100.0,1425.84780051892,17.0,7.86318684,7656832.0
2007.0,HND,1500.0,680.0,HND,HND,500.0,950.0,1577.73789197407,22.0,8.08494949,7834798.0
2008.0,HND,1400.0,560.0,HND,HND,500.0,860.0,1732.49062702803,25.0,8.60362625,8012587.0
2009.0,HND,1200.0,500.0,HND,HND,500.0,810.0,1781.15703614674,29.0,8.99592495,8189899.0
2010.0,HND,1200.0,500.0,HND,HND,500.0,760.0,1893.32722662035,33.0,8.72536373,8365878.0
2011.0,HND,1100.0,500.0,HND,HND,500.0,750.0,2073.66121088074,37.0,8.79187012,8540583.0
2012.0,HND,1000.0,500.0,HND,HND,500.0,750.0,2126.03474686503,41.0,8.65655136,8715076.0
2013.0,HND,910.0,500.0,HND,HND,500.0,740.0,2081.12843527945,45.0,8.47723007,8889278.0
2014.0,HND,830.0,500.0,HND,HND,500.0,700.0,2179.88171977271,48.0,7.91455746,9063122.0
2015.0,HND,780.0,500.0,HND,HND,500.0,680.0,2271.20265980349,52.0,7.4837904,9237305.0
2016.0,HND,730.0,530.0,HND,HND,500.0,760.0,2307.34468351082,55.0,7.709445,9412380.0
2017.0,HND,650.0,500.0,HND,HND,500.0,720.0,2413.0076562942,59.0,7.00668859,9588137.0
2018.0,HND,560.0,520.0,HND,HND,500.0,720.0,2464.64241531918,60.0,7.22820663,9765210.0
2019.0,HND,530.0,530.0,HND,HND,500.0,720.0,2502.32744328073,62.0,7.34316635,9943633.0
2020.0,HND,520.0,500.0,HND,HND,500.0,660.0,2307.61494319511,63.0,9.21912384,10119640.0
2021.0,HND,500.0,540.0,HND,HND,500.0,710.0,2735.14751503977,66.0,9.27311516,10289877.0
2022.0,HND,500.0,500.0,HND,HND,500.0,660.0,3003.28996826399,70.0,8.15452766,10463872.0
2023.0,HND,500.0,500.0,HND,HND,500.0,610.0,3227.45762509776,71.0,7.70976162,10644851.0
2024.0,HND,500.0,500.0,HND,HND,500.0,580.0,3415.96027916712,74.0,,10825703.0
1990.0,MEX,720.0,9900.0,MEX,MEX,8500.0,11000.0,3154.46920349038,,,82820170.0
1991.0,MEX,1100.0,10000.0,MEX,MEX,9000.0,12000.0,3708.8420548157,,,84430572.0
1992.0,MEX,1500.0,11000.0,MEX,MEX,9400.0,12000.0,4220.56643677057,,,86044809.0
1993.0,MEX,2000.0,11000.0,MEX,MEX,9800.0,12000.0,6048.34840388099,,,87653807.0
1994.0,MEX,2500.0,11000.0,MEX,MEX,10000.0,13000.0,6202.36588372862,,,89259205.0
1995.0,MEX,2800.0,12000.0,MEX,MEX,11000.0,13000.0,4183.87847727479,,,90862455.0
1996.0,MEX,3000.0,12000.0,MEX,MEX,11000.0,13000.0,4674.36792733681,,,92452702.0
1997.0,MEX,3400.0,13000.0,MEX,MEX,11000.0,14000.0,5567.35599516667,,,94021207.0
1998.0,MEX,4000.0,13000.0,MEX,MEX,12000.0,14000.0,5832.69342004468,,,95575245.0
1999.0,MEX,4700.0,13000.0,MEX,MEX,12000.0,14000.0,6499.97182950425,,,97115707.0
2000.0,MEX,5000.0,14000.0,MEX,MEX,12000.0,15000.0,7524.0271380091,9.0,4.24436522,98625552.0
2001.0,MEX,5000.0,14000.0,MEX,MEX,12000.0,15000.0,7952.76479510706,11.0,4.58201361,100099099.0
2002.0,MEX,4900.0,14000.0,MEX,MEX,13000.0,16000.0,7983.03398381759,14.0,4.83042812,101548624.0
2003.0,MEX,4700.0,15000.0,MEX,MEX,13000.0,16000.0,7434.07465031562,18.0,5.53978777,102978515.0
2004.0,MEX,4600.0,15000.0,MEX,MEX,13000.0,16000.0,7849.66759649565,19.0,5.6835022,104394131.0
2005.0,MEX,4800.0,16000.0,MEX,MEX,14000.0,17000.0,8671.75891798441,21.0,5.58110142,105811504.0
2006.0,MEX,4700.0,16000.0,MEX,MEX,14000.0,17000.0,9512.63575346699,24.0,5.40647888,107253666.0
2007.0,MEX,4500.0,16000.0,MEX,MEX,14000.0,18000.0,10134.3327129706,26.0,5.50668049,108774360.0
2008.0,MEX,4400.0,17000.0,MEX,MEX,15000.0,18000.0,10523.7685427665,28.0,5.44587374,110374288.0
2009.0,MEX,4500.0,17000.0,MEX,MEX,15000.0,19000.0,8423.56933148639,30.0,5.84786463,111999721.0
2010.0,MEX,4700.0,18000.0,MEX,MEX,15000.0,19000.0,9728.80078307432,31.0,5.4897337,113623895.0
2011.0,MEX,4900.0,18000.0,MEX,MEX,16000.0,20000.0,10664.4944032313,32.0,5.30093002,115243504.0
2012.0,MEX,4800.0,18000.0,MEX,MEX,16000.0,20000.0,10744.1335236186,36.0,5.42140484,116818208.0
2013.0,MEX,4700.0,19000.0,MEX,MEX,16000.0,21000.0,11216.800851866,36.0,5.5773263,118343573.0
2014.0,MEX,4900.0,19000.0,MEX,MEX,17000.0,21000.0,11391.3773503964,37.0,5.35336781,119784261.0
2015.0,MEX,4800.0,19000.0,MEX,MEX,17000.0,22000.0,10021.2386113616,43.0,5.52738619,121072306.0
2016.0,MEX,4600.0,20000.0,MEX,MEX,17000.0,22000.0,9097.92397674769,46.0,5.38499022,122251351.0
2017.0,MEX,5000.0,20000.0,MEX,MEX,17000.0,23000.0,9649.27816729586,47.0,5.3117938,123400057.0
2018.0,MEX,5000.0,20000.0,MEX,MEX,17000.0,23000.0,10084.7937570364,53.0,5.23821402,124573711.0
2019.0,MEX,4900.0,21000.0,MEX,MEX,17000.0,24000.0,10369.5553593527,53.0,5.3013463,125762982.0
2020.0,MEX,4800.0,21000.0,MEX,MEX,17000.0,25000.0,8841.27074929751,59.0,6.05248594,126799054.0
2021.0,MEX,4200.0,21000.0,MEX,MEX,17000.0,25000.0,10314.0506733708,62.0,5.87678003,127648148.0
2022.0,MEX,4100.0,21000.0,MEX,MEX,17000.0,26000.0,11405.7940469896,62.0,5.70919704,128613117.0
2023.0,MEX,4400.0,21000.0,MEX,MEX,16000.0,27000.0,13830.843848864,63.0,5.50398684,129739759.0
2024.0,MEX,4400.0,22000.0,MEX,MEX,16000.0,28000.0,13988.0423745241,65.0,,130861007.0
1990.0,NIC,,,NIC,NIC,,,242.508390600822,,,4162559.0
1991.0,NIC,,,NIC,NIC,,,349.514318640612,,,4259637.0
1992.0,NIC,,,NIC,NIC,,,411.473330661786,,,4357026.0
1993.0,NIC,,,NIC,NIC,,,394.378074021071,,,4453732.0
1994.0,NIC,,,NIC,NIC,,,849.179331364895,,,4549316.0
1995.0,NIC,,,NIC,NIC,,,891.779352309996,,,4642931.0
1996.0,NIC,,,NIC,NIC,,,910.861645917295,,,4729974.0
1997.0,NIC,,,NIC,NIC,,,912.757429788533,,,4809573.0
1998.0,NIC,,,NIC,NIC,,,949.155373494771,,,4883655.0
1999.0,NIC,,,NIC,NIC,,,980.219744675246,,,4954018.0
2000.0,NIC,,,NIC,NIC,,,1017.3124434882,,5.23883677,5022633.0
2001.0,NIC,,,NIC,NIC,,,1051.874235891,,5.48459768,5087825.0
2002.0,NIC,,,NIC,NIC,,,1014.3339042591,,5.73315859,5149909.0
2003.0,NIC,,,NIC,NIC,,,1021.35216668794,,6.08317614,5210963.0
2004.0,NIC,,,NIC,NIC,,,1098.62118662335,,6.05740356,5272912.0
2005.0,NIC,,,NIC,NIC,,,1183.30214010175,,6.22468948,5342105.0
2006.0,NIC,,,NIC,NIC,,,1248.17371577788,,6.35756445,5418855.0
2007.0,NIC,,,NIC,NIC,,,1350.38145753377,,6.95643044,5497243.0
2008.0,NIC,,,NIC,NIC,,,1523.68437086409,,7.16700697,5576593.0
2009.0,NIC,,,NIC,NIC,,,1467.08288052845,,7.68584394,5656601.0
2010.0,NIC,,,NIC,NIC,,,1526.56706951408,,7.71019173,5737450.0
2011.0,NIC,,,NIC,NIC,,,1679.71192084633,,7.44982004,5819051.0
2012.0,NIC,,,NIC,NIC,,,1784.69836017555,,7.48836899,5901287.0
2013.0,NIC,,,NIC,NIC,,,1835.43996363715,,7.63869238,5983845.0
2014.0,NIC,,,NIC,NIC,,,1958.37047579547,,7.97716141,6066492.0
2015.0,NIC,,,NIC,NIC,,,2074.45620634731,,7.96303272,6149417.0
2016.0,NIC,,,NIC,NIC,,,2131.68704828322,,8.04877567,6232666.0
2017.0,NIC,,,NIC,NIC,,,2182.61380995674,,8.32754421,6316231.0
2018.0,NIC,,,NIC,NIC,,,2035.16549390507,,8.4993515,6400080.0
2019.0,NIC,,,NIC,NIC,,,1958.62051528095,,8.50037098,6483657.0
2020.0,NIC,,,NIC,NIC,,,1938.44704754382,,8.55739307,6565267.0
2021.0,NIC,,,NIC,NIC,,,2138.38573878237,,9.54984856,6644741.0
2022.0,NIC,,,NIC,NIC,,,2322.89069619459,,8.97882748,6730654.0
2023.0,NIC,,,NIC,NIC,,,2609.44491147975,,8.29879284,6823613.0
2024.0,NIC,,,NIC,NIC,,,2847.87639497305,,,6916140.0
1990.0,PAN,100.0,1200.0,PAN,PAN,1000.0,1600.0,2620.13827266274,,,2455583.0
1991.0,PAN,200.0,1200.0,PAN,PAN,1000.0,1500.0,2820.54547665418,,,2508265.0
1992.0,PAN,200.0,1200.0,PAN,PAN,1000.0,1500.0,3139.89952899581,,,2561336.0
1993.0,PAN,500.0,1200.0,PAN,PAN,1000.0,1400.0,3358.41411740053,,,2615099.0
1994.0,PAN,500.0,1200.0,PAN,PAN,1000.0,1300.0,3508.19570069218,,,2669546.0
1995.0,PAN,500.0,1200.0,PAN,PAN,1000.0,1300.0,3513.89737854631,,,2724557.0
1996.0,PAN,500.0,1200.0,PAN,PAN,1000.0,1300.0,3308.18429574276,,,2780227.0
1997.0,PAN,500.0,1200.0,PAN,PAN,1000.0,1300.0,3545.97670881078,,,2836695.0
1998.0,PAN,530.0,1200.0,PAN,PAN,1100.0,1300.0,3807.83869182014,,,2893914.0
1999.0,PAN,520.0,1200.0,PAN,PAN,1000.0,1300.0,3950.34145012809,,,2951822.0
2000.0,PAN,500.0,1200.0,PAN,PAN,1000.0,1300.0,3975.09308659503,6.0,6.98486614,3010369.0
2001.0,PAN,510.0,1200.0,PAN,PAN,1100.0,1300.0,3991.7767076924,9.0,6.91849852,3069537.0
2002.0,PAN,510.0,1200.0,PAN,PAN,1100.0,1300.0,4090.58617397129,11.0,7.05643845,3129344.0
2003.0,PAN,520.0,1200.0,PAN,PAN,1100.0,1300.0,4264.66428846636,12.0,6.71176672,3189807.0
2004.0,PAN,550.0,1200.0,PAN,PAN,1100.0,1300.0,4644.56582353041,14.0,7.08192825,3251155.0
2005.0,PAN,560.0,1200.0,PAN,PAN,1100.0,1300.0,5017.7410922824,16.0,6.20666599,3313026.0
2006.0,PAN,560.0,1200.0,PAN,PAN,1100.0,1300.0,5528.76705469354,18.0,6.54604864,3375024.0
2007.0,PAN,570.0,1200.0,PAN,PAN,1100.0,1400.0,6317.81730274124,19.0,7.35227633,3437490.0
2008.0,PAN,590.0,1200.0,PAN,PAN,1100.0,1400.0,7347.59050324397,21.0,6.80452538,3500648.0
2009.0,PAN,520.0,1300.0,PAN,PAN,1100.0,1400.0,7796.92617035048,27.0,6.9857955,3564381.0
2010.0,PAN,500.0,1300.0,PAN,PAN,1100.0,1400.0,8331.46421351868,29.0,7.22332573,3628535.0
2011.0,PAN,500.0,1300.0,PAN,PAN,1100.0,1400.0,9662.29592216607,31.0,6.83196259,3693505.0
2012.0,PAN,520.0,1300.0,PAN,PAN,1100.0,1500.0,11064.8063606203,33.0,6.50450659,3759256.0
2013.0,PAN,520.0,1300.0,PAN,PAN,1100.0,1500.0,12273.3225037637,38.0,6.52210426,3825329.0
2014.0,PAN,500.0,1300.0,PAN,PAN,1200.0,1500.0,13213.1989637473,40.0,6.91532087,3892101.0
2015.0,PAN,500.0,1400.0,PAN,PAN,1200.0,1500.0,14082.6548502728,42.0,6.93698502,3960035.0
2016.0,PAN,500.0,1400.0,PAN,PAN,1200.0,1600.0,14832.3611608191,48.0,7.09378099,4029086.0
2017.0,PAN,500.0,1400.0,PAN,PAN,1200.0,1600.0,15694.6297454295,53.0,7.16492653,4098707.0
2018.0,PAN,500.0,1400.0,PAN,PAN,1200.0,1600.0,16151.3273478476,52.0,7.60132933,4167860.0
2019.0,PAN,500.0,1400.0,PAN,PAN,1200.0,1600.0,16477.9066285687,53.0,8.13541794,4234700.0
2020.0,PAN,580.0,1400.0,PAN,PAN,1200.0,1700.0,13290.5608347594,52.0,10.21630001,4293261.0
2021.0,PAN,650.0,1400.0,PAN,PAN,1200.0,1700.0,15509.8069109784,52.0,9.13571072,4345405.0
2022.0,PAN,530.0,1500.0,PAN,PAN,1200.0,1700.0,17378.6070083597,65.0,9.04578876,4400773.0
2023.0,PAN,500.0,1500.0,PAN,PAN,1200.0,1700.0,18797.1933894611,67.0,8.33022976,4458759.0
2024.0,PAN,500.0,1500.0,PAN,PAN,1200.0,1700.0,19161.218843129,67.0,,4515577.0
1990.0,PRY,100.0,100.0,PRY,PRY,100.0,100.0,1440.15829610029,,,4035747.0
1991.0,PRY,100.0,100.0,PRY,PRY,100.0,100.0,1685.26890082621,,,4144364.0
1992.0,PRY,100.0,200.0,PRY,PRY,200.0,200.0,1682.67444777611,,,4253600.0
1993.0,PRY,100.0,500.0,PRY,PRY,200.0,500.0,1661.70955306218,,,4362696.0
1994.0,PRY,100.0,500.0,PRY,PRY,500.0,500.0,1760.28807083292,,,4471417.0
1995.0,PRY,100.0,500.0,PRY,PRY,500.0,520.0,1978.71514099575,,,4579806.0
1996.0,PRY,100.0,590.0,PRY,PRY,500.0,680.0,2088.17109102236,,,4687543.0
1997.0,PRY,100.0,650.0,PRY,PRY,570.0,760.0,2078.50841313824,,,4794412.0
1998.0,PRY,100.0,700.0,PRY,PRY,610.0,840.0,1889.88455618586,,,4900025.0
1999.0,PRY,200.0,760.0,PRY,PRY,670.0,890.0,1766.30657288259,,,5003135.0
2000.0,PRY,200.0,810.0,PRY,PRY,730.0,930.0,1736.11729210765,0.0,6.01865244,5100868.0
2001.0,PRY,200.0,870.0,PRY,PRY,790.0,970.0,1637.68615122932,0.0,5.60815811,5187689.0
2002.0,PRY,500.0,920.0,PRY,PRY,830.0,1000.0,1367.76506935997,0.0,4.75770569,5261328.0
2003.0,PRY,500.0,960.0,PRY,PRY,880.0,1000.0,1443.99885236205,0.0,4.90703917,5326436.0
2004.0,PRY,500.0,1000.0,PRY,PRY,920.0,1100.0,1786.21533938543,0.0,4.93224335,5388175.0
2005.0,PRY,500.0,1100.0,PRY,PRY,970.0,1100.0,1970.87169852378,7.0,4.82934713,5448097.0
2006.0,PRY,500.0,1100.0,PRY,PRY,980.0,1200.0,2439.43124694576,10.0,5.01927567,5505148.0
2007.0,PRY,500.0,1100.0,PRY,PRY,1000.0,1200.0,3211.93621659546,12.0,5.02042723,5559386.0
2008.0,PRY,500.0,1100.0,PRY,PRY,1000.0,1200.0,4384.9546943793,17.0,5.03776026,5613574.0
2009.0,PRY,200.0,1200.0,PRY,PRY,1100.0,1300.0,3941.84815479271,21.0,5.52496862,5671236.0
2010.0,PRY,200.0,1200.0,PRY,PRY,1100.0,1300.0,4750.96273669322,26.0,5.46593952,5737971.0
2011.0,PRY,500.0,1200.0,PRY,PRY,1100.0,1300.0,5805.40154543044,26.0,5.82225847,5814626.0
2012.0,PRY,500.0,1200.0,PRY,PRY,1100.0,1400.0,5642.1699167298,27.0,6.53144598,5897008.0
2013.0,PRY,500.0,1300.0,PRY,PRY,1200.0,1400.0,6435.68342733182,30.0,6.0642848,5982445.0
2014.0,PRY,500.0,1300.0,PRY,PRY,1200.0,1400.0,6652.25478942291,33.0,6.62719059,6069811.0
2015.0,PRY,500.0,1300.0,PRY,PRY,1200.0,1400.0,5879.33792308671,35.0,6.69165802,6159103.0
2016.0,PRY,500.0,1300.0,PRY,PRY,1200.0,1400.0,5775.1596339946,39.0,6.67556572,6249126.0
2017.0,PRY,500.0,1300.0,PRY,PRY,1200.0,1400.0,6152.26711537703,45.0,6.60902548,6338660.0
2018.0,PRY,500.0,1300.0,PRY,PRY,1200.0,1400.0,6258.44991640954,47.0,6.74497652,6427382.0
2019.0,PRY,500.0,1300.0,PRY,PRY,1100.0,1400.0,5821.18199548637,50.0,7.16081905,6515058.0
2020.0,PRY,500.0,1300.0,PRY,PRY,1100.0,1400.0,5365.47220721191,49.0,7.67533064,6603739.0
2021.0,PRY,500.0,1300.0,PRY,PRY,1100.0,1400.0,5974.9057185863,52.0,8.03277016,6684182.0
2022.0,PRY,500.0,1300.0,PRY,PRY,1100.0,1400.0,6189.10205375331,56.0,7.73537827,6760464.0
2023.0,PRY,500.0,1200.0,PRY,PRY,1000.0,1400.0,6303.26495017292,58.0,8.35731316,6844146.0
2024.0,PRY,500.0,1200.0,PRY,PRY,970.0,1400.0,6456.60723068562,58.0,,6929153.0
1990.0,PER,1800.0,6400.0,PER,PER,5100.0,8000.0,1199.66666756615,,,22014771.0
1991.0,PER,2200.0,6400.0,PER,PER,5000.0,8200.0,1527.38879472866,,,22483775.0
1992.0,PER,2600.0,6400.0,PER,PER,5000.0,8400.0,1567.40910765128,,,22946340.0
1993.0,PER,3000.0,6400.0,PER,PER,4900.0,8500.0,1487.67404314175,,,23413783.0
1994.0,PER,3400.0,6200.0,PER,PER,4600.0,8000.0,1879.36657757919,,,23881493.0
1995.0,PER,3700.0,6100.0,PER,PER,4700.0,7900.0,2189.53431515311,,,24348919.0
1996.0,PER,4100.0,6100.0,PER,PER,4800.0,7800.0,2226.91682429265,,,24811171.0
1997.0,PER,4300.0,5900.0,PER,PER,4800.0,7400.0,2300.67200774461,,,25274147.0
1998.0,PER,4600.0,5900.0,PER,PER,4900.0,7300.0,2156.39377651613,,,25738095.0
1999.0,PER,4800.0,6000.0,PER,PER,5000.0,7200.0,1916.53397367908,,,26186504.0
2000.0,PER,5000.0,6000.0,PER,PER,5200.0,7300.0,1945.41338451698,0.0,4.41482639,26598331.0
2001.0,PER,5100.0,5900.0,PER,PER,5100.0,7100.0,1929.57273038846,0.0,4.72161007,26964601.0
2002.0,PER,5000.0,5800.0,PER,PER,5000.0,6900.0,2007.37019626753,2.0,4.93902588,27288217.0
2003.0,PER,4800.0,5600.0,PER,PER,4800.0,6600.0,2129.44114197634,3.0,4.58703804,27580490.0
2004.0,PER,4800.0,5700.0,PER,PER,4900.0,6800.0,2397.25147277714,2.0,4.42972279,27852190.0
2005.0,PER,4700.0,5700.0,PER,PER,4800.0,6700.0,2706.66947297608,6.0,4.66598511,28101180.0
2006.0,PER,4100.0,5500.0,PER,PER,4700.0,6700.0,3129.55996496982,9.0,4.409585,28324491.0
2007.0,PER,3600.0,5200.0,PER,PER,4400.0,6500.0,3581.0893081917,14.0,4.42611313,28530699.0
2008.0,PER,3300.0,4900.0,PER,PER,4100.0,6000.0,4197.58444634142,16.0,4.53098345,28719041.0
2009.0,PER,2800.0,4600.0,PER,PER,3800.0,5800.0,4181.18755462253,23.0,4.95976877,28896811.0
2010.0,PER,2100.0,4300.0,PER,PER,3500.0,5300.0,5072.11494019615,30.0,4.70582962,29086019.0
2011.0,PER,1700.0,4300.0,PER,PER,3500.0,5300.0,5861.35793645245,32.0,4.52216864,29304086.0
2012.0,PER,1700.0,4500.0,PER,PER,3600.0,5500.0,6519.37852981527,39.0,4.72939587,29550366.0
2013.0,PER,1700.0,4900.0,PER,PER,4000.0,6000.0,6746.80025696601,39.0,4.71272659,29817919.0
2014.0,PER,1800.0,5200.0,PER,PER,4300.0,6400.0,6667.13410360861,44.0,4.90967321,30115826.0
2015.0,PER,1800.0,5600.0,PER,PER,4500.0,6800.0,6231.71150338894,44.0,4.90453625,30457600.0
2016.0,PER,1700.0,6200.0,PER,PER,5100.0,7500.0,6217.03599995447,52.0,4.89353323,30866494.0
2017.0,PER,1400.0,6400.0,PER,PER,5200.0,7800.0,6736.16693725487,56.0,4.80915499,31324637.0
2018.0,PER,1200.0,6500.0,PER,PER,5400.0,8000.0,6978.49121548627,62.0,5.0835557,31897584.0
2019.0,PER,980.0,6700.0,PER,PER,5500.0,8300.0,7037.00803692604,68.0,5.12525272,32449303.0
2020.0,PER,900.0,6500.0,PER,PER,5300.0,8200.0,6133.32552410183,69.0,6.34739399,32838579.0
2021.0,PER,900.0,6900.0,PER,PER,5500.0,8800.0,6828.53422535638,73.0,6.67309427,33155882.0
2022.0,PER,890.0,6700.0,PER,PER,5300.0,8700.0,7353.74598721667,77.0,6.0974617,33475438.0
2023.0,PER,860.0,6700.0,PER,PER,5200.0,8800.0,7919.04634828547,76.0,5.63786411,33845617.0
2024.0,PER,870.0,6500.0,PER,PER,5000.0,8700.0,8526.29665719783,80.0,,34217848.0
1990.0,URY,,,URY,URY,,,2995.36105663465,,,3104403.0
1991.0,URY,,,URY,URY,,,3589.01541942634,,,3122354.0
1992.0,URY,,,URY,URY,,,4101.71054155291,,,3139702.0
1993.0,URY,,,URY,URY,,,4753.00924682647,,,3156345.0
1994.0,URY,,,URY,URY,,,5507.56481300056,,,3172834.0
1995.0,URY,,,URY,URY,,,6050.48632253644,,,3189440.0
1996.0,URY,,,URY,URY,,,6398.43575184095,,,3206324.0
1997.0,URY,,,URY,URY,,,7436.29342620682,,,3223345.0
1998.0,URY,,,URY,URY,,,7836.89183322307,,,3239280.0
1999.0,URY,,,URY,URY,,,7370.56995453931,,,3254015.0
2000.0,URY,,,URY,URY,,,6987.70098766257,,9.17182446,3266206.0
2001.0,URY,,,URY,URY,,,6382.76104740859,,9.75702,3274251.0
2002.0,URY,,,URY,URY,,,4149.76140312687,,9.64023018,3278867.0
2003.0,URY,,,URY,URY,,,3671.12329256883,,9.57667351,3281186.0
2004.0,URY,,,URY,URY,,,4168.66065438387,,8.26618195,3283148.0
2005.0,URY,,,URY,URY,,,5284.25677987129,,7.72390509,3285771.0
2006.0,URY,,,URY,URY,,,6001.33294783172,,7.70998907,3289506.0
2007.0,URY,,,URY,URY,,,7222.05403645877,,7.46167231,3295153.0
2008.0,URY,,,URY,URY,,,9423.96562595893,,8.09081745,3302177.0
2009.0,URY,,,URY,URY,,,9881.39573127081,,7.91611385,3310091.0
2010.0,URY,,,URY,URY,,,12641.0576849008,,7.87757301,3318580.0
2011.0,URY,,,URY,URY,,,15132.2675725587,,7.91521358,3326825.0
2012.0,URY,,,URY,URY,,,16259.5940814256,,8.03330803,3335401.0
2013.0,URY,,,URY,URY,,,18335.2594772322,,8.0844841,3345337.0
2014.0,URY,,,URY,URY,,,18322.4276767157,,8.038908,3356334.0
2015.0,URY,,,URY,URY,,,17125.9016800298,,8.25703716,3368017.0
2016.0,URY,,,URY,URY,,,17009.7584207276,,8.63852501,3379283.0
2017.0,URY,,,URY,URY,,,19184.6626114272,,8.71702194,3388438.0
2018.0,URY,,,URY,URY,,,19249.9404677501,,8.9001112,3394534.0
2019.0,URY,,,URY,URY,,,18315.7350377437,,9.240695,3397206.0
2020.0,URY,,,URY,URY,,,15757.5341990356,,9.08774948,3398968.0
2021.0,URY,,,URY,URY,,,17881.8119616753,,8.91955471,3396695.0
2022.0,URY,,,URY,URY,,,21009.2883798725,,8.89015961,3390913.0
2023.0,URY,,,URY,URY,,,23378.6399733516,,9.01887608,3388081.0
2024.0,URY,,,URY,URY,,,24308.4954958447,,,3386588.0
1990.0,VEN,500.0,1500.0,VEN,VEN,1200.0,1700.0,2451.5523114567,,,19827010.0
1991.0,VEN,500.0,1800.0,VEN,VEN,1500.0,2100.0,2632.53969814106,,,20304896.0
1992.0,VEN,500.0,2200.0,VEN,VEN,1900.0,2500.0,2907.30334439434,,,20780948.0
1993.0,VEN,500.0,2700.0,VEN,VEN,2300.0,3100.0,2824.69144366441,,,21254520.0
1994.0,VEN,590.0,3200.0,VEN,VEN,2800.0,3700.0,2688.98325145295,,,21725188.0
1995.0,VEN,720.0,3900.0,VEN,VEN,3300.0,4400.0,3486.98350635919,,,22193821.0
1996.0,VEN,880.0,4700.0,VEN,VEN,4000.0,5200.0,3112.825848106,,,22662113.0
1997.0,VEN,1100.0,5600.0,VEN,VEN,4800.0,6300.0,3710.82688355096,,,23131685.0
1998.0,VEN,1300.0,6700.0,VEN,VEN,5800.0,7500.0,3869.98258848894,,,23601337.0
1999.0,VEN,1600.0,8000.0,VEN,VEN,6900.0,9000.0,4070.90619189484,,,24066593.0
2000.0,VEN,1800.0,9400.0,VEN,VEN,8200.0,11000.0,4776.2816763938,2.0,,24526708.0
2001.0,VEN,1800.0,11000.0,VEN,VEN,9500.0,13000.0,4920.39313600453,6.0,,24979922.0
2002.0,VEN,1800.0,13000.0,VEN,VEN,11000.0,15000.0,3652.09896501865,8.0,,25435671.0
2003.0,VEN,1900.0,15000.0,VEN,VEN,12000.0,17000.0,3229.50557082079,10.0,,25892703.0
2004.0,VEN,2200.0,15000.0,VEN,VEN,11000.0,17000.0,4269.08970872392,11.0,,26340838.0
2005.0,VEN,2500.0,11000.0,VEN,VEN,7400.0,16000.0,5432.4854184654,12.0,,26785804.0
2006.0,VEN,2400.0,5000.0,VEN,VEN,1900.0,9600.0,6739.38065342218,20.0,,27224686.0
2007.0,VEN,2100.0,2700.0,VEN,VEN,1300.0,4900.0,8331.62096991844,23.0,,27649363.0
2008.0,VEN,2200.0,2500.0,VEN,VEN,1700.0,4800.0,11262.4514256759,28.0,,28053696.0
2009.0,VEN,2300.0,2600.0,VEN,VEN,2000.0,4700.0,11596.6021921731,34.0,,28438298.0
2010.0,VEN,2200.0,2900.0,VEN,VEN,2200.0,4600.0,13646.3046622664,40.0,,28813101.0
2011.0,VEN,2200.0,3100.0,VEN,VEN,2400.0,4600.0,10843.9229703167,42.0,,29185212.0
2012.0,VEN,2300.0,3400.0,VEN,VEN,2600.0,4700.0,12582.0125686037,45.0,,29553826.0
2013.0,VEN,2500.0,3700.0,VEN,VEN,2800.0,5000.0,8642.37380007027,44.0,,29912198.0
2014.0,VEN,2900.0,4100.0,VEN,VEN,3000.0,5300.0,7101.15006382986,45.0,,30254079.0
2015.0,VEN,2500.0,4500.0,VEN,VEN,3300.0,5800.0,4096.61989137473,58.0,,30573972.0
2016.0,VEN,2100.0,4900.0,VEN,VEN,3600.0,6300.0,3671.23004093383,52.0,,30765720.0
2017.0,VEN,3100.0,5400.0,VEN,VEN,3900.0,6900.0,3791.63262049576,41.0,,30565323.0
2018.0,VEN,4600.0,5700.0,VEN,VEN,4100.0,7200.0,3421.51341607593,30.0,2.41691327,29807592.0
2019.0,VEN,4500.0,5800.0,VEN,VEN,4200.0,7500.0,2523.11527549578,49.0,2.18563724,28938098.0
2020.0,VEN,2500.0,6000.0,VEN,VEN,4400.0,7900.0,1506.04169391285,60.0,4.11615133,28444077.0
2021.0,VEN,1800.0,6400.0,VEN,VEN,4600.0,8400.0,2004.93572921136,60.0,4.1022191,28237826.0
2022.0,VEN,1800.0,6800.0,VEN,VEN,4900.0,9000.0,3155.04190923584,59.0,4.55045986,28213017.0
2023.0,VEN,1900.0,7400.0,VEN,VEN,5300.0,9800.0,3617.47038396528,58.0,3.77611423,28300854.0
2024.0,VEN,2000.0,8100.0,VEN,VEN,5800.0,11000.0,4244.45723136019,57.0,,28405543.0
1990.0,DZA,100.0,200.0,DZA,DZA,100.0,200.0,2445.18332740258,,,25375810.0
1991.0,DZA,100.0,200.0,DZA,DZA,200.0,200.0,1759.11201648229,,,25987928.0
1992.0,DZA,100.0,200.0,DZA,DZA,200.0,200.0,1802.69300801289,,,26628568.0
1993.0,DZA,100.0,200.0,DZA,DZA,200.0,200.0,1831.04800976449,,,27277048.0
1994.0,DZA,100.0,200.0,DZA,DZA,200.0,500.0,1525.54061760288,,,27887279.0
1995.0,DZA,100.0,500.0,DZA,DZA,500.0,500.0,1466.94806760415,,,28470191.0
1996.0,DZA,100.0,500.0,DZA,DZA,500.0,500.0,1616.83198721285,,,29033044.0
1997.0,DZA,100.0,500.0,DZA,DZA,500.0,500.0,1628.76100561506,,,29579301.0
1998.0,DZA,100.0,500.0,DZA,DZA,500.0,500.0,1603.36623200836,,,30054133.0
1999.0,DZA,100.0,500.0,DZA,DZA,500.0,500.0,1596.11822239025,,,30474354.0
2000.0,DZA,100.0,500.0,DZA,DZA,500.0,510.0,1772.92869122761,6.0,3.21485448,30903893.0
2001.0,DZA,100.0,570.0,DZA,DZA,530.0,600.0,1896.30020878013,7.0,3.53628588,31331221.0
2002.0,DZA,200.0,650.0,DZA,DZA,610.0,690.0,1937.46411413019,8.0,3.44169641,31750835.0
2003.0,DZA,200.0,750.0,DZA,DZA,700.0,800.0,2283.77299346126,8.0,3.32569361,32175818.0
2004.0,DZA,200.0,870.0,DZA,DZA,800.0,920.0,2816.99384960555,9.0,3.29030514,32628286.0
2005.0,DZA,200.0,1000.0,DZA,DZA,920.0,1100.0,3233.13339634212,10.0,3.1188612,33109249.0
2006.0,DZA,200.0,1100.0,DZA,DZA,1000.0,1200.0,3660.66104745322,13.0,3.18999887,33623506.0
2007.0,DZA,500.0,1300.0,DZA,DZA,1100.0,1400.0,4167.45169937531,13.0,3.62011433,34189416.0
2008.0,DZA,500.0,1300.0,DZA,DZA,1100.0,1500.0,5180.91881514686,13.0,3.98331022,34816961.0
2009.0,DZA,500.0,1300.0,DZA,DZA,1100.0,1600.0,4235.42990456612,16.0,4.89210796,35490445.0
2010.0,DZA,500.0,1300.0,DZA,DZA,1000.0,1400.0,4912.78585503672,21.0,4.64001417,36188236.0
2011.0,DZA,500.0,1200.0,DZA,DZA,1000.0,1400.0,5916.31364364343,23.0,4.82567501,36903376.0
2012.0,DZA,500.0,1200.0,DZA,DZA,1000.0,1400.0,6033.64884689543,28.0,5.63658524,37646166.0
2013.0,DZA,500.0,1200.0,DZA,DZA,1000.0,1400.0,5979.60138960585,35.0,5.64541769,38414171.0
2014.0,DZA,500.0,1300.0,DZA,DZA,1100.0,1500.0,6094.69392314956,43.0,6.01484108,39205031.0
2015.0,DZA,500.0,1300.0,DZA,DZA,1200.0,1600.0,4685.05902729002,51.0,6.33435678,40019529.0
2016.0,DZA,500.0,1400.0,DZA,DZA,1200.0,1700.0,4424.98529027556,59.0,6.00080872,40850721.0
2017.0,DZA,500.0,1500.0,DZA,DZA,1300.0,1800.0,4554.66753957828,64.0,5.9484539,41689299.0
2018.0,DZA,500.0,1600.0,DZA,DZA,1400.0,2000.0,4577.21029180491,69.0,5.9323926,42505035.0
2019.0,DZA,500.0,1800.0,DZA,DZA,1400.0,2100.0,4468.45341883656,72.0,5.41732121,43294546.0
2020.0,DZA,500.0,1900.0,DZA,DZA,1600.0,2400.0,3743.5419522929,72.0,5.63830757,44042091.0
2021.0,DZA,500.0,2100.0,DZA,DZA,1700.0,2700.0,4160.55926736925,74.0,5.02188873,44761099.0
2022.0,DZA,500.0,2300.0,DZA,DZA,1900.0,2900.0,4960.30334332888,69.0,3.63464284,45477389.0
2023.0,DZA,500.0,2600.0,DZA,DZA,2000.0,3200.0,5370.477235078,71.0,4.35082531,46164219.0
2024.0,DZA,500.0,2800.0,DZA,DZA,2200.0,3500.0,5752.99076651465,68.0,,46814308.0
1990.0,BHR,100.0,100.0,BHR,BHR,100.0,100.0,9342.53891401688,,,514797.0
1991.0,BHR,100.0,100.0,BHR,BHR,100.0,100.0,10434.1323962786,,,503052.0
1992.0,BHR,100.0,100.0,BHR,BHR,100.0,100.0,10460.1583222808,,,516458.0
1993.0,BHR,100.0,100.0,BHR,BHR,100.0,100.0,11151.871495742,,,530225.0
1994.0,BHR,100.0,100.0,BHR,BHR,100.0,100.0,11629.3595219612,,,544366.0
1995.0,BHR,100.0,100.0,BHR,BHR,100.0,100.0,11900.9317778335,,,558879.0
1996.0,BHR,100.0,100.0,BHR,BHR,100.0,100.0,12091.7802188235,,,573792.0
1997.0,BHR,100.0,100.0,BHR,BHR,100.0,100.0,12254.6662583128,,,589115.0
1998.0,BHR,100.0,100.0,BHR,BHR,100.0,100.0,11625.0343768343,,,604842.0
1999.0,BHR,100.0,100.0,BHR,BHR,100.0,100.0,12123.3534715368,,,620989.0
2000.0,BHR,100.0,100.0,BHR,BHR,100.0,100.0,14214.4836839343,7.0,3.20020556,637582.0
2001.0,BHR,100.0,100.0,BHR,BHR,100.0,100.0,13573.2339887597,8.0,3.3434751,661316.0
2002.0,BHR,100.0,100.0,BHR,BHR,100.0,100.0,13501.4708801425,12.0,3.52897096,710553.0
2003.0,BHR,100.0,100.0,BHR,BHR,100.0,100.0,14486.0269029822,12.0,3.72810912,764517.0
2004.0,BHR,100.0,100.0,BHR,BHR,100.0,100.0,15963.9493171617,12.0,3.35499287,823741.0
2005.0,BHR,100.0,100.0,BHR,BHR,100.0,100.0,17966.1657837625,15.0,3.12594414,888822.0
2006.0,BHR,100.0,100.0,BHR,BHR,100.0,100.0,19267.282615072,17.0,2.98138189,960424.0
2007.0,BHR,100.0,100.0,BHR,BHR,100.0,100.0,20908.4042548073,19.0,3.16071057,1039295.0
2008.0,BHR,100.0,100.0,BHR,BHR,100.0,100.0,23299.4992780392,20.0,3.07321215,1103496.0
2009.0,BHR,100.0,100.0,BHR,BHR,100.0,100.0,19465.3140745038,21.0,4.15054226,1178415.0
2010.0,BHR,100.0,100.0,BHR,BHR,100.0,100.0,21819.3291098099,24.0,3.92259479,1228543.0
2011.0,BHR,100.0,100.0,BHR,BHR,100.0,100.0,25032.7867743333,28.0,3.7181015,1195020.0
2012.0,BHR,100.0,100.0,BHR,BHR,100.0,100.0,26438.6733230428,30.0,3.95061135,1208964.0
2013.0,BHR,100.0,100.0,BHR,BHR,100.0,100.0,26989.7601148469,31.0,4.14491081,1253191.0
2014.0,BHR,100.0,100.0,BHR,BHR,100.0,100.0,26451.7965647453,33.0,4.2369051,1314562.0
2015.0,BHR,100.0,100.0,BHR,BHR,100.0,100.0,23734.0551143019,35.0,4.75126362,1370322.0
2016.0,BHR,100.0,100.0,BHR,BHR,100.0,100.0,23800.001440631,33.0,4.62360859,1423726.0
2017.0,BHR,100.0,100.0,BHR,BHR,100.0,100.0,24784.7693514607,35.0,4.30236721,1501116.0
2018.0,BHR,100.0,100.0,BHR,BHR,100.0,100.0,26324.4066549559,46.0,3.94324946,1503091.0
2019.0,BHR,100.0,100.0,BHR,BHR,100.0,100.0,27259.7438599327,59.0,3.78430986,1483756.0
2020.0,BHR,100.0,100.0,BHR,BHR,100.0,100.0,24342.8444554718,64.0,4.55685711,1472204.0
2021.0,BHR,100.0,100.0,BHR,BHR,100.0,100.0,27147.8083882286,55.0,4.32771444,1504365.0
2022.0,BHR,100.0,100.0,BHR,BHR,100.0,100.0,30470.5219276023,49.0,3.89098358,1524693.0
2023.0,BHR,100.0,100.0,BHR,BHR,100.0,100.0,29290.1284215098,53.0,3.99562383,1577059.0
2024.0,BHR,100.0,100.0,BHR,BHR,100.0,100.0,29717.1424605273,55.0,,1588670.0
1990.0,DJI,100.0,930.0,DJI,DJI,540.0,1400.0,780.497719360725,,,579538.0
1991.0,DJI,200.0,1300.0,DJI,DJI,790.0,1900.0,732.733101553782,,,631092.0
1992.0,DJI,500.0,1900.0,DJI,DJI,1200.0,2600.0,763.659214503152,,,626010.0
1993.0,DJI,500.0,1700.0,DJI,DJI,1200.0,2300.0,758.733842733535,,,614245.0
1994.0,DJI,500.0,1800.0,DJI,DJI,1300.0,2400.0,784.556207408331,,,626710.0
1995.0,DJI,500.0,1900.0,DJI,DJI,1400.0,2600.0,786.201866748458,,,633074.0
1996.0,DJI,530.0,2000.0,DJI,DJI,1400.0,2700.0,761.943659476655,,,648348.0
1997.0,DJI,630.0,1900.0,DJI,DJI,1300.0,2600.0,748.232840194914,,,671817.0
1998.0,DJI,750.0,1900.0,DJI,DJI,1200.0,2600.0,735.349107889529,,,699352.0
1999.0,DJI,870.0,2000.0,DJI,DJI,1300.0,2700.0,740.21930978973,,,724218.0
2000.0,DJI,1000.0,2000.0,DJI,DJI,1400.0,2800.0,737.612183644052,0.0,3.39641857,747318.0
2001.0,DJI,1100.0,1900.0,DJI,DJI,1300.0,2700.0,742.133791107063,0.0,3.1960845,771313.0
2002.0,DJI,1200.0,1700.0,DJI,DJI,1100.0,2400.0,743.013270420348,0.0,3.75243783,795574.0
2003.0,DJI,1200.0,1400.0,DJI,DJI,900.0,2000.0,764.634465224597,0.0,4.27048731,813519.0
2004.0,DJI,1200.0,1400.0,DJI,DJI,860.0,2000.0,806.261652944964,1.0,3.53544688,826124.0
2005.0,DJI,1300.0,1300.0,DJI,DJI,800.0,1900.0,844.4483573908,2.0,3.80321956,839167.0
2006.0,DJI,1400.0,1200.0,DJI,DJI,730.0,1700.0,898.464628136774,3.0,4.21972466,855764.0
2007.0,DJI,1400.0,1100.0,DJI,DJI,640.0,1600.0,969.573220191902,4.0,4.05262756,874528.0
2008.0,DJI,1300.0,1000.0,DJI,DJI,610.0,1500.0,1119.15233346969,5.0,3.6125772,892734.0
2009.0,DJI,1300.0,980.0,DJI,DJI,580.0,1500.0,1150.9375857489,6.0,3.63905573,911527.0
2010.0,DJI,1300.0,910.0,DJI,DJI,550.0,1300.0,1213.23352553429,6.0,3.35699701,930251.0
2011.0,DJI,1300.0,750.0,DJI,DJI,500.0,1100.0,1306.34552844977,7.0,3.37387872,948558.0
2012.0,DJI,1200.0,640.0,DJI,DJI,500.0,980.0,1400.19357858954,9.0,3.29730988,966747.0
2013.0,DJI,1200.0,550.0,DJI,DJI,500.0,850.0,2075.94498424748,10.0,2.91782117,984824.0
2014.0,DJI,1100.0,500.0,DJI,DJI,500.0,760.0,2214.62084142432,12.0,2.95930099,1002717.0
2015.0,DJI,1100.0,500.0,DJI,DJI,500.0,770.0,2376.12554719873,16.0,3.3475771,1020313.0
2016.0,DJI,970.0,500.0,DJI,DJI,200.0,580.0,2510.4300076241,19.0,2.74166131,1037653.0
2017.0,DJI,900.0,500.0,DJI,DJI,200.0,580.0,2618.95521147369,22.0,2.47976375,1054841.0
2018.0,DJI,830.0,500.0,DJI,DJI,500.0,730.0,2718.08338799203,25.0,2.530864,1071882.0
2019.0,DJI,810.0,500.0,DJI,DJI,500.0,690.0,2837.16902340932,19.0,2.41347837,1088709.0
2020.0,DJI,810.0,500.0,DJI,DJI,500.0,740.0,2844.88810647853,21.0,2.33861232,1105188.0
2021.0,DJI,790.0,500.0,DJI,DJI,500.0,700.0,3025.91126413549,20.0,2.87128091,1121248.0
2022.0,DJI,760.0,500.0,DJI,DJI,500.0,670.0,3133.25779772463,22.0,2.52554536,1137096.0
2023.0,DJI,700.0,500.0,DJI,DJI,500.0,750.0,3381.29779710722,26.0,2.28316021,1152944.0
2024.0,DJI,640.0,500.0,DJI,DJI,500.0,720.0,3552.72335079222,25.0,,1168722.0
1990.0,EGY,500.0,1100.0,EGY,EGY,660.0,2100.0,735.982935028025,,,58396618.0
1991.0,EGY,500.0,1200.0,EGY,EGY,740.0,2200.0,622.829605007867,,,60028997.0
1992.0,EGY,500.0,1300.0,EGY,EGY,770.0,2200.0,680.79923864551,,,61480660.0
1993.0,EGY,500.0,1300.0,EGY,EGY,830.0,2100.0,740.334217356418,,,62915681.0
1994.0,EGY,500.0,1400.0,EGY,EGY,930.0,2100.0,807.303537230487,,,64285589.0
1995.0,EGY,570.0,1500.0,EGY,EGY,1000.0,2100.0,916.326617700876,,,65652622.0
1996.0,EGY,650.0,1500.0,EGY,EGY,1100.0,2000.0,1008.97637629447,,,67028048.0
1997.0,EGY,720.0,1500.0,EGY,EGY,1100.0,2100.0,1146.20172117634,,,68431740.0
1998.0,EGY,800.0,1500.0,EGY,EGY,1200.0,2000.0,1212.82259820477,,,69943294.0
1999.0,EGY,870.0,1600.0,EGY,EGY,1200.0,2100.0,1268.30949160496,,,71520954.0
2000.0,EGY,940.0,1600.0,EGY,EGY,1300.0,2100.0,1366.09274372613,0.0,4.92244291,73083284.0
2001.0,EGY,1000.0,1700.0,EGY,EGY,1300.0,2200.0,1295.1374184163,0.0,5.40030336,74652029.0
2002.0,EGY,1100.0,1700.0,EGY,EGY,1400.0,2200.0,1116.82884626213,0.0,5.5107379,76239137.0
2003.0,EGY,1100.0,1800.0,EGY,EGY,1400.0,2400.0,1031.27556291284,0.0,5.2242527,77853548.0
2004.0,EGY,1200.0,1900.0,EGY,EGY,1500.0,2600.0,991.255689145253,0.0,4.85732365,79477443.0
2005.0,EGY,1200.0,2000.0,EGY,EGY,1600.0,2700.0,1105.53920713903,0.0,4.92229176,81101004.0
2006.0,EGY,1300.0,2000.0,EGY,EGY,1500.0,2800.0,1298.97900203124,1.0,4.84190083,82700403.0
2007.0,EGY,1300.0,2100.0,EGY,EGY,1600.0,2900.0,1547.74170735909,1.0,4.44493246,84276225.0
2008.0,EGY,1300.0,2300.0,EGY,EGY,1700.0,3200.0,1896.21594269779,2.0,4.46634817,85864789.0
2009.0,EGY,1400.0,2300.0,EGY,EGY,1700.0,3300.0,2161.63964573927,2.0,4.37870932,87501636.0
2010.0,EGY,1400.0,2400.0,EGY,EGY,1800.0,3400.0,2455.08194645282,3.0,4.15319157,89196072.0
2011.0,EGY,1400.0,2600.0,EGY,EGY,1900.0,3700.0,2590.64384891965,3.0,4.35707569,91093059.0
2012.0,EGY,1500.0,2800.0,EGY,EGY,2000.0,3900.0,2996.0677072015,4.0,4.45891809,93161001.0
2013.0,EGY,1600.0,3000.0,EGY,EGY,2200.0,4300.0,3025.52563552448,5.0,4.6710043,95333553.0
2014.0,EGY,1600.0,3200.0,EGY,EGY,2300.0,4500.0,3133.39102265541,7.0,4.77415323,97528654.0
2015.0,EGY,1600.0,3400.0,EGY,EGY,2500.0,4900.0,3306.98159414141,8.0,5.06153202,99597342.0
2016.0,EGY,1600.0,3700.0,EGY,EGY,2700.0,5300.0,3270.6287768197,11.0,5.07462406,101644589.0
2017.0,EGY,1600.0,3900.0,EGY,EGY,2700.0,5600.0,2395.10333299491,15.0,5.34661913,103696057.0
2018.0,EGY,1500.0,4100.0,EGY,EGY,2800.0,5900.0,2484.70315630508,20.0,4.74892998,105682094.0
2019.0,EGY,1500.0,4400.0,EGY,EGY,2900.0,6400.0,2962.98892023003,23.0,4.5994668,107553158.0
2020.0,EGY,1500.0,4700.0,EGY,EGY,3100.0,6900.0,3511.11381026379,26.0,4.15384626,109315124.0
2021.0,EGY,1500.0,5100.0,EGY,EGY,3300.0,7600.0,3827.35415374308,29.0,4.60955143,110957008.0
2022.0,EGY,1500.0,5300.0,EGY,EGY,3400.0,8200.0,4233.30783744856,34.0,4.72362804,112618250.0
2023.0,EGY,1400.0,5900.0,EGY,EGY,3700.0,9600.0,3456.78965212363,38.0,4.88449335,114535772.0
2024.0,EGY,1400.0,6300.0,EGY,EGY,3900.0,11000.0,3338.47371043679,45.0,,116538258.0
1990.0,JOR,100.0,100.0,JOR,JOR,100.0,100.0,1148.59005469899,,,3621908.0
1991.0,JOR,100.0,100.0,JOR,JOR,100.0,100.0,1109.65564611997,,,3915149.0
1992.0,JOR,100.0,100.0,JOR,JOR,100.0,100.0,1286.6347360596,,,4127693.0
1993.0,JOR,100.0,100.0,JOR,JOR,100.0,100.0,1289.4145431007,,,4348020.0
1994.0,JOR,100.0,100.0,JOR,JOR,100.0,100.0,1367.18721776691,,,4561406.0
1995.0,JOR,100.0,100.0,JOR,JOR,100.0,100.0,1415.71151592128,,,4752096.0
1996.0,JOR,100.0,100.0,JOR,JOR,100.0,100.0,1410.17424189419,,,4912516.0
1997.0,JOR,100.0,100.0,JOR,JOR,100.0,100.0,1435.87593846863,,,5046285.0
1998.0,JOR,100.0,100.0,JOR,JOR,100.0,100.0,1532.11380395602,,,5164284.0
1999.0,JOR,100.0,100.0,JOR,JOR,100.0,100.0,1544.58750592979,,,5276444.0
2000.0,JOR,100.0,100.0,JOR,JOR,100.0,100.0,1570.61002940477,11.0,9.34367943,5386945.0
2001.0,JOR,100.0,100.0,JOR,JOR,100.0,100.0,1632.29454010563,12.0,9.57236385,5498894.0
2002.0,JOR,100.0,100.0,JOR,JOR,100.0,100.0,1706.26744384401,13.0,9.2786417,5616066.0
2003.0,JOR,100.0,100.0,JOR,JOR,100.0,100.0,1775.67625581432,13.0,8.78901005,5741828.0
2004.0,JOR,100.0,100.0,JOR,JOR,100.0,100.0,1940.08641342805,14.0,8.74670506,5882061.0
2005.0,JOR,100.0,100.0,JOR,JOR,100.0,100.0,2087.87079273635,19.0,8.49441624,6029587.0
2006.0,JOR,100.0,100.0,JOR,JOR,100.0,100.0,2342.63459574933,21.0,7.67925692,6427371.0
2007.0,JOR,100.0,100.0,JOR,JOR,100.0,100.0,2506.20599484139,24.0,7.90982628,6827227.0
2008.0,JOR,100.0,100.0,JOR,JOR,100.0,100.0,3669.83012701745,26.0,8.48880577,6989866.0
2009.0,JOR,100.0,100.0,JOR,JOR,100.0,100.0,3845.34388086274,30.0,9.22396946,7141753.0
2010.0,JOR,100.0,100.0,JOR,JOR,100.0,100.0,4139.04283161368,33.0,8.17025661,7297043.0
2011.0,JOR,100.0,100.0,JOR,JOR,100.0,100.0,4363.42800211536,35.0,8.14807701,7480424.0
2012.0,JOR,100.0,100.0,JOR,JOR,100.0,100.0,4593.83609729005,39.0,7.81799555,7587127.0
2013.0,JOR,100.0,100.0,JOR,JOR,100.0,100.0,4739.02253641778,38.0,7.16592407,7991809.0
2014.0,JOR,100.0,100.0,JOR,JOR,100.0,100.0,4610.60460269382,37.0,7.20892906,8791710.0
2015.0,JOR,100.0,100.0,JOR,JOR,100.0,100.0,4441.61896013754,38.0,7.4609561,9544729.0
2016.0,JOR,100.0,100.0,JOR,JOR,100.0,100.0,4366.06999647268,44.0,6.97644138,10006367.0
2017.0,JOR,100.0,100.0,JOR,JOR,100.0,100.0,4449.34618076611,47.0,7.10953665,10234226.0
2018.0,JOR,100.0,100.0,JOR,JOR,100.0,100.0,4533.97658437205,52.0,6.98295021,10462306.0
2019.0,JOR,100.0,100.0,JOR,JOR,100.0,100.0,4557.79334729121,56.0,7.07244635,10671891.0
2020.0,JOR,100.0,100.0,JOR,JOR,100.0,100.0,4411.48321838396,57.0,7.54554749,10865228.0
2021.0,JOR,100.0,100.0,JOR,JOR,100.0,100.0,4581.71967230365,44.0,7.69733906,11066356.0
2022.0,JOR,100.0,100.0,JOR,JOR,100.0,100.0,4754.41362207378,49.0,7.73623276,11256263.0
2023.0,JOR,100.0,100.0,JOR,JOR,100.0,100.0,4906.23543006639,56.0,7.66000605,11439213.0
2024.0,JOR,100.0,100.0,JOR,JOR,100.0,100.0,5073.92103605892,64.0,,11552876.0
1990.0,KWT,,,KWT,KWT,,,10937.5415268808,,,1684819.0
1991.0,KWT,,,KWT,KWT,,,8147.10807329839,,,1351399.0
1992.0,KWT,,,KWT,KWT,,,12146.19505586,,,1634961.0
1993.0,KWT,,,KWT,KWT,,,14317.7209419057,,,1672151.0
1994.0,KWT,,,KWT,KWT,,,14929.7441110335,,,1664361.0
1995.0,KWT,,,KWT,KWT,,,16168.165602374,,,1681513.0
1996.0,KWT,,,KWT,KWT,,,18201.0958607918,,,1730246.0
1997.0,KWT,,,KWT,KWT,,,16977.3895620399,,,1787683.0
1998.0,KWT,,,KWT,KWT,,,14066.9509572183,,,1844302.0
1999.0,KWT,,,KWT,KWT,,,15853.6264423466,,,1900030.0
2000.0,KWT,,,KWT,KWT,,,19296.3471698729,26.0,2.20362997,1954709.0
2001.0,KWT,,,KWT,KWT,,,17374.2318664227,29.0,3.18719625,2008121.0
2002.0,KWT,,,KWT,KWT,,,18512.7523035862,35.0,3.12441754,2059974.0
2003.0,KWT,,,KWT,KWT,,,22690.655175144,35.0,2.76042604,2109881.0
2004.0,KWT,,,KWT,KWT,,,27552.2827399787,35.0,2.35702467,2157320.0
2005.0,KWT,,,KWT,KWT,,,36122.6142741227,39.0,2.013309,2236788.0
2006.0,KWT,,,KWT,KWT,,,42946.6374104066,36.0,1.8213098,2364733.0
2007.0,KWT,,,KWT,KWT,,,45709.4132876371,34.0,1.92673647,2507887.0
2008.0,KWT,,,KWT,KWT,,,55585.1889344442,32.0,1.92400301,2651421.0
2009.0,KWT,,,KWT,KWT,,,37907.1001320042,31.0,2.70638776,2795484.0
2010.0,KWT,,,KWT,KWT,,,39212.252220155,32.0,2.67879915,2943372.0
2011.0,KWT,,,KWT,KWT,,,49169.6063813095,32.0,2.33303547,3132814.0
2012.0,KWT,,,KWT,KWT,,,52155.2225833921,31.0,2.33311439,3337109.0
2013.0,KWT,,,KWT,KWT,,,49651.0439275077,34.0,2.48789287,3507844.0
2014.0,KWT,,,KWT,KWT,,,44368.7813457751,33.0,2.9159987,3665876.0
2015.0,KWT,,,KWT,KWT,,,29882.2126495698,32.0,4.21497965,3834574.0
2016.0,KWT,,,KWT,KWT,,,27323.6890735517,35.0,4.73096323,4004096.0
2017.0,KWT,,,KWT,KWT,,,29047.6536135703,36.0,4.65326786,4154812.0
2018.0,KWT,,,KWT,KWT,,,32067.9623756889,38.0,5.17201853,4323515.0
2019.0,KWT,,,KWT,KWT,,,31707.8737443551,43.0,5.18200397,4442316.0
2020.0,KWT,,,KWT,KWT,,,25236.0755848941,50.0,6.11295223,4400267.0
2021.0,KWT,,,KWT,KWT,,,34018.6342592913,50.0,5.37273169,4360865.0
2022.0,KWT,,,KWT,KWT,,,39981.7691035833,50.0,4.20024538,4589643.0
2023.0,KWT,,,KWT,KWT,,,34091.9714813002,57.0,4.96311998,4853420.0
2024.0,KWT,,,KWT,KWT,,,32855.7209688827,69.0,,4897263.0
1990.0,LBN,,,LBN,LBN,,,789.526338484738,,,3595175.0
1991.0,LBN,,,LBN,LBN,,,1278.42125745633,,,3668912.0
1992.0,LBN,,,LBN,LBN,,,1559.38100628446,,,3747371.0
1993.0,LBN,,,LBN,LBN,,,2078.63864215562,,,3820647.0
1994.0,LBN,,,LBN,LBN,,,2467.76942720577,,,3889799.0
1995.0,LBN,,,LBN,LBN,,,2958.74263957462,,,3960735.0
1996.0,LBN,,,LBN,LBN,,,3393.05090749359,,,4034781.0
1997.0,LBN,,,LBN,LBN,,,3834.0590787531,,,4108405.0
1998.0,LBN,,,LBN,LBN,,,4124.85527892575,,,4181281.0
1999.0,LBN,,,LBN,LBN,,,4086.93872789633,,,4255277.0
2000.0,LBN,,,LBN,LBN,,,3986.83513941026,3.0,10.82951355,4329340.0
2001.0,LBN,,,LBN,LBN,,,4009.55929751102,7.0,10.56254768,4401918.0
2002.0,LBN,,,LBN,LBN,,,4290.85283803266,11.0,9.28233719,4463504.0
2003.0,LBN,,,LBN,LBN,,,4437.71588507526,14.0,8.67109871,4525508.0
2004.0,LBN,,,LBN,LBN,,,4600.68371412993,18.0,7.99923086,4599279.0
2005.0,LBN,,,LBN,LBN,,,4602.19804637945,21.0,7.54867649,4671102.0
2006.0,LBN,,,LBN,LBN,,,4635.2514117486,23.0,8.66057873,4751136.0
2007.0,LBN,,,LBN,LBN,,,5125.25809960149,26.0,8.55984211,4844118.0
2008.0,LBN,,,LBN,LBN,,,5912.04532820842,29.0,7.81751728,4925354.0
2009.0,LBN,,,LBN,LBN,,,7090.85493856621,33.0,7.0073576,4992287.0
2010.0,LBN,,,LBN,LBN,,,7625.81051551165,37.0,7.43864489,5041288.0
2011.0,LBN,,,LBN,LBN,,,7834.96257108993,42.0,8.17744446,5096020.0
2012.0,LBN,,,LBN,LBN,,,8406.98405608118,44.0,7.00420094,5235742.0
2013.0,LBN,,,LBN,LBN,,,8162.37929361396,43.0,7.06742191,5743436.0
2014.0,LBN,,,LBN,LBN,,,7577.6413302369,45.0,7.52191401,6346990.0
2015.0,LBN,,,LBN,LBN,,,7714.1099998804,52.0,7.41596651,6472469.0
2016.0,LBN,,,LBN,LBN,,,8089.012088155,61.0,7.92344952,6323060.0
2017.0,LBN,,,LBN,LBN,,,8608.21084982387,70.0,7.80357552,6160128.0
2018.0,LBN,,,LBN,LBN,,,9174.53666204759,76.0,8.07031727,5984119.0
2019.0,LBN,,,LBN,LBN,,,8905.88005497437,86.0,8.68533897,5794594.0
2020.0,LBN,,,LBN,LBN,,,5561.19166950397,85.0,7.48221779,5702398.0
2021.0,LBN,,,LBN,LBN,,,4045.37391066234,81.0,4.40006208,5718122.0
2022.0,LBN,,,LBN,LBN,,,3654.35845534878,79.0,4.91255951,5744489.0
2023.0,LBN,,,LBN,LBN,,,3477.72489842684,79.0,5.57497263,5773493.0
2024.0,LBN,,,LBN,LBN,,,4473.27134441128,79.0,,5805962.0
1990.0,LBY,100.0,100.0,LBY,LBY,100.0,100.0,6502.27886565421,,,4445239.0
1991.0,LBY,100.0,100.0,LBY,LBY,100.0,100.0,7039.83391970596,,,4544400.0
1992.0,LBY,100.0,100.0,LBY,LBY,100.0,100.0,7302.68908679226,,,4640352.0
1993.0,LBY,100.0,100.0,LBY,LBY,100.0,100.0,6477.87035840641,,,4733045.0
1994.0,LBY,100.0,100.0,LBY,LBY,100.0,100.0,5933.29121354077,,,4822037.0
1995.0,LBY,100.0,100.0,LBY,LBY,100.0,200.0,5205.25706378741,,,4906843.0
1996.0,LBY,100.0,200.0,LBY,LBY,200.0,200.0,5591.02027544558,,,4987393.0
1997.0,LBY,100.0,200.0,LBY,LBY,200.0,200.0,6061.81366033598,,,5064639.0
1998.0,LBY,100.0,200.0,LBY,LBY,200.0,500.0,5301.08354775559,,,5140704.0
1999.0,LBY,100.0,500.0,LBY,LBY,200.0,500.0,6894.51875534758,,,5218038.0
2000.0,LBY,100.0,500.0,LBY,LBY,500.0,500.0,7214.10040377084,12.0,3.31908512,5305021.0
2001.0,LBY,100.0,500.0,LBY,LBY,500.0,500.0,6312.80030498965,13.0,3.92571616,5403639.0
2002.0,LBY,100.0,500.0,LBY,LBY,500.0,500.0,3718.29434696755,15.0,4.73818302,5508410.0
2003.0,LBY,100.0,500.0,LBY,LBY,500.0,500.0,4674.09943200321,13.0,3.97301245,5619398.0
2004.0,LBY,100.0,500.0,LBY,LBY,500.0,500.0,5773.76333234281,18.0,3.38328195,5736693.0
2005.0,LBY,100.0,500.0,LBY,LBY,500.0,500.0,8079.24957329001,20.0,2.51707149,5858798.0
2006.0,LBY,100.0,500.0,LBY,LBY,500.0,500.0,10048.8480434289,23.0,2.29996443,5980211.0
2007.0,LBY,100.0,500.0,LBY,LBY,500.0,500.0,11144.9448413435,27.0,2.41929626,6104380.0
2008.0,LBY,100.0,500.0,LBY,LBY,500.0,500.0,13906.1407818125,32.0,2.24441886,6235430.0
2009.0,LBY,100.0,500.0,LBY,LBY,500.0,500.0,9551.05403869755,38.0,3.5828805,6366686.0
2010.0,LBY,100.0,500.0,LBY,LBY,500.0,500.0,11600.9068649472,44.0,3.28064442,6497839.0
2011.0,LBY,100.0,500.0,LBY,LBY,500.0,500.0,7593.8391525702,50.0,4.01902008,6343203.0
2012.0,LBY,100.0,500.0,LBY,LBY,500.0,500.0,14975.8902795144,52.0,3.95612097,6179328.0
2013.0,LBY,100.0,500.0,LBY,LBY,500.0,500.0,11951.7134126011,51.0,4.97548628,6304628.0
2014.0,LBY,100.0,500.0,LBY,LBY,500.0,500.0,8926.42074591474,55.0,5.17777824,6427252.0
2015.0,LBY,100.0,500.0,LBY,LBY,500.0,500.0,7458.48917756374,59.0,5.80638647,6531819.0
2016.0,LBY,100.0,500.0,LBY,LBY,500.0,500.0,7525.80299308216,61.0,6.17178679,6632126.0
2017.0,LBY,100.0,500.0,LBY,LBY,500.0,500.0,9965.83236729757,62.0,4.67685318,6738770.0
2018.0,LBY,100.0,500.0,LBY,LBY,500.0,500.0,11196.5854810844,68.0,4.86648417,6849055.0
2019.0,LBY,100.0,500.0,LBY,LBY,500.0,500.0,9963.19489084483,53.0,5.54773426,6951033.0
2020.0,LBY,100.0,500.0,LBY,LBY,500.0,500.0,6650.33810585348,50.0,7.10674047,7045399.0
2021.0,LBY,200.0,500.0,LBY,LBY,500.0,500.0,4935.82787349801,49.0,6.05457449,7135175.0
2022.0,LBY,200.0,500.0,LBY,LBY,500.0,520.0,5986.63694851258,47.0,4.74433613,7223805.0
2023.0,LBY,200.0,500.0,LBY,LBY,500.0,560.0,6026.51518708812,50.0,7.80515862,7305659.0
2024.0,LBY,200.0,500.0,LBY,LBY,500.0,570.0,6569.16408678648,,,7381023.0
1990.0,MAR,200.0,590.0,MAR,MAR,500.0,910.0,1229.07104492188,,,24375551.0
1991.0,MAR,200.0,720.0,MAR,MAR,510.0,1000.0,1292.23376464844,,,24799014.0
1992.0,MAR,200.0,840.0,MAR,MAR,610.0,1200.0,1327.02954101563,,,25212468.0
1993.0,MAR,200.0,950.0,MAR,MAR,720.0,1300.0,1226.43054199219,,,25614586.0
1994.0,MAR,500.0,1100.0,MAR,MAR,840.0,1400.0,1358.79443359375,,,26000822.0
1995.0,MAR,500.0,1200.0,MAR,MAR,920.0,1500.0,1466.78820800781,,,26399429.0
1996.0,MAR,500.0,1300.0,MAR,MAR,1000.0,1600.0,1596.83239746094,,,26808107.0
1997.0,MAR,500.0,1400.0,MAR,MAR,1100.0,1600.0,1426.30114746094,,,27213337.0
1998.0,MAR,500.0,1500.0,MAR,MAR,1200.0,1700.0,1668.49755859375,,,27621648.0
1999.0,MAR,550.0,1600.0,MAR,MAR,1300.0,1900.0,1635.65673828125,,,28027179.0
2000.0,MAR,630.0,1700.0,MAR,MAR,1400.0,1900.0,1499.107421875,0.0,3.69304585,28423435.0
2001.0,MAR,700.0,1700.0,MAR,MAR,1500.0,2000.0,1506.24523925781,0.0,3.81601191,28814643.0
2002.0,MAR,780.0,1800.0,MAR,MAR,1600.0,2000.0,1596.02062988281,0.0,4.06117535,29198142.0
2003.0,MAR,780.0,1700.0,MAR,MAR,1500.0,2000.0,1941.87255859375,4.0,4.08037519,29571415.0
2004.0,MAR,740.0,1700.0,MAR,MAR,1500.0,2000.0,2183.55541992188,6.0,4.23211098,29953018.0
2005.0,MAR,780.0,1700.0,MAR,MAR,1500.0,1900.0,2242.98828125,7.0,4.37350655,30358144.0
2006.0,MAR,840.0,1700.0,MAR,MAR,1500.0,1900.0,2438.12646484375,8.0,4.56586647,30771178.0
2007.0,MAR,890.0,1600.0,MAR,MAR,1500.0,1900.0,2755.5859375,9.0,4.80759001,31186468.0
2008.0,MAR,900.0,1600.0,MAR,MAR,1400.0,1900.0,3183.20043945313,12.0,4.83789158,31606767.0
2009.0,MAR,900.0,1600.0,MAR,MAR,1400.0,1800.0,3119.58862304688,14.0,5.27312183,32030778.0
2010.0,MAR,920.0,1500.0,MAR,MAR,1400.0,1800.0,3067.9853515625,16.0,5.41861057,32467016.0
2011.0,MAR,930.0,1500.0,MAR,MAR,1300.0,1800.0,3301.98876953125,19.0,5.37019396,32912588.0
2012.0,MAR,870.0,1400.0,MAR,MAR,1200.0,1600.0,3164.17724609375,25.0,5.39619017,33355241.0
2013.0,MAR,800.0,1300.0,MAR,MAR,1100.0,1600.0,3379.7431640625,29.0,5.25540543,33787571.0
2014.0,MAR,750.0,1200.0,MAR,MAR,1000.0,1500.0,3435.40698242188,33.0,5.41626596,34204780.0
2015.0,MAR,750.0,1200.0,MAR,MAR,1000.0,1500.0,3146.24780273438,37.0,5.10435581,34607588.0
2016.0,MAR,750.0,1200.0,MAR,MAR,1000.0,1500.0,3140.85546875,41.0,5.09203386,35023457.0
2017.0,MAR,760.0,1200.0,MAR,MAR,1000.0,1500.0,3296.52661132813,44.0,4.98920393,35446392.0
2018.0,MAR,740.0,1200.0,MAR,MAR,1000.0,1500.0,3501.69799804688,48.0,4.94516659,35839760.0
2019.0,MAR,720.0,1200.0,MAR,MAR,980.0,1500.0,3508.09765625,51.0,5.020401,36210898.0
2020.0,MAR,700.0,1200.0,MAR,MAR,950.0,1400.0,3268.0302734375,54.0,5.78939486,36584208.0
2021.0,MAR,610.0,1200.0,MAR,MAR,950.0,1400.0,3785.93627929688,68.0,5.45314503,36954442.0
2022.0,MAR,500.0,1000.0,MAR,MAR,840.0,1300.0,3463.1376953125,70.0,5.75281,37329064.0
2023.0,MAR,500.0,1000.0,MAR,MAR,830.0,1300.0,3813.72607421875,73.0,6.06396198,37712505.0
2024.0,MAR,500.0,990.0,MAR,MAR,790.0,1300.0,4153.1943359375,76.0,,38081173.0
1990.0,OMN,100.0,100.0,OMN,OMN,100.0,200.0,7545.70305230441,,,1763954.0
1991.0,OMN,100.0,200.0,OMN,OMN,200.0,500.0,6977.3285922345,,,1851473.0
1992.0,OMN,100.0,500.0,OMN,OMN,200.0,500.0,7317.78815838166,,,1938238.0
1993.0,OMN,100.0,200.0,OMN,OMN,200.0,500.0,7038.9301587736,,,2021675.0
1994.0,OMN,100.0,200.0,OMN,OMN,200.0,200.0,7068.38996979073,,,2081834.0
1995.0,OMN,100.0,200.0,OMN,OMN,200.0,200.0,7414.30279204109,,,2120528.0
1996.0,OMN,100.0,200.0,OMN,OMN,100.0,200.0,8068.00076784612,,,2156926.0
1997.0,OMN,100.0,200.0,OMN,OMN,100.0,200.0,8234.64063759005,,,2190720.0
1998.0,OMN,100.0,200.0,OMN,OMN,100.0,200.0,7219.02932432025,,,2222489.0
1999.0,OMN,100.0,200.0,OMN,OMN,100.0,200.0,7915.44169380534,,,2252909.0
2000.0,OMN,100.0,200.0,OMN,OMN,100.0,200.0,9753.84755185404,13.0,2.68485427,2282131.0
2001.0,OMN,100.0,100.0,OMN,OMN,100.0,200.0,9611.96360191054,14.0,2.70073724,2310217.0
2002.0,OMN,100.0,200.0,OMN,OMN,100.0,200.0,9869.13050219438,15.0,2.77737164,2337140.0
2003.0,OMN,100.0,200.0,OMN,OMN,100.0,200.0,10463.5425832141,15.0,2.77524447,2363796.0
2004.0,OMN,100.0,200.0,OMN,OMN,100.0,200.0,11800.8507411171,16.0,2.59660101,2404821.0
2005.0,OMN,100.0,200.0,OMN,OMN,100.0,200.0,14434.8577924647,17.0,2.26479053,2459802.0
2006.0,OMN,100.0,200.0,OMN,OMN,100.0,200.0,16930.8565071853,18.0,2.01985121,2514795.0
2007.0,OMN,100.0,200.0,OMN,OMN,100.0,200.0,18792.653772482,20.0,2.11371112,2570174.0
2008.0,OMN,100.0,200.0,OMN,OMN,200.0,200.0,26576.779241509,26.0,1.75567567,2626529.0
2009.0,OMN,100.0,200.0,OMN,OMN,100.0,200.0,20655.9180249218,31.0,2.4694581,2684659.0
2010.0,OMN,100.0,200.0,OMN,OMN,100.0,200.0,23570.1798147325,36.0,2.47588587,2757446.0
2011.0,OMN,100.0,200.0,OMN,OMN,100.0,200.0,25188.0074151885,33.0,2.23611403,3076763.0
2012.0,OMN,100.0,200.0,OMN,OMN,200.0,200.0,24642.2978768596,32.0,2.27702832,3547106.0
2013.0,OMN,100.0,200.0,OMN,OMN,200.0,200.0,23458.0233840053,35.0,2.5054009,3833913.0
2014.0,OMN,100.0,200.0,OMN,OMN,200.0,200.0,23160.6502252547,36.0,3.13740134,4002439.0
2015.0,OMN,100.0,200.0,OMN,OMN,200.0,200.0,18808.3077921839,34.0,4.07826233,4184895.0
2016.0,OMN,200.0,200.0,OMN,OMN,200.0,200.0,17110.1897460545,38.0,4.17580843,4390877.0
2017.0,OMN,200.0,200.0,OMN,OMN,200.0,500.0,17820.0661809335,41.0,3.95418668,4537396.0
2018.0,OMN,100.0,200.0,OMN,OMN,200.0,200.0,19901.7615642016,46.0,3.21469474,4597877.0
2019.0,OMN,100.0,200.0,OMN,OMN,200.0,200.0,19180.1864152801,54.0,3.80648994,4591241.0
2020.0,OMN,100.0,200.0,OMN,OMN,200.0,200.0,16784.8630630058,55.0,5.11922932,4522497.0
2021.0,OMN,100.0,200.0,OMN,OMN,200.0,200.0,19403.4600160211,60.0,4.34468651,4500424.0
2022.0,OMN,100.0,200.0,OMN,OMN,200.0,200.0,23223.5829405935,60.0,3.06614041,4730226.0
2023.0,OMN,100.0,200.0,OMN,OMN,200.0,200.0,21027.7384572657,64.0,3.49047446,5049269.0
2024.0,OMN,100.0,200.0,OMN,OMN,200.0,200.0,20285.2272765262,68.0,,5281538.0
1990.0,QAT,100.0,100.0,QAT,QAT,100.0,100.0,16721.6210835226,,,440175.0
1991.0,QAT,100.0,100.0,QAT,QAT,100.0,100.0,15133.4969397069,,,454853.0
1992.0,QAT,100.0,100.0,QAT,QAT,100.0,100.0,16280.293589053,,,469657.0
1993.0,QAT,100.0,100.0,QAT,QAT,100.0,100.0,14769.718821974,,,484545.0
1994.0,QAT,100.0,100.0,QAT,QAT,100.0,100.0,14764.8766954856,,,499459.0
1995.0,QAT,100.0,100.0,QAT,QAT,100.0,100.0,15822.5092848142,,,514325.0
1996.0,QAT,100.0,100.0,QAT,QAT,100.0,100.0,17124.7926054464,,,529019.0
1997.0,QAT,100.0,100.0,QAT,QAT,100.0,100.0,20522.801449232,,,550500.0
1998.0,QAT,100.0,100.0,QAT,QAT,100.0,100.0,17665.4399446972,,,580540.0
1999.0,QAT,100.0,100.0,QAT,QAT,100.0,100.0,20233.6846826643,,,612500.0
2000.0,QAT,100.0,100.0,QAT,QAT,100.0,100.0,27535.182940934,0.0,1.97258496,644989.0
2001.0,QAT,100.0,100.0,QAT,QAT,100.0,100.0,25870.7991864314,0.0,2.3197093,677925.0
2002.0,QAT,100.0,100.0,QAT,QAT,100.0,100.0,27226.6593510117,0.0,2.46044064,711205.0
2003.0,QAT,100.0,100.0,QAT,QAT,100.0,100.0,31602.470865136,0.0,3.50257182,744682.0
2004.0,QAT,100.0,100.0,QAT,QAT,100.0,100.0,41035.5008380177,0.0,3.18311739,773332.0
2005.0,QAT,100.0,100.0,QAT,QAT,100.0,100.0,53949.6764091147,0.0,2.56300044,825408.0
2006.0,QAT,100.0,100.0,QAT,QAT,100.0,100.0,62582.4453138755,0.0,2.288064,972831.0
2007.0,QAT,100.0,100.0,QAT,QAT,100.0,100.0,65954.1146428814,,2.07008052,1208595.0
2008.0,QAT,100.0,100.0,QAT,QAT,100.0,100.0,80781.2113909506,,1.63775349,1426938.0
2009.0,QAT,100.0,100.0,QAT,QAT,100.0,100.0,60785.7351551657,,2.38356304,1608903.0
2010.0,QAT,100.0,100.0,QAT,QAT,100.0,100.0,77387.2936379616,,1.87017763,1616832.0
2011.0,QAT,100.0,100.0,QAT,QAT,100.0,100.0,103261.510293068,,1.599962,1624761.0
2012.0,QAT,100.0,100.0,QAT,QAT,100.0,100.0,108470.378825036,,1.74822152,1722438.0
2013.0,QAT,100.0,100.0,QAT,QAT,100.0,100.0,103697.008372373,,2.07620168,1916426.0
2014.0,QAT,100.0,100.0,QAT,QAT,100.0,100.0,95840.6310094498,,2.42293572,2151745.0
2015.0,QAT,100.0,100.0,QAT,QAT,100.0,100.0,68985.2946961507,56.0,3.63581347,2344557.0
2016.0,QAT,100.0,100.0,QAT,QAT,100.0,100.0,61253.6375482797,48.0,3.54971433,2477113.0
2017.0,QAT,100.0,100.0,QAT,QAT,100.0,100.0,63279.8556949332,44.0,3.21237087,2545820.0
2018.0,QAT,100.0,100.0,QAT,QAT,100.0,100.0,71039.8490579352,44.0,2.96176219,2580734.0
2019.0,QAT,100.0,100.0,QAT,QAT,100.0,100.0,66841.3013484919,44.0,3.18468714,2638657.0
2020.0,QAT,100.0,100.0,QAT,QAT,100.0,200.0,51683.5054376677,46.0,3.81872201,2794148.0
2021.0,QAT,100.0,100.0,QAT,QAT,100.0,200.0,71751.8831257169,49.0,2.8927927,2504910.0
2022.0,QAT,100.0,200.0,QAT,QAT,100.0,200.0,88701.463352273,46.0,2.18613315,2657333.0
2023.0,QAT,100.0,200.0,QAT,QAT,200.0,200.0,80195.8746508549,46.0,2.52358818,2656032.0
2024.0,QAT,100.0,200.0,QAT,QAT,200.0,200.0,75685.0865779973,46.0,,2857822.0
1990.0,SAU,200.0,500.0,SAU,SAU,500.0,630.0,11054.7495049666,,,10640691.0
1991.0,SAU,200.0,560.0,SAU,SAU,500.0,710.0,11847.1699534218,,,11160744.0
1992.0,SAU,200.0,640.0,SAU,SAU,520.0,780.0,11730.2687665244,,,11686676.0
1993.0,SAU,200.0,700.0,SAU,SAU,590.0,830.0,10884.8607880777,,,12215862.0
1994.0,SAU,500.0,770.0,SAU,SAU,650.0,880.0,10601.9196697805,,,12750040.0
1995.0,SAU,500.0,810.0,SAU,SAU,720.0,920.0,10786.4008952769,,,13289245.0
1996.0,SAU,500.0,820.0,SAU,SAU,730.0,910.0,11471.5045960191,,,13831009.0
1997.0,SAU,500.0,790.0,SAU,SAU,690.0,880.0,11545.3455998551,,,14374943.0
1998.0,SAU,500.0,740.0,SAU,SAU,600.0,840.0,9836.05729768574,,,14922185.0
1999.0,SAU,500.0,650.0,SAU,SAU,500.0,770.0,10452.1899400479,,,15472075.0
2000.0,SAU,500.0,540.0,SAU,SAU,500.0,670.0,11714.5623675159,15.0,4.2115941,16177722.0
2001.0,SAU,500.0,500.0,SAU,SAU,500.0,570.0,10805.311325122,17.0,4.46173573,17041397.0
2002.0,SAU,500.0,500.0,SAU,SAU,200.0,500.0,10586.0543471363,19.0,4.2493763,17910910.0
2003.0,SAU,500.0,500.0,SAU,SAU,200.0,500.0,11487.220410693,22.0,3.97909737,18786767.0
2004.0,SAU,500.0,200.0,SAU,SAU,100.0,500.0,13154.4978989446,24.0,3.58400965,19669480.0
2005.0,SAU,500.0,100.0,SAU,SAU,100.0,200.0,15975.7473782258,27.0,3.4186728,20559890.0
2006.0,SAU,500.0,100.0,SAU,SAU,100.0,100.0,17563.6145370639,30.0,3.61922002,21459144.0
2007.0,SAU,500.0,100.0,SAU,SAU,100.0,100.0,18596.1502627898,33.0,3.56229162,22368313.0
2008.0,SAU,500.0,100.0,SAU,SAU,100.0,100.0,22320.4888964331,36.0,2.97100711,23287877.0
2009.0,SAU,500.0,100.0,SAU,SAU,100.0,100.0,17718.3911648365,38.0,4.29042768,24217654.0
2010.0,SAU,500.0,100.0,SAU,SAU,100.0,200.0,22028.3901426586,39.0,3.64786148,23978487.0
2011.0,SAU,500.0,200.0,SAU,SAU,200.0,200.0,27126.7498747702,40.0,3.68218255,25091867.0
2012.0,SAU,500.0,200.0,SAU,SAU,200.0,200.0,28733.4375513452,41.0,3.98779845,26168861.0
2013.0,SAU,500.0,200.0,SAU,SAU,200.0,500.0,27865.465604962,43.0,4.42293596,27624004.0
2014.0,SAU,500.0,500.0,SAU,SAU,200.0,500.0,27805.4850319422,49.0,5.15800905,28309273.0
2015.0,SAU,500.0,500.0,SAU,SAU,500.0,500.0,23256.1549553531,58.0,5.8620224,29816382.0
2016.0,SAU,500.0,500.0,SAU,SAU,500.0,500.0,22267.7217050387,69.0,6.24142838,30954198.0
2017.0,SAU,200.0,500.0,SAU,SAU,500.0,500.0,23929.2907135982,74.0,6.03126049,30977355.0
2018.0,SAU,200.0,500.0,SAU,SAU,500.0,550.0,29360.0658968566,79.0,5.34063101,30196281.0
2019.0,SAU,200.0,580.0,SAU,SAU,530.0,650.0,29566.7933827436,87.0,5.46743011,30063799.0
2020.0,SAU,200.0,720.0,SAU,SAU,660.0,840.0,24338.8307301067,88.0,6.64630127,31552510.0
2021.0,SAU,200.0,880.0,SAU,SAU,820.0,1100.0,31920.7653655643,88.0,5.93033648,30784383.0
2022.0,SAU,200.0,1100.0,SAU,SAU,1000.0,1400.0,38510.2276211037,90.0,5.31400585,32175224.0
2023.0,SAU,200.0,1300.0,SAU,SAU,1200.0,1800.0,36156.8562500172,91.0,5.68722248,33702731.0
2024.0,SAU,200.0,1400.0,SAU,SAU,1300.0,2000.0,35527.786181866,93.0,,35300280.0
1990.0,SOM,500.0,1900.0,SOM,SOM,1100.0,3300.0,145.603501373513,,,7082811.0
1991.0,SOM,540.0,1900.0,SOM,SOM,1200.0,3200.0,105.37132651622,,,6813760.0
1992.0,SOM,570.0,1700.0,SOM,SOM,1100.0,2700.0,109.204910481074,,,6495107.0
1993.0,SOM,640.0,1600.0,SOM,SOM,1100.0,2500.0,188.603158677914,,,6681399.0
1994.0,SOM,760.0,1700.0,SOM,SOM,1200.0,2400.0,210.793779581384,,,7026797.0
1995.0,SOM,840.0,1600.0,SOM,SOM,1200.0,2300.0,210.673254610492,,,7285007.0
1996.0,SOM,920.0,1600.0,SOM,SOM,1200.0,2200.0,237.241440951671,,,7554474.0
1997.0,SOM,990.0,1500.0,SOM,SOM,1100.0,2000.0,280.112724233259,,,7824525.0
1998.0,SOM,1100.0,1400.0,SOM,SOM,1100.0,1800.0,363.200013489992,,,8155417.0
1999.0,SOM,1100.0,1400.0,SOM,SOM,1100.0,1800.0,358.658780828071,,,8492059.0
2000.0,SOM,1200.0,1300.0,SOM,SOM,1100.0,1700.0,386.119274401275,0.0,,8838713.0
2001.0,SOM,1200.0,1300.0,SOM,SOM,1000.0,1600.0,244.914842538455,0.0,,9198493.0
2002.0,SOM,1200.0,1200.0,SOM,SOM,990.0,1500.0,229.598918310039,0.0,,9550063.0
2003.0,SOM,1200.0,1100.0,SOM,SOM,950.0,1400.0,286.273025198975,0.0,,9909157.0
2004.0,SOM,1200.0,1100.0,SOM,SOM,910.0,1300.0,375.410326225387,0.0,,10280998.0
2005.0,SOM,1200.0,1000.0,SOM,SOM,840.0,1200.0,439.979907805478,0.0,,10644228.0
2006.0,SOM,1200.0,940.0,SOM,SOM,780.0,1100.0,457.996662206659,1.0,,10975502.0
2007.0,SOM,1100.0,880.0,SOM,SOM,740.0,1000.0,479.635628065289,2.0,,11322582.0
2008.0,SOM,1100.0,840.0,SOM,SOM,700.0,990.0,507.03744334738,4.0,,11663084.0
2009.0,SOM,990.0,770.0,SOM,SOM,650.0,900.0,246.513251675105,5.0,,11961201.0
2010.0,SOM,910.0,710.0,SOM,SOM,600.0,830.0,219.202453852397,8.0,,12261756.0
2011.0,SOM,830.0,650.0,SOM,SOM,540.0,780.0,235.325945610434,11.0,,12348830.0
2012.0,SOM,740.0,570.0,SOM,SOM,500.0,700.0,350.261946720512,15.0,,12461160.0
2013.0,SOM,680.0,550.0,SOM,SOM,500.0,670.0,393.398703952979,18.0,3.36953735,12869594.0
2014.0,SOM,660.0,510.0,SOM,SOM,500.0,610.0,429.431656725102,21.0,3.02053761,13339491.0
2015.0,SOM,610.0,500.0,SOM,SOM,500.0,600.0,445.583080073396,25.0,2.94074512,13806963.0
2016.0,SOM,550.0,500.0,SOM,SOM,500.0,590.0,460.928490585175,30.0,2.2842648,14348740.0
2017.0,SOM,520.0,500.0,SOM,SOM,500.0,570.0,510.939952317726,34.0,2.44348097,14916629.0
2018.0,SOM,500.0,500.0,SOM,SOM,500.0,520.0,509.497273804534,37.0,2.50873256,15452487.0
2019.0,SOM,500.0,500.0,SOM,SOM,500.0,530.0,539.954816211694,40.0,2.40617251,16030971.0
2020.0,SOM,500.0,500.0,SOM,SOM,500.0,500.0,518.16113333875,43.0,2.47010517,16651191.0
2021.0,SOM,500.0,500.0,SOM,SOM,500.0,500.0,549.056994756254,46.0,2.73509169,17271431.0
2022.0,SOM,500.0,500.0,SOM,SOM,200.0,500.0,573.141165798229,49.0,2.8469162,17801897.0
2023.0,SOM,,,SOM,SOM,,,596.885985135589,56.0,3.74413586,18358615.0
2024.0,SOM,,,SOM,SOM,,,629.538899449007,62.0,,19009151.0
1990.0,SDN,500.0,1400.0,SDN,SDN,900.0,2300.0,1257.1875,,,22021481.0
1991.0,SDN,500.0,1600.0,SDN,SDN,1000.0,2500.0,1617.55676269531,,,22470676.0
1992.0,SDN,500.0,1800.0,SDN,SDN,1200.0,2800.0,252.610092163086,,,22927355.0
1993.0,SDN,500.0,1900.0,SDN,SDN,1300.0,2800.0,312.693908691406,,,23445592.0
1994.0,SDN,570.0,1900.0,SDN,SDN,1400.0,2800.0,439.420806884766,,,24043948.0
1995.0,SDN,660.0,2100.0,SDN,SDN,1500.0,2800.0,462.585235595703,,,24672143.0
1996.0,SDN,760.0,2000.0,SDN,SDN,1500.0,2800.0,294.826965332031,,,25231528.0
1997.0,SDN,850.0,2200.0,SDN,SDN,1600.0,2900.0,373.09375,,,25799821.0
1998.0,SDN,950.0,2300.0,SDN,SDN,1800.0,3100.0,350.702880859375,,,26458999.0
1999.0,SDN,1100.0,2500.0,SDN,SDN,1900.0,3200.0,324.659606933594,,,27130613.0
2000.0,SDN,1200.0,2500.0,SDN,SDN,2000.0,3300.0,362.116882324219,0.0,3.60664487,27816745.0
2001.0,SDN,1300.0,2500.0,SDN,SDN,2000.0,3300.0,451.293304443359,0.0,3.36456871,28516770.0
2002.0,SDN,1400.0,2500.0,SDN,SDN,2000.0,3400.0,506.262634277344,0.0,3.30010891,29228727.0
2003.0,SDN,1400.0,2600.0,SDN,SDN,2000.0,3400.0,580.320251464844,0.0,3.89187932,29896035.0
2004.0,SDN,1500.0,2600.0,SDN,SDN,2000.0,3400.0,705.113342285156,0.0,4.15593481,30556637.0
2005.0,SDN,1500.0,2600.0,SDN,SDN,2000.0,3400.0,905.543640136719,0.0,4.09418154,31262444.0
2006.0,SDN,1500.0,2600.0,SDN,SDN,2000.0,3400.0,1132.474609375,0.0,4.88544321,31992435.0
2007.0,SDN,1500.0,2600.0,SDN,SDN,2000.0,3500.0,1444.37219238281,0.0,5.66269159,32764135.0
2008.0,SDN,1600.0,2500.0,SDN,SDN,1900.0,3400.0,1527.58239746094,5.0,5.42313576,33623980.0
2009.0,SDN,1500.0,2800.0,SDN,SDN,2200.0,3700.0,1178.22180175781,8.0,6.39496326,34569113.0
2010.0,SDN,1500.0,2900.0,SDN,SDN,2200.0,3900.0,1305.63598632813,8.0,5.05810165,35414399.0
2011.0,SDN,1600.0,3000.0,SDN,SDN,2300.0,4000.0,1332.6572265625,9.0,5.61579561,36140806.0
2012.0,SDN,1700.0,3000.0,SDN,SDN,2200.0,4000.0,1019.22210693359,9.0,5.68827009,36923178.0
2013.0,SDN,1800.0,3100.0,SDN,SDN,2300.0,4300.0,1138.62780761719,12.0,6.96487474,37785849.0
2014.0,SDN,1800.0,3300.0,SDN,SDN,2400.0,4600.0,1275.43835449219,13.0,5.67619705,38823318.0
2015.0,SDN,1900.0,3500.0,SDN,SDN,2600.0,5000.0,1292.37963867188,14.0,5.81112576,40024431.0
2016.0,SDN,1900.0,3600.0,SDN,SDN,2600.0,5200.0,1033.21594238281,17.0,5.68438482,41259892.0
2017.0,SDN,1800.0,3500.0,SDN,SDN,2500.0,5400.0,966.505676269531,22.0,5.91767406,42714306.0
2018.0,SDN,1800.0,3700.0,SDN,SDN,2600.0,5800.0,731.027465820313,24.0,4.46172857,44230596.0
2019.0,SDN,1800.0,3800.0,SDN,SDN,2700.0,6200.0,709.975280761719,27.0,4.59967566,45548175.0
2020.0,SDN,1800.0,4400.0,SDN,SDN,3000.0,7300.0,577.795227050781,28.0,3.04323435,46789231.0
2021.0,SDN,1900.0,4900.0,SDN,SDN,3400.0,8200.0,712.122009277344,25.0,2.9669323,48066924.0
2022.0,SDN,2100.0,5900.0,SDN,SDN,4000.0,9900.0,1046.24084472656,24.0,3.79416442,49383346.0
2023.0,SDN,2300.0,6700.0,SDN,SDN,4400.0,11000.0,797.283447265625,22.0,2.85165739,50042791.0
2024.0,SDN,2500.0,6800.0,SDN,SDN,4400.0,12000.0,984.607666015625,20.0,,50448963.0
1990.0,SYR,100.0,100.0,SYR,SYR,100.0,100.0,978.489616979607,,,12579208.0
1991.0,SYR,100.0,100.0,SYR,SYR,100.0,100.0,1000.07798684947,,,12980821.0
1992.0,SYR,100.0,100.0,SYR,SYR,100.0,100.0,990.138251191708,,,13385571.0
1993.0,SYR,100.0,100.0,SYR,SYR,100.0,100.0,992.771367475098,,,13795686.0
1994.0,SYR,100.0,100.0,SYR,SYR,100.0,100.0,712.387716635783,,,14208583.0
1995.0,SYR,100.0,100.0,SYR,SYR,100.0,100.0,779.699100153744,,,14616801.0
1996.0,SYR,100.0,100.0,SYR,SYR,100.0,100.0,918.195857362788,,,15018104.0
1997.0,SYR,100.0,100.0,SYR,SYR,100.0,100.0,940.826589804978,,,15417542.0
1998.0,SYR,100.0,100.0,SYR,SYR,100.0,100.0,960.837504927725,,,15820413.0
1999.0,SYR,100.0,100.0,SYR,SYR,100.0,100.0,978.17453169496,,,16228061.0
2000.0,SYR,100.0,100.0,SYR,SYR,100.0,100.0,1138.18722723683,0.0,4.57202911,16637888.0
2001.0,SYR,100.0,100.0,SYR,SYR,100.0,100.0,1177.53806921268,0.0,4.71458244,17051338.0
2002.0,SYR,100.0,100.0,SYR,SYR,100.0,100.0,1189.98119453595,0.0,4.96416759,17468332.0
2003.0,SYR,100.0,100.0,SYR,SYR,100.0,100.0,1220.179077256,1.0,5.13501024,17889296.0
2004.0,SYR,100.0,100.0,SYR,SYR,100.0,100.0,1368.11263904001,4.0,4.49753141,18336875.0
2005.0,SYR,100.0,100.0,SYR,SYR,100.0,100.0,1533.90017615946,4.0,4.12713289,18814091.0
2006.0,SYR,100.0,100.0,SYR,SYR,100.0,100.0,1718.78469956591,4.0,3.79620314,19637022.0
2007.0,SYR,100.0,100.0,SYR,SYR,100.0,100.0,1937.61199094087,5.0,3.73920178,20884125.0
2008.0,SYR,100.0,100.0,SYR,SYR,100.0,100.0,2429.1247629459,5.0,3.41378117,21636564.0
2009.0,SYR,100.0,100.0,SYR,SYR,100.0,100.0,2462.20127278738,7.0,3.57431221,21976969.0
2010.0,SYR,100.0,100.0,SYR,SYR,100.0,100.0,2730.61487784917,9.0,3.35286307,22482421.0
2011.0,SYR,100.0,100.0,SYR,SYR,100.0,100.0,2952.14372909443,12.0,2.6616261,22878098.0
2012.0,SYR,100.0,100.0,SYR,SYR,100.0,100.0,1897.66115018696,15.0,3.22060776,22759763.0
2013.0,SYR,100.0,100.0,SYR,SYR,100.0,100.0,985.892669221634,17.0,3.77518535,21666917.0
2014.0,SYR,100.0,100.0,SYR,SYR,100.0,100.0,1060.59105887433,20.0,4.23171377,20273659.0
2015.0,SYR,100.0,100.0,SYR,SYR,100.0,100.0,847.731545352582,21.0,3.67464328,19424618.0
2016.0,SYR,100.0,100.0,SYR,SYR,100.0,100.0,656.349017520952,23.0,3.89073515,19193834.0
2017.0,SYR,100.0,100.0,SYR,SYR,100.0,100.0,851.501972646386,29.0,3.91299295,19224668.0
2018.0,SYR,100.0,100.0,SYR,SYR,100.0,100.0,1098.06667935023,35.0,3.93852568,19577845.0
2019.0,SYR,100.0,100.0,SYR,SYR,100.0,100.0,1109.53933821464,42.0,3.96978569,20353534.0
2020.0,SYR,100.0,100.0,SYR,SYR,100.0,100.0,593.911771822527,44.0,3.67009115,21049429.0
2021.0,SYR,100.0,100.0,SYR,SYR,100.0,100.0,688.566109726934,45.0,3.50403309,21628839.0
2022.0,SYR,100.0,100.0,SYR,SYR,100.0,100.0,1056.78264718197,46.0,3.3840971,22462173.0
2023.0,SYR,100.0,100.0,SYR,SYR,100.0,100.0,,54.0,2.70998812,23594623.0
2024.0,SYR,100.0,100.0,SYR,SYR,100.0,100.0,,55.0,,24672760.0
1990.0,TUN,100.0,100.0,TUN,TUN,100.0,500.0,1476.43160477311,,,8324509.0
1991.0,TUN,100.0,100.0,TUN,TUN,100.0,500.0,1537.87916511306,,,8501827.0
1992.0,TUN,100.0,100.0,TUN,TUN,100.0,500.0,1784.81850188268,,,8682512.0
1993.0,TUN,100.0,200.0,TUN,TUN,100.0,500.0,1649.18537309075,,,8857910.0
1994.0,TUN,100.0,200.0,TUN,TUN,100.0,540.0,1733.46614673506,,,9018448.0
1995.0,TUN,100.0,200.0,TUN,TUN,100.0,540.0,1968.16600944373,,,9161258.0
1996.0,TUN,100.0,200.0,TUN,TUN,200.0,500.0,2107.40815649257,,,9294432.0
1997.0,TUN,100.0,500.0,TUN,TUN,200.0,500.0,2202.06090620956,,,9421270.0
1998.0,TUN,100.0,500.0,TUN,TUN,200.0,500.0,2285.01933541864,,,9541667.0
1999.0,TUN,100.0,500.0,TUN,TUN,200.0,500.0,2376.06566791596,,,9655963.0
2000.0,TUN,100.0,500.0,TUN,TUN,200.0,510.0,2199.04465936314,0.0,4.81271935,9764935.0
2001.0,TUN,100.0,500.0,TUN,TUN,200.0,560.0,2235.71981624751,2.0,4.86132765,9869677.0
2002.0,TUN,100.0,500.0,TUN,TUN,500.0,560.0,2320.7723805785,2.0,5.12036419,9971515.0
2003.0,TUN,100.0,500.0,TUN,TUN,500.0,610.0,2725.8643148859,3.0,5.20888519,10071632.0
2004.0,TUN,200.0,500.0,TUN,TUN,500.0,670.0,3067.41936376975,3.0,5.19890785,10166163.0
2005.0,TUN,200.0,500.0,TUN,TUN,500.0,710.0,3146.8260743927,4.0,5.14555788,10255472.0
2006.0,TUN,200.0,500.0,TUN,TUN,500.0,720.0,3322.56933570096,5.0,5.13109922,10346410.0
2007.0,TUN,200.0,500.0,TUN,TUN,500.0,750.0,3726.91672935667,6.0,5.17542839,10441702.0
2008.0,TUN,200.0,500.0,TUN,TUN,500.0,750.0,4255.05008019523,6.0,5.1644063,10542635.0
2009.0,TUN,200.0,510.0,TUN,TUN,500.0,760.0,4080.09032448781,8.0,5.40595293,10650681.0
2010.0,TUN,200.0,500.0,TUN,TUN,500.0,790.0,4291.86120891575,9.0,5.60950756,10765980.0
2011.0,TUN,500.0,520.0,TUN,TUN,500.0,830.0,4420.64772206537,10.0,6.12299299,10886035.0
2012.0,TUN,500.0,510.0,TUN,TUN,500.0,810.0,4297.26782454273,9.0,6.28984737,11009647.0
2013.0,TUN,500.0,540.0,TUN,TUN,500.0,860.0,4369.79345826358,10.0,6.51394987,11141361.0
2014.0,TUN,500.0,540.0,TUN,TUN,500.0,890.0,4458.97895464547,12.0,6.45006084,11274288.0
2015.0,TUN,500.0,530.0,TUN,TUN,500.0,910.0,4014.94773686432,13.0,6.21339941,11402264.0
2016.0,TUN,500.0,550.0,TUN,TUN,500.0,960.0,3847.80354448809,15.0,6.24778175,11528674.0
2017.0,TUN,500.0,540.0,TUN,TUN,500.0,940.0,3619.03247319953,15.0,6.18557453,11650498.0
2018.0,TUN,500.0,580.0,TUN,TUN,500.0,1000.0,3628.10366464236,17.0,5.9375186,11765514.0
2019.0,TUN,500.0,590.0,TUN,TUN,500.0,1100.0,3528.87213306798,20.0,6.02461243,11875081.0
2020.0,TUN,500.0,610.0,TUN,TUN,500.0,1100.0,3548.65363663803,22.0,7.05612612,11974057.0
2021.0,TUN,500.0,610.0,TUN,TUN,500.0,1200.0,3906.93926319391,23.0,7.34183979,12048622.0
2022.0,TUN,500.0,640.0,TUN,TUN,500.0,1300.0,3707.29283414381,26.0,7.51270723,12119334.0
2023.0,TUN,500.0,660.0,TUN,TUN,500.0,1400.0,3951.11683376921,27.0,7.98537874,12200431.0
2024.0,TUN,500.0,700.0,TUN,TUN,500.0,1500.0,4187.64079392362,29.0,,12277109.0
1990.0,ARE,100.0,100.0,ARE,ARE,100.0,100.0,26709.9567949611,,,1898220.0
1991.0,ARE,100.0,100.0,ARE,ARE,100.0,100.0,25690.9151233865,,,2006626.0
1992.0,ARE,100.0,100.0,ARE,ARE,100.0,100.0,25648.2807476605,,,2114730.0
1993.0,ARE,100.0,100.0,ARE,ARE,100.0,100.0,25032.8269272198,,,2222093.0
1994.0,ARE,100.0,100.0,ARE,ARE,100.0,100.0,25472.6470660889,,,2328188.0
1995.0,ARE,100.0,100.0,ARE,ARE,100.0,100.0,27003.1753753727,,,2434662.0
1996.0,ARE,100.0,100.0,ARE,ARE,100.0,100.0,28323.1586889615,,,2597564.0
1997.0,ARE,100.0,100.0,ARE,ARE,100.0,100.0,27982.752550093,,,2817410.0
1998.0,ARE,100.0,100.0,ARE,ARE,100.0,100.0,24889.4426807231,,,3040421.0
1999.0,ARE,100.0,100.0,ARE,ARE,100.0,100.0,25855.8379155488,,,3266009.0
2000.0,ARE,100.0,100.0,ARE,ARE,100.0,100.0,29865.5285002232,0.0,2.39504457,3493575.0
2001.0,ARE,100.0,100.0,ARE,ARE,100.0,100.0,27745.1684523079,21.0,2.48436403,3723590.0
2002.0,ARE,100.0,100.0,ARE,ARE,100.0,100.0,27753.5810466782,23.0,2.71770859,3956826.0
2003.0,ARE,100.0,100.0,ARE,ARE,100.0,200.0,29659.5710296993,21.0,2.64634395,4192457.0
2004.0,ARE,100.0,100.0,ARE,ARE,100.0,200.0,33376.6880534412,21.0,2.46225643,4428967.0
2005.0,ARE,100.0,100.0,ARE,ARE,100.0,100.0,38719.3138285388,21.0,2.3202107,4664790.0
2006.0,ARE,100.0,100.0,ARE,ARE,100.0,100.0,44342.603055045,21.0,2.3254137,5009100.0
2007.0,ARE,100.0,100.0,ARE,ARE,100.0,100.0,45854.7352436978,20.0,2.56602693,5624635.0
2008.0,ARE,100.0,100.0,ARE,ARE,100.0,100.0,50054.1700685968,20.0,2.92857623,6302664.0
2009.0,ARE,100.0,100.0,ARE,ARE,100.0,100.0,37803.0663737818,22.0,4.05000162,6707058.0
2010.0,ARE,100.0,100.0,ARE,ARE,100.0,100.0,44795.2846234991,23.0,3.74433136,6869838.0
2011.0,ARE,100.0,100.0,ARE,ARE,100.0,100.0,51921.8890746408,26.0,3.56666398,7104538.0
2012.0,ARE,100.0,100.0,ARE,ARE,100.0,100.0,53141.6251661086,33.0,3.33596373,7391448.0
2013.0,ARE,100.0,100.0,ARE,ARE,100.0,100.0,53247.2278745159,34.0,3.50222182,7693031.0
2014.0,ARE,100.0,100.0,ARE,ARE,100.0,100.0,52725.2307981936,24.0,3.53405499,8059440.0
2015.0,ARE,100.0,100.0,ARE,ARE,100.0,100.0,44910.3458860776,24.0,3.46609354,8505237.0
2016.0,ARE,100.0,100.0,ARE,ARE,100.0,100.0,42721.1136110991,23.0,3.89580107,8935095.0
2017.0,ARE,100.0,100.0,ARE,ARE,100.0,100.0,43733.6242018215,26.0,4.00854969,9223225.0
2018.0,ARE,100.0,100.0,ARE,ARE,100.0,100.0,47135.3478795605,28.0,4.09854221,9346701.0
2019.0,ARE,100.0,100.0,ARE,ARE,100.0,100.0,45938.6084572227,30.0,4.40291262,9445785.0
2020.0,ARE,100.0,100.0,ARE,ARE,100.0,100.0,37991.738387966,57.0,5.82477045,9401038.0
2021.0,ARE,100.0,100.0,ARE,ARE,100.0,200.0,44118.4936214315,80.0,5.30494308,9575152.0
2022.0,ARE,100.0,200.0,ARE,ARE,100.0,200.0,50759.7590190204,76.0,4.56536388,10074977.0
2023.0,ARE,100.0,200.0,ARE,ARE,200.0,200.0,49850.6945082084,78.0,4.97095108,10483751.0
2024.0,ARE,100.0,200.0,ARE,ARE,200.0,200.0,50273.5126243239,77.0,,10986400.0
1990.0,YEM,100.0,100.0,YEM,YEM,100.0,100.0,910.422465960748,,,13887862.0
1991.0,YEM,100.0,100.0,YEM,YEM,100.0,100.0,1016.30223044813,,,14430201.0
1992.0,YEM,100.0,100.0,YEM,YEM,100.0,200.0,1198.13031674085,,,14989494.0
1993.0,YEM,100.0,200.0,YEM,YEM,100.0,200.0,1396.61544419009,,,15563914.0
1994.0,YEM,100.0,200.0,YEM,YEM,200.0,200.0,1735.04419543214,,,16149147.0
1995.0,YEM,100.0,200.0,YEM,YEM,200.0,200.0,764.414656090937,,,16740058.0
1996.0,YEM,100.0,200.0,YEM,YEM,200.0,200.0,375.214994663363,,,17313177.0
1997.0,YEM,100.0,500.0,YEM,YEM,200.0,500.0,382.584928722421,,,17873936.0
1998.0,YEM,100.0,500.0,YEM,YEM,500.0,500.0,342.73940747773,,,18446013.0
1999.0,YEM,100.0,500.0,YEM,YEM,500.0,500.0,401.448141660801,,,19029420.0
2000.0,YEM,100.0,500.0,YEM,YEM,500.0,500.0,493.235182634814,0.0,4.66606569,19624141.0
2001.0,YEM,100.0,500.0,YEM,YEM,500.0,500.0,487.141257946318,0.0,4.94514799,20226147.0
2002.0,YEM,200.0,500.0,YEM,YEM,500.0,510.0,513.241486570603,0.0,4.83237982,20835086.0
2003.0,YEM,200.0,550.0,YEM,YEM,500.0,600.0,548.905883049973,0.0,5.75758314,21456379.0
2004.0,YEM,200.0,640.0,YEM,YEM,560.0,700.0,627.632023395762,0.0,5.5144043,22095167.0
2005.0,YEM,200.0,740.0,YEM,YEM,640.0,800.0,734.159908450927,0.0,5.20585251,22790085.0
2006.0,YEM,200.0,850.0,YEM,YEM,730.0,920.0,809.713127624703,0.0,5.52930164,23543083.0
2007.0,YEM,500.0,940.0,YEM,YEM,780.0,1000.0,890.305768114988,1.0,5.82077599,24318082.0
2008.0,YEM,500.0,990.0,YEM,YEM,730.0,1100.0,1071.63583282105,3.0,5.76191616,25111941.0
2009.0,YEM,500.0,950.0,YEM,YEM,720.0,1200.0,969.243509864478,4.0,5.98619986,25927724.0
2010.0,YEM,500.0,820.0,YEM,YEM,670.0,1200.0,1155.20305261418,7.0,5.15932894,26754387.0
2011.0,YEM,500.0,700.0,YEM,YEM,590.0,850.0,1186.47500581215,8.0,4.7695322,27582897.0
2012.0,YEM,500.0,700.0,YEM,YEM,570.0,810.0,1245.05068272078,9.0,5.19593525,28433647.0
2013.0,YEM,500.0,780.0,YEM,YEM,620.0,880.0,1378.75002954928,11.0,4.96083164,29312952.0
2014.0,YEM,500.0,880.0,YEM,YEM,730.0,970.0,1430.16420964026,14.0,5.8377471,30226309.0
2015.0,YEM,500.0,990.0,YEM,YEM,840.0,1100.0,1362.1738120601,15.0,6.49017286,31159379.0
2016.0,YEM,500.0,1100.0,YEM,YEM,930.0,1300.0,975.359417003225,18.0,7.71249437,32109010.0
2017.0,YEM,500.0,1200.0,YEM,YEM,1000.0,1400.0,811.165970405745,19.0,8.14723873,33090921.0
2018.0,YEM,500.0,1200.0,YEM,YEM,1100.0,1500.0,633.887202451545,21.0,9.08948231,34085182.0
2019.0,YEM,510.0,1300.0,YEM,YEM,1100.0,1600.0,,22.0,10.97374439,35111408.0
2020.0,YEM,540.0,1400.0,YEM,YEM,1200.0,1700.0,,23.0,11.6478138,36134863.0
2021.0,YEM,570.0,1400.0,YEM,YEM,1200.0,1800.0,,24.0,9.44125366,37140230.0
2022.0,YEM,590.0,1500.0,YEM,YEM,1300.0,1900.0,,26.0,8.81763458,38222876.0
2023.0,YEM,600.0,1500.0,YEM,YEM,1300.0,2000.0,,27.0,9.69559193,39390799.0
2024.0,YEM,620.0,1600.0,YEM,YEM,1400.0,2000.0,,29.0,,40583164.0
1990.0,IRQ,100.0,100.0,IRQ,IRQ,100.0,100.0,10261.4157706888,,,17581206.0
1991.0,IRQ,100.0,100.0,IRQ,IRQ,100.0,100.0,22.9521327615352,,,17767253.0
1992.0,IRQ,100.0,100.0,IRQ,IRQ,100.0,100.0,30.2539012636825,,,18300845.0
1993.0,IRQ,100.0,100.0,IRQ,IRQ,100.0,100.0,53.7437842348819,,,19201195.0
1994.0,IRQ,100.0,100.0,IRQ,IRQ,100.0,100.0,198.182101881974,,,20139807.0
1995.0,IRQ,100.0,100.0,IRQ,IRQ,100.0,100.0,619.135530927038,,,20825860.0
1996.0,IRQ,100.0,100.0,IRQ,IRQ,100.0,100.0,485.258492784825,,,21501321.0
1997.0,IRQ,100.0,100.0,IRQ,IRQ,100.0,100.0,936.341170908421,,,22176593.0
1998.0,IRQ,100.0,100.0,IRQ,IRQ,100.0,100.0,900.937142559106,,,22884399.0
1999.0,IRQ,100.0,100.0,IRQ,IRQ,100.0,100.0,1560.36466710272,,,23636527.0
2000.0,IRQ,100.0,100.0,IRQ,IRQ,100.0,100.0,1980.18916038782,37.0,,24424056.0
2001.0,IRQ,100.0,100.0,IRQ,IRQ,100.0,100.0,1435.695683789,32.0,,25197840.0
2002.0,IRQ,100.0,100.0,IRQ,IRQ,100.0,100.0,1266.15961275094,29.0,,26006559.0
2003.0,IRQ,100.0,100.0,IRQ,IRQ,100.0,100.0,817.887862499622,27.0,2.99693608,26802659.0
2004.0,IRQ,100.0,100.0,IRQ,IRQ,100.0,200.0,1328.37157628292,24.0,3.90128636,27577878.0
2005.0,IRQ,100.0,100.0,IRQ,IRQ,100.0,200.0,1762.39360423421,24.0,3.01704645,28407448.0
2006.0,IRQ,100.0,100.0,IRQ,IRQ,100.0,200.0,2276.55435744086,23.0,2.49370432,28616515.0
2007.0,IRQ,100.0,100.0,IRQ,IRQ,100.0,200.0,3128.99010329066,23.0,3.2148056,28391607.0
2008.0,IRQ,100.0,100.0,IRQ,IRQ,100.0,200.0,4542.96609046032,21.0,3.06604242,28971036.0
2009.0,IRQ,100.0,100.0,IRQ,IRQ,100.0,200.0,3714.71205987194,21.0,3.77203989,30058206.0
2010.0,IRQ,100.0,100.0,IRQ,IRQ,100.0,200.0,4461.75196161555,20.0,3.23955345,31045366.0
2011.0,IRQ,100.0,100.0,IRQ,IRQ,100.0,100.0,5775.54229080293,21.0,2.80316377,32161424.0
2012.0,IRQ,100.0,100.0,IRQ,IRQ,100.0,100.0,6477.59618450955,21.0,2.69365859,33654842.0
2013.0,IRQ,100.0,100.0,IRQ,IRQ,100.0,100.0,6650.35282247395,23.0,2.80868459,35281989.0
2014.0,IRQ,100.0,100.0,IRQ,IRQ,100.0,100.0,6249.39226978969,24.0,2.78786659,36550059.0
2015.0,IRQ,100.0,100.0,IRQ,IRQ,100.0,200.0,4440.14189252367,27.0,3.15587044,37560535.0
2016.0,IRQ,100.0,100.0,IRQ,IRQ,100.0,200.0,4334.42096404188,31.0,4.57253027,38469627.0
2017.0,IRQ,100.0,200.0,IRQ,IRQ,100.0,200.0,4759.2846435467,39.0,4.08944416,39337353.0
2018.0,IRQ,100.0,200.0,IRQ,IRQ,100.0,200.0,5646.68932074742,42.0,4.07600641,40265624.0
2019.0,IRQ,100.0,200.0,IRQ,IRQ,200.0,500.0,5671.8568632942,44.0,4.207232,41192171.0
2020.0,IRQ,100.0,500.0,IRQ,IRQ,200.0,500.0,4295.18945121228,44.0,5.72766161,42116605.0
2021.0,IRQ,100.0,500.0,IRQ,IRQ,500.0,500.0,4868.49431080783,49.0,5.14179993,43071211.0
2022.0,IRQ,100.0,500.0,IRQ,IRQ,500.0,650.0,6520.73154560584,55.0,4.33226347,44070551.0
2023.0,IRQ,100.0,590.0,IRQ,IRQ,500.0,840.0,5965.31835077761,57.0,5.53275251,45074049.0
2024.0,IRQ,100.0,740.0,IRQ,IRQ,500.0,990.0,6073.61032342708,66.0,,46042015.0
1990.0,BEN,500.0,2600.0,BEN,BEN,1900.0,3600.0,371.101604332357,,,5281479.0
1991.0,BEN,500.0,3800.0,BEN,BEN,2900.0,5000.0,364.689296016645,,,5446932.0
1992.0,BEN,570.0,5000.0,BEN,BEN,3900.0,6500.0,301.77329696287,,,5617844.0
1993.0,BEN,810.0,6700.0,BEN,BEN,5300.0,8600.0,387.310054813122,,,5872706.0
1994.0,BEN,1200.0,8300.0,BEN,BEN,6600.0,10000.0,262.129807445074,,,6096506.0
1995.0,BEN,1500.0,9100.0,BEN,BEN,7500.0,11000.0,348.435238914394,,,6226773.0
1996.0,BEN,1900.0,9200.0,BEN,BEN,7700.0,11000.0,369.394384135736,,,6391858.0
1997.0,BEN,2300.0,8700.0,BEN,BEN,7200.0,10000.0,344.550491498963,,,6583365.0
1998.0,BEN,2800.0,8000.0,BEN,BEN,6500.0,9600.0,361.601983057505,,,6789489.0
1999.0,BEN,3200.0,7300.0,BEN,BEN,6100.0,8700.0,525.130597245974,,,7002818.0
2000.0,BEN,3600.0,6800.0,BEN,BEN,5700.0,8200.0,487.424141384242,0.0,2.9591713,7221619.0
2001.0,BEN,4000.0,6500.0,BEN,BEN,5500.0,7800.0,492.401499509072,0.0,3.30417323,7445596.0
2002.0,BEN,4400.0,6100.0,BEN,BEN,5200.0,7300.0,546.463829658159,0.0,3.09589195,7675426.0
2003.0,BEN,4700.0,5800.0,BEN,BEN,5000.0,7000.0,676.002878084282,0.0,3.11678505,7913070.0
2004.0,BEN,5000.0,5800.0,BEN,BEN,5000.0,7100.0,758.695803786371,0.0,3.23273873,8159094.0
2005.0,BEN,5200.0,5800.0,BEN,BEN,5000.0,7000.0,779.437777753268,0.0,3.22345805,8426144.0
2006.0,BEN,5400.0,5400.0,BEN,BEN,4600.0,6500.0,809.147072506221,0.0,3.28773856,8693242.0
2007.0,BEN,5500.0,5400.0,BEN,BEN,4600.0,6600.0,912.338247188342,0.0,2.93715644,8953969.0
2008.0,BEN,3500.0,4700.0,BEN,BEN,3800.0,5800.0,1060.60254502099,19.0,2.65178108,9228466.0
2009.0,BEN,2400.0,4500.0,BEN,BEN,3600.0,5600.0,1024.10277858112,25.0,2.89953876,9509423.0
2010.0,BEN,2100.0,4100.0,BEN,BEN,3300.0,5200.0,973.244254931526,30.0,3.01848245,9797484.0
2011.0,BEN,2100.0,3800.0,BEN,BEN,3100.0,4800.0,1059.41358852588,37.0,2.99865556,10093623.0
2012.0,BEN,2000.0,3700.0,BEN,BEN,2900.0,4800.0,1071.5258366283,40.0,3.07562971,10397657.0
2013.0,BEN,1900.0,3700.0,BEN,BEN,2900.0,4800.0,1168.92699279226,35.0,2.86880755,10708834.0
2014.0,BEN,2100.0,3300.0,BEN,BEN,2500.0,4400.0,1204.39918670094,40.0,2.69111967,11030004.0
2015.0,BEN,2000.0,2600.0,BEN,BEN,1900.0,3700.0,1002.41886879614,36.0,2.72813416,11360681.0
2016.0,BEN,2000.0,2500.0,BEN,BEN,1800.0,3600.0,1010.5338961993,34.0,3.62042856,11697842.0
2017.0,BEN,2100.0,2400.0,BEN,BEN,1600.0,3500.0,1054.97408066814,53.0,3.67389345,12039780.0
2018.0,BEN,1800.0,2100.0,BEN,BEN,1400.0,3100.0,1151.7409703472,57.0,3.4364984,12383347.0
2019.0,BEN,1800.0,2100.0,BEN,BEN,1400.0,3100.0,1130.82135339795,63.0,3.00206876,12726755.0
2020.0,BEN,1600.0,1900.0,BEN,BEN,1300.0,2800.0,1200.19426557789,71.0,3.0512166,13070169.0
2021.0,BEN,1500.0,1800.0,BEN,BEN,1200.0,2600.0,1318.65158075198,79.0,2.91589761,13413417.0
2022.0,BEN,1500.0,1800.0,BEN,BEN,1100.0,2600.0,1266.42711031904,85.0,2.98184395,13759501.0
2023.0,BEN,1400.0,1500.0,BEN,BEN,910.0,2300.0,1394.17784721831,81.0,3.33732462,14111034.0
2024.0,BEN,1300.0,1400.0,BEN,BEN,840.0,2200.0,1485.38018885134,87.0,,14462724.0
1990.0,BFA,6400.0,23000.0,BFA,BFA,16000.0,32000.0,338.593759055128,,,9159356.0
1991.0,BFA,7600.0,22000.0,BFA,BFA,17000.0,29000.0,333.70605512636,,,9394632.0
1992.0,BFA,8700.0,20000.0,BFA,BFA,16000.0,26000.0,348.592443894547,,,9629275.0
1993.0,BFA,9700.0,18000.0,BFA,BFA,15000.0,24000.0,324.111576707435,,,9871713.0
1994.0,BFA,11000.0,16000.0,BFA,BFA,13000.0,21000.0,187.21142372606,,,10123798.0
1995.0,BFA,11000.0,15000.0,BFA,BFA,12000.0,19000.0,229.092294496817,,,10386722.0
1996.0,BFA,12000.0,14000.0,BFA,BFA,11000.0,17000.0,242.733171352672,,,10655942.0
1997.0,BFA,12000.0,13000.0,BFA,BFA,11000.0,16000.0,223.853958525611,,,10934223.0
1998.0,BFA,13000.0,12000.0,BFA,BFA,10000.0,15000.0,249.53173292493,,,11240664.0
1999.0,BFA,13000.0,11000.0,BFA,BFA,9600.0,14000.0,292.836958697313,,,11574928.0
2000.0,BFA,13000.0,11000.0,BFA,BFA,8900.0,13000.0,248.908526921752,0.0,4.0211668,11925546.0
2001.0,BFA,13000.0,9800.0,BFA,BFA,8000.0,12000.0,259.485223380436,0.0,3.95983911,12295001.0
2002.0,BFA,13000.0,9200.0,BFA,BFA,7500.0,11000.0,285.654087637533,0.0,4.17985535,12680897.0
2003.0,BFA,12000.0,8400.0,BFA,BFA,6700.0,10000.0,362.373899996953,1.0,4.42266035,13082532.0
2004.0,BFA,12000.0,7600.0,BFA,BFA,6000.0,9200.0,403.81283743461,3.0,5.23083639,13500533.0
2005.0,BFA,10000.0,7000.0,BFA,BFA,5500.0,8700.0,441.164148016012,7.0,4.83784914,13932123.0
2006.0,BFA,9000.0,6300.0,BFA,BFA,4900.0,8000.0,455.513655620024,11.0,5.17043304,14373707.0
2007.0,BFA,8000.0,5700.0,BFA,BFA,4300.0,7000.0,514.684451177238,14.0,5.77535009,14816307.0
2008.0,BFA,7200.0,5400.0,BFA,BFA,4100.0,6900.0,619.437533256264,19.0,4.96721601,15258093.0
2009.0,BFA,6100.0,4900.0,BFA,BFA,3800.0,6300.0,601.569520671859,24.0,5.19683933,15710066.0
2010.0,BFA,5500.0,4700.0,BFA,BFA,3600.0,5900.0,624.957252224766,29.0,5.28967237,16176498.0
2011.0,BFA,5000.0,4100.0,BFA,BFA,3100.0,5300.0,725.024767725475,34.0,4.64868164,16661908.0
2012.0,BFA,4800.0,4000.0,BFA,BFA,3000.0,5200.0,731.470138867833,37.0,4.60267258,17172287.0
2013.0,BFA,4500.0,3600.0,BFA,BFA,2700.0,4800.0,759.762065168498,41.0,5.56331587,17695409.0
2014.0,BFA,4300.0,3100.0,BFA,BFA,2300.0,4300.0,764.861675106225,47.0,5.00027227,18229461.0
2015.0,BFA,4000.0,3500.0,BFA,BFA,2700.0,4600.0,630.124750752312,53.0,5.13192415,18777487.0
2016.0,BFA,3700.0,3300.0,BFA,BFA,2500.0,4400.0,663.742364842886,58.0,5.95284653,19334856.0
2017.0,BFA,3500.0,3200.0,BFA,BFA,2300.0,4300.0,709.091535894695,64.0,6.12075186,19894407.0
2018.0,BFA,3200.0,3400.0,BFA,BFA,2500.0,4500.0,777.465618514048,62.0,4.94427681,20438288.0
2019.0,BFA,3100.0,3000.0,BFA,BFA,2100.0,4100.0,764.853077774946,72.0,5.35001135,20961952.0
2020.0,BFA,2800.0,2800.0,BFA,BFA,1900.0,3800.0,825.237038782475,66.0,6.89469957,21478690.0
2021.0,BFA,2700.0,3100.0,BFA,BFA,2100.0,4300.0,895.535288442991,71.0,7.08691931,21995243.0
2022.0,BFA,2500.0,2900.0,BFA,BFA,2000.0,4400.0,827.330843486661,76.0,7.41435528,22509038.0
2023.0,BFA,2300.0,3100.0,BFA,BFA,2100.0,4600.0,873.198061670247,79.0,7.79943228,23025776.0
2024.0,BFA,2100.0,3000.0,BFA,BFA,2000.0,4300.0,982.493100418428,82.0,,23548781.0
1990.0,BDI,5900.0,28000.0,BDI,BDI,19000.0,39000.0,202.629446176297,,,5587052.0
1991.0,BDI,7100.0,25000.0,BDI,BDI,18000.0,33000.0,204.668258398817,,,5703857.0
1992.0,BDI,8200.0,23000.0,BDI,BDI,18000.0,30000.0,184.868970456447,,,5858407.0
1993.0,BDI,9200.0,14000.0,BDI,BDI,9700.0,22000.0,165.344120319403,,,5676843.0
1994.0,BDI,8500.0,23000.0,BDI,BDI,19000.0,27000.0,161.892584261635,,,5713854.0
1995.0,BDI,11000.0,8600.0,BDI,BDI,5400.0,15000.0,164.915311679326,,,6066316.0
1996.0,BDI,11000.0,13000.0,BDI,BDI,11000.0,18000.0,143.156741187159,,,6070506.0
1997.0,BDI,11000.0,12000.0,BDI,BDI,11000.0,15000.0,160.278342046962,,,6070042.0
1998.0,BDI,11000.0,11000.0,BDI,BDI,9200.0,13000.0,144.456948255536,,,6187108.0
1999.0,BDI,12000.0,8700.0,BDI,BDI,7300.0,11000.0,127.51419578119,,,6337155.0
2000.0,BDI,12000.0,8000.0,BDI,BDI,6700.0,10000.0,134.537861752389,0.0,4.22181606,6470194.0
2001.0,BDI,11000.0,7700.0,BDI,BDI,6200.0,9500.0,132.159554541932,0.0,5.68180418,6634365.0
2002.0,BDI,11000.0,6700.0,BDI,BDI,5300.0,8500.0,120.952308575468,1.0,5.34983587,6824132.0
2003.0,BDI,11000.0,6400.0,BDI,BDI,5100.0,8000.0,111.406682804391,1.0,5.27245188,7043154.0
2004.0,BDI,10000.0,5900.0,BDI,BDI,4500.0,7400.0,125.194965184533,4.0,7.09572744,7310656.0
2005.0,BDI,9300.0,5300.0,BDI,BDI,4000.0,6800.0,147.234619294225,6.0,7.56016588,7587299.0
2006.0,BDI,8500.0,5300.0,BDI,BDI,4100.0,6800.0,161.892755640319,8.0,8.71264839,7865547.0
2007.0,BDI,7800.0,5000.0,BDI,BDI,3800.0,6500.0,166.162744906755,11.0,9.1855402,8161874.0
2008.0,BDI,7000.0,5000.0,BDI,BDI,3800.0,6500.0,189.502074570768,15.0,7.74147511,8505637.0
2009.0,BDI,6300.0,4100.0,BDI,BDI,2900.0,5500.0,198.431524048225,18.0,9.23238468,8947646.0
2010.0,BDI,5800.0,4500.0,BDI,BDI,3300.0,6000.0,216.727705301976,23.0,11.28196716,9376444.0
2011.0,BDI,5000.0,3800.0,BDI,BDI,2600.0,5000.0,230.069761381132,28.0,10.06996346,9717978.0
2012.0,BDI,4500.0,3500.0,BDI,BDI,2400.0,4800.0,231.098787811507,31.0,8.63756466,10071028.0
2013.0,BDI,4200.0,3100.0,BDI,BDI,2000.0,4400.0,234.844770150871,36.0,8.62834644,10439341.0
2014.0,BDI,3800.0,3000.0,BDI,BDI,1900.0,4200.0,250.544492155185,41.0,7.21081543,10799785.0
2015.0,BDI,3300.0,2800.0,BDI,BDI,1800.0,4000.0,254.402585226788,49.0,6.29044485,11047580.0
2016.0,BDI,2600.0,2200.0,BDI,BDI,1400.0,3300.0,232.937812100153,61.0,7.06148243,11239451.0
2017.0,BDI,2100.0,1900.0,BDI,BDI,1200.0,3000.0,246.060725714184,69.0,6.95230389,11506762.0
2018.0,BDI,1700.0,1500.0,BDI,BDI,980.0,2500.0,245.661678332009,75.0,7.29396152,11859446.0
2019.0,BDI,1500.0,1500.0,BDI,BDI,990.0,2300.0,234.31061590725,83.0,9.05940628,12255336.0
2020.0,BDI,1400.0,1400.0,BDI,BDI,960.0,2100.0,252.702452750006,86.0,10.70776176,12617036.0
2021.0,BDI,1300.0,1500.0,BDI,BDI,1100.0,2300.0,264.172844085398,88.0,8.94190311,12965481.0
2022.0,BDI,1200.0,1400.0,BDI,BDI,1000.0,2100.0,301.832255755105,90.0,8.6687746,13321097.0
2023.0,BDI,1200.0,1300.0,BDI,BDI,990.0,2000.0,249.795164039029,91.0,9.09471226,13689450.0
2024.0,BDI,1100.0,1400.0,BDI,BDI,1100.0,2100.0,216.231928531758,93.0,,14047786.0
1990.0,CMR,2300.0,19000.0,CMR,CMR,14000.0,23000.0,1086.71700937081,,,11331821.0
1991.0,CMR,3200.0,25000.0,CMR,CMR,19000.0,29000.0,1014.82897292999,,,11667180.0
1992.0,CMR,4300.0,33000.0,CMR,CMR,26000.0,38000.0,1005.44897647465,,,12006353.0
1993.0,CMR,5800.0,41000.0,CMR,CMR,33000.0,47000.0,1309.93629975506,,,12353131.0
1994.0,CMR,7700.0,50000.0,CMR,CMR,42000.0,58000.0,700.70950185009,,,12704903.0
1995.0,CMR,9900.0,56000.0,CMR,CMR,48000.0,65000.0,832.006674487689,,,13058516.0
1996.0,CMR,13000.0,63000.0,CMR,CMR,54000.0,73000.0,826.965322327363,,,13414757.0
1997.0,CMR,15000.0,67000.0,CMR,CMR,58000.0,76000.0,783.251601945462,,,13775214.0
1998.0,CMR,19000.0,69000.0,CMR,CMR,60000.0,78000.0,798.745621406677,,,14144860.0
1999.0,CMR,22000.0,68000.0,CMR,CMR,60000.0,78000.0,796.262649784591,,,14525140.0
2000.0,CMR,25000.0,66000.0,CMR,CMR,59000.0,75000.0,708.565731625965,0.0,4.29573393,14912631.0
2001.0,CMR,29000.0,62000.0,CMR,CMR,55000.0,70000.0,715.470296470585,0.0,4.16830397,15309490.0
2002.0,CMR,32000.0,59000.0,CMR,CMR,54000.0,66000.0,789.623811072554,0.0,4.02669907,15725528.0
2003.0,CMR,35000.0,56000.0,CMR,CMR,51000.0,63000.0,988.241276791846,0.0,3.90227985,16160340.0
2004.0,CMR,35000.0,52000.0,CMR,CMR,47000.0,59000.0,1133.39326749673,3.0,3.72798991,16610487.0
2005.0,CMR,35000.0,49000.0,CMR,CMR,45000.0,57000.0,1142.62466252106,4.0,3.77274442,17074594.0
2006.0,CMR,35000.0,47000.0,CMR,CMR,42000.0,54000.0,1191.45458990968,5.0,3.73662829,17550407.0
2007.0,CMR,35000.0,45000.0,CMR,CMR,40000.0,52000.0,1325.67248215933,8.0,3.79498792,18049896.0
2008.0,CMR,33000.0,43000.0,CMR,CMR,37000.0,49000.0,1492.14269801453,10.0,3.65843678,18574056.0
2009.0,CMR,32000.0,40000.0,CMR,CMR,36000.0,47000.0,1461.38999232337,13.0,3.49997187,19113974.0
2010.0,CMR,31000.0,36000.0,CMR,CMR,31000.0,42000.0,1398.58702025047,15.0,3.57742167,19668066.0
2011.0,CMR,31000.0,34000.0,CMR,CMR,29000.0,40000.0,1513.96056994878,18.0,3.85282946,20232304.0
2012.0,CMR,29000.0,29000.0,CMR,CMR,25000.0,35000.0,1449.09874362279,21.0,3.9310236,20809529.0
2013.0,CMR,29000.0,26000.0,CMR,CMR,22000.0,32000.0,1575.92882118897,23.0,3.63136435,21402376.0
2014.0,CMR,30000.0,24000.0,CMR,CMR,20000.0,31000.0,1649.4433905949,25.0,4.34148788,22059893.0
2015.0,CMR,29000.0,23000.0,CMR,CMR,19000.0,30000.0,1415.00009710569,30.0,4.12600517,22763414.0
2016.0,CMR,26000.0,23000.0,CMR,CMR,18000.0,30000.0,1441.7201725688,37.0,4.02253723,23454161.0
2017.0,CMR,23000.0,21000.0,CMR,CMR,17000.0,28000.0,1496.08951771242,46.0,3.79293942,24128601.0
2018.0,CMR,20000.0,20000.0,CMR,CMR,16000.0,27000.0,1610.69641591017,53.0,3.61970162,24806383.0
2019.0,CMR,18000.0,20000.0,CMR,CMR,16000.0,27000.0,1555.22660476477,59.0,3.65157914,25506095.0
2020.0,CMR,16000.0,19000.0,CMR,CMR,15000.0,26000.0,1555.60370660749,66.0,4.25051928,26210558.0
2021.0,CMR,14000.0,17000.0,CMR,CMR,13000.0,24000.0,1672.32657340872,73.0,4.34109783,26915758.0
2022.0,CMR,12000.0,14000.0,CMR,CMR,10000.0,21000.0,1604.87726954895,80.0,4.49439144,27632771.0
2023.0,CMR,10000.0,13000.0,CMR,CMR,9600.0,19000.0,1720.47510154506,85.0,4.5545516,28372687.0
2024.0,CMR,9400.0,13000.0,CMR,CMR,10000.0,18000.0,1830.00833684727,88.0,,29123744.0
1990.0,CPV,100.0,200.0,CPV,CPV,200.0,500.0,817.442925539738,,,375428.0
1991.0,CPV,100.0,200.0,CPV,CPV,200.0,500.0,831.61388764249,,,384586.0
1992.0,CPV,100.0,200.0,CPV,CPV,200.0,500.0,907.847909529157,,,393415.0
1993.0,CPV,100.0,200.0,CPV,CPV,200.0,500.0,1220.04997868613,,,401965.0
1994.0,CPV,100.0,200.0,CPV,CPV,200.0,500.0,991.108974352157,,,410228.0
1995.0,CPV,100.0,200.0,CPV,CPV,200.0,500.0,1165.13832331934,,,418104.0
1996.0,CPV,200.0,500.0,CPV,CPV,200.0,500.0,1179.51522705182,,,425581.0
1997.0,CPV,200.0,500.0,CPV,CPV,200.0,500.0,1133.57422614008,,,432798.0
1998.0,CPV,200.0,500.0,CPV,CPV,200.0,500.0,1186.74294773086,,,439784.0
1999.0,CPV,200.0,500.0,CPV,CPV,200.0,500.0,1326.74466945164,,,446519.0
2000.0,CPV,200.0,500.0,CPV,CPV,200.0,500.0,1189.51479345891,0.0,3.86025023,453317.0
2001.0,CPV,200.0,500.0,CPV,CPV,200.0,500.0,1223.33055331575,0.0,3.69652915,460293.0
2002.0,CPV,200.0,500.0,CPV,CPV,200.0,500.0,1328.57874270666,0.0,3.72489762,467046.0
2003.0,CPV,200.0,500.0,CPV,CPV,200.0,500.0,1717.97565369655,0.0,3.6274426,473383.0
2004.0,CPV,200.0,500.0,CPV,CPV,200.0,500.0,1929.49081468781,1.0,3.54616308,479370.0
2005.0,CPV,200.0,500.0,CPV,CPV,200.0,500.0,2004.14680417563,9.0,3.34086585,485115.0
2006.0,CPV,100.0,200.0,CPV,CPV,200.0,500.0,2256.99666191075,14.0,3.82406759,490728.0
2007.0,CPV,100.0,200.0,CPV,CPV,200.0,500.0,3324.57675212498,21.0,3.84218621,496190.0
2008.0,CPV,100.0,200.0,CPV,CPV,200.0,500.0,3908.64885822576,26.0,3.26951575,501355.0
2009.0,CPV,100.0,200.0,CPV,CPV,200.0,500.0,3659.72046361628,26.0,3.55867004,506141.0
2010.0,CPV,100.0,200.0,CPV,CPV,200.0,500.0,3579.46006137809,32.0,4.08085394,509784.0
2011.0,CPV,100.0,200.0,CPV,CPV,200.0,500.0,4002.01386888785,35.0,3.92527819,511447.0
2012.0,CPV,100.0,200.0,CPV,CPV,200.0,500.0,3736.81517011087,42.0,4.6740551,511955.0
2013.0,CPV,100.0,200.0,CPV,CPV,200.0,500.0,3960.97596791345,49.0,4.82468271,512225.0
2014.0,CPV,100.0,500.0,CPV,CPV,200.0,500.0,3985.60706548134,53.0,4.85231543,512326.0
2015.0,CPV,100.0,500.0,CPV,CPV,200.0,500.0,3415.06266730931,52.0,4.40073681,512394.0
2016.0,CPV,100.0,500.0,CPV,CPV,200.0,500.0,3608.96605234906,53.0,4.36134005,512554.0
2017.0,CPV,100.0,500.0,CPV,CPV,200.0,500.0,3893.09571382506,60.0,4.48070955,512893.0
2018.0,CPV,100.0,500.0,CPV,CPV,200.0,500.0,4294.96510035729,68.0,4.78548193,513415.0
2019.0,CPV,100.0,500.0,CPV,CPV,200.0,500.0,4380.78117331128,71.0,4.82431316,514104.0
2020.0,CPV,100.0,500.0,CPV,CPV,200.0,500.0,3539.22661248299,76.0,7.03399324,514679.0
2021.0,CPV,100.0,500.0,CPV,CPV,200.0,500.0,3971.44409203423,81.0,6.60773611,516649.0
2022.0,CPV,100.0,200.0,CPV,CPV,200.0,500.0,4323.31362032709,79.0,6.70243406,519741.0
2023.0,CPV,100.0,500.0,CPV,CPV,200.0,500.0,4794.90119772843,77.0,5.84791613,522331.0
2024.0,CPV,100.0,500.0,CPV,CPV,200.0,500.0,5170.20531932535,80.0,,524877.0
1990.0,CAF,2700.0,16000.0,CAF,CAF,12000.0,24000.0,501.656200636394,,,2871910.0
1991.0,CAF,3500.0,18000.0,CAF,CAF,14000.0,28000.0,464.828283626364,,,2963191.0
1992.0,CAF,4400.0,19000.0,CAF,CAF,15000.0,29000.0,461.587303490896,,,3058831.0
1993.0,CAF,5300.0,20000.0,CAF,CAF,16000.0,28000.0,404.954546941526,,,3157839.0
1994.0,CAF,6400.0,21000.0,CAF,CAF,17000.0,28000.0,261.260397409459,,,3257954.0
1995.0,CAF,7500.0,21000.0,CAF,CAF,17000.0,27000.0,333.145863233895,,,3348052.0
1996.0,CAF,8500.0,19000.0,CAF,CAF,16000.0,25000.0,293.306575328658,,,3435965.0
1997.0,CAF,9500.0,19000.0,CAF,CAF,15000.0,23000.0,265.5212823896,,,3531700.0
1998.0,CAF,10000.0,18000.0,CAF,CAF,15000.0,22000.0,266.570544600384,,,3628827.0
1999.0,CAF,11000.0,17000.0,CAF,CAF,14000.0,20000.0,267.995954011083,,,3729450.0
2000.0,CAF,12000.0,16000.0,CAF,CAF,13000.0,19000.0,239.154133726071,0.0,4.3808217,3833416.0
2001.0,CAF,13000.0,16000.0,CAF,CAF,13000.0,18000.0,237.951702544735,0.0,4.01043987,3919487.0
2002.0,CAF,13000.0,14000.0,CAF,CAF,12000.0,17000.0,248.639290978403,0.0,4.23633623,4006077.0
2003.0,CAF,13000.0,14000.0,CAF,CAF,12000.0,17000.0,278.403992150941,0.0,4.18572474,4103086.0
2004.0,CAF,14000.0,14000.0,CAF,CAF,11000.0,16000.0,303.461321152782,0.0,4.14367914,4192826.0
2005.0,CAF,13000.0,13000.0,CAF,CAF,11000.0,16000.0,311.950023138687,1.0,4.22857571,4288810.0
2006.0,CAF,13000.0,12000.0,CAF,CAF,9900.0,15000.0,333.942519903031,2.0,4.31108665,4377579.0
2007.0,CAF,12000.0,12000.0,CAF,CAF,9600.0,14000.0,380.887048839475,4.0,4.6338892,4462770.0
2008.0,CAF,11000.0,11000.0,CAF,CAF,8800.0,14000.0,437.24827472489,8.0,4.02635765,4558984.0
2009.0,CAF,9700.0,11000.0,CAF,CAF,8500.0,13000.0,456.471673898404,9.0,4.68325615,4529047.0
2010.0,CAF,9600.0,10000.0,CAF,CAF,8100.0,13000.0,476.873786950728,11.0,3.56699872,4492995.0
2011.0,CAF,9700.0,9800.0,CAF,CAF,7400.0,12000.0,534.057281471636,11.0,3.67561865,4565021.0
2012.0,CAF,9600.0,9200.0,CAF,CAF,6800.0,12000.0,544.395849142785,13.0,3.91814446,4610848.0
2013.0,CAF,9200.0,9200.0,CAF,CAF,6800.0,12000.0,364.36696260838,13.0,4.76660204,4642419.0
2014.0,CAF,8400.0,8100.0,CAF,CAF,5800.0,11000.0,409.8504859647,21.0,4.56557369,4623182.0
2015.0,CAF,6900.0,7500.0,CAF,CAF,5200.0,10000.0,366.322853938121,24.0,5.03434181,4629320.0
2016.0,CAF,6100.0,6800.0,CAF,CAF,4400.0,9600.0,387.176203444318,29.0,5.44402313,4713663.0
2017.0,CAF,5700.0,6500.0,CAF,CAF,4200.0,9500.0,432.324025684263,34.0,6.66541576,4793511.0
2018.0,CAF,5400.0,5900.0,CAF,CAF,3700.0,9000.0,455.243962859534,37.0,10.99484062,4878657.0
2019.0,CAF,4800.0,5400.0,CAF,CAF,3100.0,8500.0,449.228467602439,45.0,7.76081514,4944703.0
2020.0,CAF,4200.0,5200.0,CAF,CAF,2900.0,8300.0,462.879071294011,49.0,8.98488045,5026628.0
2021.0,CAF,3700.0,5100.0,CAF,CAF,2900.0,8300.0,492.263142830507,55.0,9.15097523,5112100.0
2022.0,CAF,3300.0,4700.0,CAF,CAF,2500.0,8200.0,467.359825026238,60.0,9.94993496,5098039.0
2023.0,CAF,2900.0,4100.0,CAF,CAF,2100.0,7800.0,495.978897288721,63.0,10.65553188,5152421.0
2024.0,CAF,2700.0,4000.0,CAF,CAF,1900.0,8300.0,516.160999996036,66.0,,5330690.0
1990.0,TCD,1600.0,10000.0,TCD,TCD,5800.0,16000.0,290.599045262191,,,5982833.0
1991.0,TCD,2100.0,12000.0,TCD,TCD,7700.0,18000.0,302.487268390603,,,6205676.0
1992.0,TCD,2700.0,13000.0,TCD,TCD,8800.0,18000.0,290.648286132566,,,6474656.0
1993.0,TCD,3400.0,14000.0,TCD,TCD,9900.0,19000.0,220.729964903293,,,6629146.0
1994.0,TCD,3900.0,14000.0,TCD,TCD,10000.0,19000.0,173.928895064035,,,6783450.0
1995.0,TCD,4600.0,14000.0,TCD,TCD,11000.0,19000.0,203.964852705041,,,7089064.0
1996.0,TCD,5500.0,13000.0,TCD,TCD,10000.0,18000.0,216.912541056484,,,7410108.0
1997.0,TCD,6200.0,14000.0,TCD,TCD,11000.0,19000.0,201.384076969355,,,7670366.0
1998.0,TCD,6900.0,14000.0,TCD,TCD,11000.0,18000.0,219.779530915601,,,7938840.0
1999.0,TCD,7600.0,13000.0,TCD,TCD,10000.0,16000.0,186.638531146223,,,8222705.0
2000.0,TCD,8100.0,12000.0,TCD,TCD,9300.0,15000.0,163.121663683369,0.0,4.20697546,8512093.0
2001.0,TCD,8700.0,12000.0,TCD,TCD,9400.0,15000.0,194.32295331156,0.0,4.08039331,8804124.0
2002.0,TCD,9100.0,12000.0,TCD,TCD,9300.0,15000.0,219.061391951349,0.0,5.60251188,9116192.0
2003.0,TCD,9500.0,11000.0,TCD,TCD,9100.0,14000.0,289.087621122168,0.0,4.24698305,9487833.0
2004.0,TCD,9900.0,11000.0,TCD,TCD,8400.0,13000.0,445.850767157087,0.0,4.23982859,9920036.0
2005.0,TCD,10000.0,10000.0,TCD,TCD,8500.0,13000.0,838.092107712557,1.0,3.73196912,10328092.0
2006.0,TCD,9500.0,10000.0,TCD,TCD,8100.0,13000.0,906.897260572747,4.0,3.73417258,10706424.0
2007.0,TCD,8700.0,10000.0,TCD,TCD,8000.0,13000.0,980.483531485103,7.0,3.47199655,11081660.0
2008.0,TCD,8100.0,9400.0,TCD,TCD,7400.0,12000.0,1166.36883453841,10.0,3.16359782,11476296.0
2009.0,TCD,7700.0,8800.0,TCD,TCD,6700.0,11000.0,1035.63719694254,13.0,3.36260128,11893754.0
2010.0,TCD,7300.0,8500.0,TCD,TCD,6600.0,11000.0,1141.80069268412,16.0,3.08810997,12312575.0
2011.0,TCD,7100.0,8100.0,TCD,TCD,6200.0,11000.0,1308.1421872538,19.0,2.85585785,12754997.0
2012.0,TCD,6900.0,7700.0,TCD,TCD,5900.0,10000.0,1354.34344701937,22.0,2.67306423,13210998.0
2013.0,TCD,6500.0,7100.0,TCD,TCD,5200.0,9400.0,1304.88742971475,25.0,2.95766044,13691079.0
2014.0,TCD,6300.0,6200.0,TCD,TCD,4400.0,8400.0,1278.78981422494,28.0,3.29708338,14188678.0
2015.0,TCD,6200.0,6600.0,TCD,TCD,4800.0,9000.0,993.990730610869,31.0,3.40253925,14647621.0
2016.0,TCD,5900.0,6400.0,TCD,TCD,4500.0,8600.0,861.831767630746,34.0,3.70842481,15114655.0
2017.0,TCD,5600.0,5700.0,TCD,TCD,4000.0,7600.0,854.46120040098,37.0,3.51023412,15622759.0
2018.0,TCD,5300.0,5400.0,TCD,TCD,3600.0,7300.0,948.656629871231,40.0,3.2893219,16156531.0
2019.0,TCD,5100.0,5100.0,TCD,TCD,3300.0,7200.0,893.336441643325,42.0,3.38471627,16685223.0
2020.0,TCD,4700.0,4700.0,TCD,TCD,2900.0,6600.0,866.947814890409,47.0,4.35215092,17224679.0
2021.0,TCD,4300.0,4300.0,TCD,TCD,2700.0,6500.0,946.358500208374,51.0,3.9722333,17828273.0
2022.0,TCD,4000.0,4400.0,TCD,TCD,2700.0,6500.0,966.036468278568,54.0,4.15823555,18455316.0
2023.0,TCD,3700.0,4000.0,TCD,TCD,2400.0,6400.0,949.991054236266,58.0,4.99707747,19319064.0
2024.0,TCD,3500.0,4300.0,TCD,TCD,2700.0,6800.0,980.668312111718,65.0,,20299123.0
1990.0,COG,3200.0,11000.0,COG,COG,8600.0,14000.0,1175.66709098428,,,2380560.0
1991.0,COG,3800.0,10000.0,COG,COG,8500.0,14000.0,1112.53521242945,,,2449229.0
1992.0,COG,4400.0,9200.0,COG,COG,7700.0,12000.0,1164.22442980292,,,2519465.0
1993.0,COG,5000.0,8800.0,COG,COG,7600.0,11000.0,1034.37200809816,,,2595124.0
1994.0,COG,5500.0,8600.0,COG,COG,7400.0,11000.0,661.904273689712,,,2673144.0
1995.0,COG,6000.0,8400.0,COG,COG,7400.0,10000.0,769.606794842829,,,2749461.0
1996.0,COG,6400.0,8300.0,COG,COG,7300.0,9900.0,898.794050151577,,,2826785.0
1997.0,COG,6800.0,8000.0,COG,COG,7000.0,9300.0,804.304050086499,,,2887862.0
1998.0,COG,7000.0,8200.0,COG,COG,7300.0,9500.0,660.379775085784,,,2952061.0
1999.0,COG,7200.0,7400.0,COG,COG,6600.0,8700.0,776.416349733937,,,3032874.0
2000.0,COG,7400.0,7500.0,COG,COG,6600.0,8700.0,1024.30159109181,0.0,1.50500846,3151345.0
2001.0,COG,7800.0,7400.0,COG,COG,6400.0,8500.0,854.598314408095,0.0,2.18529987,3272537.0
2002.0,COG,7800.0,7600.0,COG,COG,6600.0,8700.0,905.538135544704,0.0,1.70167828,3350771.0
2003.0,COG,7800.0,7600.0,COG,COG,6600.0,8700.0,1016.82363412143,1.0,1.91852403,3445753.0
2004.0,COG,7800.0,7300.0,COG,COG,6300.0,8400.0,1306.10136324599,1.0,1.92152369,3565554.0
2005.0,COG,7500.0,7400.0,COG,COG,6400.0,8600.0,1799.05158366154,3.0,1.71774101,3696393.0
2006.0,COG,7200.0,7400.0,COG,COG,6200.0,8700.0,2103.5821381211,4.0,1.70861316,3837409.0
2007.0,COG,7100.0,7300.0,COG,COG,6000.0,8600.0,2206.47101863414,5.0,1.90200174,3980430.0
2008.0,COG,6300.0,7200.0,COG,COG,5800.0,8700.0,2832.09177777643,10.0,2.2392714,4113517.0
2009.0,COG,5600.0,7300.0,COG,COG,5800.0,8800.0,2271.15219175966,13.0,2.1422224,4281219.0
2010.0,COG,5800.0,7600.0,COG,COG,6000.0,9300.0,2946.55798067708,15.0,1.85172856,4462290.0
2011.0,COG,5700.0,7800.0,COG,COG,6000.0,9500.0,3396.16505817952,17.0,1.75237322,4609724.0
2012.0,COG,6000.0,8100.0,COG,COG,6200.0,10000.0,3732.32737320389,17.0,1.90971065,4740450.0
2013.0,COG,6200.0,8200.0,COG,COG,6200.0,11000.0,3697.41705884249,20.0,1.94347155,4857099.0
2014.0,COG,6400.0,8500.0,COG,COG,6400.0,11000.0,3601.2365808718,19.0,1.97311735,4975880.0
2015.0,COG,6600.0,8700.0,COG,COG,6400.0,12000.0,2439.35189403696,20.0,2.45668483,5097581.0
2016.0,COG,6600.0,9200.0,COG,COG,6600.0,13000.0,2093.10728558843,21.0,2.59422994,5222536.0
2017.0,COG,6600.0,9500.0,COG,COG,6400.0,13000.0,2211.63309874797,22.0,2.36476016,5351011.0
2018.0,COG,6700.0,9800.0,COG,COG,6300.0,14000.0,2694.43413191427,23.0,1.75584984,5483118.0
2019.0,COG,6700.0,11000.0,COG,COG,6900.0,15000.0,2488.42466724916,23.0,2.34771276,5616661.0
2020.0,COG,6800.0,11000.0,COG,COG,6600.0,15000.0,1993.586671931,24.0,4.01775074,5752791.0
2021.0,COG,6700.0,11000.0,COG,COG,6500.0,16000.0,2516.16255145432,25.0,3.46133351,5892183.0
2022.0,COG,6500.0,11000.0,COG,COG,6100.0,17000.0,2620.83804267402,28.0,2.30011368,6035104.0
2023.0,COG,6300.0,11000.0,COG,COG,5500.0,17000.0,2477.97845544866,30.0,3.29744148,6182885.0
2024.0,COG,6000.0,11000.0,COG,COG,5000.0,17000.0,2482.2489948456,34.0,,6332961.0
1990.0,CIV,15000.0,85000.0,CIV,CIV,63000.0,110000.0,885.647842214928,,,12189778.0
1991.0,CIV,19000.0,95000.0,CIV,CIV,76000.0,120000.0,827.241889166985,,,12683870.0
1992.0,CIV,24000.0,99000.0,CIV,CIV,83000.0,120000.0,844.902223806738,,,13200310.0
1993.0,CIV,29000.0,97000.0,CIV,CIV,80000.0,120000.0,804.149657211252,,,13735951.0
1994.0,CIV,34000.0,95000.0,CIV,CIV,79000.0,110000.0,581.888468577405,,,14287201.0
1995.0,CIV,39000.0,89000.0,CIV,CIV,74000.0,110000.0,740.4730999133,,,14855565.0
1996.0,CIV,44000.0,84000.0,CIV,CIV,69000.0,100000.0,1170.23622049666,,,15442312.0
1997.0,CIV,49000.0,77000.0,CIV,CIV,64000.0,92000.0,1124.65674867927,,,16047170.0
1998.0,CIV,53000.0,72000.0,CIV,CIV,60000.0,85000.0,1177.37133815342,,,16663948.0
1999.0,CIV,57000.0,70000.0,CIV,CIV,60000.0,83000.0,1096.13520587572,,,17215935.0
2000.0,CIV,60000.0,62000.0,CIV,CIV,53000.0,72000.0,936.636541348798,0.0,3.61476922,17699004.0
2001.0,CIV,61000.0,57000.0,CIV,CIV,49000.0,67000.0,924.727294962066,0.0,3.59047151,18178913.0
2002.0,CIV,62000.0,53000.0,CIV,CIV,46000.0,61000.0,967.815864415991,0.0,3.54146051,18654771.0
2003.0,CIV,62000.0,47000.0,CIV,CIV,41000.0,56000.0,1111.17135087887,0.0,3.95147705,19125542.0
2004.0,CIV,61000.0,45000.0,CIV,CIV,39000.0,54000.0,1199.82524528546,1.0,4.02148724,19595000.0
2005.0,CIV,57000.0,41000.0,CIV,CIV,35000.0,48000.0,1197.74616979415,3.0,3.96639085,20068458.0
2006.0,CIV,52000.0,38000.0,CIV,CIV,32000.0,46000.0,1230.43056838584,5.0,3.92861462,20546802.0
2007.0,CIV,48000.0,34000.0,CIV,CIV,29000.0,41000.0,1367.53817722326,6.0,4.19379663,21030558.0
2008.0,CIV,43000.0,28000.0,CIV,CIV,23000.0,34000.0,1583.97066701372,10.0,4.1387105,21514439.0
2009.0,CIV,37000.0,27000.0,CIV,CIV,21000.0,35000.0,1540.45393569596,14.0,4.63971424,21997940.0
2010.0,CIV,34000.0,25000.0,CIV,CIV,20000.0,33000.0,1553.54887048143,15.0,4.57494831,22488065.0
2011.0,CIV,32000.0,23000.0,CIV,CIV,18000.0,31000.0,1596.62826565998,19.0,4.39700699,22982000.0
2012.0,CIV,29000.0,20000.0,CIV,CIV,15000.0,28000.0,1546.9460184731,22.0,4.4273715,23467078.0
2013.0,CIV,28000.0,19000.0,CIV,CIV,13000.0,26000.0,1786.15862031324,25.0,3.71773791,23939775.0
2014.0,CIV,26000.0,16000.0,CIV,CIV,10000.0,23000.0,1991.36539423404,30.0,3.7310183,24527395.0
2015.0,CIV,24000.0,16000.0,CIV,CIV,11000.0,22000.0,1814.71855088017,34.0,3.2198832,25246342.0
2016.0,CIV,21000.0,17000.0,CIV,CIV,11000.0,24000.0,1862.59597081287,42.0,3.32101274,25989405.0
2017.0,CIV,19000.0,14000.0,CIV,CIV,9300.0,21000.0,1964.29930338343,52.0,3.24693036,26733372.0
2018.0,CIV,16000.0,13000.0,CIV,CIV,8200.0,20000.0,2130.86619381144,57.0,3.0916779,27464173.0
2019.0,CIV,14000.0,11000.0,CIV,CIV,6700.0,17000.0,2141.76836170115,62.0,3.18916845,28193009.0
2020.0,CIV,12000.0,11000.0,CIV,CIV,6700.0,17000.0,2179.72934832935,66.0,3.62327886,28915449.0
2021.0,CIV,11000.0,10000.0,CIV,CIV,6100.0,16000.0,2455.98127641148,69.0,3.76207662,29639736.0
2022.0,CIV,10000.0,9200.0,CIV,CIV,5200.0,16000.0,2333.37128301259,70.0,3.63847613,30395002.0
2023.0,CIV,9300.0,9000.0,CIV,CIV,4900.0,15000.0,2591.9659048119,74.0,3.43218303,31165654.0
2024.0,CIV,8400.0,8200.0,CIV,CIV,4200.0,15000.0,2727.8935220697,78.0,,31934230.0
1990.0,COD,23000.0,85000.0,COD,COD,64000.0,120000.0,254.872656292509,,,36684063.0
1991.0,COD,27000.0,84000.0,COD,COD,65000.0,120000.0,253.79642770809,,,37925817.0
1992.0,COD,32000.0,85000.0,COD,COD,64000.0,120000.0,209.726548794417,,,39228910.0
1993.0,COD,36000.0,84000.0,COD,COD,63000.0,110000.0,263.335582841074,,,40656336.0
1994.0,COD,41000.0,80000.0,COD,COD,61000.0,100000.0,136.542547670676,,,42626876.0
1995.0,COD,47000.0,80000.0,COD,COD,61000.0,100000.0,127.008078734668,,,44433704.0
1996.0,COD,50000.0,79000.0,COD,COD,61000.0,100000.0,127.416132828292,,,45296124.0
1997.0,COD,53000.0,76000.0,COD,COD,60000.0,96000.0,132.323520768553,,,46029902.0
1998.0,COD,55000.0,70000.0,COD,COD,57000.0,88000.0,131.461338858019,,,47297600.0
1999.0,COD,57000.0,67000.0,COD,COD,54000.0,85000.0,96.3192243479286,,,48912971.0
2000.0,COD,59000.0,65000.0,COD,COD,53000.0,80000.0,377.925421481395,0.0,1.46594739,50507442.0
2001.0,COD,60000.0,61000.0,COD,COD,51000.0,76000.0,142.678142604412,0.0,2.62310982,52132646.0
2002.0,COD,61000.0,60000.0,COD,COD,50000.0,75000.0,162.38052907429,0.0,2.57012939,53750524.0
2003.0,COD,61000.0,57000.0,COD,COD,48000.0,70000.0,161.491553524396,0.0,3.73353338,55343867.0
2004.0,COD,61000.0,56000.0,COD,COD,46000.0,69000.0,180.664764963633,1.0,4.33564186,56997741.0
2005.0,COD,59000.0,53000.0,COD,COD,45000.0,66000.0,214.539740473519,1.0,3.98558235,58775724.0
2006.0,COD,57000.0,51000.0,COD,COD,43000.0,64000.0,255.445229568751,3.0,4.06210661,60615908.0
2007.0,COD,55000.0,50000.0,COD,COD,42000.0,62000.0,294.101615124419,3.0,3.89384961,62477752.0
2008.0,COD,54000.0,47000.0,COD,COD,39000.0,59000.0,352.900363371995,4.0,4.31254816,64390664.0
2009.0,COD,52000.0,47000.0,COD,COD,38000.0,59000.0,280.178991035792,6.0,4.51133156,66412044.0
2010.0,COD,50000.0,44000.0,COD,COD,36000.0,55000.0,352.400398754692,7.0,3.72224283,68563038.0
2011.0,COD,49000.0,43000.0,COD,COD,35000.0,54000.0,372.514273875789,9.0,3.19435549,70849311.0
2012.0,COD,46000.0,40000.0,COD,COD,32000.0,51000.0,409.931424783784,11.0,3.2215035,73254618.0
2013.0,COD,43000.0,38000.0,COD,COD,30000.0,49000.0,460.370334930107,14.0,3.34057522,75789395.0
2014.0,COD,40000.0,36000.0,COD,COD,27000.0,46000.0,489.175952097319,18.0,3.72520614,78403242.0
2015.0,COD,36000.0,35000.0,COD,COD,26000.0,46000.0,495.826633014883,21.0,3.74785447,81035531.0
2016.0,COD,32000.0,34000.0,COD,COD,25000.0,46000.0,459.765036590388,27.0,4.20027828,83956415.0
2017.0,COD,28000.0,33000.0,COD,COD,24000.0,46000.0,431.052559128788,37.0,4.00057793,87083398.0
2018.0,COD,26000.0,33000.0,COD,COD,24000.0,46000.0,518.169626875371,36.0,3.24127173,90047644.0
2019.0,COD,28000.0,34000.0,COD,COD,24000.0,46000.0,504.00419142286,40.0,3.508039,92947442.0
2020.0,COD,23000.0,32000.0,COD,COD,22000.0,44000.0,486.425572682256,53.0,3.97694445,95989998.0
2021.0,COD,19000.0,30000.0,COD,COD,20000.0,45000.0,595.743074403567,62.0,3.86727977,99148932.0
2022.0,COD,16000.0,29000.0,COD,COD,18000.0,46000.0,687.738587554685,67.0,3.9417696,102396968.0
2023.0,COD,15000.0,27000.0,COD,COD,15000.0,45000.0,660.21205238997,73.0,3.68495083,105789731.0
2024.0,COD,14000.0,26000.0,COD,COD,15000.0,44000.0,692.887665085098,71.0,,109276265.0
1990.0,GNQ,,,GNQ,GNQ,,,236.402188376265,,,474274.0
1991.0,GNQ,,,GNQ,GNQ,,,225.319378519763,,,492217.0
1992.0,GNQ,,,GNQ,GNQ,,,263.733547088944,,,510770.0
1993.0,GNQ,,,GNQ,GNQ,,,256.683023652574,,,530023.0
1994.0,GNQ,,,GNQ,GNQ,,,183.239482711964,,,550138.0
1995.0,GNQ,,,GNQ,GNQ,,,248.314896208855,,,571264.0
1996.0,GNQ,,,GNQ,GNQ,,,391.686868235732,,,593492.0
1997.0,GNQ,,,GNQ,GNQ,,,717.041481576821,,,616893.0
1998.0,GNQ,,,GNQ,GNQ,,,577.868525342745,,,641474.0
1999.0,GNQ,,,GNQ,GNQ,,,930.912549299779,,,667214.0
2000.0,GNQ,,,GNQ,GNQ,,,1487.3165506701,,1.22260201,703279.0
2001.0,GNQ,,,GNQ,GNQ,,,1948.61145907844,,1.32559299,749836.0
2002.0,GNQ,,,GNQ,GNQ,,,2264.21065580365,,2.88730073,797957.0
2003.0,GNQ,,,GNQ,GNQ,,,2930.60183743733,,1.97185338,847862.0
2004.0,GNQ,,,GNQ,GNQ,,,4901.30127408119,,1.58463597,899917.0
2005.0,GNQ,,,GNQ,GNQ,,,8673.9026086535,,1.42048728,947367.0
2006.0,GNQ,,,GNQ,GNQ,,,10184.8841248541,,1.41217864,990343.0
2007.0,GNQ,,,GNQ,GNQ,,,12616.9532942011,,1.42080677,1036044.0
2008.0,GNQ,,,GNQ,GNQ,,,18210.5552970599,,1.23333216,1084530.0
2009.0,GNQ,,,GNQ,GNQ,,,13232.5019378102,,1.87389886,1135673.0
2010.0,GNQ,,,GNQ,GNQ,,,13720.1658723222,,1.73363662,1189085.0
2011.0,GNQ,,,GNQ,GNQ,,,17198.2136668275,,1.54309607,1241835.0
2012.0,GNQ,,,GNQ,GNQ,,,17308.5723924575,,1.62290311,1293483.0
2013.0,GNQ,,,GNQ,GNQ,,,16304.0713196418,,1.75622749,1346218.0
2014.0,GNQ,,,GNQ,GNQ,,,15548.6624656619,,1.868559,1399828.0
2015.0,GNQ,,,GNQ,GNQ,,,9068.91003238645,,2.45693421,1453923.0
2016.0,GNQ,,,GNQ,GNQ,,,7453.19797948517,,2.97177482,1508186.0
2017.0,GNQ,,,GNQ,GNQ,,,7809.10465655488,,2.86121631,1562396.0
2018.0,GNQ,,,GNQ,GNQ,,,8102.47084834031,,2.92214823,1616422.0
2019.0,GNQ,,,GNQ,GNQ,,,6804.14923073888,,3.27948833,1670177.0
2020.0,GNQ,,,GNQ,GNQ,,,5764.05502912947,,3.70560718,1716468.0
2021.0,GNQ,,,GNQ,GNQ,,,6945.63069794539,,3.5103004,1758786.0
2022.0,GNQ,,,GNQ,GNQ,,,7589.29964909381,,2.83726358,1803545.0
2023.0,GNQ,,,GNQ,GNQ,,,6788.35271638376,,3.49941635,1847549.0
2024.0,GNQ,,,GNQ,GNQ,,,7003.58055684906,,,1892516.0
1990.0,GAB,500.0,2000.0,GAB,GAB,1100.0,3400.0,6050.71468999523,,,983734.0
1991.0,GAB,500.0,2500.0,GAB,GAB,1400.0,4300.0,5345.0965303052,,,1010818.0
1992.0,GAB,510.0,3100.0,GAB,GAB,1900.0,5100.0,5385.68811745078,,,1038380.0
1993.0,GAB,660.0,3600.0,GAB,GAB,2300.0,5700.0,4105.98701339331,,,1066405.0
1994.0,GAB,840.0,4200.0,GAB,GAB,2700.0,6600.0,3828.21118114454,,,1094720.0
1995.0,GAB,1000.0,4800.0,GAB,GAB,3200.0,7300.0,4414.8755828572,,,1123213.0
1996.0,GAB,1300.0,4800.0,GAB,GAB,3200.0,7100.0,4942.67870027615,,,1152015.0
1997.0,GAB,1500.0,5000.0,GAB,GAB,3400.0,7100.0,4508.75340541142,,,1181439.0
1998.0,GAB,1800.0,4800.0,GAB,GAB,3500.0,6600.0,3699.99513906504,,,1211736.0
1999.0,GAB,2000.0,4500.0,GAB,GAB,3300.0,6000.0,3751.35318950625,,,1243016.0
2000.0,GAB,2300.0,4300.0,GAB,GAB,3200.0,5500.0,3982.906200928,0.0,2.90471101,1275572.0
2001.0,GAB,2500.0,4200.0,GAB,GAB,3300.0,5300.0,3835.75718279727,0.0,3.15198207,1309589.0
2002.0,GAB,2700.0,4100.0,GAB,GAB,3200.0,5000.0,3966.48001864663,1.0,3.32970691,1345135.0
2003.0,GAB,2800.0,3900.0,GAB,GAB,3100.0,4700.0,4710.74862768151,2.0,3.53648472,1382350.0
2004.0,GAB,2800.0,3700.0,GAB,GAB,3000.0,4600.0,5465.79193590708,5.0,3.36498594,1421609.0
2005.0,GAB,2500.0,3600.0,GAB,GAB,2900.0,4500.0,6547.87613955186,11.0,2.92175174,1463495.0
2006.0,GAB,2300.0,3500.0,GAB,GAB,2900.0,4500.0,6847.00985685394,12.0,3.14623928,1508337.0
2007.0,GAB,2400.0,3500.0,GAB,GAB,2800.0,4500.0,8003.54289696049,14.0,3.0834198,1556237.0
2008.0,GAB,2500.0,3300.0,GAB,GAB,2600.0,4200.0,9688.64519690633,17.0,2.84760666,1607175.0
2009.0,GAB,2500.0,3300.0,GAB,GAB,2600.0,4200.0,7290.57526093114,21.0,3.78076673,1661556.0
2010.0,GAB,2500.0,3200.0,GAB,GAB,2500.0,4200.0,8356.74662013345,23.0,2.47556901,1719879.0
2011.0,GAB,2400.0,3100.0,GAB,GAB,2300.0,4000.0,10219.1139339454,28.0,2.55771565,1781985.0
2012.0,GAB,2100.0,2900.0,GAB,GAB,2100.0,3900.0,9296.96587941088,33.0,2.42097569,1846889.0
2013.0,GAB,1900.0,2800.0,GAB,GAB,1900.0,3800.0,9197.70106323947,38.0,2.84087205,1913059.0
2014.0,GAB,1800.0,2700.0,GAB,GAB,1900.0,3800.0,9201.36276648105,40.0,2.53282261,1978399.0
2015.0,GAB,2000.0,2600.0,GAB,GAB,1800.0,3600.0,7047.12654634355,40.0,2.65743947,2040989.0
2016.0,GAB,2100.0,2400.0,GAB,GAB,1600.0,3500.0,6677.07003901644,41.0,3.1076982,2100306.0
2017.0,GAB,2300.0,2600.0,GAB,GAB,1700.0,3800.0,6921.73373135624,42.0,2.78068876,2156900.0
2018.0,GAB,2400.0,2500.0,GAB,GAB,1600.0,3900.0,7624.2775233771,42.0,2.75235105,2212318.0
2019.0,GAB,2400.0,2400.0,GAB,GAB,1400.0,3800.0,7441.1786472281,45.0,2.76837039,2267706.0
2020.0,GAB,2400.0,2200.0,GAB,GAB,1300.0,3700.0,6605.80346077904,45.0,3.4401269,2322539.0
2021.0,GAB,2300.0,2300.0,GAB,GAB,1300.0,3700.0,8181.40914134398,48.0,2.79254127,2376722.0
2022.0,GAB,2100.0,2000.0,GAB,GAB,1100.0,3700.0,8409.20741452279,54.0,2.89087176,2430747.0
2023.0,GAB,1900.0,2000.0,GAB,GAB,1100.0,3800.0,7802.82433276138,57.0,3.13430715,2484789.0
2024.0,GAB,1700.0,1700.0,GAB,GAB,840.0,3300.0,8230.04311451151,64.0,,2538952.0
1990.0,GMB,100.0,500.0,GMB,GMB,200.0,680.0,300.639895740381,,,1054696.0
1991.0,GMB,100.0,520.0,GMB,GMB,500.0,870.0,627.578919318827,,,1099959.0
1992.0,GMB,100.0,740.0,GMB,GMB,500.0,1200.0,623.485927783598,,,1145582.0
1993.0,GMB,200.0,960.0,GMB,GMB,590.0,1500.0,635.3611677282,,,1188365.0
1994.0,GMB,200.0,1200.0,GMB,GMB,800.0,1800.0,608.2774907808,,,1227226.0
1995.0,GMB,500.0,1500.0,GMB,GMB,1000.0,2100.0,621.681391269646,,,1264313.0
1996.0,GMB,500.0,1700.0,GMB,GMB,1200.0,2400.0,651.784945724837,,,1301410.0
1997.0,GMB,500.0,2000.0,GMB,GMB,1400.0,2800.0,600.224023405754,,,1338889.0
1998.0,GMB,500.0,2200.0,GMB,GMB,1600.0,3000.0,610.234711461724,,,1376987.0
1999.0,GMB,590.0,2300.0,GMB,GMB,1700.0,3100.0,575.459893151216,,,1415779.0
2000.0,GMB,700.0,2400.0,GMB,GMB,1800.0,3200.0,538.054072348854,0.0,10.78532791,1455084.0
2001.0,GMB,830.0,2400.0,GMB,GMB,1900.0,3200.0,459.803068381399,0.0,8.29925728,1495011.0
2002.0,GMB,950.0,2500.0,GMB,GMB,1900.0,3300.0,376.531026962584,0.0,6.2326026,1535691.0
2003.0,GMB,1100.0,2500.0,GMB,GMB,1900.0,3400.0,308.719123437587,0.0,5.29709053,1577611.0
2004.0,GMB,1200.0,2500.0,GMB,GMB,1900.0,3200.0,593.285346326581,0.0,5.42000151,1621312.0
2005.0,GMB,1300.0,2500.0,GMB,GMB,2000.0,3300.0,616.483657865348,2.0,5.386024,1667037.0
2006.0,GMB,1300.0,2500.0,GMB,GMB,2000.0,3400.0,614.544307904464,2.0,5.43720818,1715275.0
2007.0,GMB,1400.0,2500.0,GMB,GMB,2000.0,3300.0,724.726407242432,2.0,4.95501947,1765774.0
2008.0,GMB,1500.0,2500.0,GMB,GMB,1900.0,3300.0,859.127671411226,4.0,4.65938759,1817852.0
2009.0,GMB,1500.0,2400.0,GMB,GMB,1900.0,3300.0,774.888030908091,5.0,4.46430635,1871422.0
2010.0,GMB,1500.0,2300.0,GMB,GMB,1700.0,3100.0,801.033372714536,9.0,4.11944056,1926630.0
2011.0,GMB,1300.0,2200.0,GMB,GMB,1600.0,3000.0,710.608411468152,13.0,4.36967373,1983784.0
2012.0,GMB,1300.0,2200.0,GMB,GMB,1600.0,3000.0,692.579361628102,16.0,4.26872253,2043094.0
2013.0,GMB,1300.0,2100.0,GMB,GMB,1500.0,2900.0,653.862713272743,16.0,3.91374874,2103820.0
2014.0,GMB,1400.0,2100.0,GMB,GMB,1400.0,2800.0,568.00453558864,17.0,3.05234575,2164528.0
2015.0,GMB,1500.0,1900.0,GMB,GMB,1300.0,2700.0,619.536364296461,19.0,3.1761291,2224529.0
2016.0,GMB,1500.0,1900.0,GMB,GMB,1300.0,2600.0,650.056501323611,23.0,3.19523716,2283769.0
2017.0,GMB,1400.0,1700.0,GMB,GMB,1200.0,2400.0,642.522641296331,26.0,3.35449266,2342189.0
2018.0,GMB,1400.0,1600.0,GMB,GMB,1000.0,2300.0,696.219806960615,29.0,3.18501234,2399632.0
2019.0,GMB,1400.0,1600.0,GMB,GMB,1000.0,2300.0,738.186751987483,31.0,3.14534926,2456844.0
2020.0,GMB,1400.0,1500.0,GMB,GMB,980.0,2300.0,720.335143352133,32.0,4.01436949,2515733.0
2021.0,GMB,1400.0,1400.0,GMB,GMB,870.0,2100.0,781.890925169531,33.0,3.74321485,2576010.0
2022.0,GMB,1400.0,1300.0,GMB,GMB,750.0,2100.0,836.244875868476,38.0,3.53697729,2636470.0
2023.0,GMB,1300.0,1200.0,GMB,GMB,720.0,2100.0,883.024111978927,40.0,2.89250112,2697845.0
2024.0,GMB,1200.0,1100.0,GMB,GMB,620.0,2000.0,871.340287547821,44.0,,2759988.0
1990.0,GHA,4600.0,29000.0,GHA,GHA,19000.0,37000.0,382.54246368354,,,15394648.0
1991.0,GHA,6000.0,34000.0,GHA,GHA,25000.0,42000.0,418.254121349986,,,15787496.0
1992.0,GHA,7500.0,35000.0,GHA,GHA,28000.0,44000.0,396.426407640517,,,16184855.0
1993.0,GHA,9100.0,37000.0,GHA,GHA,32000.0,45000.0,359.800844097528,,,16589519.0
1994.0,GHA,11000.0,37000.0,GHA,GHA,32000.0,46000.0,320.50390343252,,,16993190.0
1995.0,GHA,13000.0,35000.0,GHA,GHA,30000.0,42000.0,371.537243033836,,,17399017.0
1996.0,GHA,14000.0,34000.0,GHA,GHA,29000.0,41000.0,389.271267898831,,,17810181.0
1997.0,GHA,16000.0,33000.0,GHA,GHA,28000.0,38000.0,377.841935501461,,,18238958.0
1998.0,GHA,18000.0,32000.0,GHA,GHA,27000.0,37000.0,400.366799508524,,,18688036.0
1999.0,GHA,19000.0,31000.0,GHA,GHA,27000.0,37000.0,403.037326127273,,,19149864.0
2000.0,GHA,21000.0,30000.0,GHA,GHA,26000.0,35000.0,253.746936203344,0.0,1.66343236,19637087.0
2001.0,GHA,22000.0,29000.0,GHA,GHA,25000.0,34000.0,263.542156494853,0.0,1.86866331,20167069.0
2002.0,GHA,23000.0,28000.0,GHA,GHA,24000.0,33000.0,297.46164468774,0.0,1.94694591,20729388.0
2003.0,GHA,24000.0,27000.0,GHA,GHA,23000.0,33000.0,358.39927142073,0.0,2.14935279,21296705.0
2004.0,GHA,25000.0,26000.0,GHA,GHA,22000.0,32000.0,406.132105329565,1.0,2.36955285,21868298.0
2005.0,GHA,25000.0,26000.0,GHA,GHA,22000.0,31000.0,478.611909191028,1.0,3.27344108,22449438.0
2006.0,GHA,24000.0,25000.0,GHA,GHA,21000.0,30000.0,906.441027564887,2.0,3.67208791,23040702.0
2007.0,GHA,23000.0,24000.0,GHA,GHA,20000.0,29000.0,1050.12461524926,4.0,3.70900321,23642279.0
2008.0,GHA,22000.0,23000.0,GHA,GHA,19000.0,29000.0,1182.65761256016,7.0,3.72533512,24249946.0
2009.0,GHA,21000.0,23000.0,GHA,GHA,19000.0,28000.0,1047.70430093586,10.0,4.17717743,24862664.0
2010.0,GHA,20000.0,22000.0,GHA,GHA,19000.0,28000.0,1263.89251760539,13.0,4.52302933,25474995.0
2011.0,GHA,18000.0,21000.0,GHA,GHA,17000.0,26000.0,1507.43573198753,19.0,4.46374655,26095088.0
2012.0,GHA,16000.0,21000.0,GHA,GHA,17000.0,26000.0,1543.77524235764,22.0,3.93023658,26734268.0
2013.0,GHA,16000.0,21000.0,GHA,GHA,17000.0,27000.0,2294.79584693743,24.0,4.59225416,27386193.0
2014.0,GHA,16000.0,21000.0,GHA,GHA,17000.0,26000.0,1949.90832923846,26.0,4.01644135,28041592.0
2015.0,GHA,16000.0,21000.0,GHA,GHA,17000.0,27000.0,1722.77282833606,26.0,4.54299259,28696068.0
2016.0,GHA,16000.0,20000.0,GHA,GHA,16000.0,26000.0,1912.47991339951,29.0,3.39035821,29356742.0
2017.0,GHA,16000.0,20000.0,GHA,GHA,16000.0,26000.0,2012.28662641265,32.0,2.68786979,30008354.0
2018.0,GHA,16000.0,19000.0,GHA,GHA,15000.0,26000.0,2195.32166016377,33.0,2.43001175,30637585.0
2019.0,GHA,16000.0,19000.0,GHA,GHA,14000.0,25000.0,2186.65822682613,34.0,3.25450468,31258945.0
2020.0,GHA,15000.0,19000.0,GHA,GHA,14000.0,27000.0,2195.45481659987,37.0,4.4331708,31887809.0
2021.0,GHA,14000.0,18000.0,GHA,GHA,13000.0,26000.0,2445.18662529344,40.0,3.86030865,32518665.0
2022.0,GHA,13000.0,17000.0,GHA,GHA,12000.0,26000.0,2229.89122654479,45.0,3.67459154,33149152.0
2023.0,GHA,13000.0,17000.0,GHA,GHA,11000.0,26000.0,2383.90410476221,45.0,2.94686937,33787914.0
2024.0,GHA,13000.0,15000.0,GHA,GHA,10000.0,25000.0,2419.2518672482,47.0,,34427414.0
1990.0,GIN,530.0,3500.0,GIN,GIN,1500.0,5400.0,604.304422702532,,,6434374.0
1991.0,GIN,700.0,4400.0,GIN,GIN,2100.0,6400.0,656.42373119518,,,6697166.0
1992.0,GIN,920.0,5400.0,GIN,GIN,2900.0,7700.0,692.647802662806,,,6914366.0
1993.0,GIN,1200.0,6500.0,GIN,GIN,3800.0,9100.0,670.741778229959,,,7128177.0
1994.0,GIN,1500.0,7400.0,GIN,GIN,4700.0,10000.0,671.576385058752,,,7345107.0
1995.0,GIN,1800.0,8400.0,GIN,GIN,5900.0,11000.0,713.031460558683,,,7553249.0
1996.0,GIN,2200.0,9500.0,GIN,GIN,7500.0,12000.0,726.025442583799,,,7770035.0
1997.0,GIN,2700.0,10000.0,GIN,GIN,8300.0,13000.0,695.58174225826,,,7931370.0
1998.0,GIN,3100.0,11000.0,GIN,GIN,8700.0,13000.0,647.379920832778,,,8081990.0
1999.0,GIN,3600.0,11000.0,GIN,GIN,9100.0,14000.0,610.614842942762,,,8265123.0
2000.0,GIN,4000.0,11000.0,GIN,GIN,9300.0,14000.0,518.157066924026,0.0,4.74101353,8428832.0
2001.0,GIN,4500.0,11000.0,GIN,GIN,9300.0,13000.0,483.085120214741,0.0,4.88433027,8539960.0
2002.0,GIN,4800.0,11000.0,GIN,GIN,9100.0,13000.0,495.916073559269,0.0,5.35653734,8674066.0
2003.0,GIN,5300.0,11000.0,GIN,GIN,9200.0,13000.0,566.48540588068,1.0,4.77216482,8870781.0
2004.0,GIN,5700.0,11000.0,GIN,GIN,8900.0,13000.0,584.897740538081,1.0,4.77632809,9062726.0
2005.0,GIN,5900.0,11000.0,GIN,GIN,9100.0,13000.0,463.17768685098,2.0,4.03452682,9245844.0
2006.0,GIN,5600.0,10000.0,GIN,GIN,9000.0,12000.0,446.980554135013,5.0,3.61526895,9441171.0
2007.0,GIN,5500.0,10000.0,GIN,GIN,8600.0,12000.0,650.148575304743,6.0,3.48262477,9662281.0
2008.0,GIN,5400.0,10000.0,GIN,GIN,8500.0,12000.0,703.532825784369,9.0,3.26561713,9898870.0
2009.0,GIN,4800.0,10000.0,GIN,GIN,8500.0,12000.0,662.185914665575,15.0,3.58146644,10143534.0
2010.0,GIN,4400.0,9800.0,GIN,GIN,8100.0,12000.0,659.235326211315,19.0,3.42781734,10396086.0
2011.0,GIN,4400.0,9200.0,GIN,GIN,7700.0,11000.0,636.694958747648,21.0,3.78955102,10656810.0
2012.0,GIN,4400.0,8900.0,GIN,GIN,7300.0,11000.0,699.353377212197,25.0,3.50398517,10921581.0
2013.0,GIN,4400.0,8100.0,GIN,GIN,6300.0,10000.0,748.455020824734,24.0,3.46108651,11191873.0
2014.0,GIN,5000.0,9500.0,GIN,GIN,7600.0,12000.0,765.146999389279,27.0,4.787992,11472924.0
2015.0,GIN,5200.0,9200.0,GIN,GIN,7400.0,12000.0,747.356966759448,28.0,5.80919266,11767070.0
2016.0,GIN,5500.0,8900.0,GIN,GIN,7200.0,11000.0,711.996509782316,30.0,5.39694929,12073030.0
2017.0,GIN,5600.0,8800.0,GIN,GIN,7000.0,11000.0,833.598621691121,33.0,3.91512728,12385659.0
2018.0,GIN,5700.0,8700.0,GIN,GIN,6700.0,11000.0,933.273615633705,34.0,3.73843002,12704774.0
2019.0,GIN,5400.0,7500.0,GIN,GIN,5500.0,10000.0,1031.34146480732,43.0,4.08876228,13034346.0
2020.0,GIN,4900.0,7000.0,GIN,GIN,4900.0,9700.0,1053.66097696415,48.0,3.90094519,13371183.0
2021.0,GIN,4400.0,6600.0,GIN,GIN,4400.0,9300.0,1244.96550477914,54.0,3.7175858,13710513.0
2022.0,GIN,4000.0,6000.0,GIN,GIN,3900.0,8700.0,1416.59612011764,62.0,3.83292699,14055137.0
2023.0,GIN,3700.0,5300.0,GIN,GIN,3200.0,8100.0,1555.49375806861,66.0,3.69442987,14405468.0
2024.0,GIN,3300.0,4700.0,GIN,GIN,2600.0,7400.0,1694.95375862185,74.0,,14754785.0
1990.0,GNB,100.0,500.0,GNB,GNB,500.0,660.0,651.337640650994,,,973669.0
1991.0,GNB,100.0,620.0,GNB,GNB,500.0,900.0,672.07387884966,,,994639.0
1992.0,GNB,100.0,870.0,GNB,GNB,580.0,1200.0,574.32110641811,,,1024356.0
1993.0,GNB,200.0,1200.0,GNB,GNB,820.0,1700.0,581.612681813953,,,1058745.0
1994.0,GNB,500.0,1800.0,GNB,GNB,1100.0,2300.0,560.883422537973,,,1092031.0
1995.0,GNB,500.0,2500.0,GNB,GNB,1700.0,3100.0,589.487023081945,,,1119949.0
1996.0,GNB,500.0,3400.0,GNB,GNB,2400.0,4200.0,614.729892454585,,,1143535.0
1997.0,GNB,560.0,4300.0,GNB,GNB,3200.0,5200.0,598.953470198484,,,1165545.0
1998.0,GNB,750.0,5100.0,GNB,GNB,4100.0,6200.0,497.724279563733,,,1187473.0
1999.0,GNB,970.0,5500.0,GNB,GNB,4600.0,6500.0,478.733190989909,,,1210206.0
2000.0,GNB,1200.0,5600.0,GNB,GNB,4700.0,6700.0,316.945495037639,0.0,4.18953228,1234741.0
2001.0,GNB,1500.0,5100.0,GNB,GNB,4300.0,6200.0,327.138431972397,0.0,4.12891531,1261273.0
2002.0,GNB,1700.0,4600.0,GNB,GNB,3900.0,5600.0,362.034574570354,0.0,3.87280011,1289307.0
2003.0,GNB,1900.0,4200.0,GNB,GNB,3500.0,5000.0,419.78486611807,0.0,3.50201416,1318806.0
2004.0,GNB,2200.0,3800.0,GNB,GNB,3200.0,4500.0,431.376557669634,0.0,4.27070189,1349563.0
2005.0,GNB,2400.0,3500.0,GNB,GNB,3000.0,4300.0,463.073962650452,0.0,4.53462505,1381585.0
2006.0,GNB,2500.0,3400.0,GNB,GNB,2900.0,4100.0,448.513075469701,1.0,5.07826185,1415303.0
2007.0,GNB,2600.0,3400.0,GNB,GNB,2800.0,4000.0,519.069789794741,2.0,4.92573404,1450986.0
2008.0,GNB,2500.0,3200.0,GNB,GNB,2700.0,3900.0,640.210331101753,5.0,5.35239792,1488054.0
2009.0,GNB,2400.0,3100.0,GNB,GNB,2500.0,3700.0,583.190020139094,8.0,4.61063194,1526377.0
2010.0,GNB,2400.0,2900.0,GNB,GNB,2300.0,3400.0,600.194298540768,10.0,4.87133694,1566347.0
2011.0,GNB,2300.0,2600.0,GNB,GNB,2100.0,3200.0,719.539573498937,13.0,6.21634817,1608076.0
2012.0,GNB,2200.0,2400.0,GNB,GNB,1900.0,2900.0,635.461653303881,17.0,5.94134808,1651417.0
2013.0,GNB,2100.0,2100.0,GNB,GNB,1600.0,2700.0,654.304534409417,18.0,7.03943443,1695973.0
2014.0,GNB,2000.0,1800.0,GNB,GNB,1300.0,2400.0,652.022501029449,22.0,9.96897411,1741122.0
2015.0,GNB,1900.0,1800.0,GNB,GNB,1200.0,2300.0,645.066837207039,26.0,8.13228226,1786457.0
2016.0,GNB,1800.0,1700.0,GNB,GNB,1200.0,2200.0,679.665386626818,32.0,8.32881451,1831893.0
2017.0,GNB,1800.0,1600.0,GNB,GNB,1100.0,2100.0,783.123186602022,33.0,7.00049543,1877072.0
2018.0,GNB,1700.0,1600.0,GNB,GNB,1100.0,2100.0,808.531613218504,42.0,7.28164959,1922168.0
2019.0,GNB,1500.0,1400.0,GNB,GNB,930.0,1900.0,811.210004050041,47.0,7.14602089,1967696.0
2020.0,GNB,1400.0,1300.0,GNB,GNB,850.0,1800.0,846.918134967613,51.0,8.98898792,2013255.0
2021.0,GNB,1300.0,1300.0,GNB,GNB,840.0,1800.0,926.54619187706,57.0,8.39794922,2058841.0
2022.0,GNB,1100.0,1100.0,GNB,GNB,710.0,1700.0,881.602654162231,64.0,8.33752728,2105529.0
2023.0,GNB,1000.0,1100.0,GNB,GNB,660.0,1600.0,964.431832665395,65.0,8.82204819,2153339.0
2024.0,GNB,950.0,880.0,GNB,GNB,530.0,1400.0,998.376093392688,79.0,,2201352.0
1990.0,LBR,1100.0,,LBR,LBR,,,172.867610123278,,,2223667.0
1991.0,LBR,1000.0,,LBR,LBR,,,177.867006590279,,,1956518.0
1992.0,LBR,1400.0,,LBR,LBR,,,107.842801384441,,,2072461.0
1993.0,LBR,1700.0,,LBR,LBR,,,74.4272028642409,,,2155126.0
1994.0,LBR,2000.0,,LBR,LBR,,,61.490431307467,,,2149928.0
1995.0,LBR,2200.0,,LBR,LBR,,,62.1438140627579,,,2169162.0
1996.0,LBR,2500.0,,LBR,LBR,,,71.4065248720036,,,2232289.0
1997.0,LBR,2700.0,,LBR,LBR,,,122.627993745516,,,2412989.0
1998.0,LBR,3300.0,,LBR,LBR,,,134.675393352518,,,2670124.0
1999.0,LBR,3700.0,,LBR,LBR,,,156.573166945696,,,2821684.0
2000.0,LBR,3900.0,,LBR,LBR,,,298.485340578945,0.0,2.69215393,2928117.0
2001.0,LBR,4100.0,,LBR,LBR,,,300.463828598983,0.0,2.15581036,3015338.0
2002.0,LBR,4200.0,,LBR,LBR,,,299.536445539621,0.0,2.16462922,3094782.0
2003.0,LBR,4300.0,,LBR,LBR,,,239.779556677091,0.0,2.51847482,3119532.0
2004.0,LBR,4200.0,,LBR,LBR,,,284.140223992458,0.0,5.90509653,3156892.0
2005.0,LBR,4200.0,,LBR,LBR,,,287.487333441381,0.0,6.69497347,3301015.0
2006.0,LBR,4100.0,,LBR,LBR,,,320.55808618515,2.0,5.77426577,3490787.0
2007.0,LBR,4000.0,,LBR,LBR,,,374.211308104278,3.0,4.32884932,3669050.0
2008.0,LBR,3900.0,,LBR,LBR,,,451.713856283285,4.0,5.99615717,3821003.0
2009.0,LBR,3700.0,,LBR,LBR,,,448.386367025545,7.0,8.98514843,3943028.0
2010.0,LBR,3400.0,,LBR,LBR,,,492.252808033724,10.0,8.43860245,4058890.0
2011.0,LBR,3100.0,,LBR,LBR,,,568.087865520004,13.0,8.58399582,4221178.0
2012.0,LBR,3200.0,,LBR,LBR,,,638.368751462083,12.0,7.62987185,4373043.0
2013.0,LBR,3100.0,,LBR,LBR,,,710.744570927863,15.0,7.15610409,4470239.0
2014.0,LBR,3000.0,,LBR,LBR,,,706.714490064507,16.0,8.09817886,4564293.0
2015.0,LBR,2900.0,,LBR,LBR,,,692.590082351257,18.0,10.38244438,4659431.0
2016.0,LBR,2800.0,,LBR,LBR,,,714.613063145659,20.0,9.88514519,4755608.0
2017.0,LBR,2400.0,,LBR,LBR,,,699.269095727404,30.0,9.91087437,4848925.0
2018.0,LBR,2000.0,,LBR,LBR,,,692.203127129794,36.0,10.43527889,4944726.0
2019.0,LBR,1700.0,,LBR,LBR,,,658.164180770507,41.0,8.38325977,5043721.0
2020.0,LBR,1600.0,,LBR,LBR,,,616.787867006715,49.0,12.90504265,5149463.0
2021.0,LBR,1300.0,,LBR,LBR,,,667.96610514319,57.0,13.27175999,5259323.0
2022.0,LBR,1200.0,,LBR,LBR,,,744.617175237387,67.0,13.58819675,5373294.0
2023.0,LBR,990.0,,LBR,LBR,,,799.194470229642,73.0,13.00574875,5493031.0
2024.0,LBR,900.0,,LBR,LBR,,,851.497723870206,86.0,,5612817.0
1990.0,MLI,2000.0,12000.0,MLI,MLI,7200.0,18000.0,353.903252431339,,,9178830.0
1991.0,MLI,2500.0,14000.0,MLI,MLI,9300.0,20000.0,381.993534663018,,,9362888.0
1992.0,MLI,3100.0,14000.0,MLI,MLI,11000.0,19000.0,385.278654501558,,,9553540.0
1993.0,MLI,3700.0,14000.0,MLI,MLI,11000.0,18000.0,372.412257638931,,,9754786.0
1994.0,MLI,4300.0,14000.0,MLI,MLI,12000.0,18000.0,266.455340175594,,,9967031.0
1995.0,MLI,4900.0,14000.0,MLI,MLI,11000.0,17000.0,331.193112418678,,,10185365.0
1996.0,MLI,5500.0,13000.0,MLI,MLI,11000.0,16000.0,359.662096056414,,,10407278.0
1997.0,MLI,6000.0,12000.0,MLI,MLI,10000.0,15000.0,320.751522972854,,,10646495.0
1998.0,MLI,6500.0,11000.0,MLI,MLI,9500.0,14000.0,356.64704402466,,,10919573.0
1999.0,MLI,7000.0,11000.0,MLI,MLI,9400.0,14000.0,364.415678421892,,,11227415.0
2000.0,MLI,7500.0,11000.0,MLI,MLI,9200.0,13000.0,304.652870189314,0.0,5.4663372,11559290.0
2001.0,MLI,7900.0,10000.0,MLI,MLI,8700.0,12000.0,346.224554248587,0.0,4.51952076,11912158.0
2002.0,MLI,8200.0,10000.0,MLI,MLI,8600.0,13000.0,378.191678628068,0.0,4.99775982,12288050.0
2003.0,MLI,8300.0,9400.0,MLI,MLI,8000.0,12000.0,441.910358475171,1.0,5.05061436,12684955.0
2004.0,MLI,8100.0,9400.0,MLI,MLI,8000.0,12000.0,495.006294675661,3.0,5.21768713,13102409.0
2005.0,MLI,8100.0,9700.0,MLI,MLI,8100.0,12000.0,548.730382848879,3.0,5.19517279,13538647.0
2006.0,MLI,7600.0,9400.0,MLI,MLI,7900.0,12000.0,586.985415512593,7.0,5.4559021,13990139.0
2007.0,MLI,6600.0,9100.0,MLI,MLI,7800.0,12000.0,670.853394978069,11.0,5.2530427,14457775.0
2008.0,MLI,6100.0,9100.0,MLI,MLI,7700.0,12000.0,767.194838946144,15.0,5.02688074,14940782.0
2009.0,MLI,5800.0,8400.0,MLI,MLI,6900.0,11000.0,787.48256428259,18.0,5.21225691,15435539.0
2010.0,MLI,5500.0,7800.0,MLI,MLI,6400.0,11000.0,797.151541141189,21.0,4.67867136,15945198.0
2011.0,MLI,5200.0,7400.0,MLI,MLI,5800.0,10000.0,938.292902579598,25.0,4.01485014,16469049.0
2012.0,MLI,5200.0,6700.0,MLI,MLI,5300.0,9400.0,872.506092463946,25.0,3.7521801,16957033.0
2013.0,MLI,5600.0,7500.0,MLI,MLI,5900.0,10000.0,901.920957649814,25.0,3.96408582,17459615.0
2014.0,MLI,5800.0,6900.0,MLI,MLI,5500.0,9400.0,947.915033293219,27.0,4.48158312,18020267.0
2015.0,MLI,5600.0,6700.0,MLI,MLI,5100.0,9000.0,838.11986940103,30.0,4.11143351,18593022.0
2016.0,MLI,5400.0,6500.0,MLI,MLI,5100.0,8800.0,872.468587171653,33.0,3.77377558,19191289.0
2017.0,MLI,5300.0,6200.0,MLI,MLI,4700.0,8500.0,924.057531692284,36.0,3.67425752,19813011.0
2018.0,MLI,5100.0,6100.0,MLI,MLI,4600.0,8400.0,996.379292136901,40.0,3.73251104,20442030.0
2019.0,MLI,5100.0,5700.0,MLI,MLI,4300.0,8100.0,971.949318638092,39.0,3.82943797,21068405.0
2020.0,MLI,4900.0,5300.0,MLI,MLI,3900.0,7600.0,953.242943290974,47.0,3.50623369,21713836.0
2021.0,MLI,4500.0,5100.0,MLI,MLI,3600.0,7300.0,1027.27345365357,47.0,3.54318666,22388630.0
2022.0,MLI,4400.0,4800.0,MLI,MLI,3300.0,7000.0,976.914116406452,54.0,3.72170115,23072640.0
2023.0,MLI,3800.0,4300.0,MLI,MLI,3000.0,6400.0,1042.44223444837,62.0,3.81316996,23769127.0
2024.0,MLI,3200.0,4000.0,MLI,MLI,2900.0,6200.0,1093.2523323649,68.0,,24478595.0
1990.0,MRT,100.0,520.0,MRT,MRT,500.0,910.0,772.033092140219,,,1951878.0
1991.0,MRT,200.0,640.0,MRT,MRT,500.0,950.0,1061.67704285264,,,2009738.0
1992.0,MRT,200.0,760.0,MRT,MRT,560.0,1100.0,1036.47437808576,,,2088135.0
1993.0,MRT,200.0,890.0,MRT,MRT,650.0,1200.0,849.620301696661,,,2174328.0
1994.0,MRT,500.0,1100.0,MRT,MRT,790.0,1400.0,864.599478365453,,,2249454.0
1995.0,MRT,500.0,1200.0,MRT,MRT,910.0,1500.0,904.719170071042,,,2312017.0
1996.0,MRT,500.0,1300.0,MRT,MRT,1000.0,1600.0,904.120879798142,,,2358188.0
1997.0,MRT,500.0,1400.0,MRT,MRT,1100.0,1700.0,859.28395817576,,,2411306.0
1998.0,MRT,500.0,1500.0,MRT,MRT,1200.0,1700.0,821.266378551937,,,2474651.0
1999.0,MRT,520.0,1500.0,MRT,MRT,1200.0,1700.0,781.337033563197,,,2541698.0
2000.0,MRT,590.0,1400.0,MRT,MRT,1200.0,1700.0,680.911061879778,0.0,3.37824655,2613441.0
2001.0,MRT,660.0,1400.0,MRT,MRT,1200.0,1600.0,651.817840199777,0.0,3.5718379,2678760.0
2002.0,MRT,710.0,1300.0,MRT,MRT,1100.0,1500.0,648.879643934862,0.0,4.00224972,2738655.0
2003.0,MRT,760.0,1200.0,MRT,MRT,970.0,1400.0,732.017820812675,0.0,4.03254652,2802046.0
2004.0,MRT,800.0,1000.0,MRT,MRT,850.0,1300.0,823.554457141893,1.0,3.70429492,2868664.0
2005.0,MRT,790.0,910.0,MRT,MRT,720.0,1100.0,998.96583416747,2.0,3.40312648,2939059.0
2006.0,MRT,750.0,790.0,MRT,MRT,600.0,1000.0,1300.60367988659,5.0,2.70252752,3013660.0
2007.0,MRT,700.0,640.0,MRT,MRT,500.0,850.0,1405.15016203368,8.0,2.87644005,3093059.0
2008.0,MRT,670.0,520.0,MRT,MRT,500.0,720.0,1635.5630623124,11.0,3.01338983,3183269.0
2009.0,MRT,640.0,500.0,MRT,MRT,500.0,580.0,1435.43010811893,14.0,3.11034036,3284448.0
2010.0,MRT,630.0,500.0,MRT,MRT,200.0,520.0,1659.96369705455,17.0,2.63618922,3390965.0
2011.0,MRT,630.0,500.0,MRT,MRT,200.0,500.0,1931.19975525465,19.0,2.47383666,3502811.0
2012.0,MRT,630.0,500.0,MRT,MRT,200.0,500.0,1859.11733247641,21.0,2.64919329,3619034.0
2013.0,MRT,620.0,500.0,MRT,MRT,200.0,500.0,1936.26950446101,26.0,2.86799884,3734318.0
2014.0,MRT,570.0,200.0,MRT,MRT,100.0,500.0,1718.97089374709,28.0,3.46724391,3848514.0
2015.0,MRT,530.0,200.0,MRT,MRT,100.0,500.0,1558.84205473416,33.0,3.67363763,3965959.0
2016.0,MRT,500.0,500.0,MRT,MRT,200.0,500.0,1568.00551190332,36.0,3.18699503,4086657.0
2017.0,MRT,500.0,500.0,MRT,MRT,200.0,500.0,1617.93401542267,44.0,3.41947556,4210600.0
2018.0,MRT,500.0,200.0,MRT,MRT,100.0,500.0,1723.37809442655,45.0,2.88362551,4337685.0
2019.0,MRT,500.0,200.0,MRT,MRT,100.0,500.0,1767.072710621,51.0,3.09176588,4467708.0
2020.0,MRT,500.0,200.0,MRT,MRT,100.0,500.0,1795.72437324423,54.0,3.00147843,4600131.0
2021.0,MRT,500.0,200.0,MRT,MRT,100.0,500.0,1947.47413907209,59.0,3.78022528,4734874.0
2022.0,MRT,500.0,500.0,MRT,MRT,100.0,500.0,1961.28166648869,62.0,4.66962671,4875637.0
2023.0,MRT,500.0,200.0,MRT,MRT,200.0,500.0,2127.9576285973,70.0,4.34333467,5022441.0
2024.0,MRT,200.0,200.0,MRT,MRT,200.0,500.0,2104.54260769051,76.0,,5169395.0
1990.0,NER,500.0,3900.0,NER,NER,2900.0,5200.0,423.887460599302,,,8286059.0
1991.0,NER,590.0,4900.0,NER,NER,3700.0,6100.0,384.44311679922,,,8546900.0
1992.0,NER,830.0,5500.0,NER,NER,4300.0,6800.0,384.029657304316,,,8817633.0
1993.0,NER,1100.0,6200.0,NER,NER,5000.0,7500.0,335.429581902384,,,9100789.0
1994.0,NER,1500.0,6800.0,NER,NER,5400.0,8200.0,206.214617135856,,,9398258.0
1995.0,NER,1800.0,6800.0,NER,NER,5600.0,8400.0,237.01998956862,,,9714529.0
1996.0,NER,2200.0,6500.0,NER,NER,5400.0,7700.0,239.494513213973,,,10044852.0
1997.0,NER,2600.0,6200.0,NER,NER,5300.0,7400.0,220.562957209,,,10383969.0
1998.0,NER,2900.0,5900.0,NER,NER,5100.0,6900.0,246.090855923026,,,10741413.0
1999.0,NER,3200.0,5300.0,NER,NER,4600.0,6200.0,228.271656116064,,,11117411.0
2000.0,NER,3500.0,4900.0,NER,NER,4300.0,5800.0,194.771959898935,0.0,4.65891504,11509630.0
2001.0,NER,3700.0,4600.0,NER,NER,4000.0,5400.0,205.417936120931,0.0,4.72659349,11920647.0
2002.0,NER,3900.0,4200.0,NER,NER,3600.0,4900.0,225.294391147438,0.0,4.82717037,12349144.0
2003.0,NER,4000.0,4000.0,NER,NER,3400.0,4600.0,265.225363452469,0.0,4.74740648,12796984.0
2004.0,NER,4100.0,3800.0,NER,NER,3300.0,4500.0,283.468281798296,0.0,4.97818327,13265836.0
2005.0,NER,4000.0,3400.0,NER,NER,2800.0,4000.0,318.643121918273,2.0,5.87749624,13756192.0
2006.0,NER,3700.0,3000.0,NER,NER,2600.0,3600.0,333.345078419447,4.0,5.99335575,14268581.0
2007.0,NER,3500.0,2700.0,NER,NER,2300.0,3200.0,387.168065883301,6.0,5.43105888,14803610.0
2008.0,NER,3400.0,2500.0,NER,NER,2100.0,3000.0,475.044955398162,7.0,5.24640608,15361915.0
2009.0,NER,2800.0,2000.0,NER,NER,1700.0,2600.0,461.131533961487,17.0,5.33850145,15943675.0
2010.0,NER,2200.0,1300.0,NER,NER,940.0,1900.0,474.425692340831,19.0,4.96100473,16548835.0
2011.0,NER,2000.0,1400.0,NER,NER,1000.0,1900.0,510.75956176268,26.0,4.87323856,17176283.0
2012.0,NER,1800.0,1300.0,NER,NER,990.0,1800.0,528.510104469655,31.0,4.30732679,17836769.0
2013.0,NER,1800.0,1300.0,NER,NER,950.0,1700.0,552.103334363117,34.0,4.46636009,18519898.0
2014.0,NER,1800.0,1200.0,NER,NER,890.0,1700.0,565.30989731175,33.0,4.45377159,19215909.0
2015.0,NER,1900.0,1400.0,NER,NER,1100.0,1800.0,485.662574175279,38.0,5.34745932,19939498.0
2016.0,NER,1700.0,1200.0,NER,NER,830.0,1500.0,499.910520068193,44.0,4.53239059,20685753.0
2017.0,NER,1500.0,1300.0,NER,NER,1000.0,1700.0,529.929418934868,53.0,5.57609606,21435446.0
2018.0,NER,1400.0,1400.0,NER,NER,1100.0,1700.0,576.927536415462,61.0,5.30310822,22188069.0
2019.0,NER,1200.0,1400.0,NER,NER,1100.0,1700.0,541.265819870273,63.0,5.66642094,22947757.0
2020.0,NER,1200.0,1400.0,NER,NER,1100.0,1800.0,575.451340306915,66.0,6.17012262,23717613.0
2021.0,NER,1200.0,1400.0,NER,NER,1100.0,1800.0,609.585703670137,68.0,5.81452751,24502140.0
2022.0,NER,1100.0,1200.0,NER,NER,980.0,1700.0,613.614736429298,69.0,4.34980488,25311973.0
2023.0,NER,1000.0,1200.0,NER,NER,930.0,1600.0,647.930108509567,69.0,4.04895782,26159867.0
2024.0,NER,980.0,1200.0,NER,NER,880.0,1600.0,729.856664168989,66.0,,27032412.0
1990.0,NGA,22000.0,130000.0,NGA,NGA,110000.0,160000.0,556.376449130902,,,97120925.0
1991.0,NGA,28000.0,150000.0,NGA,NGA,130000.0,180000.0,596.938795710722,,,99720162.0
1992.0,NGA,36000.0,170000.0,NGA,NGA,150000.0,200000.0,508.515905682785,,,102372770.0
1993.0,NGA,44000.0,190000.0,NGA,NGA,160000.0,220000.0,539.573202297542,,,105122069.0
1994.0,NGA,53000.0,200000.0,NGA,NGA,170000.0,230000.0,744.884247151377,,,107935714.0
1995.0,NGA,63000.0,200000.0,NGA,NGA,180000.0,240000.0,1271.61617353199,,,110819428.0
1996.0,NGA,73000.0,210000.0,NGA,NGA,190000.0,240000.0,1632.72469370276,,,113754779.0
1997.0,NGA,83000.0,210000.0,NGA,NGA,190000.0,240000.0,1720.27540949396,,,116754792.0
1998.0,NGA,93000.0,210000.0,NGA,NGA,190000.0,240000.0,1822.46998452473,,,119846254.0
1999.0,NGA,100000.0,200000.0,NGA,NGA,180000.0,230000.0,480.669363941805,,,123047320.0
2000.0,NGA,110000.0,200000.0,NGA,NGA,180000.0,230000.0,547.318298903379,0.0,3.1973834,126382494.0
2001.0,NGA,120000.0,190000.0,NGA,NGA,170000.0,220000.0,566.428231812933,0.0,3.18946862,129862595.0
2002.0,NGA,130000.0,190000.0,NGA,NGA,170000.0,220000.0,712.164852077686,1.0,2.49063969,133471989.0
2003.0,NGA,130000.0,180000.0,NGA,NGA,170000.0,210000.0,763.388745367223,1.0,5.05360985,137202644.0
2004.0,NGA,140000.0,180000.0,NGA,NGA,160000.0,210000.0,962.48104194733,2.0,4.63368416,141057045.0
2005.0,NGA,130000.0,170000.0,NGA,NGA,160000.0,200000.0,1211.37703504386,3.0,4.46591949,145017253.0
2006.0,NGA,130000.0,170000.0,NGA,NGA,150000.0,200000.0,1599.53891556365,7.0,4.25775146,149077334.0
2007.0,NGA,120000.0,160000.0,NGA,NGA,150000.0,190000.0,1815.52697545827,7.0,3.90997243,153267261.0
2008.0,NGA,110000.0,160000.0,NGA,NGA,140000.0,190000.0,2154.10543545364,12.0,3.69581532,157595014.0
2009.0,NGA,100000.0,150000.0,NGA,NGA,130000.0,180000.0,1820.48633854782,16.0,3.5801971,162049464.0
2010.0,NGA,100000.0,150000.0,NGA,NGA,130000.0,170000.0,2202.25672957344,18.0,3.29653287,166642886.0
2011.0,NGA,100000.0,140000.0,NGA,NGA,130000.0,170000.0,2418.41316975875,20.0,3.32077932,171379598.0
2012.0,NGA,97000.0,130000.0,NGA,NGA,120000.0,160000.0,2633.19734671361,26.0,3.35984254,176200625.0
2013.0,NGA,87000.0,120000.0,NGA,NGA,100000.0,150000.0,2872.79083379398,31.0,3.4206934,181049443.0
2014.0,NGA,80000.0,110000.0,NGA,NGA,97000.0,140000.0,3088.72131316169,35.0,3.34840417,185896915.0
2015.0,NGA,77000.0,110000.0,NGA,NGA,94000.0,140000.0,2585.73360671797,38.0,3.58194995,190671878.0
2016.0,NGA,74000.0,100000.0,NGA,NGA,85000.0,130000.0,2070.4127339595,43.0,3.64773679,195443700.0
2017.0,NGA,71000.0,96000.0,NGA,NGA,78000.0,120000.0,1876.34027111773,46.0,3.74762511,200254579.0
2018.0,NGA,73000.0,93000.0,NGA,NGA,76000.0,120000.0,2057.87944554011,47.0,3.09069347,204938755.0
2019.0,NGA,72000.0,87000.0,NGA,NGA,70000.0,110000.0,3189.81286496183,53.0,2.98547053,209485641.0
2020.0,NGA,64000.0,78000.0,NGA,NGA,62000.0,100000.0,2797.184580679,59.0,3.38063431,213996181.0
2021.0,NGA,57000.0,72000.0,NGA,NGA,57000.0,95000.0,2787.48779220991,65.0,4.07625723,218529286.0
2022.0,NGA,51000.0,63000.0,NGA,NGA,48000.0,84000.0,2899.16047469267,71.0,4.21020174,223150896.0
2023.0,NGA,46000.0,59000.0,NGA,NGA,45000.0,77000.0,2138.76383718757,77.0,4.19086456,227882945.0
2024.0,NGA,42000.0,48000.0,NGA,NGA,35000.0,66000.0,1084.16041805058,83.0,,232679478.0
1990.0,SEN,500.0,1600.0,SEN,SEN,1500.0,1700.0,957.314337438177,,,7720523.0
1991.0,SEN,500.0,2000.0,SEN,SEN,1900.0,2200.0,913.399575796737,,,7943085.0
1992.0,SEN,500.0,2600.0,SEN,SEN,2500.0,2800.0,951.204960087807,,,8168395.0
1993.0,SEN,590.0,3100.0,SEN,SEN,2900.0,3400.0,877.52900343803,,,8396288.0
1994.0,SEN,730.0,3600.0,SEN,SEN,3400.0,3900.0,583.782776032181,,,8624078.0
1995.0,SEN,900.0,4300.0,SEN,SEN,4000.0,4600.0,714.994396357297,,,8848101.0
1996.0,SEN,1100.0,4900.0,SEN,SEN,4700.0,5400.0,723.469950081149,,,9067014.0
1997.0,SEN,1300.0,5700.0,SEN,SEN,5500.0,6300.0,650.776321407448,,,9283495.0
1998.0,SEN,1600.0,6300.0,SEN,SEN,6000.0,6900.0,684.588105785786,,,9502952.0
1999.0,SEN,1900.0,6700.0,SEN,SEN,6400.0,7300.0,677.516338727268,,,9730887.0
2000.0,SEN,2200.0,6600.0,SEN,SEN,6300.0,7200.0,603.233162455158,0.0,3.55015373,9968260.0
2001.0,SEN,2400.0,5900.0,SEN,SEN,5700.0,6500.0,637.213530563724,0.0,3.68148756,10212942.0
2002.0,SEN,2700.0,5200.0,SEN,SEN,5000.0,5700.0,669.430447319209,0.0,3.95294404,10466214.0
2003.0,SEN,3000.0,4500.0,SEN,SEN,4300.0,4900.0,817.888034221442,0.0,4.29703569,10721176.0
2004.0,SEN,3200.0,3900.0,SEN,SEN,3700.0,4300.0,918.102079522155,0.0,4.56856203,10975704.0
2005.0,SEN,3400.0,3500.0,SEN,SEN,3300.0,3900.0,979.846101520171,0.0,3.67466521,11235472.0
2006.0,SEN,3500.0,3300.0,SEN,SEN,3100.0,3600.0,1017.20196747987,1.0,3.76337624,11500094.0
2007.0,SEN,2600.0,2800.0,SEN,SEN,2600.0,3100.0,1188.93877808175,18.0,3.41496587,11770344.0
2008.0,SEN,1900.0,2300.0,SEN,SEN,2200.0,2600.0,1398.79218010021,21.0,3.50687575,12048959.0
2009.0,SEN,1700.0,2200.0,SEN,SEN,2100.0,2500.0,1308.69404336205,25.0,3.841573,12337389.0
2010.0,SEN,1700.0,2200.0,SEN,SEN,2000.0,2500.0,1275.88357492357,28.0,4.02764368,12635413.0
2011.0,SEN,1800.0,2100.0,SEN,SEN,1900.0,2400.0,1374.67591873844,31.0,4.21416712,12958897.0
2012.0,SEN,1900.0,1900.0,SEN,SEN,1700.0,2200.0,1326.83798848379,29.0,4.26688004,13310495.0
2013.0,SEN,1900.0,1600.0,SEN,SEN,1400.0,1900.0,1379.83196553924,33.0,4.38573599,13710849.0
2014.0,SEN,1900.0,1600.0,SEN,SEN,1400.0,1900.0,1398.89137601382,40.0,4.38962269,14152102.0
2015.0,SEN,1700.0,1500.0,SEN,SEN,1300.0,1800.0,1218.00613555438,46.0,4.37789631,14593331.0
2016.0,SEN,1600.0,1600.0,SEN,SEN,1400.0,1900.0,1266.43957151587,53.0,4.25606871,15034521.0
2017.0,SEN,1500.0,1600.0,SEN,SEN,1500.0,1900.0,1354.77007193387,58.0,4.16359377,15475002.0
2018.0,SEN,1300.0,1700.0,SEN,SEN,1600.0,2000.0,1452.55612562445,66.0,4.43182087,15914498.0
2019.0,SEN,1200.0,1700.0,SEN,SEN,1600.0,2000.0,1431.18128932159,71.0,4.49531031,16352922.0
2020.0,SEN,1100.0,1900.0,SEN,SEN,1700.0,2100.0,1461.08720350553,74.0,5.15119171,16789219.0
2021.0,SEN,1000.0,2300.0,SEN,SEN,2100.0,2600.0,1598.10676952274,75.0,4.44256258,17220867.0
2022.0,SEN,980.0,3100.0,SEN,SEN,3000.0,3500.0,1574.0281059306,76.0,4.0444808,17651103.0
2023.0,SEN,970.0,3100.0,SEN,SEN,2900.0,3400.0,1698.03387300843,77.0,4.32314825,18077573.0
2024.0,SEN,970.0,3000.0,SEN,SEN,2800.0,3400.0,1738.73223822106,79.0,,18501984.0
1990.0,SLE,680.0,3900.0,SLE,SLE,2200.0,5800.0,154.794072467618,,,4196828.0
1991.0,SLE,900.0,4600.0,SLE,SLE,2800.0,6600.0,183.686515027567,,,4246267.0
1992.0,SLE,1100.0,4900.0,SLE,SLE,3100.0,6900.0,163.197571684381,,,4166366.0
1993.0,SLE,1300.0,5400.0,SLE,SLE,3800.0,7400.0,184.951609154872,,,4157130.0
1994.0,SLE,1500.0,5800.0,SLE,SLE,4200.0,7600.0,218.507275126222,,,4173105.0
1995.0,SLE,1700.0,5900.0,SLE,SLE,4500.0,7500.0,208.351997250955,,,4179179.0
1996.0,SLE,2000.0,6000.0,SLE,SLE,4900.0,7700.0,224.258711163044,,,4199210.0
1997.0,SLE,2200.0,6200.0,SLE,SLE,5100.0,7800.0,199.880001395777,,,4253716.0
1998.0,SLE,2500.0,6200.0,SLE,SLE,5200.0,7700.0,156.51811883387,,,4295785.0
1999.0,SLE,2700.0,6100.0,SLE,SLE,5200.0,7600.0,155.020833269007,,,4318043.0
2000.0,SLE,2900.0,6000.0,SLE,SLE,5100.0,7300.0,143.743743239644,0.0,5.29086494,4423611.0
2001.0,SLE,3300.0,6100.0,SLE,SLE,5200.0,7400.0,358.315716051546,0.0,5.22183514,4692716.0
2002.0,SLE,3700.0,6400.0,SLE,SLE,5500.0,7700.0,388.995111216836,0.0,5.55388832,4971435.0
2003.0,SLE,4000.0,6400.0,SLE,SLE,5500.0,7600.0,413.817607346927,0.0,5.06219816,5177687.0
2004.0,SLE,4200.0,6500.0,SLE,SLE,5500.0,7700.0,417.749983329227,0.0,5.23798943,5355717.0
2005.0,SLE,4400.0,6400.0,SLE,SLE,5500.0,7500.0,462.633324427945,1.0,5.23005009,5501712.0
2006.0,SLE,4500.0,6400.0,SLE,SLE,5500.0,7600.0,580.26796974773,1.0,5.29913139,5624466.0
2007.0,SLE,4500.0,6400.0,SLE,SLE,5500.0,7500.0,631.889926264998,2.0,5.31662989,5749352.0
2008.0,SLE,4400.0,6100.0,SLE,SLE,5100.0,7300.0,705.359014080005,3.0,5.60332584,5894722.0
2009.0,SLE,4100.0,6000.0,SLE,SLE,5000.0,7200.0,652.845806767943,6.0,6.27075481,6055646.0
2010.0,SLE,3900.0,5900.0,SLE,SLE,5000.0,7000.0,685.039673490948,9.0,5.64204741,6222714.0
2011.0,SLE,3700.0,5700.0,SLE,SLE,4800.0,6900.0,761.146365577281,12.0,6.60636759,6387251.0
2012.0,SLE,3700.0,5600.0,SLE,SLE,4600.0,6700.0,937.504428180231,12.0,5.92764187,6551080.0
2013.0,SLE,3800.0,5500.0,SLE,SLE,4500.0,6700.0,1117.47183075115,13.0,8.45845032,6714051.0
2014.0,SLE,3900.0,5800.0,SLE,SLE,4800.0,7000.0,1117.7586465721,15.0,15.11886978,6876385.0
2015.0,SLE,3800.0,5800.0,SLE,SLE,4600.0,7100.0,964.575980888989,20.0,12.3831234,7037655.0
2016.0,SLE,3500.0,5700.0,SLE,SLE,4400.0,7000.0,844.416411175476,25.0,10.05438519,7205328.0
2017.0,SLE,3200.0,5400.0,SLE,SLE,4200.0,7100.0,779.186007841728,32.0,6.00532055,7379299.0
2018.0,SLE,3000.0,5000.0,SLE,SLE,3800.0,6700.0,845.914540460932,37.0,5.29927444,7554563.0
2019.0,SLE,2900.0,4800.0,SLE,SLE,3500.0,6500.0,843.71251730417,43.0,5.7052846,7731991.0
2020.0,SLE,2800.0,4800.0,SLE,SLE,3400.0,6600.0,845.277558236182,48.0,5.66489744,7912558.0
2021.0,SLE,2600.0,4100.0,SLE,SLE,2700.0,5900.0,885.396401613729,60.0,5.07244635,8094602.0
2022.0,SLE,2300.0,3500.0,SLE,SLE,2200.0,5400.0,860.371067874555,70.0,4.80377436,8276807.0
2023.0,SLE,2000.0,2900.0,SLE,SLE,1800.0,4700.0,758.329137301888,76.0,4.71883011,8460512.0
2024.0,SLE,1800.0,2500.0,SLE,SLE,1500.0,4600.0,806.654650274255,86.0,,8642022.0
1990.0,TGO,650.0,5000.0,TGO,TGO,3600.0,6800.0,619.184841877398,,,3714021.0
1991.0,TGO,900.0,6600.0,TGO,TGO,4900.0,8600.0,591.939138361428,,,3822636.0
1992.0,TGO,1200.0,8200.0,TGO,TGO,6200.0,11000.0,607.946006940374,,,3932581.0
1993.0,TGO,1600.0,10000.0,TGO,TGO,7800.0,13000.0,448.033969931112,,,3887974.0
1994.0,TGO,1900.0,11000.0,TGO,TGO,8400.0,14000.0,355.429579368426,,,3904183.0
1995.0,TGO,2500.0,13000.0,TGO,TGO,10000.0,16000.0,449.85596910209,,,4110450.0
1996.0,TGO,3100.0,14000.0,TGO,TGO,11000.0,18000.0,482.27462715388,,,4291136.0
1997.0,TGO,3800.0,14000.0,TGO,TGO,11000.0,19000.0,476.890484883584,,,4438794.0
1998.0,TGO,4400.0,13000.0,TGO,TGO,11000.0,18000.0,492.493381462559,,,4551635.0
1999.0,TGO,5100.0,12000.0,TGO,TGO,10000.0,16000.0,477.217016566667,,,4665754.0
2000.0,TGO,5800.0,12000.0,TGO,TGO,9500.0,15000.0,440.420399069497,0.0,3.33427,4783722.0
2001.0,TGO,6400.0,11000.0,TGO,TGO,8700.0,13000.0,426.883605884489,0.0,3.4422195,4904144.0
2002.0,TGO,7000.0,9600.0,TGO,TGO,8100.0,12000.0,479.438373869587,0.0,3.44502354,5027130.0
2003.0,TGO,7300.0,9000.0,TGO,TGO,7500.0,11000.0,579.728195854724,1.0,3.44513917,5154112.0
2004.0,TGO,7400.0,8500.0,TGO,TGO,6800.0,10000.0,604.311329116751,2.0,3.48131895,5281320.0
2005.0,TGO,7200.0,8000.0,TGO,TGO,6500.0,9900.0,595.200212014134,5.0,3.98242044,5413154.0
2006.0,TGO,6900.0,7400.0,TGO,TGO,6000.0,9100.0,596.249203137762,6.0,4.30967808,5569664.0
2007.0,TGO,7100.0,7400.0,TGO,TGO,6100.0,9300.0,654.083697666439,7.0,3.67734432,5748443.0
2008.0,TGO,7000.0,7000.0,TGO,TGO,5500.0,8800.0,771.351190404751,10.0,3.74071932,5936138.0
2009.0,TGO,6400.0,6600.0,TGO,TGO,5300.0,8500.0,770.172869777254,15.0,3.92726755,6130946.0
2010.0,TGO,5500.0,6300.0,TGO,TGO,4900.0,7900.0,750.323421086121,22.0,4.33284378,6325788.0
2011.0,TGO,4600.0,4900.0,TGO,TGO,3600.0,6500.0,834.14671980279,27.0,4.38927078,6500582.0
2012.0,TGO,4300.0,4300.0,TGO,TGO,3000.0,5800.0,813.611525037432,30.0,4.64366484,6653718.0
2013.0,TGO,4200.0,3900.0,TGO,TGO,2700.0,5500.0,885.698522723929,34.0,4.78670263,6798848.0
2014.0,TGO,4100.0,3900.0,TGO,TGO,2600.0,5300.0,921.539748631461,37.0,4.90473413,6937644.0
2015.0,TGO,3800.0,3800.0,TGO,TGO,2600.0,5200.0,813.894676975085,44.0,6.24738503,7071502.0
2016.0,TGO,3400.0,3600.0,TGO,TGO,2600.0,4900.0,843.114204338675,52.0,6.58550072,7200884.0
2017.0,TGO,3200.0,4000.0,TGO,TGO,2800.0,5400.0,872.076408845752,60.0,6.50210476,7324386.0
2018.0,TGO,2900.0,3500.0,TGO,TGO,2400.0,4700.0,942.480774393154,66.0,6.16073656,7458206.0
2019.0,TGO,2500.0,3300.0,TGO,TGO,2300.0,4700.0,917.718016777619,76.0,5.91268635,7619925.0
2020.0,TGO,2200.0,3200.0,TGO,TGO,2000.0,4800.0,961.219781201934,80.0,6.18928432,7788054.0
2021.0,TGO,2000.0,3300.0,TGO,TGO,2000.0,5000.0,1076.29520076949,81.0,5.6165967,7936176.0
2022.0,TGO,1800.0,3200.0,TGO,TGO,1900.0,5000.0,1071.61539220759,80.0,6.24094057,8068616.0
2023.0,TGO,1900.0,3200.0,TGO,TGO,1900.0,5000.0,1182.32951436696,87.0,6.10829544,8223850.0
2024.0,TGO,1800.0,3100.0,TGO,TGO,1800.0,4700.0,1266.08777721447,92.0,,8406558.0
1990.0,STP,,,STP,STP,,,970.059625606155,,,122980.0
1991.0,STP,,,STP,STP,,,855.105075821698,,,125697.0
1992.0,STP,,,STP,STP,,,740.471318576498,,,128110.0
1993.0,STP,,,STP,STP,,,963.785698734091,,,130467.0
1994.0,STP,,,STP,STP,,,989.500757799244,,,132732.0
1995.0,STP,,,STP,STP,,,768.710751184259,,,134895.0
1996.0,STP,,,STP,STP,,,987.048712395264,,,136962.0
1997.0,STP,,,STP,STP,,,661.668232822488,,,138922.0
1998.0,STP,,,STP,STP,,,513.569380269738,,,140751.0
1999.0,STP,,,STP,STP,,,542.692548018387,,,142442.0
2000.0,STP,,,STP,STP,,,529.089383412262,,9.31892776,144018.0
2001.0,STP,,,STP,STP,,,518.88050130005,,9.64001942,146375.0
2002.0,STP,,,STP,STP,,,568.10257252271,,9.49860477,149922.0
2003.0,STP,,,STP,STP,,,663.696211810494,,11.46527386,153814.0
2004.0,STP,,,STP,STP,,,726.560882130444,,10.7211771,157705.0
2005.0,STP,,,STP,STP,,,844.169181884274,,10.35199738,161639.0
2006.0,STP,,,STP,STP,,,861.970707697664,,7.10559654,165638.0
2007.0,STP,,,STP,STP,,,878.885791918745,,7.00608587,169700.0
2008.0,STP,,,STP,STP,,,1081.8684584729,,5.97009039,173793.0
2009.0,STP,,,STP,STP,,,1128.28046213305,,5.75177002,177853.0
2010.0,STP,,,STP,STP,,,1045.20958234528,,5.80827904,181802.0
2011.0,STP,,,STP,STP,,,1219.80189089671,,5.65160036,185649.0
2012.0,STP,,,STP,STP,,,1210.7926479817,,7.07299662,189439.0
2013.0,STP,,,STP,STP,,,1382.5757842916,,8.94060898,193148.0
2014.0,STP,,,STP,STP,,,1489.67633417608,,7.91452122,196767.0
2015.0,STP,,,STP,STP,,,1298.10946596396,,6.53226852,200291.0
2016.0,STP,,,STP,STP,,,1434.87018050521,,7.60211611,203689.0
2017.0,STP,,,STP,STP,,,1555.79477812888,,7.46631384,206970.0
2018.0,STP,,,STP,STP,,,1825.59971753966,,5.91960287,210187.0
2019.0,STP,,,STP,STP,,,1935.2931816596,,5.48078823,213392.0
2020.0,STP,,,STP,STP,,,2167.22001796925,,7.32044411,217435.0
2021.0,STP,,,STP,STP,,,2362.58827248102,,7.85889721,221961.0
2022.0,STP,,,STP,STP,,,2389.73729784737,,5.7744813,226305.0
2023.0,STP,,,STP,STP,,,2990.6606143535,,5.77292156,230871.0
2024.0,STP,,,STP,STP,,,3502.6176807171,,,235536.0
1990.0,AUT,,,AUT,AUT,,,21596.068219998,,,7677850.0
1991.0,AUT,,,AUT,AUT,,,22323.1312492943,,,7754891.0
1992.0,AUT,,,AUT,AUT,,,24782.7118767063,,,7840709.0
1993.0,AUT,,,AUT,AUT,,,23987.2037240657,,,7905633.0
1994.0,AUT,,,AUT,AUT,,,25546.2460525087,,,7936118.0
1995.0,AUT,,,AUT,AUT,,,30207.0674314652,,,7948278.0
1996.0,AUT,,,AUT,AUT,,,29645.9451251491,,,7959017.0
1997.0,AUT,,,AUT,AUT,,,26571.7523626508,,,7968041.0
1998.0,AUT,,,AUT,AUT,,,27212.4642905708,,,7976789.0
1999.0,AUT,,,AUT,AUT,,,27078.7081612201,,,7992324.0
2000.0,AUT,,,AUT,AUT,,,24487.2974685956,,9.38934517,8011566.0
2001.0,AUT,,,AUT,AUT,,,24430.495982841,,9.45243549,8042293.0
2002.0,AUT,,,AUT,AUT,,,26334.862215032,,9.59139919,8081957.0
2003.0,AUT,,,AUT,AUT,,,32110.1159661425,,9.69844246,8121423.0
2004.0,AUT,,,AUT,AUT,,,36614.2506533707,,9.81532383,8171966.0
2005.0,AUT,,,AUT,AUT,,,38157.37022862,,9.71779728,8227829.0
2006.0,AUT,,,AUT,AUT,,,40382.2078298575,,9.64073944,8268641.0
2007.0,AUT,,,AUT,AUT,,,46622.9622913635,,9.60482597,8295487.0
2008.0,AUT,,,AUT,AUT,,,51581.3982361071,,9.83415222,8321496.0
2009.0,AUT,,,AUT,AUT,,,47857.4446635266,,10.31152916,8343323.0
2010.0,AUT,,,AUT,AUT,,,46611.1393420232,,10.31620026,8363404.0
2011.0,AUT,,,AUT,AUT,,,51116.8953522042,,10.1370182,8391643.0
2012.0,AUT,,,AUT,AUT,,,48250.4059142637,,10.30198097,8429991.0
2013.0,AUT,,,AUT,AUT,,,50305.3545774973,,10.40574837,8479823.0
2014.0,AUT,,,AUT,AUT,,,51314.9722616322,,10.51159096,8546356.0
2015.0,AUT,,,AUT,AUT,,,43915.228020857,,10.51688385,8642699.0
2016.0,AUT,,,AUT,AUT,,,45061.4993920192,,10.51713753,8736668.0
2017.0,AUT,,,AUT,AUT,,,47163.7425775142,,10.57132816,8797566.0
2018.0,AUT,,,AUT,AUT,,,51194.0749841299,,10.5157156,8840521.0
2019.0,AUT,,,AUT,AUT,,,49885.9947355204,,10.62530422,8879920.0
2020.0,AUT,,,AUT,AUT,,,48716.4098900349,,11.41292953,8916864.0
2021.0,AUT,,,AUT,AUT,,,53648.6437976214,,12.185215,8955797.0
2022.0,AUT,,,AUT,AUT,,,52336.7725223758,,11.22519779,9041851.0
2023.0,AUT,,,AUT,AUT,,,56579.504175468,,11.15297318,9131761.0
2024.0,AUT,,,AUT,AUT,,,58268.8787651601,,11.8325634,9177982.0
1990.0,BEL,200.0,500.0,BEL,BEL,500.0,500.0,20600.3752789827,,,9967379.0
1991.0,BEL,200.0,500.0,BEL,BEL,500.0,500.0,21041.6606519648,,,10004486.0
1992.0,BEL,500.0,500.0,BEL,BEL,500.0,500.0,23372.619171015,,,10045158.0
1993.0,BEL,500.0,500.0,BEL,BEL,500.0,500.0,22283.9360213551,,,10084475.0
1994.0,BEL,500.0,500.0,BEL,BEL,500.0,500.0,24208.5547931447,,,10115603.0
1995.0,BEL,200.0,500.0,BEL,BEL,500.0,500.0,28413.8264387368,,,10136811.0
1996.0,BEL,100.0,500.0,BEL,BEL,500.0,500.0,27489.5551770488,,,10156637.0
1997.0,BEL,100.0,500.0,BEL,BEL,500.0,500.0,24820.9380503896,,,10181245.0
1998.0,BEL,100.0,500.0,BEL,BEL,500.0,500.0,25338.4432934904,,,10203008.0
1999.0,BEL,100.0,500.0,BEL,BEL,500.0,510.0,25252.8019066564,,,10226419.0
2000.0,BEL,100.0,510.0,BEL,BEL,500.0,530.0,23098.8865077401,38.0,7.99917603,10251250.0
2001.0,BEL,100.0,530.0,BEL,BEL,520.0,540.0,23015.0712632462,42.0,8.14988899,10286570.0
2002.0,BEL,100.0,550.0,BEL,BEL,540.0,570.0,25006.191397109,45.0,8.3182106,10332785.0
2003.0,BEL,100.0,570.0,BEL,BEL,560.0,590.0,30655.2092679024,48.0,9.18925285,10376133.0
2004.0,BEL,100.0,590.0,BEL,BEL,580.0,610.0,35429.4077933344,51.0,9.35496902,10421137.0
2005.0,BEL,100.0,620.0,BEL,BEL,600.0,640.0,36809.7013403619,54.0,9.25018311,10478617.0
2006.0,BEL,100.0,630.0,BEL,BEL,620.0,650.0,38705.1067959147,63.0,9.1325655,10547958.0
2007.0,BEL,100.0,670.0,BEL,BEL,650.0,690.0,44319.165448813,65.0,9.1392889,10625700.0
2008.0,BEL,100.0,690.0,BEL,BEL,680.0,710.0,48303.397956286,69.0,9.60036659,10709973.0
2009.0,BEL,100.0,700.0,BEL,BEL,690.0,720.0,44923.3400135081,73.0,10.54393387,10796493.0
2010.0,BEL,100.0,700.0,BEL,BEL,690.0,720.0,44197.393671162,78.0,10.41325188,10895586.0
2011.0,BEL,100.0,690.0,BEL,BEL,680.0,720.0,47760.8298776546,83.0,10.41302204,11038264.0
2012.0,BEL,100.0,670.0,BEL,BEL,650.0,690.0,44874.1709182123,80.0,10.5865345,11106932.0
2013.0,BEL,100.0,630.0,BEL,BEL,610.0,660.0,46964.5946777056,83.0,10.63787556,11159407.0
2014.0,BEL,100.0,590.0,BEL,BEL,580.0,620.0,47995.7786961339,84.0,10.62032604,11209057.0
2015.0,BEL,100.0,550.0,BEL,BEL,530.0,570.0,40893.804537772,87.0,10.88387299,11274196.0
2016.0,BEL,100.0,500.0,BEL,BEL,500.0,510.0,41854.5498296444,88.0,10.89833736,11331422.0
2017.0,BEL,100.0,500.0,BEL,BEL,500.0,500.0,44035.3239358548,89.0,10.94042683,11375158.0
2018.0,BEL,100.0,500.0,BEL,BEL,500.0,500.0,47487.2100392561,90.0,10.9937973,11427054.0
2019.0,BEL,100.0,500.0,BEL,BEL,500.0,500.0,46716.6227467964,88.0,10.85831451,11488980.0
2020.0,BEL,100.0,500.0,BEL,BEL,500.0,500.0,45906.2875805246,87.0,11.46253014,11538604.0
2021.0,BEL,100.0,500.0,BEL,BEL,500.0,520.0,51658.238294958,88.0,11.28825092,11586195.0
2022.0,BEL,100.0,500.0,BEL,BEL,500.0,580.0,50639.0264882739,88.0,10.73976326,11680210.0
2023.0,BEL,100.0,500.0,BEL,BEL,500.0,680.0,55244.68145811,88.0,10.80371571,11779946.0
2024.0,BEL,100.0,500.0,BEL,BEL,500.0,680.0,56581.9375642531,,,11858610.0
1990.0,BGR,100.0,200.0,BGR,BGR,200.0,500.0,2377.3707947508,,,8718289.0
1991.0,BGR,100.0,200.0,BGR,BGR,200.0,500.0,883.739622070812,,,8632367.0
1992.0,BGR,100.0,200.0,BGR,BGR,200.0,500.0,1007.34296439412,,,8540164.0
1993.0,BGR,100.0,200.0,BGR,BGR,200.0,500.0,1278.5223581096,,,8472313.0
1994.0,BGR,100.0,500.0,BGR,BGR,200.0,500.0,1149.89347084177,,,8443591.0
1995.0,BGR,100.0,500.0,BGR,BGR,200.0,500.0,2259.36679369328,,,8406067.0
1996.0,BGR,100.0,500.0,BGR,BGR,200.0,500.0,1470.26721873691,,,8362826.0
1997.0,BGR,100.0,200.0,BGR,BGR,100.0,200.0,1361.47904618155,,,8312068.0
1998.0,BGR,100.0,100.0,BGR,BGR,100.0,200.0,1820.5415264678,,,8256786.0
1999.0,BGR,100.0,100.0,BGR,BGR,100.0,200.0,1660.9935924411,,,8210624.0
2000.0,BGR,100.0,200.0,BGR,BGR,100.0,200.0,1621.3452487867,4.0,5.82970953,8170172.0
2001.0,BGR,100.0,200.0,BGR,BGR,100.0,200.0,1770.99748249575,6.0,6.85958815,8009142.0
2002.0,BGR,100.0,200.0,BGR,BGR,100.0,200.0,2093.08967660564,6.0,7.0809865,7837161.0
2003.0,BGR,100.0,200.0,BGR,BGR,100.0,200.0,2719.63335037372,8.0,7.19987392,7775327.0
2004.0,BGR,100.0,200.0,BGR,BGR,200.0,200.0,3389.86047992391,9.0,6.89090872,7716860.0
2005.0,BGR,100.0,200.0,BGR,BGR,200.0,200.0,3900.02501966492,10.0,6.89011478,7658972.0
2006.0,BGR,100.0,200.0,BGR,BGR,200.0,200.0,4523.37797301782,11.0,6.52544546,7601022.0
2007.0,BGR,100.0,200.0,BGR,BGR,200.0,200.0,5888.87094585161,13.0,6.15651751,7545338.0
2008.0,BGR,100.0,200.0,BGR,BGR,200.0,200.0,7271.67443724077,14.0,6.28281593,7492561.0
2009.0,BGR,100.0,200.0,BGR,BGR,200.0,200.0,6988.63048446496,17.0,6.59577608,7444443.0
2010.0,BGR,100.0,200.0,BGR,BGR,200.0,500.0,6854.2987837778,19.0,7.09477949,7395599.0
2011.0,BGR,100.0,200.0,BGR,BGR,200.0,500.0,7849.98219737366,22.0,7.10250568,7348328.0
2012.0,BGR,100.0,200.0,BGR,BGR,200.0,500.0,7432.33753378983,25.0,7.53903675,7305888.0
2013.0,BGR,100.0,200.0,BGR,BGR,200.0,500.0,7796.37945241455,28.0,7.14167452,7160005.0
2014.0,BGR,100.0,200.0,BGR,BGR,200.0,500.0,8070.01289303544,31.0,7.68306208,7073572.0
2015.0,BGR,100.0,200.0,BGR,BGR,200.0,500.0,7269.02586513711,34.0,7.39363575,6984225.0
2016.0,BGR,100.0,500.0,BGR,BGR,200.0,500.0,7822.89886431732,38.0,7.45975018,6894139.0
2017.0,BGR,100.0,500.0,BGR,BGR,200.0,500.0,8697.13373333715,44.0,7.49624491,6803468.0
2018.0,BGR,100.0,500.0,BGR,BGR,200.0,500.0,9849.88769989118,51.0,7.34086275,6710798.0
2019.0,BGR,100.0,500.0,BGR,BGR,200.0,500.0,10354.2500414088,55.0,7.11813641,6616726.0
2020.0,BGR,100.0,500.0,BGR,BGR,200.0,500.0,10760.7616180234,56.0,8.44060898,6550696.0
2021.0,BGR,100.0,500.0,BGR,BGR,200.0,500.0,12966.8085197381,57.0,8.58048916,6507301.0
2022.0,BGR,100.0,500.0,BGR,BGR,200.0,500.0,13999.9113358453,60.0,7.63849449,6465097.0
2023.0,BGR,100.0,500.0,BGR,BGR,200.0,500.0,15854.0192893772,61.0,7.91853094,6446596.0
2024.0,BGR,100.0,500.0,BGR,BGR,200.0,500.0,17596.9167621233,62.0,,6441421.0
1990.0,CAN,1600.0,2600.0,CAN,CAN,2100.0,3000.0,21525.8611387148,,,27691138.0
1991.0,CAN,1900.0,2600.0,CAN,CAN,2000.0,3000.0,21846.7930471354,,,28037420.0
1992.0,CAN,2100.0,2500.0,CAN,CAN,2000.0,2900.0,20950.3305287651,,,28371264.0
1993.0,CAN,2300.0,2500.0,CAN,CAN,2000.0,2900.0,20186.7988782965,,,28684764.0
1994.0,CAN,2500.0,2600.0,CAN,CAN,2000.0,3000.0,19997.6237373354,,,29000663.0
1995.0,CAN,2600.0,2600.0,CAN,CAN,2000.0,3000.0,20679.634792669,,,29302311.0
1996.0,CAN,2200.0,2500.0,CAN,CAN,2000.0,3000.0,21296.9723536904,,,29610218.0
1997.0,CAN,1700.0,2500.0,CAN,CAN,2000.0,3000.0,21901.5870048928,,,29905948.0
1998.0,CAN,1600.0,2500.0,CAN,CAN,2000.0,3000.0,21024.5627149423,,,30155173.0
1999.0,CAN,1500.0,2500.0,CAN,CAN,2000.0,3000.0,22315.3130930482,,,30401286.0
2000.0,CAN,1400.0,2500.0,CAN,CAN,1900.0,2900.0,24271.0020563821,19.0,8.24808502,30685730.0
2001.0,CAN,1400.0,2500.0,CAN,CAN,1900.0,3000.0,23822.096210932,21.0,8.62476349,31020855.0
2002.0,CAN,1200.0,2500.0,CAN,CAN,1900.0,2900.0,24256.0598742201,27.0,8.85665226,31359199.0
2003.0,CAN,1100.0,2500.0,CAN,CAN,1900.0,2900.0,28301.9097055898,29.0,9.01086521,31642461.0
2004.0,CAN,1200.0,2500.0,CAN,CAN,1900.0,2900.0,32145.5653280273,30.0,9.06623363,31938807.0
2005.0,CAN,1400.0,2400.0,CAN,CAN,1900.0,2900.0,36383.9671341396,32.0,9.03529835,32242732.0
2006.0,CAN,1500.0,2400.0,CAN,CAN,1800.0,2900.0,40504.8490329826,33.0,9.33188725,32571193.0
2007.0,CAN,1500.0,2400.0,CAN,CAN,1800.0,2900.0,44660.0838892281,35.0,9.4346962,32888886.0
2008.0,CAN,1600.0,2400.0,CAN,CAN,1800.0,2800.0,46710.3654423328,36.0,9.59427929,33247298.0
2009.0,CAN,1100.0,2300.0,CAN,CAN,1700.0,2800.0,40874.9612318547,45.0,10.70402527,33630069.0
2010.0,CAN,720.0,2100.0,CAN,CAN,1600.0,2600.0,47560.8378831258,46.0,10.70066547,34005902.0
2011.0,CAN,810.0,2000.0,CAN,CAN,1500.0,2400.0,52224.1237767406,48.0,10.40518665,34339221.0
2012.0,CAN,900.0,1900.0,CAN,CAN,1400.0,2300.0,52670.1429540952,49.0,10.5407114,34713395.0
2013.0,CAN,550.0,1800.0,CAN,CAN,1300.0,2200.0,52637.7313222622,63.0,10.43559265,35080992.0
2014.0,CAN,500.0,1800.0,CAN,CAN,1400.0,2200.0,50960.8942086685,67.0,10.28115654,35434066.0
2015.0,CAN,500.0,1900.0,CAN,CAN,1400.0,2200.0,43594.2379080706,70.0,10.76397896,35704498.0
2016.0,CAN,200.0,1900.0,CAN,CAN,1400.0,2300.0,42314.1033623905,73.0,11.05626965,36110803.0
2017.0,CAN,200.0,1900.0,CAN,CAN,1400.0,2300.0,45129.7335281051,74.0,10.9242115,36545075.0
2018.0,CAN,200.0,2000.0,CAN,CAN,1500.0,2400.0,46539.2177903178,75.0,10.92262077,37072620.0
2019.0,CAN,200.0,1900.0,CAN,CAN,1400.0,2200.0,46352.9695208927,77.0,11.04823494,37618495.0
2020.0,CAN,200.0,1600.0,CAN,CAN,1200.0,1900.0,43537.8981198851,79.0,13.01732922,38028638.0
2021.0,CAN,200.0,1700.0,CAN,CAN,1300.0,2100.0,52886.6407813788,78.0,12.38106632,38239864.0
2022.0,CAN,200.0,1900.0,CAN,CAN,1400.0,2200.0,56496.9275340663,76.0,11.08119678,38950132.0
2023.0,CAN,,,CAN,CAN,,,54847.5370112652,,11.18692875,40049088.0
2024.0,CAN,,,CAN,CAN,,,55015.7066917734,,11.3095665,41262329.0
1990.0,HRV,100.0,100.0,HRV,HRV,100.0,100.0,5369.10978590681,,,4777368.0
1991.0,HRV,100.0,100.0,HRV,HRV,100.0,100.0,4000.91677428625,,,4689022.0
1992.0,HRV,100.0,100.0,HRV,HRV,100.0,100.0,2321.15204123035,,,4575818.0
1993.0,HRV,100.0,100.0,HRV,HRV,100.0,100.0,2447.50319141761,,,4600463.0
1994.0,HRV,100.0,100.0,HRV,HRV,100.0,100.0,3237.92646315285,,,4652024.0
1995.0,HRV,100.0,100.0,HRV,HRV,100.0,100.0,4929.02083885825,,,4620030.0
1996.0,HRV,100.0,100.0,HRV,HRV,100.0,100.0,5299.74887884048,,,4557097.0
1997.0,HRV,100.0,100.0,HRV,HRV,100.0,100.0,5330.9148941072,,,4534920.0
1998.0,HRV,100.0,100.0,HRV,HRV,100.0,100.0,5712.49829262763,,,4532135.0
1999.0,HRV,100.0,100.0,HRV,HRV,100.0,100.0,5269.01488637462,,,4512597.0
2000.0,HRV,100.0,100.0,HRV,HRV,100.0,100.0,4953.57515008131,26.0,7.65084314,4468302.0
2001.0,HRV,100.0,100.0,HRV,HRV,100.0,100.0,5364.88188501029,28.0,7.16995239,4299642.0
2002.0,HRV,100.0,100.0,HRV,HRV,100.0,100.0,6219.56093667781,30.0,6.14300489,4302174.0
2003.0,HRV,100.0,100.0,HRV,HRV,100.0,100.0,8189.99059314699,31.0,6.29782534,4303399.0
2004.0,HRV,100.0,100.0,HRV,HRV,100.0,100.0,9718.92771524605,32.0,6.5067997,4304600.0
2005.0,HRV,100.0,100.0,HRV,HRV,100.0,100.0,10443.4484003498,32.0,6.84068108,4310145.0
2006.0,HRV,100.0,100.0,HRV,HRV,100.0,100.0,11501.2327422844,33.0,6.90362167,4311159.0
2007.0,HRV,100.0,100.0,HRV,HRV,100.0,200.0,13755.8149054063,35.0,7.38946152,4310217.0
2008.0,HRV,100.0,100.0,HRV,HRV,100.0,200.0,15888.1184388903,38.0,7.63643503,4309705.0
2009.0,HRV,100.0,100.0,HRV,HRV,100.0,200.0,14474.52513863,40.0,8.03311729,4305181.0
2010.0,HRV,100.0,100.0,HRV,HRV,100.0,200.0,13729.7472872883,43.0,7.94908857,4295427.0
2011.0,HRV,100.0,100.0,HRV,HRV,100.0,200.0,14691.591757962,46.0,7.62508154,4280622.0
2012.0,HRV,100.0,100.0,HRV,HRV,100.0,200.0,13507.6349882758,49.0,7.63413,4260368.0
2013.0,HRV,100.0,100.0,HRV,HRV,100.0,200.0,14135.0903485872,53.0,6.37271595,4233922.0
2014.0,HRV,100.0,100.0,HRV,HRV,100.0,100.0,14186.7712230471,56.0,6.56612396,4201598.0
2015.0,HRV,100.0,100.0,HRV,HRV,100.0,100.0,12283.8750299177,63.0,6.65548038,4151725.0
2016.0,HRV,100.0,100.0,HRV,HRV,100.0,100.0,12820.1872746645,68.0,6.69167471,4106867.0
2017.0,HRV,100.0,100.0,HRV,HRV,100.0,100.0,13901.6498657787,72.0,6.62803125,4041407.0
2018.0,HRV,100.0,100.0,HRV,HRV,100.0,100.0,15460.4560798984,73.0,6.7136178,3988775.0
2019.0,HRV,100.0,100.0,HRV,HRV,100.0,100.0,15563.7354996625,76.0,6.78699923,3949390.0
2020.0,HRV,100.0,100.0,HRV,HRV,100.0,100.0,14807.5559227544,77.0,7.68352938,3914206.0
2021.0,HRV,100.0,100.0,HRV,HRV,100.0,100.0,17788.7601163765,78.0,8.08265686,3878981.0
2022.0,HRV,100.0,100.0,HRV,HRV,100.0,100.0,18465.531473659,82.0,7.29636335,3855641.0
2023.0,HRV,100.0,100.0,HRV,HRV,100.0,100.0,22183.4982258492,83.0,7.14699411,3859686.0
2024.0,HRV,100.0,100.0,HRV,HRV,100.0,100.0,24049.9441746337,85.0,,3866200.0
1990.0,CYP,,,CYP,CYP,,,9641.5751953125,,,788351.0
1991.0,CYP,,,CYP,CYP,,,9696.099609375,,,798944.0
1992.0,CYP,,,CYP,CYP,,,11310.072265625,,,810341.0
1993.0,CYP,,,CYP,CYP,,,10526.1416015625,,,826034.0
1994.0,CYP,,,CYP,CYP,,,11617.6923828125,,,844667.0
1995.0,CYP,,,CYP,CYP,,,15261.4169921875,,,862695.0
1996.0,CYP,,,CYP,CYP,,,15139.220703125,,,880290.0
1997.0,CYP,,,CYP,CYP,,,14234.2412109375,,,897568.0
1998.0,CYP,,,CYP,CYP,,,15092.828125,,,914548.0
1999.0,CYP,,,CYP,CYP,,,15287.91796875,,,931234.0
2000.0,CYP,,,CYP,CYP,,,14388.3525390625,,5.30800056,947667.0
2001.0,CYP,,,CYP,CYP,,,14821.44921875,,5.33940458,964127.0
2002.0,CYP,,,CYP,CYP,,,16093.2158203125,,5.61565971,981440.0
2003.0,CYP,,,CYP,CYP,,,20252.24609375,,5.63568783,999590.0
2004.0,CYP,,,CYP,CYP,,,23792.619140625,,5.40558147,1017875.0
2005.0,CYP,,,CYP,CYP,,,24959.26171875,,5.43580961,1036151.0
2006.0,CYP,,,CYP,CYP,,,26729.28125,,5.46357489,1054418.0
2007.0,CYP,,,CYP,CYP,,,31244.87890625,,5.35744858,1072714.0
2008.0,CYP,,,CYP,CYP,,,35541.88671875,,6.01430845,1091026.0
2009.0,CYP,,,CYP,CYP,,,32236.462890625,,6.46531534,1109371.0
2010.0,CYP,,,CYP,CYP,,,31105.02734375,,6.50055742,1127816.0
2011.0,CYP,,,CYP,CYP,,,32485.8046875,,6.43139076,1146493.0
2012.0,CYP,,,CYP,CYP,,,28991.9296875,,6.53638792,1165397.0
2013.0,CYP,,,CYP,CYP,,,27764.7265625,,6.92774534,1183895.0
2014.0,CYP,,,CYP,CYP,,,26993.095703125,,6.93137264,1201801.0
2015.0,CYP,,,CYP,CYP,,,23088.4296875,,6.79382181,1219502.0
2016.0,CYP,,,CYP,CYP,,,24280.044921875,,6.65254688,1237112.0
2017.0,CYP,,,CYP,CYP,,,26247.46484375,,6.62192535,1254275.0
2018.0,CYP,,,CYP,CYP,,,29120.38671875,,6.78446245,1270737.0
2019.0,CYP,,,CYP,CYP,,,29227.16796875,,6.99843168,1286671.0
2020.0,CYP,,,CYP,CYP,,,28130.330078125,,8.64796448,1302247.0
2021.0,CYP,,,CYP,CYP,,,32937.8359375,,8.87445068,1317309.0
2022.0,CYP,,,CYP,CYP,,,33231.05078125,,8.27201366,1331370.0
2023.0,CYP,,,CYP,CYP,,,36623.70703125,,8.11912918,1344976.0
2024.0,CYP,,,CYP,CYP,,,38674.3125,,,1358282.0
1990.0,CZE,,,CZE,CZE,,,3969.36733543794,,,10333355.0
1991.0,CZE,,,CZE,CZE,,,2917.08655474323,,,10308578.0
1992.0,CZE,,,CZE,CZE,,,3396.70972430469,,,10319123.0
1993.0,CZE,,,CZE,CZE,,,3984.1463439879,,,10329855.0
1994.0,CZE,,,CZE,CZE,,,4663.28665345469,,,10333587.0
1995.0,CZE,,,CZE,CZE,,,5865.29460556726,,,10327253.0
1996.0,CZE,,,CZE,CZE,,,6573.19643136362,,,10315241.0
1997.0,CZE,,,CZE,CZE,,,6069.38762357837,,,10304131.0
1998.0,CZE,,,CZE,CZE,,,6526.59635780951,,,10294373.0
1999.0,CZE,,,CZE,CZE,,,6377.6211077224,,,10283860.0
2000.0,CZE,,,CZE,CZE,,,6062.92152842793,,5.66916943,10255063.0
2001.0,CZE,,,CZE,CZE,,,6669.07494847497,,5.83479309,10216605.0
2002.0,CZE,,,CZE,CZE,,,8101.26018588111,,6.14656258,10196916.0
2003.0,CZE,,,CZE,CZE,,,9852.45677945801,,6.50168419,10193998.0
2004.0,CZE,,,CZE,CZE,,,11782.5546676117,,6.33308411,10197101.0
2005.0,CZE,,,CZE,CZE,,,13442.4916284309,,6.33529043,10211216.0
2006.0,CZE,,,CZE,CZE,,,15259.0788162004,,6.16489983,10238905.0
2007.0,CZE,,,CZE,CZE,,,18452.6532812196,,5.99029112,10298828.0
2008.0,CZE,,,CZE,CZE,,,22774.7045076205,,6.33855247,10384603.0
2009.0,CZE,,,CZE,CZE,,,19817.4215836554,,7.2650013,10443936.0
2010.0,CZE,,,CZE,CZE,,,20160.4355077059,,7.47836781,10474410.0
2011.0,CZE,,,CZE,CZE,,,22049.1080788682,,7.47281456,10496088.0
2012.0,CZE,,,CZE,CZE,,,20014.0354015165,,7.53974962,10510785.0
2013.0,CZE,,,CZE,CZE,,,20260.4954999375,,7.44831276,10514272.0
2014.0,CZE,,,CZE,CZE,,,20038.4163180257,,7.53919601,10525347.0
2015.0,CZE,,,CZE,CZE,,,17931.5987670768,,7.29346752,10546059.0
2016.0,CZE,,,CZE,CZE,,,18753.9686718096,,7.32258606,10566332.0
2017.0,CZE,,,CZE,CZE,,,20913.197632212,,7.24190664,10594438.0
2018.0,CZE,,,CZE,CZE,,,23705.9329811299,,7.37173605,10629928.0
2019.0,CZE,,,CZE,CZE,,,24062.7190013343,,7.48754358,10671870.0
2020.0,CZE,,,CZE,CZE,,,23472.8915454417,,8.96995831,10697858.0
2021.0,CZE,,,CZE,CZE,,,27696.4619527544,,9.15420723,10505772.0
2022.0,CZE,,,CZE,CZE,,,28282.2236715857,,8.47063065,10672118.0
2023.0,CZE,,,CZE,CZE,,,31761.5944102491,,8.42677402,10864042.0
2024.0,CZE,,,CZE,CZE,,,31827.7552539413,,8.50710297,10905028.0
1990.0,DNK,200.0,500.0,DNK,DNK,500.0,500.0,26885.6994188191,,,5140939.0
1991.0,DNK,200.0,500.0,DNK,DNK,500.0,500.0,27002.8057705804,,,5154298.0
1992.0,DNK,200.0,500.0,DNK,DNK,500.0,500.0,29579.4913648682,,,5171370.0
1993.0,DNK,200.0,500.0,DNK,DNK,500.0,500.0,27581.7241097459,,,5188628.0
1994.0,DNK,500.0,500.0,DNK,DNK,500.0,500.0,29967.8303903163,,,5206180.0
1995.0,DNK,500.0,500.0,DNK,DNK,500.0,500.0,35321.0980773087,,,5233373.0
1996.0,DNK,500.0,500.0,DNK,DNK,500.0,500.0,35621.9878051732,,,5263074.0
1997.0,DNK,100.0,500.0,DNK,DNK,500.0,500.0,32779.879045297,,,5284991.0
1998.0,DNK,100.0,500.0,DNK,DNK,500.0,500.0,33346.4884298957,,,5304219.0
1999.0,DNK,100.0,500.0,DNK,DNK,500.0,500.0,33426.2381077405,,,5321799.0
2000.0,DNK,100.0,500.0,DNK,DNK,500.0,500.0,30722.0251837567,43.0,8.11006165,5339616.0
2001.0,DNK,100.0,500.0,DNK,DNK,200.0,500.0,30768.4775471112,44.0,8.44370651,5358783.0
2002.0,DNK,100.0,500.0,DNK,DNK,200.0,500.0,33257.1622586509,45.0,8.69506168,5375931.0
2003.0,DNK,100.0,500.0,DNK,DNK,200.0,500.0,40519.0974905924,47.0,8.89037418,5390574.0
2004.0,DNK,100.0,500.0,DNK,DNK,200.0,500.0,46625.050098011,48.0,8.98551464,5404523.0
2005.0,DNK,100.0,500.0,DNK,DNK,200.0,500.0,48925.8076698784,49.0,9.06716251,5419432.0
2006.0,DNK,100.0,200.0,DNK,DNK,200.0,500.0,52119.1787984282,51.0,9.15257931,5437272.0
2007.0,DNK,100.0,200.0,DNK,DNK,200.0,500.0,58631.6566433635,53.0,9.30215549,5461438.0
2008.0,DNK,100.0,200.0,DNK,DNK,200.0,500.0,64616.6657583663,57.0,9.46797943,5493621.0
2009.0,DNK,100.0,200.0,DNK,DNK,200.0,500.0,58412.7472358513,61.0,10.62873173,5523095.0
2010.0,DNK,100.0,200.0,DNK,DNK,200.0,200.0,58104.5445594981,65.0,10.59621811,5547683.0
2011.0,DNK,100.0,200.0,DNK,DNK,200.0,200.0,61809.737898222,69.0,10.39758492,5570572.0
2012.0,DNK,100.0,200.0,DNK,DNK,200.0,200.0,58443.7747103968,73.0,10.53344631,5591572.0
2013.0,DNK,100.0,200.0,DNK,DNK,200.0,200.0,61377.5940590412,73.0,10.29778957,5614932.0
2014.0,DNK,100.0,200.0,DNK,DNK,200.0,200.0,62520.4509747011,80.0,10.31388664,5643475.0
2015.0,DNK,100.0,200.0,DNK,DNK,100.0,200.0,53094.0133607574,80.0,10.3754549,5683483.0
2016.0,DNK,100.0,200.0,DNK,DNK,100.0,200.0,54500.9260410217,82.0,10.28229332,5728010.0
2017.0,DNK,100.0,200.0,DNK,DNK,100.0,200.0,57521.5514992225,83.0,10.1137991,5764980.0
2018.0,DNK,100.0,200.0,DNK,DNK,100.0,200.0,61324.7665045565,85.0,10.14163208,5793636.0
2019.0,DNK,100.0,100.0,DNK,DNK,100.0,200.0,59404.2663247723,86.0,10.18468761,5814422.0
2020.0,DNK,100.0,100.0,DNK,DNK,100.0,200.0,60985.4885601514,88.0,10.69237614,5831404.0
2021.0,DNK,100.0,100.0,DNK,DNK,100.0,200.0,69340.7334922138,90.0,10.65575886,5856733.0
2022.0,DNK,100.0,100.0,DNK,DNK,100.0,200.0,67781.0940939514,91.0,9.47411346,5903037.0
2023.0,DNK,100.0,100.0,DNK,DNK,100.0,200.0,68043.5466971243,92.0,9.5572958,5946952.0
2024.0,DNK,100.0,100.0,DNK,DNK,100.0,200.0,71026.4832271897,,9.38812923,5976992.0
1990.0,EST,100.0,100.0,EST,EST,100.0,100.0,,,,1569174.0
1991.0,EST,100.0,100.0,EST,EST,100.0,100.0,,,,1561314.0
1992.0,EST,100.0,100.0,EST,EST,100.0,100.0,,,,1533091.0
1993.0,EST,100.0,100.0,EST,EST,100.0,100.0,2685.90889287357,,,1494128.0
1994.0,EST,100.0,100.0,EST,EST,100.0,100.0,2819.12612100926,,,1462514.0
1995.0,EST,100.0,100.0,EST,EST,100.0,100.0,3134.38975345407,,,1436634.0
1996.0,EST,100.0,100.0,EST,EST,100.0,100.0,3380.92630243199,,,1415594.0
1997.0,EST,100.0,100.0,EST,EST,100.0,100.0,3682.95230146695,,,1399535.0
1998.0,EST,100.0,100.0,EST,EST,100.0,100.0,4093.39247738765,,,1386156.0
1999.0,EST,100.0,100.0,EST,EST,100.0,100.0,4140.93660232167,,,1390244.0
2000.0,EST,100.0,200.0,EST,EST,100.0,500.0,4070.60902410208,13.0,5.17029095,1396985.0
2001.0,EST,100.0,1000.0,EST,EST,860.0,1200.0,4502.66614992392,3.0,4.78399181,1388115.0
2002.0,EST,100.0,910.0,EST,EST,770.0,1000.0,5343.18310760735,2.0,4.70192671,1379350.0
2003.0,EST,100.0,790.0,EST,EST,680.0,900.0,7205.40703313243,2.0,5.13748884,1370720.0
2004.0,EST,100.0,680.0,EST,EST,580.0,760.0,8916.0728274602,3.0,5.33641052,1362550.0
2005.0,EST,100.0,580.0,EST,EST,500.0,640.0,10414.6381183565,7.0,5.29434633,1354775.0
2006.0,EST,100.0,500.0,EST,EST,500.0,550.0,12641.4800976473,11.0,4.97308683,1346810.0
2007.0,EST,100.0,500.0,EST,EST,500.0,500.0,16745.4308011148,16.0,5.18429422,1340680.0
2008.0,EST,100.0,500.0,EST,EST,500.0,500.0,18205.9064113446,20.0,5.95694113,1337090.0
2009.0,EST,100.0,500.0,EST,EST,500.0,500.0,14712.4494217916,26.0,6.84443808,1334515.0
2010.0,EST,100.0,500.0,EST,EST,500.0,500.0,14663.7041018705,34.0,6.59404182,1331475.0
2011.0,EST,100.0,500.0,EST,EST,200.0,500.0,17555.5455239426,40.0,6.05471659,1327439.0
2012.0,EST,100.0,200.0,EST,EST,200.0,500.0,17568.2137969714,45.0,6.03782082,1322696.0
2013.0,EST,100.0,200.0,EST,EST,200.0,200.0,19310.3874900757,47.0,6.19788504,1317997.0
2014.0,EST,100.0,200.0,EST,EST,200.0,200.0,20581.7898991695,52.0,6.26286125,1314545.0
2015.0,EST,100.0,200.0,EST,EST,100.0,200.0,17722.1557669523,60.0,6.52138662,1315407.0
2016.0,EST,100.0,200.0,EST,EST,100.0,200.0,18666.3736521706,65.0,6.56918621,1315790.0
2017.0,EST,100.0,100.0,EST,EST,100.0,200.0,20851.5223496861,68.0,6.46636105,1317384.0
2018.0,EST,100.0,100.0,EST,EST,100.0,200.0,23618.1361254581,71.0,6.56314421,1321977.0
2019.0,EST,100.0,100.0,EST,EST,100.0,200.0,24021.2501413306,72.0,6.64763546,1326898.0
2020.0,EST,100.0,100.0,EST,EST,100.0,200.0,23933.9939421065,71.0,7.47179365,1329522.0
2021.0,EST,100.0,100.0,EST,EST,100.0,200.0,27951.1659277744,70.0,7.47591066,1330932.0
2022.0,EST,100.0,100.0,EST,EST,100.0,200.0,28340.3826549406,69.0,6.93641424,1348840.0
2023.0,EST,100.0,100.0,EST,EST,100.0,200.0,30264.0064885057,,7.47082138,1370286.0
2024.0,EST,100.0,100.0,EST,EST,100.0,200.0,31428.3547816104,,7.83648062,1372341.0
1990.0,FIN,,,FIN,FIN,,,28366.204276071,,,4986431.0
1991.0,FIN,,,FIN,FIN,,,25488.8450525604,,,5013740.0
1992.0,FIN,,,FIN,FIN,,,22320.1124695857,,,5041992.0
1993.0,FIN,,,FIN,FIN,,,17588.6781715509,,,5066447.0
1994.0,FIN,,,FIN,FIN,,,20278.29109854,,,5088333.0
1995.0,FIN,,,FIN,FIN,,,26246.2743214462,,,5107790.0
1996.0,FIN,,,FIN,FIN,,,25756.6777073618,,,5124573.0
1997.0,FIN,,,FIN,FIN,,,24682.29083271,,,5139835.0
1998.0,FIN,,,FIN,FIN,,,25999.9861694953,,,5153498.0
1999.0,FIN,,,FIN,FIN,,,26180.4128562349,,,5165474.0
2000.0,FIN,,,FIN,FIN,,,24335.9225082659,,7.09544373,5176209.0
2001.0,FIN,,,FIN,FIN,,,24965.202996776,,7.25165653,5188008.0
2002.0,FIN,,,FIN,FIN,,,26989.389260959,,7.63005877,5200598.0
2003.0,FIN,,,FIN,FIN,,,32920.0857192568,,7.93988276,5213014.0
2004.0,FIN,,,FIN,FIN,,,37768.1334202029,,8.05999184,5228172.0
2005.0,FIN,,,FIN,FIN,,,39049.8703780223,,8.28901291,5246096.0
2006.0,FIN,,,FIN,FIN,,,41214.0187765069,,8.2858429,5266268.0
2007.0,FIN,,,FIN,FIN,,,48473.0240091455,,8.08415604,5288720.0
2008.0,FIN,,,FIN,FIN,,,53769.4726240385,,8.34362221,5313399.0
2009.0,FIN,,,FIN,FIN,,,47478.3495310999,,9.16182804,5338871.0
2010.0,FIN,,,FIN,FIN,,,46506.2919016566,,9.14183331,5363352.0
2011.0,FIN,,,FIN,FIN,,,51060.3242589767,,9.23903561,5388272.0
2012.0,FIN,,,FIN,FIN,,,47551.6740841369,,9.61732101,5413971.0
2013.0,FIN,,,FIN,FIN,,,49691.0145200739,,9.84504986,5438972.0
2014.0,FIN,,,FIN,FIN,,,50073.7760815871,,9.83066177,5461512.0
2015.0,FIN,,,FIN,FIN,,,42560.3456767103,,9.69998264,5479531.0
2016.0,FIN,,,FIN,FIN,,,43451.2562442158,,9.45625591,5495303.0
2017.0,FIN,,,FIN,FIN,,,46085.0174739036,,9.19148445,5508214.0
2018.0,FIN,,,FIN,FIN,,,49654.2497035329,,9.10587025,5515525.0
2019.0,FIN,,,FIN,FIN,,,48358.1807773701,,9.22295189,5521606.0
2020.0,FIN,,,FIN,FIN,,,48828.6846862799,,9.69977188,5529543.0
2021.0,FIN,,,FIN,FIN,,,53099.1351400148,,9.90969753,5541017.0
2022.0,FIN,,,FIN,FIN,,,50440.560224974,,9.74152565,5556106.0
2023.0,FIN,,,FIN,FIN,,,52864.6931581216,,10.47389507,5583911.0
2024.0,FIN,,,FIN,FIN,,,53155.5451165897,,,5619911.0
1990.0,FRA,,6300.0,FRA,FRA,5000.0,8000.0,21586.4674617483,,,58261012.0
1991.0,FRA,,6300.0,FRA,FRA,5100.0,7800.0,21500.7778366233,,,58554242.0
1992.0,FRA,,6300.0,FRA,FRA,5200.0,7700.0,23615.0168565483,,,58846584.0
1993.0,FRA,,6400.0,FRA,FRA,5300.0,7900.0,22238.8250618434,,,59103094.0
1994.0,FRA,,6400.0,FRA,FRA,5300.0,8000.0,23359.8985104774,,,59324863.0
1995.0,FRA,,6400.0,FRA,FRA,5400.0,8200.0,26791.8151982369,,,59541294.0
1996.0,FRA,,6400.0,FRA,FRA,5400.0,8300.0,26757.6351494145,,,59754504.0
1997.0,FRA,,6100.0,FRA,FRA,5000.0,7900.0,24169.4008102822,,,59968066.0
1998.0,FRA,,5800.0,FRA,FRA,4800.0,7300.0,24869.4030795939,,,60190684.0
1999.0,FRA,,5600.0,FRA,FRA,4700.0,6700.0,24576.3152254528,,,60501986.0
2000.0,FRA,,5700.0,FRA,FRA,4800.0,6700.0,22340.5939516217,76.0,9.61744022,60918661.0
2001.0,FRA,,5700.0,FRA,FRA,4900.0,6600.0,22331.7948343036,77.0,9.75719261,61364377.0
2002.0,FRA,,5700.0,FRA,FRA,4800.0,6400.0,24144.5727019529,78.0,10.08250141,61812142.0
2003.0,FRA,,5500.0,FRA,FRA,4600.0,6100.0,29479.5222101175,79.0,10.13474941,62249855.0
2004.0,FRA,,5600.0,FRA,FRA,4600.0,6100.0,33644.9282220364,79.0,10.2117033,62707588.0
2005.0,FRA,,5500.0,FRA,FRA,4500.0,6100.0,34696.3718316971,80.0,10.23720551,63180854.0
2006.0,FRA,,5400.0,FRA,FRA,4400.0,6100.0,36431.5658906555,81.0,10.39764977,63622342.0
2007.0,FRA,,5100.0,FRA,FRA,4200.0,5800.0,41486.1907828787,82.0,10.33418846,64016890.0
2008.0,FRA,,5100.0,FRA,FRA,4100.0,5700.0,45464.8181385158,83.0,10.51340675,64375116.0
2009.0,FRA,,5000.0,FRA,FRA,4100.0,5600.0,41728.0884164132,84.0,11.29095459,64706436.0
2010.0,FRA,,5100.0,FRA,FRA,4100.0,5700.0,40694.8211697025,85.0,11.22430801,65026211.0
2011.0,FRA,,4900.0,FRA,FRA,4000.0,5500.0,43929.7840873812,86.0,11.17601013,65340830.0
2012.0,FRA,,4500.0,FRA,FRA,3600.0,5000.0,40863.5814412333,86.0,11.33749485,65657659.0
2013.0,FRA,,4300.0,FRA,FRA,3400.0,4800.0,42669.1795111893,87.0,11.37891197,65997932.0
2014.0,FRA,,4200.0,FRA,FRA,3300.0,4700.0,43148.0459288416,88.0,11.57935429,66312067.0
2015.0,FRA,,4200.0,FRA,FRA,3400.0,4800.0,36702.4323733379,90.0,11.50032997,66548272.0
2016.0,FRA,,4100.0,FRA,FRA,3300.0,4600.0,37024.2157133669,90.0,11.57036018,66724104.0
2017.0,FRA,,4000.0,FRA,FRA,3200.0,4500.0,38687.1626407164,90.0,11.44944572,66918020.0
2018.0,FRA,,3800.0,FRA,FRA,3000.0,4300.0,41418.1766484844,89.0,11.30847645,67158348.0
2019.0,FRA,,3700.0,FRA,FRA,3000.0,4200.0,40408.2848574751,89.0,11.17058277,67382061.0
2020.0,FRA,,3400.0,FRA,FRA,2700.0,3900.0,39169.8606000707,89.0,12.12949371,67601110.0
2021.0,FRA,,3300.0,FRA,FRA,2600.0,3700.0,43725.0999521245,90.0,12.24894238,67842811.0
2022.0,FRA,,3400.0,FRA,FRA,2700.0,3800.0,40988.6396406579,91.0,11.82888794,68184457.0
2023.0,FRA,,3700.0,FRA,FRA,2900.0,4300.0,44700.1384177544,,11.51974583,68372286.0
2024.0,FRA,,,FRA,FRA,,,46103.0840855884,,11.53530598,68551653.0
1990.0,DEU,,,DEU,DEU,,,22385.6778250275,,,79433029.0
1991.0,DEU,,,DEU,DEU,,,23443.3350818536,,,80013896.0
1992.0,DEU,,,DEU,DEU,,,26559.8543879632,,,80624598.0
1993.0,DEU,,,DEU,DEU,,,25616.6508772405,,,81156363.0
1994.0,DEU,,,DEU,DEU,,,27201.9593555204,,,81438348.0
1995.0,DEU,,,DEU,DEU,,,31747.2449398447,,,81678051.0
1996.0,DEU,,,DEU,DEU,,,30599.7891048363,,,81914831.0
1997.0,DEU,,,DEU,DEU,,,27046.9565464237,,,82034771.0
1998.0,DEU,,,DEU,DEU,,,27395.9440608051,,,82047195.0
1999.0,DEU,,,DEU,DEU,,,26965.4922773722,,,82100243.0
2000.0,DEU,,,DEU,DEU,,,23925.8559901991,,9.75930405,82211508.0
2001.0,DEU,,,DEU,DEU,,,23878.3641471651,,9.78105545,82349925.0
2002.0,DEU,,,DEU,DEU,,,25486.5942008748,,10.028965,82488495.0
2003.0,DEU,,,DEU,DEU,,,30711.1022511331,,10.22255325,82534176.0
2004.0,DEU,,,DEU,DEU,,,34566.7359143735,,9.97466278,82516260.0
2005.0,DEU,,,DEU,DEU,,,35084.4363546269,,10.1068058,82469422.0
2006.0,DEU,,,DEU,DEU,,,36980.3349948954,,9.96236897,82376451.0
2007.0,DEU,,,DEU,DEU,,,42350.9217211489,,9.83482933,82266372.0
2008.0,DEU,,,DEU,DEU,,,46379.1647953479,,10.03185749,82110097.0
2009.0,DEU,,,DEU,DEU,,,42471.8868625226,,10.97003078,81902307.0
2010.0,DEU,200.0,2600.0,DEU,DEU,1900.0,3200.0,42396.9665976293,70.0,10.8311739,81776930.0
2011.0,DEU,200.0,2300.0,DEU,DEU,1700.0,2900.0,47630.9761883572,72.0,10.52106953,80274983.0
2012.0,DEU,200.0,2400.0,DEU,DEU,1700.0,2900.0,44718.0159214069,75.0,10.59356213,80425823.0
2013.0,DEU,200.0,2400.0,DEU,DEU,1700.0,2900.0,47206.8353514242,77.0,10.7432127,80645605.0
2014.0,DEU,200.0,2400.0,DEU,DEU,1700.0,2900.0,48959.5991203133,78.0,10.76819706,80982500.0
2015.0,DEU,200.0,2300.0,DEU,DEU,1600.0,2900.0,41929.7549110722,80.0,10.92317677,81686611.0
2016.0,DEU,200.0,2300.0,DEU,DEU,1600.0,2800.0,42948.9381932694,82.0,10.97133732,82348669.0
2017.0,DEU,200.0,2100.0,DEU,DEU,1400.0,2600.0,45553.9341495339,84.0,11.05091095,82657002.0
2018.0,DEU,200.0,2000.0,DEU,DEU,1400.0,2500.0,48916.1686612154,86.0,11.18380833,82905782.0
2019.0,DEU,200.0,2100.0,DEU,DEU,1400.0,2600.0,47656.199739747,88.0,11.42805386,83092962.0
2020.0,DEU,200.0,1700.0,DEU,DEU,1200.0,2100.0,47394.8734504469,90.0,12.46780777,83160871.0
2021.0,DEU,200.0,1700.0,DEU,DEU,1200.0,2100.0,52349.2459994422,92.0,12.72403336,83196078.0
2022.0,DEU,200.0,1900.0,DEU,DEU,1400.0,2400.0,50506.5179638543,93.0,12.44708347,83177813.0
2023.0,DEU,200.0,2200.0,DEU,DEU,1500.0,2700.0,54776.7668235491,93.0,11.74428654,83287273.0
2024.0,DEU,200.0,2200.0,DEU,DEU,1500.0,2700.0,56103.7323182554,,12.26655293,83516593.0
1990.0,GRC,100.0,500.0,GRC,GRC,200.0,500.0,9466.66238502174,,,10196792.0
1991.0,GRC,100.0,500.0,GRC,GRC,500.0,500.0,10046.6663875475,,,10319927.0
1992.0,GRC,100.0,500.0,GRC,GRC,500.0,500.0,11021.012224607,,,10399061.0
1993.0,GRC,100.0,500.0,GRC,GRC,500.0,500.0,10257.3085789073,,,10460415.0
1994.0,GRC,100.0,500.0,GRC,GRC,500.0,500.0,10937.0223808611,,,10512922.0
1995.0,GRC,100.0,500.0,GRC,GRC,500.0,500.0,12779.081491606,,,10562153.0
1996.0,GRC,100.0,500.0,GRC,GRC,500.0,500.0,13432.5262183244,,,10608800.0
1997.0,GRC,100.0,500.0,GRC,GRC,500.0,500.0,13015.9175046854,,,10661259.0
1998.0,GRC,100.0,500.0,GRC,GRC,500.0,500.0,13022.9648774809,,,10720509.0
1999.0,GRC,100.0,500.0,GRC,GRC,500.0,500.0,12742.5404388143,,,10761698.0
2000.0,GRC,100.0,500.0,GRC,GRC,500.0,500.0,11638.2010697215,48.0,7.51388931,10805808.0
2001.0,GRC,100.0,500.0,GRC,GRC,500.0,500.0,12156.9572824221,49.0,8.24545956,10862132.0
2002.0,GRC,100.0,500.0,GRC,GRC,500.0,500.0,13782.195640943,49.0,8.46998692,10902022.0
2003.0,GRC,100.0,500.0,GRC,GRC,500.0,550.0,18020.612039764,48.0,8.68253994,10928070.0
2004.0,GRC,100.0,520.0,GRC,GRC,500.0,640.0,21449.2552764245,46.0,8.30002213,10955141.0
2005.0,GRC,100.0,590.0,GRC,GRC,500.0,690.0,22054.1315756886,45.0,8.76117897,10987314.0
2006.0,GRC,100.0,640.0,GRC,GRC,520.0,730.0,24416.0232970275,45.0,8.39596939,11020362.0
2007.0,GRC,100.0,670.0,GRC,GRC,540.0,750.0,28440.7625328955,45.0,8.52304935,11048473.0
2008.0,GRC,100.0,680.0,GRC,GRC,540.0,760.0,31695.8331092209,45.0,8.948102,11077841.0
2009.0,GRC,100.0,680.0,GRC,GRC,550.0,770.0,29425.4573200263,46.0,9.53581333,11107017.0
2010.0,GRC,100.0,680.0,GRC,GRC,540.0,770.0,26653.0488008626,47.0,9.61952496,11121341.0
2011.0,GRC,100.0,680.0,GRC,GRC,540.0,770.0,25504.7866510124,49.0,9.18577003,11104899.0
2012.0,GRC,100.0,670.0,GRC,GRC,530.0,770.0,21624.346052551,51.0,9.04327774,11045011.0
2013.0,GRC,100.0,660.0,GRC,GRC,510.0,750.0,21573.3449762805,55.0,8.52183914,10965211.0
2014.0,GRC,100.0,640.0,GRC,GRC,500.0,740.0,21474.7257123892,58.0,7.94358587,10892413.0
2015.0,GRC,100.0,630.0,GRC,GRC,500.0,730.0,17980.7298238137,62.0,8.26719952,10820883.0
2016.0,GRC,100.0,620.0,GRC,GRC,500.0,720.0,17919.2426377048,66.0,8.45097542,10775971.0
2017.0,GRC,100.0,610.0,GRC,GRC,500.0,710.0,18631.9930129293,68.0,8.11336899,10754679.0
2018.0,GRC,100.0,610.0,GRC,GRC,500.0,710.0,19873.4015238771,67.0,8.07267761,10732882.0
2019.0,GRC,100.0,600.0,GRC,GRC,500.0,690.0,19335.3602002969,66.0,8.11709499,10721582.0
2020.0,GRC,100.0,590.0,GRC,GRC,500.0,690.0,17886.733165236,66.0,9.38074493,10698599.0
2021.0,GRC,100.0,590.0,GRC,GRC,500.0,680.0,20652.89659591,66.0,9.03178692,10570130.0
2022.0,GRC,100.0,570.0,GRC,GRC,500.0,670.0,20884.6773436263,66.0,8.44938278,10437805.0
2023.0,GRC,100.0,560.0,GRC,GRC,500.0,660.0,23343.7103964562,65.0,8.39367008,10407351.0
2024.0,GRC,100.0,540.0,GRC,GRC,500.0,640.0,24626.1481858973,66.0,,10405134.0
1990.0,HUN,,,HUN,HUN,,,3323.53967237633,,,10373988.0
1991.0,HUN,,,HUN,HUN,,,3361.22268037924,,,10373400.0
1992.0,HUN,,,HUN,HUN,,,3747.32966394956,,,10369341.0
1993.0,HUN,,,HUN,HUN,,,3886.66608419616,,,10357523.0
1994.0,HUN,,,HUN,HUN,,,4187.0311799663,,,10343355.0
1995.0,HUN,,,HUN,HUN,,,4509.41740910077,,,10328965.0
1996.0,HUN,,,HUN,HUN,,,4542.0120380978,,,10311238.0
1997.0,HUN,,,HUN,HUN,,,4606.0569733295,,,10290486.0
1998.0,HUN,,,HUN,HUN,,,4751.7732430202,,,10266570.0
1999.0,HUN,,,HUN,HUN,,,4801.95949584162,,,10237530.0
2000.0,HUN,,,HUN,HUN,,,4629.91760812548,,6.76979256,10210971.0
2001.0,HUN,,,HUN,HUN,,,5280.94887987063,,6.8197937,10187576.0
2002.0,HUN,,,HUN,HUN,,,6658.04494326809,,7.1181159,10158608.0
2003.0,HUN,,,HUN,HUN,,,8410.09248198479,,8.12986469,10129552.0
2004.0,HUN,,,HUN,HUN,,,10291.2694721409,,7.76592064,10107146.0
2005.0,HUN,,,HUN,HUN,,,11212.2046968994,,7.99248505,10087065.0
2006.0,HUN,,,HUN,HUN,,,11478.4891640501,,7.78556442,10071370.0
2007.0,HUN,,,HUN,HUN,,,13934.605460375,,7.20719147,10055780.0
2008.0,HUN,,,HUN,HUN,,,15762.6322515113,,7.09275723,10038188.0
2009.0,HUN,,,HUN,HUN,,,13051.1831777184,,7.2366724,10022650.0
2010.0,HUN,,,HUN,HUN,,,13189.8433874768,,7.46420383,10000023.0
2011.0,HUN,,,HUN,HUN,,,14211.460557822,,7.49342251,9971727.0
2012.0,HUN,,,HUN,HUN,,,12950.1594488143,,7.43047714,9920362.0
2013.0,HUN,,,HUN,HUN,,,13739.4620151401,,7.23645353,9872734.0
2014.0,HUN,,,HUN,HUN,,,14352.501883174,,7.04192352,9833038.0
2015.0,HUN,,,HUN,HUN,,,12782.9412577973,,6.8501935,9797755.0
2016.0,HUN,,,HUN,HUN,,,13215.8605277789,,6.96752644,9759755.0
2017.0,HUN,,,HUN,HUN,,,14736.1668157258,,6.73338366,9726756.0
2018.0,HUN,,,HUN,HUN,,,16605.0570511887,,6.55460501,9706964.0
2019.0,HUN,,,HUN,HUN,,,17012.8598553199,,6.24677849,9694824.0
2020.0,HUN,,,HUN,HUN,,,16386.9308821258,,7.230515,9670419.0
2021.0,HUN,,,HUN,HUN,,,19030.628130329,,7.33524847,9630932.0
2022.0,HUN,,,HUN,HUN,,,18428.028825614,,6.6474123,9605074.0
2023.0,HUN,,,HUN,HUN,,,22208.6509820466,,6.36868954,9592186.0
2024.0,HUN,,,HUN,HUN,,,23305.4482514359,,,9562065.0
1990.0,ISL,100.0,100.0,ISL,ISL,100.0,100.0,26272.2452156659,,,254826.0
1991.0,ISL,100.0,100.0,ISL,ISL,100.0,100.0,27739.8886025504,,,257797.0
1992.0,ISL,100.0,100.0,ISL,ISL,100.0,100.0,28072.4041083276,,,261057.0
1993.0,ISL,100.0,100.0,ISL,ISL,100.0,100.0,24404.0275812365,,,263725.0
1994.0,ISL,100.0,100.0,ISL,ISL,100.0,100.0,24858.2031335605,,,266021.0
1995.0,ISL,100.0,100.0,ISL,ISL,100.0,100.0,27564.569102386,,,267468.0
1996.0,ISL,100.0,100.0,ISL,ISL,100.0,100.0,28583.5208959793,,,268916.0
1997.0,ISL,100.0,100.0,ISL,ISL,100.0,100.0,28461.7664095122,,,271128.0
1998.0,ISL,100.0,100.0,ISL,ISL,100.0,100.0,31519.1647473126,,,274047.0
1999.0,ISL,100.0,100.0,ISL,ISL,100.0,100.0,32834.4215745364,,,277381.0
2000.0,ISL,100.0,100.0,ISL,ISL,100.0,100.0,32503.578963236,31.0,8.89924335,281205.0
2001.0,ISL,100.0,100.0,ISL,ISL,100.0,100.0,29208.1981853568,37.0,8.75266171,284968.0
2002.0,ISL,100.0,100.0,ISL,ISL,100.0,100.0,32749.379004627,43.0,9.40382481,287523.0
2003.0,ISL,100.0,100.0,ISL,ISL,100.0,100.0,39944.2104095591,48.0,9.72930241,289521.0
2004.0,ISL,100.0,100.0,ISL,ISL,100.0,100.0,47809.6073050042,51.0,9.32854366,292074.0
2005.0,ISL,100.0,100.0,ISL,ISL,100.0,100.0,57783.7745608117,54.0,8.94694996,296734.0
2006.0,ISL,100.0,100.0,ISL,ISL,100.0,100.0,58172.1426656622,57.0,8.55709076,303782.0
2007.0,ISL,100.0,100.0,ISL,ISL,100.0,100.0,70483.0117228535,59.0,8.3535862,311566.0
2008.0,ISL,100.0,100.0,ISL,ISL,100.0,100.0,57489.3399795216,61.0,8.34370804,317414.0
2009.0,ISL,100.0,100.0,ISL,ISL,100.0,100.0,41483.7843682814,64.0,8.77518463,318499.0
2010.0,ISL,100.0,100.0,ISL,ISL,100.0,100.0,43776.4677400475,66.0,8.36173058,318041.0
2011.0,ISL,100.0,100.0,ISL,ISL,100.0,100.0,48254.953927254,68.0,8.25498867,319014.0
2012.0,ISL,100.0,100.0,ISL,ISL,100.0,100.0,46594.9869146614,69.0,8.23091221,320716.0
2013.0,ISL,100.0,100.0,ISL,ISL,100.0,100.0,50173.3360061057,70.0,8.22651291,323764.0
2014.0,ISL,100.0,100.0,ISL,ISL,100.0,100.0,55140.364935793,70.0,8.29044247,327386.0
2015.0,ISL,100.0,100.0,ISL,ISL,100.0,100.0,53505.6964079339,71.0,8.13121986,330815.0
2016.0,ISL,100.0,100.0,ISL,ISL,100.0,100.0,62854.0906407932,71.0,8.15569115,335439.0
2017.0,ISL,100.0,100.0,ISL,ISL,100.0,100.0,72976.3729990975,77.0,8.3243084,343400.0
2018.0,ISL,100.0,100.0,ISL,ISL,100.0,100.0,75633.8651351915,82.0,8.43817616,352721.0
2019.0,ISL,100.0,100.0,ISL,ISL,100.0,100.0,69296.3144361601,84.0,8.63996315,360563.0
2020.0,ISL,100.0,100.0,ISL,ISL,100.0,100.0,60127.9393575616,85.0,9.64908886,366463.0
2021.0,ISL,100.0,100.0,ISL,ISL,100.0,100.0,70425.4064277273,84.0,9.72073746,372520.0
2022.0,ISL,100.0,100.0,ISL,ISL,100.0,100.0,76376.9599334915,82.0,9.08145332,382003.0
2023.0,ISL,100.0,100.0,ISL,ISL,100.0,100.0,82201.2908518078,89.0,8.70510101,385663.0
2024.0,ISL,100.0,100.0,ISL,ISL,100.0,100.0,85863.1479330343,88.0,8.98358727,386506.0
1990.0,IRL,100.0,200.0,IRL,IRL,200.0,200.0,14031.3025675469,,,3513974.0
1991.0,IRL,100.0,200.0,IRL,IRL,200.0,200.0,14087.2074393708,,,3534235.0
1992.0,IRL,100.0,200.0,IRL,IRL,200.0,200.0,15714.3847487231,,,3558430.0
1993.0,IRL,100.0,200.0,IRL,IRL,200.0,200.0,14657.0615549805,,,3576261.0
1994.0,IRL,100.0,200.0,IRL,IRL,200.0,200.0,15902.9296755168,,,3590386.0
1995.0,IRL,100.0,200.0,IRL,IRL,200.0,200.0,19158.4564773907,,,3608841.0
1996.0,IRL,100.0,200.0,IRL,IRL,200.0,500.0,20835.8977130847,,,3637510.0
1997.0,IRL,100.0,200.0,IRL,IRL,200.0,500.0,22551.1139134126,,,3674171.0
1998.0,IRL,100.0,200.0,IRL,IRL,200.0,500.0,24294.8547674007,,,3712696.0
1999.0,IRL,100.0,200.0,IRL,IRL,200.0,500.0,26338.1077543817,,,3754786.0
2000.0,IRL,100.0,500.0,IRL,IRL,200.0,500.0,26334.5672050501,40.0,5.8990283,3805174.0
2001.0,IRL,100.0,500.0,IRL,IRL,200.0,500.0,28282.409882073,45.0,6.39249372,3866243.0
2002.0,IRL,100.0,500.0,IRL,IRL,200.0,500.0,32705.4345565698,48.0,6.67263031,3931947.0
2003.0,IRL,100.0,500.0,IRL,IRL,200.0,500.0,41203.5295847568,52.0,7.00761414,3996521.0
2004.0,IRL,100.0,500.0,IRL,IRL,200.0,500.0,47754.2023194244,54.0,7.21972942,4070262.0
2005.0,IRL,100.0,500.0,IRL,IRL,200.0,500.0,50933.0216095589,55.0,7.64242792,4159914.0
2006.0,IRL,100.0,500.0,IRL,IRL,500.0,500.0,54329.1618599624,56.0,7.51646996,4273591.0
2007.0,IRL,100.0,500.0,IRL,IRL,500.0,500.0,61396.417461176,57.0,7.80773735,4398942.0
2008.0,IRL,100.0,500.0,IRL,IRL,500.0,500.0,61353.1065629523,58.0,9.12564754,4489544.0
2009.0,IRL,100.0,500.0,IRL,IRL,500.0,500.0,52133.0906162544,59.0,10.52275753,4535375.0
2010.0,IRL,100.0,500.0,IRL,IRL,500.0,500.0,48623.9666422487,61.0,10.52062798,4560155.0
2011.0,IRL,100.0,500.0,IRL,IRL,500.0,500.0,52613.8540355689,64.0,10.4888649,4580084.0
2012.0,IRL,100.0,500.0,IRL,IRL,500.0,500.0,49335.8408099555,67.0,10.47466946,4599533.0
2013.0,IRL,100.0,500.0,IRL,IRL,500.0,500.0,52537.6108648692,70.0,10.0333004,4623816.0
2014.0,IRL,100.0,500.0,IRL,IRL,500.0,500.0,57214.5379785709,73.0,9.23077869,4657740.0
2015.0,IRL,100.0,500.0,IRL,IRL,500.0,500.0,64250.1385181257,75.0,7.07827806,4701957.0
2016.0,IRL,100.0,500.0,IRL,IRL,500.0,500.0,64129.5571542383,77.0,7.3382206,4762722.0
2017.0,IRL,100.0,500.0,IRL,IRL,500.0,500.0,72161.4047531385,79.0,6.91718578,4827445.0
2018.0,IRL,100.0,500.0,IRL,IRL,200.0,500.0,80804.1123164826,80.0,6.74710846,4898022.0
2019.0,IRL,100.0,500.0,IRL,IRL,200.0,500.0,81827.6688873996,84.0,6.61860561,4976456.0
2020.0,IRL,100.0,500.0,IRL,IRL,200.0,500.0,86514.0706108754,86.0,6.97323275,5039747.0
2021.0,IRL,100.0,200.0,IRL,IRL,200.0,500.0,103783.446284479,86.0,6.44113493,5110585.0
2022.0,IRL,100.0,200.0,IRL,IRL,200.0,500.0,105190.685952731,90.0,6.02078247,5212836.0
2023.0,IRL,100.0,200.0,IRL,IRL,200.0,500.0,106818.917130804,89.0,6.57538509,5311538.0
2024.0,IRL,100.0,200.0,IRL,IRL,100.0,500.0,112894.953240805,98.0,6.85410833,5395790.0
1990.0,ISR,,,ISR,ISR,,,13300.0985026479,,,4660000.0
1991.0,ISR,,,ISR,ISR,,,14337.2280625182,,,4949000.0
1992.0,ISR,,,ISR,ISR,,,15500.4201495689,,,5123000.0
1993.0,ISR,,,ISR,ISR,,,15169.4731267116,,,5261000.0
1994.0,ISR,,,ISR,ISR,,,16796.463811535,,,5399000.0
1995.0,ISR,,,ISR,ISR,,,19013.94330229,,,5545000.0
1996.0,ISR,,,ISR,ISR,,,20212.9229756617,,,5692000.0
1997.0,ISR,,,ISR,ISR,,,20457.3857209047,,,5836000.0
1998.0,ISR,,,ISR,ISR,,,20175.625397054,,,5971000.0
1999.0,ISR,,,ISR,ISR,,,19808.8555169876,,,6125000.0
2000.0,ISR,,,ISR,ISR,,,21690.237340061,,6.59421921,6289000.0
2001.0,ISR,,,ISR,ISR,,,20948.7745727671,,6.99914265,6439000.0
2002.0,ISR,,,ISR,ISR,,,19058.7462869465,,6.90767479,6570000.0
2003.0,ISR,,,ISR,ISR,,,19624.0321412582,,6.84975958,6689700.0
2004.0,ISR,,,ISR,ISR,,,20550.0694706176,,6.79696989,6809000.0
2005.0,ISR,,,ISR,ISR,,,21261.7474251846,,6.8828454,6930100.0
2006.0,ISR,,,ISR,ISR,,,22499.7541717986,,6.70000744,7053700.0
2007.0,ISR,,,ISR,ISR,,,25688.901610248,,6.67256165,7180100.0
2008.0,ISR,,,ISR,ISR,,,30231.0191013609,,6.80668306,7308800.0
2009.0,ISR,,,ISR,ISR,,,28469.6817348489,,6.86992359,7485600.0
2010.0,ISR,,,ISR,ISR,,,31398.9266927022,,6.85038328,7623600.0
2011.0,ISR,,,ISR,ISR,,,34476.7252065949,,6.80594969,7765800.0
2012.0,ISR,,,ISR,ISR,,,33268.7066672115,,6.94185257,7910500.0
2013.0,ISR,,,ISR,ISR,,,36980.622214228,,6.94074392,8059500.0
2014.0,ISR,,,ISR,ISR,,,38265.3651949373,,7.02990532,8215700.0
2015.0,ISR,,,ISR,ISR,,,36138.13561386,,7.02090645,8380100.0
2016.0,ISR,,,ISR,ISR,,,37571.2561196275,,7.09919167,8546000.0
2017.0,ISR,,,ISR,ISR,,,41013.2575323519,,7.17189407,8713300.0
2018.0,ISR,,,ISR,ISR,,,42269.3770257585,,7.23550367,8882800.0
2019.0,ISR,,,ISR,ISR,,,44091.8678022544,,7.20701885,9054000.0
2020.0,ISR,,,ISR,ISR,,,44590.8237253282,,7.74801874,9215100.0
2021.0,ISR,,,ISR,ISR,,,52258.4693499398,,7.83961058,9371400.0
2022.0,ISR,,,ISR,ISR,,,54947.2091250715,,7.12004995,9557500.0
2023.0,ISR,,,ISR,ISR,,,52126.4489280033,,7.09822369,9849000.0
2024.0,ISR,,,ISR,ISR,,,54216.5218142787,,,10002200.0
1990.0,ITA,2000.0,4500.0,ITA,ITA,3700.0,5300.0,20873.7834092719,,,56719240.0
1991.0,ITA,2500.0,4600.0,ITA,ITA,3800.0,5300.0,22007.1350964074,,,56758521.0
1992.0,ITA,2900.0,4600.0,ITA,ITA,3800.0,5300.0,23297.0460325456,,,56797087.0
1993.0,ITA,3300.0,4700.0,ITA,ITA,3800.0,5300.0,18781.9529427137,,,56831821.0
1994.0,ITA,3700.0,4700.0,ITA,ITA,3800.0,5300.0,19382.2002150155,,,56843400.0
1995.0,ITA,4100.0,4700.0,ITA,ITA,3800.0,5300.0,20712.1798690324,,,56844303.0
1996.0,ITA,4000.0,4600.0,ITA,ITA,3800.0,5300.0,23122.9337219116,,,56860281.0
1997.0,ITA,3300.0,4600.0,ITA,ITA,3800.0,5200.0,21883.9872666651,,,56890372.0
1998.0,ITA,2300.0,4500.0,ITA,ITA,3700.0,5200.0,22365.1837644545,,,56906744.0
1999.0,ITA,1600.0,4500.0,ITA,ITA,3700.0,5200.0,22049.9990620261,,,56916317.0
2000.0,ITA,1100.0,4500.0,ITA,ITA,3700.0,5100.0,20190.0035636084,31.0,7.54701233,56942108.0
2001.0,ITA,830.0,4500.0,ITA,ITA,3600.0,5100.0,20570.4385917862,37.0,7.71115828,56976981.0
2002.0,ITA,630.0,4400.0,ITA,ITA,3600.0,5100.0,22451.3964379368,42.0,7.83638906,57089824.0
2003.0,ITA,510.0,4400.0,ITA,ITA,3600.0,5100.0,27577.5700319855,46.0,7.80670929,57399184.0
2004.0,ITA,500.0,4400.0,ITA,ITA,3600.0,5100.0,31348.1901841445,50.0,8.13726902,57828179.0
2005.0,ITA,500.0,4500.0,ITA,ITA,3600.0,5100.0,32062.723833669,53.0,8.30906773,58166682.0
2006.0,ITA,500.0,4500.0,ITA,ITA,3600.0,5100.0,33537.1286994269,57.0,8.39791012,58399861.0
2007.0,ITA,500.0,4400.0,ITA,ITA,3500.0,5200.0,37826.1754554823,59.0,8.10167217,58756247.0
2008.0,ITA,500.0,4500.0,ITA,ITA,3500.0,5200.0,40828.5795580937,62.0,8.50157547,59211181.0
2009.0,ITA,500.0,4500.0,ITA,ITA,3600.0,5200.0,37099.6133958219,64.0,8.91290951,59555454.0
2010.0,ITA,500.0,4500.0,ITA,ITA,3500.0,5200.0,35856.8625485539,66.0,8.87928963,59819407.0
2011.0,ITA,500.0,4500.0,ITA,ITA,3500.0,5200.0,38432.3742820019,69.0,8.728508,60026841.0
2012.0,ITA,500.0,4400.0,ITA,ITA,3500.0,5200.0,34854.3949441965,71.0,8.7983427,60191247.0
2013.0,ITA,500.0,4400.0,ITA,ITA,3400.0,5200.0,35701.6746002376,72.0,8.7897644,60311613.0
2014.0,ITA,500.0,4400.0,ITA,ITA,3400.0,5200.0,36028.3494022349,74.0,8.85913563,60320707.0
2015.0,ITA,500.0,4400.0,ITA,ITA,3300.0,5100.0,30639.8829751432,75.0,8.84596729,60229605.0
2016.0,ITA,500.0,4300.0,ITA,ITA,3300.0,5100.0,31391.5692898108,77.0,8.72043991,60115223.0
2017.0,ITA,500.0,4300.0,ITA,ITA,3200.0,5000.0,32844.115660604,81.0,8.69060516,60002252.0
2018.0,ITA,500.0,4200.0,ITA,ITA,3100.0,5000.0,35062.3364176949,85.0,8.65467453,59877221.0
2019.0,ITA,500.0,4200.0,ITA,ITA,3100.0,5000.0,33812.788724868,88.0,8.61536789,59729081.0
2020.0,ITA,500.0,4100.0,ITA,ITA,3000.0,4900.0,32091.4866621366,87.0,9.5643034,59438851.0
2021.0,ITA,500.0,4100.0,ITA,ITA,2900.0,4900.0,36852.5425414951,87.0,9.28164482,59133173.0
2022.0,ITA,500.0,4000.0,ITA,ITA,2900.0,4900.0,35653.9042103495,86.0,8.85022926,59013667.0
2023.0,ITA,500.0,4000.0,ITA,ITA,2900.0,4800.0,39279.699782164,86.0,8.40559483,58984216.0
2024.0,ITA,500.0,4000.0,ITA,ITA,2800.0,4800.0,40429.6224047352,,8.44437313,58952704.0
1990.0,LVA,100.0,200.0,LVA,LVA,100.0,200.0,,,,2663151.0
1991.0,LVA,100.0,200.0,LVA,LVA,100.0,500.0,,,,2650581.0
1992.0,LVA,100.0,200.0,LVA,LVA,100.0,500.0,,,,2614338.0
1993.0,LVA,100.0,200.0,LVA,LVA,100.0,720.0,,,,2563290.0
1994.0,LVA,100.0,200.0,LVA,LVA,100.0,1600.0,,,,2520742.0
1995.0,LVA,100.0,500.0,LVA,LVA,100.0,870.0,2256.77360387054,,,2485056.0
1996.0,LVA,100.0,500.0,LVA,LVA,100.0,500.0,2360.1714816213,,,2457222.0
1997.0,LVA,100.0,500.0,LVA,LVA,200.0,500.0,2609.89308697195,,,2432851.0
1998.0,LVA,100.0,600.0,LVA,LVA,500.0,730.0,2893.79998716563,,,2410019.0
1999.0,LVA,200.0,900.0,LVA,LVA,740.0,1100.0,3063.89794599707,,,2390482.0
2000.0,LVA,200.0,590.0,LVA,LVA,530.0,670.0,3278.17896440803,1.0,5.57169294,2367550.0
2001.0,LVA,200.0,580.0,LVA,LVA,510.0,670.0,3504.61829462397,1.0,5.89092207,2337170.0
2002.0,LVA,200.0,580.0,LVA,LVA,500.0,680.0,4003.60935783538,1.0,5.95477772,2310173.0
2003.0,LVA,200.0,580.0,LVA,LVA,510.0,680.0,4914.57992829302,2.0,5.73644829,2287955.0
2004.0,LVA,500.0,580.0,LVA,LVA,520.0,660.0,6109.73265186817,2.0,6.47518539,2263122.0
2005.0,LVA,500.0,580.0,LVA,LVA,520.0,650.0,7283.78738127622,2.0,6.08161736,2238799.0
2006.0,LVA,500.0,570.0,LVA,LVA,510.0,650.0,9211.7374468148,3.0,6.02127075,2218357.0
2007.0,LVA,500.0,570.0,LVA,LVA,500.0,640.0,13370.9789452508,6.0,5.81969213,2200325.0
2008.0,LVA,500.0,570.0,LVA,LVA,500.0,640.0,15677.6080864506,6.0,5.86603212,2177322.0
2009.0,LVA,500.0,550.0,LVA,LVA,500.0,630.0,11996.0322729773,8.0,6.2683239,2141669.0
2010.0,LVA,500.0,540.0,LVA,LVA,500.0,610.0,11188.4191700977,9.0,6.22420359,2097555.0
2011.0,LVA,500.0,520.0,LVA,LVA,500.0,590.0,12902.574053337,10.0,5.91758251,2059709.0
2012.0,LVA,500.0,510.0,LVA,LVA,500.0,570.0,13329.3499931271,11.0,5.62075043,2034319.0
2013.0,LVA,500.0,500.0,LVA,LVA,500.0,560.0,14484.4715282132,13.0,5.60404825,2012647.0
2014.0,LVA,500.0,500.0,LVA,LVA,500.0,540.0,15185.814581236,14.0,5.66363621,1993782.0
2015.0,LVA,500.0,500.0,LVA,LVA,500.0,500.0,13321.9753140616,15.0,5.84916782,1977527.0
2016.0,LVA,500.0,500.0,LVA,LVA,500.0,500.0,13838.5266823272,28.0,6.35184479,1959537.0
2017.0,LVA,500.0,500.0,LVA,LVA,500.0,500.0,15132.4958333982,34.0,6.18721867,1942248.0
2018.0,LVA,500.0,500.0,LVA,LVA,500.0,500.0,17252.1710428626,40.0,6.40854263,1927174.0
2019.0,LVA,500.0,500.0,LVA,LVA,500.0,500.0,17294.9751600969,46.0,6.86276913,1913822.0
2020.0,LVA,500.0,500.0,LVA,LVA,500.0,500.0,17564.2321549354,47.0,7.50587368,1900449.0
2021.0,LVA,500.0,500.0,LVA,LVA,200.0,500.0,20261.8887788916,49.0,9.4105072,1884490.0
2022.0,LVA,500.0,500.0,LVA,LVA,200.0,500.0,20221.103686109,50.0,8.1044302,1879383.0
2023.0,LVA,500.0,200.0,LVA,LVA,200.0,500.0,22710.2637544197,51.0,7.27783823,1883710.0
2024.0,LVA,500.0,200.0,LVA,LVA,200.0,500.0,23578.9663562625,52.0,,1866124.0
1990.0,LTU,100.0,100.0,LTU,LTU,100.0,200.0,,,,3697838.0
1991.0,LTU,100.0,100.0,LTU,LTU,100.0,200.0,,,,3704134.0
1992.0,LTU,100.0,100.0,LTU,LTU,100.0,200.0,,,,3700114.0
1993.0,LTU,100.0,200.0,LTU,LTU,100.0,200.0,,,,3682613.0
1994.0,LTU,100.0,200.0,LTU,LTU,100.0,200.0,,,,3657144.0
1995.0,LTU,100.0,200.0,LTU,LTU,100.0,200.0,2182.69156931505,,,3629102.0
1996.0,LTU,100.0,200.0,LTU,LTU,100.0,200.0,2340.67545970008,,,3601613.0
1997.0,LTU,100.0,200.0,LTU,LTU,200.0,200.0,2844.16286797492,,,3575137.0
1998.0,LTU,100.0,200.0,LTU,LTU,200.0,200.0,3180.64498555255,,,3549331.0
1999.0,LTU,100.0,200.0,LTU,LTU,200.0,200.0,3127.51176667183,,,3524238.0
2000.0,LTU,100.0,200.0,LTU,LTU,200.0,200.0,3300.63634928559,0.0,6.18559313,3499536.0
2001.0,LTU,100.0,200.0,LTU,LTU,200.0,200.0,3532.52787363242,0.0,6.00193262,3470818.0
2002.0,LTU,100.0,200.0,LTU,LTU,200.0,500.0,4148.13091485015,0.0,6.13477659,3443067.0
2003.0,LTU,100.0,200.0,LTU,LTU,200.0,500.0,5507.47434187652,2.0,6.17724085,3415213.0
2004.0,LTU,100.0,500.0,LTU,LTU,200.0,500.0,6734.57487061946,3.0,5.48347187,3377075.0
2005.0,LTU,100.0,500.0,LTU,LTU,200.0,500.0,7857.03148786492,4.0,5.64637566,3322528.0
2006.0,LTU,100.0,500.0,LTU,LTU,200.0,500.0,9210.10118229413,4.0,5.85725737,3269909.0
2007.0,LTU,100.0,500.0,LTU,LTU,200.0,500.0,12295.1212779366,5.0,5.75978613,3231294.0
2008.0,LTU,100.0,500.0,LTU,LTU,200.0,500.0,14955.5345462921,7.0,6.29010201,3198231.0
2009.0,LTU,100.0,500.0,LTU,LTU,500.0,500.0,11854.3711053096,7.0,7.34499836,3162916.0
2010.0,LTU,200.0,500.0,LTU,LTU,500.0,500.0,11829.122609457,8.0,6.9058671,3097282.0
2011.0,LTU,100.0,500.0,LTU,LTU,200.0,500.0,14261.8433787325,10.0,6.54017687,3028115.0
2012.0,LTU,100.0,500.0,LTU,LTU,200.0,500.0,14288.1853493139,12.0,6.30798101,2989139.0
2013.0,LTU,100.0,500.0,LTU,LTU,200.0,500.0,15636.5252586048,18.0,6.15501022,2961250.0
2014.0,LTU,100.0,500.0,LTU,LTU,200.0,500.0,16446.1647181663,14.0,6.22244453,2937253.0
2015.0,LTU,100.0,500.0,LTU,LTU,200.0,500.0,14269.8039878287,22.0,6.47396851,2911109.0
2016.0,LTU,100.0,500.0,LTU,LTU,200.0,500.0,14934.2702840428,25.0,6.64928818,2877325.0
2017.0,LTU,100.0,200.0,LTU,LTU,200.0,500.0,16800.1510246099,29.0,6.44472837,2842639.0
2018.0,LTU,100.0,200.0,LTU,LTU,200.0,500.0,19247.2315367967,38.0,6.46896172,2819200.0
2019.0,LTU,100.0,200.0,LTU,LTU,200.0,500.0,19608.7943945553,40.0,6.94472647,2811089.0
2020.0,LTU,100.0,200.0,LTU,LTU,200.0,500.0,20428.6478157394,39.0,7.41619062,2810369.0
2021.0,LTU,100.0,200.0,LTU,LTU,200.0,500.0,23882.8668916753,39.0,7.73210812,2808380.0
2022.0,LTU,100.0,200.0,LTU,LTU,100.0,500.0,24946.5724005188,44.0,7.24367952,2831639.0
2023.0,LTU,100.0,200.0,LTU,LTU,100.0,500.0,27983.3658256887,48.0,7.31801939,2871585.0
2024.0,LTU,100.0,200.0,LTU,LTU,100.0,500.0,29603.7772588256,52.0,7.59519005,2888278.0
1990.0,LUX,100.0,100.0,LUX,LUX,100.0,100.0,33465.478207919,,,381850.0
1991.0,LUX,100.0,100.0,LUX,LUX,100.0,100.0,35747.3377992066,,,387000.0
1992.0,LUX,100.0,100.0,LUX,LUX,100.0,100.0,39570.8615665986,,,392175.0
1993.0,LUX,100.0,100.0,LUX,LUX,100.0,100.0,40066.7242518773,,,397475.0
1994.0,LUX,100.0,100.0,LUX,LUX,100.0,100.0,43933.235442736,,,402925.0
1995.0,LUX,100.0,100.0,LUX,LUX,100.0,100.0,51032.349635318,,,408625.0
1996.0,LUX,100.0,100.0,LUX,LUX,100.0,100.0,50444.3591236175,,,414225.0
1997.0,LUX,100.0,100.0,LUX,LUX,100.0,100.0,46641.6408754876,,,419450.0
1998.0,LUX,100.0,100.0,LUX,LUX,100.0,100.0,47445.3863148198,,,424700.0
1999.0,LUX,100.0,100.0,LUX,LUX,100.0,100.0,50872.4492684624,,,430475.0
2000.0,LUX,100.0,100.0,LUX,LUX,100.0,100.0,48659.6390968187,40.0,5.92533875,436300.0
2001.0,LUX,100.0,100.0,LUX,LUX,100.0,100.0,48440.1805564662,41.0,6.38193941,441525.0
2002.0,LUX,100.0,100.0,LUX,LUX,100.0,100.0,53005.731801629,42.0,6.76099968,446175.0
2003.0,LUX,100.0,100.0,LUX,LUX,100.0,100.0,65689.3214536911,41.0,6.96221447,451630.0
2004.0,LUX,100.0,100.0,LUX,LUX,100.0,100.0,76544.9170868473,42.0,7.2793355,458095.0
2005.0,LUX,100.0,100.0,LUX,LUX,100.0,100.0,80988.2044869403,45.0,7.12328196,465158.0
2006.0,LUX,100.0,100.0,LUX,LUX,100.0,100.0,90788.8164271049,48.0,6.6364212,472637.0
2007.0,LUX,100.0,100.0,LUX,LUX,100.0,100.0,107475.320297978,47.0,6.15803099,479993.0
2008.0,LUX,100.0,100.0,LUX,LUX,100.0,100.0,120422.137934157,50.0,6.23101091,488650.0
2009.0,LUX,100.0,100.0,LUX,LUX,100.0,100.0,109419.746953106,51.0,6.94993162,497783.0
2010.0,LUX,100.0,100.0,LUX,LUX,100.0,100.0,110885.991378721,53.0,6.66263008,506953.0
2011.0,LUX,100.0,100.0,LUX,LUX,100.0,100.0,119025.057203467,56.0,5.95225334,518347.0
2012.0,LUX,100.0,100.0,LUX,LUX,100.0,100.0,112584.676270958,59.0,5.29404306,530946.0
2013.0,LUX,100.0,100.0,LUX,LUX,100.0,100.0,120000.140729859,59.0,5.23557377,543360.0
2014.0,LUX,100.0,100.0,LUX,LUX,100.0,100.0,123678.706919314,64.0,5.23040915,556319.0
2015.0,LUX,100.0,100.0,LUX,LUX,100.0,100.0,105462.012584423,66.0,5.08113575,569604.0
2016.0,LUX,100.0,100.0,LUX,LUX,100.0,100.0,106899.293549552,68.0,5.07103872,582014.0
2017.0,LUX,100.0,100.0,LUX,LUX,100.0,100.0,110193.213797228,70.0,5.13535357,596336.0
2018.0,LUX,100.0,100.0,LUX,LUX,100.0,100.0,116926.759593905,70.0,5.27355194,607950.0
2019.0,LUX,100.0,100.0,LUX,LUX,100.0,100.0,112696.649059674,71.0,5.46640301,620001.0
2020.0,LUX,100.0,100.0,LUX,LUX,100.0,100.0,116860.02817236,72.0,5.7671175,630419.0
2021.0,LUX,100.0,100.0,LUX,LUX,100.0,100.0,134965.815442152,75.0,5.60806084,640064.0
2022.0,LUX,100.0,100.0,LUX,LUX,100.0,100.0,123719.658915996,82.0,5.60926914,653103.0
2023.0,LUX,100.0,100.0,LUX,LUX,100.0,100.0,133230.619178899,83.0,5.78777981,666430.0
2024.0,LUX,100.0,100.0,LUX,LUX,100.0,100.0,137781.681659123,84.0,5.89136267,677012.0
1990.0,MLT,100.0,100.0,MLT,MLT,100.0,100.0,7192.38994693962,,,354170.0
1991.0,MLT,100.0,100.0,MLT,MLT,100.0,100.0,7558.75921583164,,,363845.0
1992.0,MLT,100.0,100.0,MLT,MLT,100.0,100.0,8220.33403924666,,,367618.0
1993.0,MLT,100.0,100.0,MLT,MLT,100.0,100.0,7296.35111127489,,,371308.0
1994.0,MLT,100.0,100.0,MLT,MLT,100.0,100.0,8000.3453286604,,,374797.0
1995.0,MLT,100.0,100.0,MLT,MLT,100.0,100.0,9828.32366424667,,,377419.0
1996.0,MLT,100.0,100.0,MLT,MLT,100.0,100.0,10061.8500714248,,,379905.0
1997.0,MLT,100.0,100.0,MLT,MLT,100.0,100.0,9893.18885431564,,,382791.0
1998.0,MLT,100.0,100.0,MLT,MLT,100.0,100.0,10408.1156430599,,,385287.0
1999.0,MLT,100.0,100.0,MLT,MLT,100.0,100.0,10609.1105181418,,,387578.0
2000.0,MLT,100.0,100.0,MLT,MLT,100.0,100.0,10348.485765125,22.0,6.62621355,390087.0
2001.0,MLT,100.0,100.0,MLT,MLT,100.0,100.0,10357.7026407269,21.0,7.0297122,393028.0
2002.0,MLT,100.0,100.0,MLT,MLT,100.0,100.0,11251.2024877398,20.0,7.73333311,395969.0
2003.0,MLT,100.0,100.0,MLT,MLT,100.0,100.0,13593.9787182902,20.0,7.93917513,398582.0
2004.0,MLT,100.0,100.0,MLT,MLT,100.0,100.0,15212.1312964883,18.0,8.03966808,401268.0
2005.0,MLT,100.0,100.0,MLT,MLT,100.0,100.0,15831.3439802756,21.0,8.69497585,403834.0
2006.0,MLT,100.0,100.0,MLT,MLT,100.0,100.0,16653.6038312389,21.0,8.84659672,405308.0
2007.0,MLT,100.0,100.0,MLT,MLT,100.0,100.0,19444.1743635565,23.0,8.18593979,406724.0
2008.0,MLT,100.0,100.0,MLT,MLT,100.0,100.0,22405.6426266551,27.0,7.82490158,409379.0
2009.0,MLT,100.0,100.0,MLT,MLT,100.0,100.0,21261.5428699817,30.0,7.88854265,412477.0
2010.0,MLT,100.0,100.0,MLT,MLT,100.0,100.0,21946.6073066905,33.0,7.89857197,414508.0
2011.0,MLT,100.0,100.0,MLT,MLT,100.0,100.0,23516.972445816,34.0,8.31816673,416268.0
2012.0,MLT,100.0,100.0,MLT,MLT,100.0,100.0,22878.3095862582,39.0,8.24921417,420028.0
2013.0,MLT,100.0,100.0,MLT,MLT,100.0,100.0,25415.5525389054,41.0,8.30319595,424810.0
2014.0,MLT,100.0,100.0,MLT,MLT,100.0,100.0,27424.5693619702,44.0,8.88463974,433481.0
2015.0,MLT,100.0,100.0,MLT,MLT,100.0,100.0,25529.6693210673,48.0,8.70199776,444220.0
2016.0,MLT,100.0,100.0,MLT,MLT,100.0,100.0,26459.0644285369,49.0,8.69928074,454505.0
2017.0,MLT,100.0,100.0,MLT,MLT,100.0,100.0,30317.2611769875,51.0,8.31366253,467106.0
2018.0,MLT,100.0,100.0,MLT,MLT,100.0,100.0,33382.280781103,58.0,8.11269569,483903.0
2019.0,MLT,100.0,100.0,MLT,MLT,100.0,100.0,32421.9087471186,62.0,8.89282227,503912.0
2020.0,MLT,100.0,100.0,MLT,MLT,100.0,100.0,31823.422001724,65.0,9.85403538,515490.0
2021.0,MLT,100.0,100.0,MLT,MLT,100.0,100.0,38078.0064279067,64.0,9.52782059,518150.0
2022.0,MLT,100.0,100.0,MLT,MLT,100.0,100.0,35658.8318250199,63.0,9.09105396,531113.0
2023.0,MLT,100.0,100.0,MLT,MLT,100.0,100.0,40932.5238774461,68.0,8.84301376,552747.0
2024.0,MLT,100.0,100.0,MLT,MLT,100.0,100.0,44023.6341078148,69.0,,568847.0
1990.0,NLD,500.0,500.0,NLD,NLD,500.0,560.0,21322.1944802703,,,14951510.0
1991.0,NLD,500.0,500.0,NLD,NLD,500.0,510.0,21764.2144987258,,,15069798.0
1992.0,NLD,500.0,500.0,NLD,NLD,500.0,540.0,23939.2173482108,,,15184166.0
1993.0,NLD,520.0,540.0,NLD,NLD,500.0,600.0,23156.4404444568,,,15290368.0
1994.0,NLD,550.0,600.0,NLD,NLD,540.0,650.0,24682.5866742863,,,15382838.0
1995.0,NLD,580.0,640.0,NLD,NLD,590.0,690.0,29301.1940492376,,,15459006.0
1996.0,NLD,500.0,700.0,NLD,NLD,660.0,730.0,29063.6236532536,,,15530498.0
1997.0,NLD,200.0,750.0,NLD,NLD,720.0,790.0,26744.9601318097,,,15610650.0
1998.0,NLD,100.0,800.0,NLD,NLD,740.0,860.0,27924.281808994,,,15707209.0
1999.0,NLD,100.0,850.0,NLD,NLD,760.0,930.0,28318.7466538357,,,15812088.0
2000.0,NLD,100.0,840.0,NLD,NLD,740.0,930.0,26225.1697734149,46.0,7.70382404,15925513.0
2001.0,NLD,100.0,850.0,NLD,NLD,750.0,930.0,26955.7128032278,49.0,8.04176903,16046180.0
2002.0,NLD,100.0,910.0,NLD,NLD,830.0,990.0,29446.5330872868,51.0,8.61879349,16148929.0
2003.0,NLD,100.0,970.0,NLD,NLD,900.0,1000.0,35896.7504630706,52.0,9.01979256,16225302.0
2004.0,NLD,100.0,1000.0,NLD,NLD,950.0,1100.0,40611.3414353091,53.0,9.07156658,16281779.0
2005.0,NLD,100.0,1000.0,NLD,NLD,970.0,1100.0,42165.396168388,53.0,9.05984592,16319868.0
2006.0,NLD,100.0,1000.0,NLD,NLD,970.0,1100.0,45123.5432406426,54.0,9.03575516,16346101.0
2007.0,NLD,200.0,1000.0,NLD,NLD,960.0,1100.0,52100.7996285947,56.0,9.00052166,16381696.0
2008.0,NLD,200.0,1000.0,NLD,NLD,940.0,1100.0,58246.7026905874,59.0,9.21819305,16445593.0
2009.0,NLD,100.0,970.0,NLD,NLD,920.0,1000.0,53172.0261581418,62.0,9.90839005,16530388.0
2010.0,NLD,100.0,920.0,NLD,NLD,870.0,960.0,51305.7338533973,65.0,10.09452248,16615394.0
2011.0,NLD,100.0,850.0,NLD,NLD,810.0,890.0,54701.7728030611,68.0,10.14537811,16693074.0
2012.0,NLD,100.0,770.0,NLD,NLD,730.0,810.0,50473.9442002689,70.0,10.45467281,16754962.0
2013.0,NLD,100.0,690.0,NLD,NLD,640.0,720.0,52602.2860520766,74.0,10.50247383,16804432.0
2014.0,NLD,100.0,600.0,NLD,NLD,550.0,630.0,53457.2234864322,77.0,10.45699596,16865008.0
2015.0,NLD,100.0,510.0,NLD,NLD,500.0,540.0,45793.8135434697,80.0,10.18857956,16939923.0
2016.0,NLD,100.0,500.0,NLD,NLD,500.0,500.0,46808.5291492503,82.0,9.89148426,17030314.0
2017.0,NLD,100.0,500.0,NLD,NLD,500.0,500.0,49513.6817346384,84.0,9.93712521,17131296.0
2018.0,NLD,100.0,500.0,NLD,NLD,500.0,500.0,53955.0770024266,85.0,9.85083961,17231624.0
2019.0,NLD,100.0,500.0,NLD,NLD,200.0,500.0,53554.9007491475,87.0,9.93616295,17344874.0
2020.0,NLD,100.0,500.0,NLD,NLD,100.0,500.0,53467.9277413737,87.0,10.94954681,17441500.0
2021.0,NLD,100.0,500.0,NLD,NLD,100.0,500.0,60141.9880911492,87.0,11.13498974,17533044.0
2022.0,NLD,100.0,500.0,NLD,NLD,200.0,500.0,59123.318556487,88.0,10.03109169,17700982.0
2023.0,NLD,100.0,500.0,NLD,NLD,200.0,500.0,63515.6030780019,89.0,9.83150005,17877117.0
2024.0,NLD,,,NLD,NLD,,,67465.3208126875,,10.00551128,17993485.0
1990.0,NOR,100.0,,NOR,NOR,,,28137.4837293741,,,4241473.0
1991.0,NOR,100.0,,NOR,NOR,,,28427.2524217324,,,4261732.0
1992.0,NOR,100.0,,NOR,NOR,,,30328.210916818,,,4286401.0
1993.0,NOR,100.0,,NOR,NOR,,,27792.6599198329,,,4311991.0
1994.0,NOR,100.0,,NOR,NOR,,,29129.7350937014,,,4336613.0
1995.0,NOR,100.0,,NOR,NOR,,,34658.6948344762,,,4359184.0
1996.0,NOR,100.0,,NOR,NOR,,,37072.6000316602,,,4381336.0
1997.0,NOR,100.0,,NOR,NOR,,,36324.1473513598,,,4405157.0
1998.0,NOR,100.0,,NOR,NOR,,,34515.8977194734,,,4431464.0
1999.0,NOR,100.0,,NOR,NOR,,,36151.4491624485,,,4461913.0
2000.0,NOR,100.0,,NOR,NOR,,,37991.8907576589,,7.70270586,4490967.0
2001.0,NOR,100.0,,NOR,NOR,,,38458.2530907659,,8.00972462,4513751.0
2002.0,NOR,100.0,,NOR,NOR,,,43048.288735011,,8.98267078,4538159.0
2003.0,NOR,100.0,,NOR,NOR,,,50208.0960234078,,9.19355106,4564855.0
2004.0,NOR,100.0,,NOR,NOR,,,57854.5698169407,,8.79598331,4591910.0
2005.0,NOR,100.0,,NOR,NOR,,,67358.3615969796,,8.29899502,4623291.0
2006.0,NOR,100.0,,NOR,NOR,,,75047.741700385,,7.8822999,4660677.0
2007.0,NOR,100.0,,NOR,NOR,,,86600.2387607877,,8.01673985,4709153.0
2008.0,NOR,100.0,,NOR,NOR,,,99001.5300678626,,7.91507673,4768212.0
2009.0,NOR,100.0,,NOR,NOR,,,81939.726548458,,9.03254128,4828726.0
2010.0,NOR,100.0,,NOR,NOR,,,90020.342257973,,8.8581152,4889252.0
2011.0,NOR,100.0,,NOR,NOR,,,103545.218988177,,8.73474026,4953088.0
2012.0,NOR,100.0,,NOR,NOR,,,104627.93694681,,8.72188568,5018573.0
2013.0,NOR,100.0,,NOR,NOR,,,106333.138368566,,8.87431335,5079623.0
2014.0,NOR,100.0,,NOR,NOR,,,100410.020200979,,9.28297901,5137232.0
2015.0,NOR,100.0,,NOR,NOR,,,77220.9524311414,,10.06992245,5188607.0
2016.0,NOR,100.0,,NOR,NOR,,,73222.4006864905,,10.53049755,5234519.0
2017.0,NOR,100.0,,NOR,NOR,,,78771.2151264554,,10.22983646,5276968.0
2018.0,NOR,100.0,,NOR,NOR,,,85579.0776455494,,9.96037865,5311916.0
2019.0,NOR,100.0,,NOR,NOR,,,79329.3075190012,,10.43807507,5347896.0
2020.0,NOR,100.0,,NOR,NOR,,,71057.5879471399,,11.42416382,5379475.0
2021.0,NOR,100.0,,NOR,NOR,,,96442.5552173002,,9.8142643,5408320.0
2022.0,NOR,100.0,,NOR,NOR,,,113122.130765691,,7.90873051,5457127.0
2023.0,NOR,100.0,,NOR,NOR,,,90984.4087141111,,9.42925453,5519601.0
2024.0,NOR,100.0,,NOR,NOR,,,89888.9535204758,,,5572279.0
1990.0,POL,,,POL,POL,,,1731.2095094382,,,38110782.0
1991.0,POL,,,POL,POL,,,2235.54108862522,,,38246193.0
1992.0,POL,,,POL,POL,,,2459.02068468253,,,38363667.0
1993.0,POL,,,POL,POL,,,2497.13055936127,,,38461408.0
1994.0,POL,,,POL,POL,,,2874.83163555069,,,38542652.0
1995.0,POL,,,POL,POL,,,3700.95956775144,,,38594998.0
1996.0,POL,,,POL,POL,,,4163.51195431959,,,38624370.0
1997.0,POL,,,POL,POL,,,4137.00831823145,,,38649660.0
1998.0,POL,,,POL,POL,,,4533.5356551781,,,38663481.0
1999.0,POL,,,POL,POL,,,4415.50067547826,,,38660271.0
2000.0,POL,,,POL,POL,,,4520.64100449111,,5.26548243,38258629.0
2001.0,POL,,,POL,POL,,,5015.23790036613,,5.64010143,38248076.0
2002.0,POL,,,POL,POL,,,5223.45178967082,,6.04828405,38230364.0
2003.0,POL,,,POL,POL,,,5720.81366178104,,5.93375778,38204570.0
2004.0,POL,,,POL,POL,,,6711.72715262967,,5.84185648,38182222.0
2005.0,POL,,,POL,POL,,,8043.92332253757,,5.79073858,38165445.0
2006.0,POL,,,POL,POL,,,9068.85528307627,,5.78148365,38141267.0
2007.0,POL,,,POL,POL,,,11272.5293683383,,5.86390114,38120560.0
2008.0,POL,,,POL,POL,,,14048.5604672654,,6.35196781,38125759.0
2009.0,POL,,,POL,POL,,,11556.3026866026,,6.57037735,38151603.0
2010.0,POL,,,POL,POL,,,12567.7317676382,,6.43533468,38042794.0
2011.0,POL,,,POL,POL,,,13867.6669408192,,6.24533606,38063255.0
2012.0,POL,,,POL,POL,,,13087.420943321,,6.22854042,38063164.0
2013.0,POL,,,POL,POL,,,13621.9023794031,,6.44993687,38040196.0
2014.0,POL,,,POL,POL,,,14262.2841914116,,6.39059496,38011735.0
2015.0,POL,,,POL,POL,,,12637.5220324406,,6.36490345,37986412.0
2016.0,POL,,,POL,POL,,,12464.0121044827,,6.5470438,37970087.0
2017.0,POL,,,POL,POL,,,13913.3415190124,,6.53713226,37974826.0
2018.0,POL,,,POL,POL,,,15658.210586693,,6.25094128,37974750.0
2019.0,POL,,,POL,POL,,,15874.5220531254,,6.38906956,37965475.0
2020.0,POL,,,POL,POL,,,16150.9304813473,,6.42739105,37515748.0
2021.0,POL,,,POL,POL,,,18635.5104895754,,6.3654809,36981559.0
2022.0,POL,,,POL,POL,,,18891.2121169279,,6.46619797,36821749.0
2023.0,POL,,,POL,POL,,,22145.2660647429,,7.13848782,36687353.0
2024.0,POL,,,POL,POL,,,25103.565661423,,8.06380177,36559233.0
1990.0,PRT,500.0,3300.0,PRT,PRT,2700.0,3700.0,7884.61798756332,,,9983218.0
1991.0,PRT,500.0,3300.0,PRT,PRT,2700.0,3800.0,8958.9853330247,,,9960235.0
1992.0,PRT,560.0,3200.0,PRT,PRT,2600.0,3600.0,10810.5665079626,,,9952494.0
1993.0,PRT,710.0,3100.0,PRT,PRT,2500.0,3500.0,9534.6563637308,,,9964675.0
1994.0,PRT,880.0,2900.0,PRT,PRT,2400.0,3300.0,9977.31990905771,,,9991525.0
1995.0,PRT,1100.0,2800.0,PRT,PRT,2400.0,3200.0,11781.3618502221,,,10026176.0
1996.0,PRT,1200.0,2700.0,PRT,PRT,2300.0,3000.0,12185.0914010629,,,10063945.0
1997.0,PRT,1200.0,2600.0,PRT,PRT,2200.0,2900.0,11575.5071124358,,,10108977.0
1998.0,PRT,1100.0,2500.0,PRT,PRT,2100.0,2800.0,12199.206385024,,,10160196.0
1999.0,PRT,1100.0,2400.0,PRT,PRT,2000.0,2700.0,12475.2917701476,,,10217828.0
2000.0,PRT,1100.0,2400.0,PRT,PRT,2000.0,2600.0,11526.3720667968,16.0,8.60104179,10289898.0
2001.0,PRT,1000.0,2300.0,PRT,PRT,1900.0,2500.0,11734.7649743954,20.0,8.62751579,10362722.0
2002.0,PRT,990.0,2200.0,PRT,PRT,1800.0,2400.0,12936.6928204482,24.0,8.78642941,10419631.0
2003.0,PRT,960.0,2100.0,PRT,PRT,1700.0,2300.0,15797.7821340276,28.0,9.12415695,10458821.0
2004.0,PRT,940.0,2000.0,PRT,PRT,1600.0,2200.0,18064.1580932987,32.0,9.5325079,10483861.0
2005.0,PRT,930.0,1900.0,PRT,PRT,1600.0,2100.0,18780.12751241,35.0,9.65306759,10503330.0
2006.0,PRT,920.0,1800.0,PRT,PRT,1500.0,2000.0,19839.4540499032,38.0,9.35422611,10522288.0
2007.0,PRT,910.0,1700.0,PRT,PRT,1400.0,1900.0,22811.0564844365,41.0,9.25186634,10542964.0
2008.0,PRT,890.0,1600.0,PRT,PRT,1300.0,1800.0,24949.0413566739,43.0,9.58307838,10558177.0
2009.0,PRT,870.0,1600.0,PRT,PRT,1300.0,1800.0,23151.2154130712,46.0,10.13070393,10568247.0
2010.0,PRT,800.0,1500.0,PRT,PRT,1200.0,1700.0,22551.935098809,51.0,10.01858425,10573100.0
2011.0,PRT,690.0,1400.0,PRT,PRT,1100.0,1600.0,23246.5425416481,55.0,9.71847439,10557560.0
2012.0,PRT,590.0,1300.0,PRT,PRT,1100.0,1500.0,20593.4274224109,59.0,9.64000225,10514844.0
2013.0,PRT,530.0,1300.0,PRT,PRT,1000.0,1400.0,21676.4859642714,63.0,9.39476109,10457295.0
2014.0,PRT,500.0,1200.0,PRT,PRT,970.0,1400.0,22120.6850127107,67.0,9.33570766,10401062.0
2015.0,PRT,500.0,1100.0,PRT,PRT,910.0,1300.0,19215.7813014347,70.0,9.33309937,10358076.0
2016.0,PRT,500.0,1100.0,PRT,PRT,870.0,1300.0,19980.2808866516,73.0,9.39989281,10325452.0
2017.0,PRT,500.0,1000.0,PRT,PRT,830.0,1200.0,21442.3842768879,82.0,9.32668972,10300300.0
2018.0,PRT,200.0,1000.0,PRT,PRT,790.0,1200.0,23541.1401075289,,9.42121029,10283822.0
2019.0,PRT,200.0,960.0,PRT,PRT,750.0,1100.0,23343.3628970034,,9.50868607,10286263.0
2020.0,PRT,200.0,920.0,PRT,PRT,730.0,1100.0,22299.4044062173,,10.52074051,10297081.0
2021.0,PRT,200.0,890.0,PRT,PRT,700.0,1000.0,24711.4510062111,,11.22031498,10361831.0
2022.0,PRT,200.0,860.0,PRT,PRT,680.0,1000.0,24620.5197587181,,10.5492239,10434332.0
2023.0,PRT,200.0,830.0,PRT,PRT,660.0,1000.0,27634.6183139773,,10.02761173,10578174.0
2024.0,PRT,200.0,810.0,PRT,PRT,630.0,990.0,29328.3067415343,,10.24061108,10694681.0
1990.0,ROU,100.0,2100.0,ROU,ROU,1800.0,2600.0,1648.48522974542,,,23201835.0
1991.0,ROU,500.0,2800.0,ROU,ROU,2400.0,3100.0,1254.3124421298,,,23001155.0
1992.0,ROU,500.0,2700.0,ROU,ROU,2400.0,3000.0,1102.10378473246,,,22794284.0
1993.0,ROU,550.0,2400.0,ROU,ROU,2200.0,2800.0,1158.05632799712,,,22763280.0
1994.0,ROU,590.0,2100.0,ROU,ROU,1800.0,2400.0,1323.03237766927,,,22730211.0
1995.0,ROU,640.0,1200.0,ROU,ROU,960.0,1500.0,1650.04922365201,,,22684270.0
1996.0,ROU,610.0,1000.0,ROU,ROU,820.0,1300.0,1633.01064354117,,,22619004.0
1997.0,ROU,600.0,880.0,ROU,ROU,690.0,1100.0,1577.33656023974,,,22553978.0
1998.0,ROU,550.0,820.0,ROU,ROU,680.0,990.0,1852.5549693339,,,22507344.0
1999.0,ROU,500.0,750.0,ROU,ROU,640.0,880.0,1599.90622808339,,,22472040.0
2000.0,ROU,500.0,700.0,ROU,ROU,610.0,810.0,1659.92904910528,32.0,4.20876169,22442971.0
2001.0,ROU,500.0,680.0,ROU,ROU,600.0,780.0,1825.19299373184,38.0,4.37598133,22131970.0
2002.0,ROU,500.0,680.0,ROU,ROU,600.0,760.0,2119.85509684554,43.0,4.57694626,21730496.0
2003.0,ROU,500.0,690.0,ROU,ROU,610.0,770.0,2679.40626016154,44.0,5.37136793,21574326.0
2004.0,ROU,500.0,710.0,ROU,ROU,610.0,780.0,3494.99056448955,46.0,5.47733593,21451748.0
2005.0,ROU,500.0,620.0,ROU,ROU,520.0,680.0,4618.00350802913,48.0,5.52778196,21319685.0
2006.0,ROU,500.0,620.0,ROU,ROU,520.0,690.0,5757.53127301178,49.0,5.07106066,21193760.0
2007.0,ROU,500.0,620.0,ROU,ROU,510.0,680.0,8360.33775916596,48.0,5.02223349,20882982.0
2008.0,ROU,500.0,620.0,ROU,ROU,500.0,690.0,10435.1561230787,49.0,5.02277184,20537875.0
2009.0,ROU,500.0,620.0,ROU,ROU,500.0,690.0,8548.4543409242,50.0,5.27816248,20367487.0
2010.0,ROU,500.0,620.0,ROU,ROU,500.0,700.0,8399.5374234284,52.0,5.63882685,20246871.0
2011.0,ROU,500.0,610.0,ROU,ROU,500.0,690.0,9560.6755277458,53.0,4.47503996,20147528.0
2012.0,ROU,500.0,610.0,ROU,ROU,500.0,700.0,8929.95366231474,54.0,4.50939083,20058035.0
2013.0,ROU,500.0,630.0,ROU,ROU,500.0,740.0,9497.67411615237,59.0,5.2240696,19983693.0
2014.0,ROU,500.0,650.0,ROU,ROU,520.0,770.0,10031.7710755404,62.0,5.0276823,19908979.0
2015.0,ROU,500.0,640.0,ROU,ROU,510.0,760.0,8977.01748158196,67.0,4.94292021,19815616.0
2016.0,ROU,200.0,610.0,ROU,ROU,500.0,740.0,9404.54005870715,68.0,5.08012772,19702267.0
2017.0,ROU,200.0,590.0,ROU,ROU,500.0,720.0,10727.9822007426,71.0,5.18878555,19588715.0
2018.0,ROU,200.0,560.0,ROU,ROU,500.0,680.0,12416.134317959,73.0,5.51454878,19473970.0
2019.0,ROU,200.0,530.0,ROU,ROU,500.0,650.0,12909.6104013244,76.0,5.69924641,19371648.0
2020.0,ROU,200.0,500.0,ROU,ROU,500.0,610.0,13009.1525348396,76.0,6.20959711,19265250.0
2021.0,ROU,200.0,500.0,ROU,ROU,500.0,600.0,14908.0412813921,78.0,6.45246983,19122059.0
2022.0,ROU,200.0,500.0,ROU,ROU,500.0,580.0,15503.4691366242,79.0,5.79823256,19048502.0
2023.0,ROU,200.0,500.0,ROU,ROU,500.0,560.0,18244.4186876321,82.0,5.70901489,19061062.0
2024.0,ROU,200.0,500.0,ROU,ROU,500.0,520.0,20080.2096215595,89.0,,19051804.0
1990.0,SRB,100.0,200.0,SRB,SRB,100.0,200.0,,,,7897937.0
1991.0,SRB,100.0,200.0,SRB,SRB,100.0,200.0,,,,7595636.0
1992.0,SRB,100.0,200.0,SRB,SRB,100.0,200.0,,,,7604063.0
1993.0,SRB,100.0,200.0,SRB,SRB,100.0,200.0,,,,7614328.0
1994.0,SRB,100.0,200.0,SRB,SRB,100.0,200.0,,,,7622711.0
1995.0,SRB,100.0,200.0,SRB,SRB,100.0,200.0,2349.40645150289,,,7628264.0
1996.0,SRB,100.0,200.0,SRB,SRB,100.0,200.0,3053.90516860949,,,7622185.0
1997.0,SRB,100.0,200.0,SRB,SRB,100.0,200.0,3573.50440240049,,,7598538.0
1998.0,SRB,100.0,200.0,SRB,SRB,100.0,200.0,2775.47372982047,,,7567745.0
1999.0,SRB,100.0,200.0,SRB,SRB,100.0,200.0,2768.91041346166,,,7540401.0
2000.0,SRB,100.0,200.0,SRB,SRB,100.0,200.0,974.725469278615,0.0,5.80770588,7516346.0
2001.0,SRB,100.0,200.0,SRB,SRB,100.0,200.0,1812.42088281393,0.0,6.19155836,7503433.0
2002.0,SRB,100.0,200.0,SRB,SRB,100.0,200.0,2390.73459447107,0.0,7.24950886,7500031.0
2003.0,SRB,100.0,200.0,SRB,SRB,100.0,200.0,3153.9011312754,28.0,7.30602598,7480591.0
2004.0,SRB,100.0,200.0,SRB,SRB,200.0,200.0,3597.08798057009,35.0,7.63644934,7463157.0
2005.0,SRB,100.0,200.0,SRB,SRB,200.0,200.0,3807.97417321786,42.0,8.09346867,7440769.0
2006.0,SRB,100.0,200.0,SRB,SRB,200.0,200.0,4492.7136699046,41.0,8.28575706,7411569.0
2007.0,SRB,100.0,200.0,SRB,SRB,200.0,200.0,6081.08765700202,41.0,9.01782608,7381579.0
2008.0,SRB,100.0,200.0,SRB,SRB,200.0,200.0,7376.73517910716,42.0,9.12807178,7350222.0
2009.0,SRB,100.0,200.0,SRB,SRB,200.0,200.0,6414.0448463847,42.0,8.98933506,7320807.0
2010.0,SRB,100.0,200.0,SRB,SRB,200.0,500.0,5970.92660940072,44.0,9.15153027,7291436.0
2011.0,SRB,100.0,200.0,SRB,SRB,200.0,500.0,7082.2861666075,45.0,8.75940418,7236519.0
2012.0,SRB,100.0,200.0,SRB,SRB,200.0,500.0,6263.04086072815,45.0,8.95716667,7201497.0
2013.0,SRB,100.0,200.0,SRB,SRB,200.0,500.0,7040.41812068781,46.0,8.93188286,7166553.0
2014.0,SRB,100.0,200.0,SRB,SRB,200.0,500.0,6886.67809068704,48.0,8.85966778,7131787.0
2015.0,SRB,100.0,200.0,SRB,SRB,200.0,500.0,5820.3215576888,50.0,8.46289921,7095383.0
2016.0,SRB,100.0,200.0,SRB,SRB,200.0,500.0,5982.37030126471,53.0,8.15184307,7058322.0
2017.0,SRB,100.0,200.0,SRB,SRB,200.0,500.0,6548.03653824187,57.0,7.89965153,7020858.0
2018.0,SRB,100.0,200.0,SRB,SRB,200.0,500.0,7559.86165747394,61.0,8.18469906,6982604.0
2019.0,SRB,100.0,200.0,SRB,SRB,200.0,500.0,7755.632986437,62.0,8.28762531,6945235.0
2020.0,SRB,100.0,200.0,SRB,SRB,200.0,500.0,8098.70955668849,62.0,8.30643559,6899126.0
2021.0,SRB,100.0,200.0,SRB,SRB,200.0,500.0,9680.52798074468,63.0,9.23441029,6834326.0
2022.0,SRB,100.0,200.0,SRB,SRB,200.0,500.0,10024.8191112596,64.0,8.58397198,6664449.0
2023.0,SRB,100.0,200.0,SRB,SRB,200.0,500.0,12281.707946167,65.0,8.03133774,6623183.0
2024.0,SRB,100.0,200.0,SRB,SRB,200.0,500.0,13677.7794863909,65.0,,6586476.0
1990.0,SVK,100.0,100.0,SVK,SVK,100.0,100.0,3221.04590790625,,,5299187.0
1991.0,SVK,100.0,100.0,SVK,SVK,100.0,100.0,2253.87911882661,,,5303294.0
1992.0,SVK,100.0,100.0,SVK,SVK,100.0,100.0,2437.87630211282,,,5305016.0
1993.0,SVK,100.0,100.0,SVK,SVK,100.0,100.0,2627.44823950706,,,5325305.0
1994.0,SVK,100.0,100.0,SVK,SVK,100.0,100.0,3027.82138293263,,,5346331.0
1995.0,SVK,100.0,100.0,SVK,SVK,100.0,100.0,3787.03820237267,,,5361999.0
1996.0,SVK,100.0,100.0,SVK,SVK,100.0,100.0,4069.11897669644,,,5373361.0
1997.0,SVK,100.0,100.0,SVK,SVK,100.0,100.0,4091.68452874888,,,5383291.0
1998.0,SVK,100.0,100.0,SVK,SVK,100.0,100.0,4250.37387978468,,,5390516.0
1999.0,SVK,100.0,100.0,SVK,SVK,100.0,100.0,3857.18012283382,,,5396020.0
2000.0,SVK,100.0,100.0,SVK,SVK,100.0,100.0,3827.72506501314,7.0,5.30743933,5388720.0
2001.0,SVK,100.0,100.0,SVK,SVK,100.0,100.0,3974.36802854653,8.0,5.34054947,5378867.0
2002.0,SVK,100.0,100.0,SVK,SVK,100.0,100.0,4606.38793538107,8.0,5.51793909,5376912.0
2003.0,SVK,100.0,100.0,SVK,SVK,100.0,100.0,6283.15169311309,10.0,5.48400879,5373374.0
2004.0,SVK,100.0,100.0,SVK,SVK,100.0,100.0,7996.74076556872,28.0,6.39662457,5372280.0
2005.0,SVK,100.0,100.0,SVK,SVK,100.0,100.0,9087.20357002472,25.0,6.61619043,5372807.0
2006.0,SVK,100.0,100.0,SVK,SVK,100.0,100.0,10629.1782325838,34.0,6.8522706,5373054.0
2007.0,SVK,100.0,100.0,SVK,SVK,100.0,100.0,14330.2064943926,32.0,7.17538357,5374622.0
2008.0,SVK,100.0,100.0,SVK,SVK,100.0,100.0,17973.8436435514,29.0,6.95978355,5379233.0
2009.0,SVK,100.0,100.0,SVK,SVK,100.0,100.0,16586.7527805228,31.0,7.95280409,5386406.0
2010.0,SVK,100.0,100.0,SVK,SVK,100.0,100.0,16899.448680529,33.0,7.67065239,5391428.0
2011.0,SVK,100.0,100.0,SVK,SVK,100.0,100.0,18469.4354316836,34.0,7.31452227,5398384.0
2012.0,SVK,100.0,100.0,SVK,SVK,100.0,100.0,17516.9691054078,39.0,7.52780581,5407579.0
2013.0,SVK,100.0,100.0,SVK,SVK,100.0,100.0,18312.7805149823,44.0,7.48013163,5413393.0
2014.0,SVK,100.0,100.0,SVK,SVK,100.0,100.0,18770.9289896545,49.0,6.86543369,5418649.0
2015.0,SVK,100.0,100.0,SVK,SVK,100.0,200.0,16442.0760860018,55.0,6.74109745,5423801.0
2016.0,SVK,100.0,100.0,SVK,SVK,100.0,200.0,16636.0769133073,57.0,7.06081343,5430798.0
2017.0,SVK,100.0,100.0,SVK,SVK,100.0,200.0,17645.5298716761,72.0,6.73388767,5439232.0
2018.0,SVK,100.0,200.0,SVK,SVK,100.0,200.0,19573.3717031314,65.0,6.63677502,5446771.0
2019.0,SVK,100.0,200.0,SVK,SVK,100.0,200.0,19406.0589683582,,6.91102982,5454147.0
2020.0,SVK,100.0,200.0,SVK,SVK,100.0,200.0,19735.4858280801,,7.06027794,5458827.0
2021.0,SVK,100.0,200.0,SVK,SVK,100.0,200.0,22123.3342114545,,7.62857914,5447247.0
2022.0,SVK,100.0,200.0,SVK,SVK,100.0,200.0,21317.7943982363,,7.70245218,5431752.0
2023.0,SVK,100.0,200.0,SVK,SVK,100.0,200.0,24614.8734642794,,7.35262203,5426740.0
2024.0,SVK,100.0,200.0,SVK,SVK,100.0,200.0,25992.6748502048,,,5422069.0
1990.0,SVN,100.0,100.0,SVN,SVN,100.0,100.0,9925.14071044684,,,1998161.0
1991.0,SVN,100.0,100.0,SVN,SVN,100.0,100.0,7229.31149788617,,,1999429.0
1992.0,SVN,100.0,100.0,SVN,SVN,100.0,100.0,7151.15243829224,,,1996498.0
1993.0,SVN,100.0,100.0,SVN,SVN,100.0,100.0,7254.58887417768,,,1991746.0
1994.0,SVN,100.0,100.0,SVN,SVN,100.0,100.0,8243.89895545106,,,1989443.0
1995.0,SVN,100.0,100.0,SVN,SVN,100.0,100.0,10738.0887611468,,,1989872.0
1996.0,SVN,100.0,100.0,SVN,SVN,100.0,100.0,10796.7399446283,,,1988628.0
1997.0,SVN,100.0,100.0,SVN,SVN,100.0,100.0,10436.7260661871,,,1985956.0
1998.0,SVN,100.0,100.0,SVN,SVN,100.0,100.0,11131.5666628231,,,1981629.0
1999.0,SVN,100.0,100.0,SVN,SVN,100.0,100.0,11401.4906790909,,,1983045.0
2000.0,SVN,100.0,100.0,SVN,SVN,100.0,100.0,10135.7219109212,27.0,7.85456371,1988925.0
2001.0,SVN,100.0,100.0,SVN,SVN,100.0,100.0,10375.6255869861,30.0,7.95505714,1992060.0
2002.0,SVN,100.0,100.0,SVN,SVN,100.0,100.0,11639.1297780477,32.0,8.11632538,1994530.0
2003.0,SVN,100.0,100.0,SVN,SVN,100.0,100.0,14711.674874253,34.0,8.17447376,1995733.0
2004.0,SVN,100.0,100.0,SVN,SVN,100.0,100.0,17103.8297783905,37.0,7.99959517,1997012.0
2005.0,SVN,100.0,100.0,SVN,SVN,100.0,100.0,17969.7095907161,38.0,8.0534668,2000474.0
2006.0,SVN,100.0,100.0,SVN,SVN,100.0,100.0,19563.005059144,52.0,7.8671999,2006868.0
2007.0,SVN,100.0,100.0,SVN,SVN,100.0,100.0,23725.1596001515,50.0,7.54076052,2018122.0
2008.0,SVN,100.0,100.0,SVN,SVN,100.0,100.0,27461.9764165315,46.0,7.89287567,2021316.0
2009.0,SVN,100.0,100.0,SVN,SVN,100.0,100.0,24501.7897290425,45.0,8.6420126,2039669.0
2010.0,SVN,100.0,100.0,SVN,SVN,100.0,100.0,23329.8417691156,60.0,8.63941956,2048583.0
2011.0,SVN,100.0,100.0,SVN,SVN,100.0,100.0,24940.6284841605,60.0,8.60054302,2052843.0
2012.0,SVN,100.0,100.0,SVN,SVN,100.0,100.0,22442.1417859955,60.0,8.79263687,2057159.0
2013.0,SVN,100.0,100.0,SVN,SVN,100.0,100.0,23236.9655321695,64.0,8.84043884,2059953.0
2014.0,SVN,100.0,100.0,SVN,SVN,100.0,100.0,24013.0682060959,69.0,8.58487225,2061980.0
2015.0,SVN,100.0,100.0,SVN,SVN,100.0,100.0,20697.2748530619,72.0,8.57742882,2063531.0
2016.0,SVN,100.0,100.0,SVN,SVN,100.0,100.0,21447.8377796036,78.0,8.5691185,2065042.0
2017.0,SVN,100.0,100.0,SVN,SVN,100.0,100.0,23303.077705959,82.0,8.2588892,2066388.0
2018.0,SVN,100.0,100.0,SVN,SVN,100.0,100.0,25888.0481065655,83.0,8.35228634,2073894.0
2019.0,SVN,100.0,100.0,SVN,SVN,100.0,100.0,25814.1687167572,81.0,8.56564522,2088385.0
2020.0,SVN,100.0,100.0,SVN,SVN,100.0,100.0,25392.0651093612,84.0,9.48984432,2102419.0
2021.0,SVN,100.0,100.0,SVN,SVN,100.0,100.0,29192.8401933019,82.0,9.52724361,2108079.0
2022.0,SVN,100.0,100.0,SVN,SVN,100.0,100.0,28360.3041467268,83.0,9.62683296,2112076.0
2023.0,SVN,100.0,100.0,SVN,SVN,100.0,100.0,32660.4753581346,84.0,9.30008888,2120461.0
2024.0,SVN,100.0,100.0,SVN,SVN,100.0,100.0,34301.0318686594,86.0,9.87630939,2127400.0
1990.0,ESP,2000.0,15000.0,ESP,ESP,12000.0,17000.0,13795.0159385128,,,38867322.0
1991.0,ESP,2700.0,13000.0,ESP,ESP,11000.0,15000.0,14801.3226152172,,,38966376.0
1992.0,ESP,3500.0,12000.0,ESP,ESP,9700.0,13000.0,16100.6799428032,,,39157685.0
1993.0,ESP,4200.0,9700.0,ESP,ESP,8000.0,11000.0,13330.3798192211,,,39361262.0
1994.0,ESP,5000.0,8000.0,ESP,ESP,6600.0,9100.0,13405.704414883,,,39549108.0
1995.0,ESP,5800.0,6600.0,ESP,ESP,5400.0,7600.0,15460.9110266653,,,39724050.0
1996.0,ESP,5100.0,5500.0,ESP,ESP,4500.0,6300.0,16100.6215831114,,,39889852.0
1997.0,ESP,3800.0,4700.0,ESP,ESP,3900.0,5400.0,14722.3717633536,,,40057389.0
1998.0,ESP,3200.0,4200.0,ESP,ESP,3400.0,4700.0,15382.3348573373,,,40223509.0
1999.0,ESP,2800.0,3800.0,ESP,ESP,3100.0,4300.0,15707.9473068138,,,40386875.0
2000.0,ESP,2600.0,3600.0,ESP,ESP,2900.0,3900.0,14743.2671031455,26.0,6.80217838,40567864.0
2001.0,ESP,2400.0,3400.0,ESP,ESP,2800.0,3800.0,15368.2337984435,31.0,6.76929569,40850412.0
2002.0,ESP,2200.0,3300.0,ESP,ESP,2700.0,3700.0,17111.0685058941,35.0,6.79878616,41431558.0
2003.0,ESP,2100.0,3300.0,ESP,ESP,2700.0,3700.0,21522.0170990262,39.0,7.59223175,42187645.0
2004.0,ESP,2100.0,3300.0,ESP,ESP,2700.0,3700.0,24925.0267844576,43.0,7.68447876,42921895.0
2005.0,ESP,2000.0,3400.0,ESP,ESP,2800.0,3800.0,26450.9530130382,47.0,7.77807474,43653155.0
2006.0,ESP,1900.0,3400.0,ESP,ESP,2800.0,3800.0,28421.686527407,50.0,7.87072468,44397319.0
2007.0,ESP,1700.0,3500.0,ESP,ESP,2900.0,3900.0,32652.015594702,53.0,7.96241188,45226803.0
2008.0,ESP,1600.0,3500.0,ESP,ESP,2900.0,3900.0,35603.248328071,57.0,8.4290638,45954106.0
2009.0,ESP,1400.0,3500.0,ESP,ESP,2900.0,4000.0,32279.8208476151,60.0,9.1530304,46362946.0
2010.0,ESP,1100.0,3500.0,ESP,ESP,2900.0,4000.0,30658.7422282912,65.0,9.16992569,46576897.0
2011.0,ESP,990.0,3500.0,ESP,ESP,2800.0,3900.0,31824.6219134777,66.0,9.21749687,46742697.0
2012.0,ESP,970.0,3500.0,ESP,ESP,2800.0,3900.0,28456.4438151477,69.0,9.2189045,46773055.0
2013.0,ESP,860.0,3400.0,ESP,ESP,2700.0,3900.0,29228.846559842,71.0,9.13714981,46604197.0
2014.0,ESP,820.0,3400.0,ESP,ESP,2600.0,3800.0,29707.765509467,73.0,9.1512289,46460733.0
2015.0,ESP,760.0,3300.0,ESP,ESP,2500.0,3800.0,25982.4416197775,75.0,9.17553329,46422303.0
2016.0,ESP,570.0,3300.0,ESP,ESP,2500.0,3800.0,26755.6061149398,82.0,8.88084984,46458139.0
2017.0,ESP,500.0,3300.0,ESP,ESP,2400.0,3700.0,28381.3425596906,83.0,9.0217495,46571232.0
2018.0,ESP,500.0,3300.0,ESP,ESP,2400.0,3800.0,30602.4212881113,85.0,9.07122517,46782011.0
2019.0,ESP,500.0,3300.0,ESP,ESP,2400.0,3800.0,29786.5245689007,85.0,9.21539497,47118501.0
2020.0,ESP,500.0,3300.0,ESP,ESP,2400.0,3800.0,27233.9426461608,87.0,10.79479218,47359424.0
2021.0,ESP,500.0,3300.0,ESP,ESP,2400.0,3800.0,30799.4775937775,88.0,10.34419918,47443821.0
2022.0,ESP,500.0,3300.0,ESP,ESP,2300.0,3800.0,30319.4987196616,90.0,9.6799593,47786102.0
2023.0,ESP,500.0,3200.0,ESP,ESP,2300.0,3800.0,33493.2225409111,,9.2206583,48352528.0
2024.0,ESP,500.0,3200.0,ESP,ESP,2300.0,3800.0,35326.7683069278,,,48848840.0
1990.0,SWE,,,SWE,SWE,,,30549.3185706762,,,8558835.0
1991.0,SWE,,,SWE,SWE,,,31776.6680192213,,,8617375.0
1992.0,SWE,,,SWE,SWE,,,32753.4287003642,,,8668067.0
1993.0,SWE,,,SWE,SWE,,,24389.8738124128,,,8718561.0
1994.0,SWE,,,SWE,SWE,,,26045.5196995275,,,8780745.0
1995.0,SWE,,,SWE,SWE,,,30254.0273028727,,,8826939.0
1996.0,SWE,,,SWE,SWE,,,33022.2444768661,,,8840998.0
1997.0,SWE,,,SWE,SWE,,,30324.1845796306,,,8846062.0
1998.0,SWE,,,SWE,SWE,,,30605.3669074811,,,8850974.0
1999.0,SWE,,,SWE,SWE,,,30968.8710702052,,,8857874.0
2000.0,SWE,,,SWE,SWE,,,29632.5890811623,31.0,7.32495546,8872109.0
2001.0,SWE,,,SWE,SWE,,,27259.3174300217,33.0,7.89248943,8895960.0
2002.0,SWE,,,SWE,SWE,,,29957.7776664916,34.0,8.18597412,8924958.0
2003.0,SWE,,,SWE,SWE,,,37292.2419727801,43.0,8.31654263,8958229.0
2004.0,SWE,,,SWE,SWE,,,42758.0048564929,46.0,8.1428194,8993531.0
2005.0,SWE,,,SWE,SWE,,,43378.4077394363,48.0,8.15987301,9029572.0
2006.0,SWE,,,SWE,SWE,,,46531.3762240485,50.0,8.0421772,9080505.0
2007.0,SWE,,,SWE,SWE,,,53568.3057787832,59.0,7.9882226,9148092.0
2008.0,SWE,,,SWE,SWE,,,55817.1759726485,70.0,8.22603607,9219637.0
2009.0,SWE,,,SWE,SWE,,,46707.6425044751,76.0,8.77742958,9298515.0
2010.0,SWE,,,SWE,SWE,,,52542.5759090299,81.0,8.32384682,9378126.0
2011.0,SWE,,,SWE,SWE,,,60379.4814599322,83.0,10.50179005,9449213.0
2012.0,SWE,,,SWE,SWE,,,57749.5615420853,86.0,10.834198,9519374.0
2013.0,SWE,,,SWE,SWE,,,60843.9888799369,90.0,10.9872179,9600379.0
2014.0,SWE,,,SWE,SWE,,,59583.4584491714,93.0,11.07212639,9696110.0
2015.0,SWE,,,SWE,SWE,,,51188.1652120493,95.0,10.93069172,9799186.0
2016.0,SWE,,,SWE,SWE,,,51703.5088332851,96.0,10.95692444,9923085.0
2017.0,SWE,,,SWE,SWE,,,53210.2233318965,97.0,10.94730949,10057698.0
2018.0,SWE,,,SWE,SWE,,,54018.4554391861,97.0,11.09132671,10175214.0
2019.0,SWE,,,SWE,SWE,,,51648.9892820514,97.0,10.93444347,10278887.0
2020.0,SWE,,,SWE,SWE,,,52568.5726980146,96.0,11.42458725,10353442.0
2021.0,SWE,,,SWE,SWE,,,60647.5416365347,95.0,11.23013592,10415811.0
2022.0,SWE,,,SWE,SWE,,,54836.8907235124,95.0,10.85505676,10486941.0
2023.0,SWE,,,SWE,SWE,,,54950.2834725622,,11.152915,10536632.0
2024.0,SWE,,,SWE,SWE,,,57222.7100565003,,11.21510124,10569709.0
1990.0,CHE,500.0,850.0,CHE,CHE,720.0,940.0,40170.8696758305,,,6715519.0
1991.0,CHE,500.0,880.0,CHE,CHE,740.0,980.0,40140.3718874038,,,6799978.0
1992.0,CHE,500.0,900.0,CHE,CHE,750.0,990.0,41327.1832947809,,,6875364.0
1993.0,CHE,500.0,890.0,CHE,CHE,750.0,980.0,39828.3640333356,,,6938265.0
1994.0,CHE,500.0,870.0,CHE,CHE,730.0,960.0,43741.1064805172,,,6993795.0
1995.0,CHE,500.0,830.0,CHE,CHE,700.0,910.0,50868.9734516769,,,7040687.0
1996.0,CHE,500.0,780.0,CHE,CHE,650.0,850.0,48837.8072568268,,,7071850.0
1997.0,CHE,500.0,710.0,CHE,CHE,590.0,780.0,42159.9962722039,,,7088906.0
1998.0,CHE,200.0,640.0,CHE,CHE,520.0,710.0,43165.639648677,,,7110001.0
1999.0,CHE,200.0,570.0,CHE,CHE,500.0,650.0,42260.8690492557,,,7143991.0
2000.0,CHE,200.0,500.0,CHE,CHE,500.0,570.0,39298.0968042444,32.0,9.13442421,7184250.0
2001.0,CHE,200.0,500.0,CHE,CHE,500.0,510.0,40133.6101965261,37.0,9.46040058,7229854.0
2002.0,CHE,200.0,500.0,CHE,CHE,500.0,500.0,43094.2492848494,41.0,9.88000107,7284753.0
2003.0,CHE,100.0,500.0,CHE,CHE,500.0,500.0,49947.3910175152,46.0,10.13696766,7339001.0
2004.0,CHE,100.0,500.0,CHE,CHE,500.0,500.0,55349.6164595028,50.0,10.22576523,7389625.0
2005.0,CHE,100.0,500.0,CHE,CHE,500.0,500.0,57080.0704338193,54.0,10.05823421,7437115.0
2006.0,CHE,100.0,500.0,CHE,CHE,500.0,500.0,59910.293405504,58.0,9.5802002,7483934.0
2007.0,CHE,100.0,500.0,CHE,CHE,500.0,500.0,66082.1233977532,61.0,9.41693783,7551117.0
2008.0,CHE,100.0,500.0,CHE,CHE,500.0,500.0,75147.5376709155,64.0,9.53167725,7647675.0
2009.0,CHE,100.0,500.0,CHE,CHE,500.0,500.0,72788.2049524379,67.0,10.1415062,7743831.0
2010.0,CHE,100.0,500.0,CHE,CHE,500.0,500.0,77956.1262043942,70.0,9.9907856,7824909.0
2011.0,CHE,100.0,500.0,CHE,CHE,500.0,500.0,91910.3964565203,73.0,10.10393143,7912398.0
2012.0,CHE,100.0,500.0,CHE,CHE,500.0,500.0,87269.5594780124,75.0,10.33511066,7996861.0
2013.0,CHE,100.0,500.0,CHE,CHE,500.0,500.0,88851.2374497983,77.0,10.59444523,8089346.0
2014.0,CHE,100.0,500.0,CHE,CHE,500.0,500.0,90511.6484558843,78.0,10.6751194,8188649.0
2015.0,CHE,100.0,500.0,CHE,CHE,500.0,500.0,85265.06205193,79.0,10.97983074,8282396.0
2016.0,CHE,100.0,500.0,CHE,CHE,500.0,500.0,83432.4111596314,84.0,11.20248795,8373338.0
2017.0,CHE,100.0,500.0,CHE,CHE,500.0,500.0,83610.248611484,89.0,11.37471581,8451840.0
2018.0,CHE,100.0,500.0,CHE,CHE,500.0,500.0,87002.3382293532,90.0,11.19891071,8514329.0
2019.0,CHE,100.0,500.0,CHE,CHE,500.0,500.0,85872.9702303454,89.0,11.42588997,8575280.0
2020.0,CHE,100.0,500.0,CHE,CHE,500.0,500.0,87529.7016394892,91.0,11.98960876,8638167.0
2021.0,CHE,100.0,500.0,CHE,CHE,500.0,500.0,96582.8687080693,90.0,11.95855618,8704546.0
2022.0,CHE,100.0,500.0,CHE,CHE,500.0,500.0,97809.095567203,90.0,11.59911823,8777088.0
2023.0,CHE,100.0,500.0,CHE,CHE,500.0,500.0,104449.75451772,90.0,11.69096088,8888822.0
2024.0,CHE,100.0,500.0,CHE,CHE,500.0,500.0,107702.065940312,,,9005582.0
1990.0,TUR,,,TUR,MUS,,,2689.52621921233,,,56015628.0
1990.0,TUR,,,TUR,TUR,,,2689.52621921233,,,56015628.0
1991.0,TUR,,,TUR,MUS,,,2649.27259974439,,,57009887.0
1991.0,TUR,,,TUR,TUR,,,2649.27259974439,,,57009887.0
1992.0,TUR,,,TUR,MUS,,,2743.65320297936,,,57990118.0
1992.0,TUR,,,TUR,TUR,,,2743.65320297936,,,57990118.0
1993.0,TUR,,,TUR,MUS,,,3057.93737480422,,,58999167.0
1993.0,TUR,,,TUR,TUR,,,3057.93737480422,,,58999167.0
1994.0,TUR,,,TUR,MUS,,,2176.2801813809,,,60033836.0
1994.0,TUR,,,TUR,TUR,,,2176.2801813809,,,60033836.0
1995.0,TUR,,,TUR,MUS,,,3845.98997887841,,,61024503.0
1995.0,TUR,,,TUR,TUR,,,3845.98997887841,,,61024503.0
1996.0,TUR,,,TUR,MUS,,,4041.36210281686,,,61951134.0
1996.0,TUR,,,TUR,TUR,,,4041.36210281686,,,61951134.0
1997.0,TUR,,,TUR,MUS,,,4197.37636165642,,,62852966.0
1997.0,TUR,,,TUR,TUR,,,4197.37636165642,,,62852966.0
1998.0,TUR,,,TUR,MUS,,,4331.02761275037,,,63734383.0
1998.0,TUR,,,TUR,TUR,,,4331.02761275037,,,63734383.0
1999.0,TUR,,,TUR,MUS,,,3973.77763854116,,,64591923.0
1999.0,TUR,,,TUR,TUR,,,3973.77763854116,,,64591923.0
2000.0,TUR,,,TUR,MUS,,,4199.3798635759,,4.59957218,65425961.0
2000.0,TUR,,,TUR,TUR,,,4199.3798635759,,4.59957218,65425961.0
2001.0,TUR,,,TUR,MUS,,,3052.2256706793,,4.88784933,66245128.0
2001.0,TUR,,,TUR,TUR,,,3052.2256706793,,4.88784933,66245128.0
2002.0,TUR,,,TUR,MUS,,,3591.08628982587,,5.06227875,67048795.0
2002.0,TUR,,,TUR,TUR,,,3591.08628982587,,5.06227875,67048795.0
2003.0,TUR,,,TUR,MUS,,,4649.63668068586,,5.01427698,67831730.0
2003.0,TUR,,,TUR,TUR,,,4649.63668068586,,5.01427698,67831730.0
2004.0,TUR,,,TUR,MUS,,,5979.6054216148,,4.9096446,68592617.0
2004.0,TUR,,,TUR,TUR,,,5979.6054216148,,4.9096446,68592617.0
2005.0,TUR,,,TUR,MUS,,,7331.85429430255,,4.89389706,69329557.0
2005.0,TUR,,,TUR,TUR,,,7331.85429430255,,4.89389706,69329557.0
2006.0,TUR,,,TUR,MUS,,,7990.08251407245,,5.14591694,70045349.0
2006.0,TUR,,,TUR,TUR,,,7990.08251407245,,5.14591694,70045349.0
2007.0,TUR,,,TUR,MUS,,,9766.91734545294,,5.23760796,70158112.0
2007.0,TUR,,,TUR,TUR,,,9766.91734545294,,5.23760796,70158112.0
2008.0,TUR,,,TUR,MUS,,,10913.4079047769,,5.21761751,71051678.0
2008.0,TUR,,,TUR,TUR,,,10913.4079047769,,5.21761751,71051678.0
2009.0,TUR,,,TUR,MUS,,,9076.92472236977,,5.49438715,72039206.0
2009.0,TUR,,,TUR,TUR,,,9076.92472236977,,5.49438715,72039206.0
2010.0,TUR,,,TUR,MUS,,,10698.9699409757,,5.02053452,73142150.0
2010.0,TUR,,,TUR,TUR,,,10698.9699409757,,5.02053452,73142150.0
2011.0,TUR,,,TUR,MUS,,,11373.6355760885,,4.6530509,74223629.0
2011.0,TUR,,,TUR,TUR,,,11373.6355760885,,4.6530509,74223629.0
2012.0,TUR,,,TUR,MUS,,,11776.7593362033,,4.44444656,75175827.0
2012.0,TUR,,,TUR,TUR,,,11776.7593362033,,4.44444656,75175827.0
2013.0,TUR,,,TUR,MUS,,,12635.5570016068,,4.37099934,76147624.0
2013.0,TUR,,,TUR,TUR,,,12635.5570016068,,4.37099934,76147624.0
2014.0,TUR,,,TUR,MUS,,,12209.3862327674,,4.32517862,77181884.0
2014.0,TUR,,,TUR,TUR,,,12209.3862327674,,4.32517862,77181884.0
2015.0,TUR,,,TUR,MUS,,,11064.6494504662,,4.11690426,78218479.0
2015.0,TUR,,,TUR,TUR,,,11064.6494504662,,4.11690426,78218479.0
2016.0,TUR,,,TUR,MUS,,,10984.3643169061,,4.28469229,79277962.0
2016.0,TUR,,,TUR,TUR,,,10984.3643169061,,4.28469229,79277962.0
2017.0,TUR,,,TUR,MUS,,,10756.3877677883,,4.17974997,80312698.0
2017.0,TUR,,,TUR,TUR,,,10756.3877677883,,4.17974997,80312698.0
2018.0,TUR,,,TUR,MUS,,,9684.11819884721,,4.12101603,81407204.0
2018.0,TUR,,,TUR,TUR,,,9684.11819884721,,4.12101603,81407204.0
2019.0,TUR,,,TUR,MUS,,,9395.23378001368,,4.35954332,82579440.0
2019.0,TUR,,,TUR,TUR,,,9395.23378001368,,4.35954332,82579440.0
2020.0,TUR,,,TUR,MUS,,,8798.11791709313,,4.61640215,83384680.0
2020.0,TUR,,,TUR,TUR,,,8798.11791709313,,4.61640215,83384680.0
2021.0,TUR,,,TUR,MUS,,,9981.76398411336,,4.56065559,84147318.0
2021.0,TUR,,,TUR,TUR,,,9981.76398411336,,4.56065559,84147318.0
2022.0,TUR,,,TUR,MUS,,,10897.8397861365,,3.70338893,84979913.0
2022.0,TUR,,,TUR,TUR,,,10897.8397861365,,3.70338893,84979913.0
2023.0,TUR,,,TUR,MUS,,,13375.0947282864,,4.27524424,85325965.0
2023.0,TUR,,,TUR,TUR,,,13375.0947282864,,4.27524424,85325965.0
2024.0,TUR,,,TUR,MUS,,,15892.7157287241,,,85518661.0
2024.0,TUR,,,TUR,TUR,,,15892.7157287241,,,85518661.0
1990.0,GBR,,,GBR,GBR,,,19095.4669984608,,,57247586.0
1991.0,GBR,,,GBR,GBR,,,19900.7266505069,,,57424897.0
1992.0,GBR,,,GBR,GBR,,,20487.1707852878,,,57580402.0
1993.0,GBR,,,GBR,GBR,,,18389.0195675099,,,57718614.0
1994.0,GBR,,,GBR,GBR,,,19709.2380983653,,,57865745.0
1995.0,GBR,,,GBR,GBR,,,23252.6157127423,,,58019030.0
1996.0,GBR,,,GBR,GBR,,,24503.3829602903,,,58166950.0
1997.0,GBR,,,GBR,GBR,,,26910.1381529902,,,58316954.0
1998.0,GBR,,,GBR,GBR,,,28396.3523548013,,,58487141.0
1999.0,GBR,,,GBR,GBR,,,28858.0065333126,,,58682466.0
2000.0,GBR,,,GBR,GBR,,,28383.8761094996,,7.14559078,58892514.0
2001.0,GBR,,,GBR,GBR,,,28013.8729635508,,7.43276882,59119673.0
2002.0,GBR,,,GBR,GBR,,,30158.7017807858,,7.85946798,59370479.0
2003.0,GBR,,,GBR,GBR,,,34556.7726095905,,8.05214596,59647577.0
2004.0,GBR,,,GBR,GBR,,,40504.4118103928,,8.32219028,59987905.0
2005.0,GBR,,,GBR,GBR,,,42240.2462987547,,8.38108349,60401206.0
2006.0,GBR,,,GBR,GBR,,,44695.161023424,,8.53970814,60846820.0
2007.0,GBR,,,GBR,GBR,,,50629.0799172887,,8.76035309,61322463.0
2008.0,GBR,,,GBR,GBR,,,47652.4030691881,,9.03295708,61806995.0
2009.0,GBR,,,GBR,GBR,,,39009.3715547821,,9.83944035,62276270.0
2010.0,GBR,,,GBR,GBR,,,39778.3220528565,,9.78799534,62766365.0
2011.0,GBR,,,GBR,GBR,,,42295.9273835322,,9.79682636,63258810.0
2012.0,GBR,,,GBR,GBR,,,42688.3263728372,,9.89332199,63711000.0
2013.0,GBR,,,GBR,GBR,,,43607.6636827371,,9.99087143,64138000.0
2014.0,GBR,,,GBR,GBR,,,47746.9810645521,,9.97686195,64619000.0
2015.0,GBR,,,GBR,GBR,,,45256.040227057,,9.94044876,65087000.0
2016.0,GBR,200.0,2800.0,GBR,GBR,2200.0,3300.0,41258.5374285695,89.0,9.87085724,65606000.0
2017.0,GBR,200.0,2600.0,GBR,GBR,2100.0,3200.0,40918.0520870944,91.0,9.70468903,65964000.0
2018.0,GBR,200.0,2500.0,GBR,GBR,2000.0,3000.0,43704.3162296687,91.0,9.79496574,66287000.0
2019.0,GBR,200.0,2300.0,GBR,GBR,1800.0,2700.0,43160.6843971799,93.0,9.97954082,66628000.0
2020.0,GBR,200.0,2100.0,GBR,GBR,1700.0,2500.0,40815.1255364787,91.0,12.10388088,66740000.0
2021.0,GBR,200.0,1900.0,GBR,GBR,1500.0,2300.0,47695.6491523474,91.0,12.08347321,66978000.0
2022.0,GBR,200.0,1800.0,GBR,GBR,1400.0,2200.0,47034.7795621476,93.0,11.09679794,67636000.0
2023.0,GBR,200.0,1700.0,GBR,GBR,1300.0,2000.0,49919.6896621586,94.0,10.99128914,68526000.0
2024.0,GBR,,,GBR,GBR,,,53341.3131094262,,11.133358,69281000.0
1990.0,USA,,,USA,USA,,,23888.6000088133,,,249623000.0
1991.0,USA,,,USA,USA,,,24342.2589048189,,,252981000.0
1992.0,USA,,,USA,USA,,,25418.9907763319,,,256514000.0
1993.0,USA,,,USA,USA,,,26387.2937338171,,,259919000.0
1994.0,USA,,,USA,USA,,,27694.853416234,,,263126000.0
1995.0,USA,,,USA,USA,,,28690.8757013347,,,266278000.0
1996.0,USA,,,USA,USA,,,29967.7127181749,,,269394000.0
1997.0,USA,,,USA,USA,,,31459.1299691554,,,272657000.0
1998.0,USA,,,USA,USA,,,32853.6725949234,,,275854000.0
1999.0,USA,,,USA,USA,,,34515.3813073394,,,279040000.0
2000.0,USA,,,USA,USA,,,36329.9702595751,,12.49002075,282162411.0
2001.0,USA,,,USA,USA,,,37133.6203973517,,13.16817093,284968955.0
2002.0,USA,,,USA,USA,,,37997.7424300242,,13.99535275,287625193.0
2003.0,USA,,,USA,USA,,,39490.3023903176,,14.50557518,290107933.0
2004.0,USA,,,USA,USA,,,41724.6411982614,,14.55123138,292805298.0
2005.0,USA,,,USA,USA,,,44123.3996470026,,14.57946205,295516599.0
2006.0,USA,,,USA,USA,,,46301.9876485519,,14.70878792,298379912.0
2007.0,USA,,,USA,USA,,,48050.227412195,,14.91832542,301231207.0
2008.0,USA,,,USA,USA,,,48570.0594269601,,15.20723629,304093966.0
2009.0,USA,,,USA,USA,,,47194.9500893872,,16.20067596,306771529.0
2010.0,USA,,,USA,USA,,,48642.6312088213,,16.19722366,309378227.0
2011.0,USA,,,USA,USA,,,50024.8812320773,,16.14000511,311839461.0
2012.0,USA,,,USA,USA,,,51708.3940614082,,16.11975479,314339099.0
2013.0,USA,,,USA,USA,,,53297.3862901595,,15.95227051,316726282.0
2014.0,USA,,,USA,USA,,,55153.3940182967,,16.1415844,319257560.0
2015.0,USA,,,USA,USA,,,56849.4697923159,,16.40155411,321815121.0
2016.0,USA,,,USA,USA,,,57976.628204291,,16.69203949,324353340.0
2017.0,USA,,,USA,USA,,,60047.7190728307,,16.63827515,326608609.0
2018.0,USA,,,USA,USA,,,62875.6661382728,,16.51312637,328529577.0
2019.0,USA,,,USA,USA,,,65227.9565911038,,16.54486084,330226227.0
2020.0,USA,,,USA,USA,,,64465.2971415748,,18.51597404,331578104.0
2021.0,USA,,,USA,USA,,,71441.2319805947,,17.35207748,332100166.0
2022.0,USA,,,USA,USA,,,78008.6895811877,,16.52875137,333996304.0
2023.0,USA,,,USA,USA,,,82586.7847707894,,16.69414902,336755052.0
2024.0,USA,,,USA,USA,,,86169.6641581917,,,340003797.0
1990.0,KNA,100.0,100.0,KNA,KNA,100.0,100.0,5373.44824048425,,,40432.0
1991.0,KNA,100.0,100.0,KNA,KNA,100.0,100.0,5464.61025672087,,,40358.0
1992.0,KNA,100.0,100.0,KNA,KNA,100.0,100.0,5947.1211356266,,,40715.0
1993.0,KNA,100.0,100.0,KNA,KNA,100.0,100.0,6395.31437746849,,,41242.0
1994.0,KNA,100.0,100.0,KNA,KNA,100.0,100.0,7065.28291984056,,,41776.0
1995.0,KNA,100.0,100.0,KNA,KNA,100.0,100.0,7406.44486096454,,,42326.0
1996.0,KNA,100.0,100.0,KNA,KNA,100.0,100.0,7788.42839854571,,,42877.0
1997.0,KNA,100.0,100.0,KNA,KNA,100.0,100.0,8626.72257471312,,,43428.0
1998.0,KNA,100.0,100.0,KNA,KNA,100.0,100.0,8710.78984057184,,,43998.0
1999.0,KNA,100.0,100.0,KNA,KNA,100.0,100.0,9116.28627997718,,,44601.0
2000.0,KNA,100.0,100.0,KNA,KNA,100.0,100.0,9319.65545093525,,4.79933786,45248.0
2001.0,KNA,100.0,100.0,KNA,KNA,100.0,100.0,10022.5919235637,,4.39693737,45761.0
2002.0,KNA,100.0,100.0,KNA,KNA,100.0,100.0,10453.6587064313,,4.45210552,46020.0
2003.0,KNA,100.0,100.0,KNA,KNA,100.0,100.0,10175.6295449989,,4.75159693,46176.0
2004.0,KNA,100.0,100.0,KNA,KNA,100.0,100.0,10944.6183741768,,4.49067402,46315.0
2005.0,KNA,100.0,100.0,KNA,KNA,100.0,100.0,11783.7867154145,,4.72803831,46437.0
2006.0,KNA,100.0,100.0,KNA,KNA,100.0,100.0,13837.8495311219,,4.98203421,46569.0
2007.0,KNA,100.0,100.0,KNA,KNA,100.0,100.0,14757.9579751035,,4.79733467,46706.0
2008.0,KNA,100.0,100.0,KNA,KNA,100.0,100.0,16604.9448615905,,5.30566025,46835.0
2009.0,KNA,100.0,100.0,KNA,KNA,100.0,100.0,16503.4119292794,,5.28673744,46916.0
2010.0,KNA,100.0,100.0,KNA,KNA,100.0,100.0,16622.9457908577,,5.21727514,46846.0
2011.0,KNA,100.0,100.0,KNA,KNA,100.0,100.0,17832.4572919975,,5.17247772,46886.0
2012.0,KNA,100.0,100.0,KNA,KNA,100.0,100.0,17532.0559008608,,5.01866484,47033.0
2013.0,KNA,100.0,100.0,KNA,KNA,100.0,100.0,18580.1301949935,,5.05167818,47069.0
2014.0,KNA,100.0,100.0,KNA,KNA,100.0,100.0,20219.3954237956,,4.75296593,47089.0
2015.0,KNA,100.0,100.0,KNA,KNA,100.0,100.0,20328.8003530109,,5.12752008,47087.0
2016.0,KNA,100.0,100.0,KNA,KNA,100.0,100.0,21387.5415511103,,5.42923307,47075.0
2017.0,KNA,100.0,100.0,KNA,KNA,100.0,100.0,22464.9899633959,,5.2735939,47050.0
2018.0,KNA,100.0,100.0,KNA,KNA,100.0,100.0,22901.3816403197,,4.89670897,47008.0
2019.0,KNA,100.0,100.0,KNA,KNA,100.0,100.0,23595.4923231291,,5.19201469,46952.0
2020.0,KNA,100.0,100.0,KNA,KNA,100.0,100.0,18859.0190361046,,5.66130447,46870.0
2021.0,KNA,100.0,100.0,KNA,KNA,100.0,100.0,18361.1449697886,,6.16912127,46763.0
2022.0,KNA,100.0,100.0,KNA,KNA,100.0,100.0,21011.5744209816,,5.52634287,46709.0
2023.0,KNA,100.0,100.0,KNA,KNA,100.0,100.0,22576.9248439166,,5.73595428,46758.0
2024.0,KNA,100.0,100.0,KNA,KNA,100.0,100.0,23960.6534357084,,,46843.0
1990.0,LCA,100.0,100.0,LCA,LCA,100.0,100.0,4204.57161863111,,,137857.0
1991.0,LCA,100.0,100.0,LCA,LCA,100.0,100.0,4398.67906897723,,,139520.0
1992.0,LCA,100.0,100.0,LCA,LCA,100.0,100.0,4759.83867808296,,,141617.0
1993.0,LCA,100.0,100.0,LCA,LCA,100.0,100.0,4764.72464839218,,,143726.0
1994.0,LCA,100.0,100.0,LCA,LCA,100.0,100.0,4892.06733637469,,,145890.0
1995.0,LCA,100.0,100.0,LCA,LCA,100.0,100.0,5147.92024022295,,,148208.0
1996.0,LCA,100.0,100.0,LCA,LCA,100.0,100.0,5244.01665086076,,,150436.0
1997.0,LCA,100.0,100.0,LCA,LCA,100.0,100.0,5282.37011402006,,,152569.0
1998.0,LCA,100.0,100.0,LCA,LCA,100.0,100.0,5672.51373770766,,,154677.0
1999.0,LCA,100.0,100.0,LCA,LCA,100.0,100.0,5882.83398968649,,,156702.0
2000.0,LCA,100.0,100.0,LCA,LCA,100.0,100.0,5879.56191426207,,4.86549902,158616.0
2001.0,LCA,100.0,100.0,LCA,LCA,100.0,100.0,5570.45247098106,,5.12139463,160237.0
2002.0,LCA,100.0,100.0,LCA,LCA,100.0,100.0,5567.89428424719,,5.38887024,161641.0
2003.0,LCA,100.0,100.0,LCA,LCA,100.0,100.0,6058.60622059326,,5.24069643,162976.0
2004.0,LCA,100.0,100.0,LCA,LCA,100.0,100.0,6494.60034867886,,4.76760817,164239.0
2005.0,LCA,100.0,100.0,LCA,LCA,100.0,100.0,6863.43641919345,,4.86039829,165450.0
2006.0,LCA,100.0,100.0,LCA,LCA,100.0,100.0,7611.17856675319,,5.1270175,166639.0
2007.0,LCA,100.0,100.0,LCA,LCA,100.0,100.0,7964.38211480117,,5.54166603,167758.0
2008.0,LCA,100.0,100.0,LCA,LCA,100.0,100.0,8516.96075488787,,5.09061956,168808.0
2009.0,LCA,100.0,100.0,LCA,LCA,100.0,100.0,8250.52180732734,,5.24410772,169869.0
2010.0,LCA,100.0,100.0,LCA,LCA,100.0,100.0,8673.68720340529,,5.05056047,170906.0
2011.0,LCA,100.0,100.0,LCA,LCA,100.0,100.0,9128.99442011613,,5.06134319,171801.0
2012.0,LCA,100.0,100.0,LCA,LCA,100.0,100.0,9260.30006551714,,4.92510271,172587.0
2013.0,LCA,100.0,100.0,LCA,LCA,100.0,100.0,9577.21733754358,,5.07107592,173369.0
2014.0,LCA,100.0,100.0,LCA,LCA,100.0,100.0,10044.8218377677,,4.6836338,174138.0
2015.0,LCA,100.0,100.0,LCA,LCA,100.0,100.0,10334.9860823918,,4.57866001,174905.0
2016.0,LCA,100.0,100.0,LCA,LCA,100.0,100.0,10638.1269396653,,4.51095486,175646.0
2017.0,LCA,100.0,100.0,LCA,LCA,100.0,100.0,11333.1123822102,,4.45561934,176342.0
2018.0,LCA,100.0,100.0,LCA,LCA,100.0,100.0,11642.6984727769,,4.27262402,177017.0
2019.0,LCA,100.0,100.0,LCA,LCA,100.0,100.0,11764.3944032403,,4.290905,177661.0
2020.0,LCA,100.0,100.0,LCA,LCA,100.0,100.0,8537.11495506727,,7.01033401,178250.0
2021.0,LCA,100.0,100.0,LCA,LCA,100.0,100.0,10481.1233971786,,6.26193285,178522.0
2022.0,LCA,100.0,100.0,LCA,LCA,100.0,100.0,12976.1489693474,,4.74750614,178781.0
2023.0,LCA,100.0,100.0,LCA,LCA,100.0,100.0,13616.6397593734,,4.7298274,179285.0
2024.0,LCA,100.0,100.0,LCA,LCA,100.0,100.0,14493.658470648,,,179744.0
1990.0,VUT,100.0,100.0,VUT,VUT,100.0,100.0,1140.59020311724,,,148063.0
1991.0,VUT,100.0,100.0,VUT,VUT,100.0,100.0,1326.37321256212,,,151793.0
1992.0,VUT,100.0,100.0,VUT,VUT,100.0,100.0,1343.68942861831,,,155608.0
1993.0,VUT,100.0,100.0,VUT,VUT,100.0,100.0,1257.29387486656,,,159463.0
1994.0,VUT,100.0,100.0,VUT,VUT,100.0,100.0,1430.99367776483,,,163314.0
1995.0,VUT,100.0,100.0,VUT,VUT,100.0,100.0,1491.78967004617,,,167137.0
1996.0,VUT,100.0,100.0,VUT,VUT,100.0,100.0,1529.27573115021,,,170911.0
1997.0,VUT,100.0,100.0,VUT,VUT,100.0,100.0,1562.03090670153,,,174626.0
1998.0,VUT,100.0,100.0,VUT,VUT,100.0,100.0,1470.97189048658,,,178313.0
1999.0,VUT,100.0,100.0,VUT,VUT,100.0,100.0,1472.17751741462,,,182048.0
2000.0,VUT,100.0,100.0,VUT,VUT,100.0,100.0,1460.23817692229,,3.30683255,186281.0
2001.0,VUT,100.0,100.0,VUT,VUT,100.0,100.0,1350.18338238522,,3.38728333,191031.0
2002.0,VUT,100.0,100.0,VUT,VUT,100.0,100.0,1340.71537528287,,3.90437746,195863.0
2003.0,VUT,100.0,100.0,VUT,VUT,100.0,100.0,1566.51396790858,,3.50691938,200746.0
2004.0,VUT,100.0,100.0,VUT,VUT,100.0,100.0,1774.31867585894,,3.53991532,205711.0
2005.0,VUT,100.0,100.0,VUT,VUT,100.0,100.0,1873.99142640619,,3.30490398,210760.0
2006.0,VUT,100.0,100.0,VUT,VUT,100.0,100.0,2034.79289624351,,3.32229328,215923.0
2007.0,VUT,100.0,100.0,VUT,VUT,100.0,100.0,2333.70506748914,,3.10786796,221276.0
2008.0,VUT,100.0,100.0,VUT,VUT,100.0,100.0,2603.60883136724,,3.13883376,226896.0
2009.0,VUT,100.0,100.0,VUT,VUT,100.0,100.0,2546.38324565986,,3.25181413,232731.0
2010.0,VUT,100.0,100.0,VUT,VUT,100.0,100.0,2815.18828985779,,3.52637076,238248.0
2011.0,VUT,100.0,100.0,VUT,VUT,100.0,100.0,3163.1861645138,,3.59770703,243474.0
2012.0,VUT,100.0,100.0,VUT,VUT,100.0,100.0,3004.78416664293,,3.93631458,248883.0
2013.0,VUT,100.0,100.0,VUT,VUT,100.0,100.0,3392.56675091682,,4.39240074,254482.0
2014.0,VUT,100.0,100.0,VUT,VUT,100.0,100.0,3378.36411965135,,3.64018846,260240.0
2015.0,VUT,100.0,100.0,VUT,VUT,100.0,100.0,3214.41948587141,,4.1583128,266101.0
2016.0,VUT,100.0,100.0,VUT,VUT,100.0,100.0,3339.83436471043,,2.98904061,272087.0
2017.0,VUT,100.0,100.0,VUT,VUT,100.0,100.0,3585.31798081216,,2.88118052,278507.0
2018.0,VUT,100.0,100.0,VUT,VUT,100.0,100.0,3626.18862522473,,3.44049001,285259.0
2019.0,VUT,100.0,100.0,VUT,VUT,100.0,100.0,3635.62344878185,,3.49615431,291985.0
2020.0,VUT,100.0,100.0,VUT,VUT,100.0,100.0,3404.30359167624,,4.12128973,298858.0
2021.0,VUT,100.0,100.0,VUT,VUT,100.0,100.0,3576.13770954363,,4.58828115,305868.0
2022.0,VUT,100.0,100.0,VUT,VUT,100.0,100.0,3679.53524327491,,4.05895281,313046.0
2023.0,VUT,100.0,100.0,VUT,VUT,100.0,100.0,3708.18942411253,,4.1186676,320409.0
2024.0,VUT,100.0,100.0,VUT,VUT,100.0,100.0,3959.87703462363,,,327777.0
1990.0,TUV,100.0,100.0,TUV,TUV,100.0,100.0,1084.66707221699,,,8798.0
1991.0,TUV,100.0,100.0,TUV,TUV,100.0,100.0,1134.33175551477,,,8928.0
1992.0,TUV,100.0,100.0,TUV,TUV,100.0,100.0,1165.63710360353,,,9038.0
1993.0,TUV,100.0,100.0,TUV,TUV,100.0,100.0,1141.17904410247,,,9126.0
1994.0,TUV,100.0,100.0,TUV,TUV,100.0,100.0,1278.65870076399,,,9207.0
1995.0,TUV,100.0,100.0,TUV,TUV,100.0,100.0,1284.76446104166,,,9280.0
1996.0,TUV,100.0,100.0,TUV,TUV,100.0,100.0,1427.80960501753,,,9342.0
1997.0,TUV,100.0,100.0,TUV,TUV,100.0,100.0,1461.08618049276,,,9400.0
1998.0,TUV,100.0,100.0,TUV,TUV,100.0,100.0,1459.64937141718,,,9451.0
1999.0,TUV,100.0,100.0,TUV,TUV,100.0,100.0,1558.60396569869,,,9496.0
2000.0,TUV,100.0,100.0,TUV,TUV,100.0,100.0,1559.22072281826,,22.2817421,9544.0
2001.0,TUV,100.0,100.0,TUV,TUV,100.0,100.0,1475.03705936258,,17.96548271,9586.0
2002.0,TUV,100.0,100.0,TUV,TUV,100.0,100.0,1729.16968588975,,11.83691788,9623.0
2003.0,TUV,100.0,100.0,TUV,TUV,100.0,100.0,2020.10103886055,,13.70337105,9695.0
2004.0,TUV,100.0,100.0,TUV,TUV,100.0,100.0,2330.77403351989,,9.33149719,9816.0
2005.0,TUV,100.0,100.0,TUV,TUV,100.0,100.0,2298.44257265761,,10.06694317,9940.0
2006.0,TUV,100.0,100.0,TUV,TUV,100.0,100.0,2413.97836453913,,12.17554379,10056.0
2007.0,TUV,100.0,100.0,TUV,TUV,100.0,100.0,2803.75365477849,,10.45884991,10182.0
2008.0,TUV,100.0,100.0,TUV,TUV,100.0,100.0,3062.00125965971,,10.33977222,10321.0
2009.0,TUV,100.0,100.0,TUV,TUV,100.0,100.0,2662.42865634448,,13.0113821,10461.0
2010.0,TUV,100.0,100.0,TUV,TUV,100.0,100.0,3054.96154183353,,16.21352577,10614.0
2011.0,TUV,100.0,100.0,TUV,TUV,100.0,100.0,3679.5325726267,,14.74390411,10780.0
2012.0,TUV,100.0,100.0,TUV,TUV,100.0,100.0,3558.89749224226,,13.87374306,10934.0
2013.0,TUV,100.0,100.0,TUV,TUV,100.0,100.0,3524.00277634143,,13.80392075,11001.0
2014.0,TUV,100.0,100.0,TUV,TUV,100.0,100.0,3518.13249227107,,14.52762222,10984.0
2015.0,TUV,100.0,100.0,TUV,TUV,100.0,100.0,3352.66722400181,,13.44188595,10963.0
2016.0,TUV,100.0,100.0,TUV,TUV,100.0,100.0,3779.15293916285,,18.32539177,10930.0
2017.0,TUV,100.0,100.0,TUV,TUV,100.0,100.0,4166.79162422818,,24.45763206,10869.0
2018.0,TUV,100.0,100.0,TUV,TUV,100.0,100.0,4467.21144027065,,18.42199898,10751.0
2019.0,TUV,100.0,100.0,TUV,TUV,100.0,100.0,5058.85266607659,,22.22294044,10581.0
2020.0,TUV,100.0,100.0,TUV,TUV,100.0,100.0,5029.57159284173,,17.88715363,10399.0
2021.0,TUV,100.0,100.0,TUV,TUV,100.0,100.0,6042.51983141155,,18.57411194,10194.0
2022.0,TUV,100.0,100.0,TUV,TUV,100.0,100.0,5414.74642912412,,21.28792,9992.0
2023.0,TUV,100.0,100.0,TUV,TUV,100.0,100.0,5143.8397437226,,27.08968544,9816.0
2024.0,TUV,100.0,100.0,TUV,TUV,100.0,100.0,5883.50257114002,,,9646.0
1990.0,SLB,100.0,100.0,SLB,SLB,100.0,100.0,648.325212624098,,,331435.0
1991.0,SLB,100.0,100.0,SLB,SLB,100.0,100.0,665.833104132659,,,341738.0
1992.0,SLB,100.0,100.0,SLB,SLB,100.0,100.0,763.857968549522,,,352205.0
1993.0,SLB,100.0,100.0,SLB,SLB,100.0,100.0,828.869997791691,,,362839.0
1994.0,SLB,100.0,100.0,SLB,SLB,100.0,100.0,1078.0410925874,,,373675.0
1995.0,SLB,100.0,100.0,SLB,SLB,100.0,100.0,1220.17919311126,,,384733.0
1996.0,SLB,100.0,100.0,SLB,SLB,100.0,100.0,1289.33036923435,,,396009.0
1997.0,SLB,100.0,100.0,SLB,SLB,100.0,100.0,1292.23951946469,,,407474.0
1998.0,SLB,100.0,100.0,SLB,SLB,100.0,100.0,1091.89096889326,,,419071.0
1999.0,SLB,100.0,100.0,SLB,SLB,100.0,100.0,1133.62256531791,,,430500.0
2000.0,SLB,100.0,100.0,SLB,SLB,100.0,100.0,953.17190137706,,4.82778931,440469.0
2001.0,SLB,100.0,100.0,SLB,SLB,100.0,100.0,911.791935385411,,6.60712814,449125.0
2002.0,SLB,100.0,100.0,SLB,SLB,100.0,100.0,756.890296490792,,10.10627556,457671.0
2003.0,SLB,100.0,100.0,SLB,SLB,100.0,100.0,895.984242546501,,7.07724714,466154.0
2004.0,SLB,100.0,100.0,SLB,SLB,100.0,100.0,986.070953503889,,7.72556639,474611.0
2005.0,SLB,100.0,100.0,SLB,SLB,100.0,100.0,1144.49233397681,,9.01794529,483080.0
2006.0,SLB,100.0,100.0,SLB,SLB,100.0,100.0,1255.62447417684,,8.00802231,491594.0
2007.0,SLB,100.0,100.0,SLB,SLB,100.0,100.0,1390.14870956707,,7.18583059,500156.0
2008.0,SLB,100.0,100.0,SLB,SLB,100.0,100.0,1525.84666261203,,5.50656271,508790.0
2009.0,SLB,100.0,100.0,SLB,SLB,100.0,100.0,1554.70671006386,,6.6096673,518141.0
2010.0,SLB,100.0,100.0,SLB,SLB,100.0,100.0,1685.14535823757,,4.66862011,532968.0
2011.0,SLB,100.0,100.0,SLB,SLB,100.0,100.0,1924.05795643133,,5.03008652,552945.0
2012.0,SLB,100.0,100.0,SLB,SLB,100.0,100.0,2066.25738638356,,4.88045692,573606.0
2013.0,SLB,100.0,100.0,SLB,SLB,100.0,100.0,2161.38627543917,,4.58030891,594945.0
2014.0,SLB,100.0,100.0,SLB,SLB,100.0,100.0,2164.95289873002,,4.88962364,616908.0
2015.0,SLB,100.0,100.0,SLB,SLB,100.0,100.0,2045.47721526649,,4.45310211,639415.0
2016.0,SLB,100.0,100.0,SLB,SLB,100.0,100.0,2082.62383124213,,4.52952909,662379.0
2017.0,SLB,100.0,100.0,SLB,SLB,100.0,100.0,2143.57670489272,,4.16556406,685672.0
2018.0,SLB,100.0,100.0,SLB,SLB,100.0,100.0,2278.19908624102,,3.86440825,709101.0
2019.0,SLB,100.0,100.0,SLB,SLB,100.0,100.0,2223.65890942466,,4.43728065,728147.0
2020.0,SLB,100.0,100.0,SLB,SLB,100.0,100.0,2063.32780991967,,4.89478445,744498.0
2021.0,SLB,100.0,100.0,SLB,SLB,100.0,100.0,2043.44413170658,,4.94795895,762591.0
2022.0,SLB,100.0,100.0,SLB,SLB,100.0,100.0,1877.78104490956,,4.82418394,781066.0
2023.0,SLB,100.0,100.0,SLB,SLB,100.0,100.0,1882.64394148042,,5.36366177,800005.0
2024.0,SLB,100.0,100.0,SLB,SLB,100.0,100.0,1933.55538435227,,,819198.0
1990.0,ATG,100.0,100.0,ATG,ATG,100.0,100.0,7590.75442423046,,,63066.0
1991.0,ATG,100.0,100.0,ATG,ATG,100.0,100.0,7956.47430919648,,,63387.0
1992.0,ATG,100.0,100.0,ATG,ATG,100.0,100.0,8153.73786307269,,,64404.0
1993.0,ATG,100.0,100.0,ATG,ATG,100.0,100.0,8624.62016806628,,,65587.0
1994.0,ATG,100.0,100.0,ATG,ATG,100.0,100.0,9351.48753768505,,,66843.0
1995.0,ATG,100.0,100.0,ATG,ATG,100.0,100.0,9034.47552907143,,,68189.0
1996.0,ATG,100.0,100.0,ATG,ATG,100.0,100.0,9756.08717951992,,,69612.0
1997.0,ATG,100.0,100.0,ATG,ATG,100.0,100.0,10336.2591617838,,,71053.0
1998.0,ATG,100.0,100.0,ATG,ATG,100.0,100.0,10906.8785406961,,,72412.0
1999.0,ATG,100.0,100.0,ATG,ATG,100.0,100.0,11342.3349230913,,,73666.0
2000.0,ATG,100.0,100.0,ATG,ATG,100.0,100.0,12027.4949768222,,4.3239274,74912.0
2001.0,ATG,100.0,100.0,ATG,ATG,100.0,100.0,11539.1825063308,,4.95880318,76069.0
2002.0,ATG,100.0,100.0,ATG,ATG,100.0,100.0,11658.6949915956,,4.79512262,77032.0
2003.0,ATG,100.0,100.0,ATG,ATG,100.0,100.0,12173.2319860305,,5.04073191,77884.0
2004.0,ATG,100.0,100.0,ATG,ATG,100.0,100.0,13037.8895772257,,4.58488464,78719.0
2005.0,ATG,100.0,100.0,ATG,ATG,100.0,100.0,14368.5708796058,,4.46260214,79611.0
2006.0,ATG,100.0,100.0,ATG,ATG,100.0,100.0,16173.8136329968,,4.11220551,80604.0
2007.0,ATG,100.0,100.0,ATG,ATG,100.0,100.0,18204.5124043068,,3.92354655,81704.0
2008.0,ATG,100.0,100.0,ATG,ATG,100.0,100.0,18786.6743142216,,3.69396091,82912.0
2009.0,ATG,100.0,100.0,ATG,ATG,100.0,100.0,16472.2478528568,,3.69979143,84173.0
2010.0,ATG,100.0,100.0,ATG,ATG,100.0,100.0,15217.3950790922,,4.75770044,85320.0
2011.0,ATG,100.0,100.0,ATG,ATG,100.0,100.0,14911.7275084471,,4.81000614,86332.0
2012.0,ATG,100.0,100.0,ATG,ATG,100.0,100.0,15639.8078114787,,4.81754541,87260.0
2013.0,ATG,100.0,100.0,ATG,ATG,100.0,100.0,15051.5113587425,,4.9103117,88064.0
2014.0,ATG,100.0,100.0,ATG,ATG,100.0,100.0,15532.1062063584,,5.32218313,88765.0
2015.0,ATG,100.0,100.0,ATG,ATG,100.0,100.0,16077.6340769406,,4.90963078,89409.0
2016.0,ATG,100.0,100.0,ATG,ATG,100.0,100.0,16556.8551801588,,4.93979549,89969.0
2017.0,ATG,100.0,100.0,ATG,ATG,100.0,100.0,16965.7288273816,,4.66318989,90468.0
2018.0,ATG,100.0,100.0,ATG,ATG,100.0,100.0,18273.4270684912,,4.6865654,90926.0
2019.0,ATG,100.0,100.0,ATG,ATG,100.0,100.0,18896.3721832248,,4.27709961,91364.0
2020.0,ATG,100.0,100.0,ATG,ATG,100.0,100.0,15369.6082250401,,5.68408012,91846.0
2021.0,ATG,100.0,100.0,ATG,ATG,100.0,100.0,17348.6006987182,,4.81315422,92349.0
2022.0,ATG,100.0,100.0,ATG,ATG,100.0,100.0,20003.3909394099,,4.43146801,92840.0
2023.0,ATG,100.0,100.0,ATG,ATG,100.0,100.0,22012.2625947994,,3.91348195,93316.0
2024.0,ATG,100.0,100.0,ATG,ATG,100.0,100.0,23059.8330702839,,,93772.0
1990.0,DMA,100.0,100.0,DMA,DMA,100.0,100.0,2892.9815966454,,,69627.0
1991.0,DMA,100.0,100.0,DMA,DMA,100.0,100.0,3171.36577815405,,,69296.0
1992.0,DMA,100.0,100.0,DMA,DMA,100.0,100.0,3376.26050139573,,,69325.0
1993.0,DMA,100.0,100.0,DMA,DMA,100.0,100.0,3536.15609185727,,,69433.0
1994.0,DMA,100.0,100.0,DMA,DMA,100.0,100.0,3805.20278759984,,,69477.0
1995.0,DMA,100.0,100.0,DMA,DMA,100.0,100.0,3951.72267086358,,,69469.0
1996.0,DMA,100.0,100.0,DMA,DMA,100.0,100.0,4210.99532034556,,,69410.0
1997.0,DMA,100.0,100.0,DMA,DMA,100.0,100.0,4372.19712966838,,,69299.0
1998.0,DMA,100.0,100.0,DMA,DMA,100.0,100.0,4664.24268142919,,,69124.0
1999.0,DMA,100.0,100.0,DMA,DMA,100.0,100.0,4817.18105502046,,,68870.0
2000.0,DMA,100.0,100.0,DMA,DMA,100.0,100.0,4867.39896323759,,5.32374382,68511.0
2001.0,DMA,100.0,100.0,DMA,DMA,100.0,100.0,5527.51527300496,,4.64501858,68288.0
2002.0,DMA,100.0,100.0,DMA,DMA,100.0,100.0,5488.02784969357,,4.6531105,68367.0
2003.0,DMA,100.0,100.0,DMA,DMA,100.0,100.0,5447.44011496284,,4.84617901,68531.0
2004.0,DMA,100.0,100.0,DMA,DMA,100.0,100.0,5778.83306546506,,4.74520159,68649.0
2005.0,DMA,100.0,100.0,DMA,DMA,100.0,100.0,5695.22442394675,,4.97772503,68734.0
2006.0,DMA,100.0,100.0,DMA,DMA,100.0,100.0,6055.78109574854,,4.78092194,68806.0
2007.0,DMA,100.0,100.0,DMA,DMA,100.0,100.0,6459.03503689609,,4.79109955,68847.0
2008.0,DMA,100.0,100.0,DMA,DMA,100.0,100.0,6971.32633839289,,5.04968786,68854.0
2009.0,DMA,100.0,100.0,DMA,DMA,100.0,100.0,7487.49010395154,,4.98329306,68864.0
2010.0,DMA,100.0,100.0,DMA,DMA,100.0,100.0,7549.61964680375,,5.15711927,68859.0
2011.0,DMA,100.0,100.0,DMA,DMA,100.0,100.0,7705.40717248319,,5.33450365,69053.0
2012.0,DMA,100.0,100.0,DMA,DMA,100.0,100.0,7528.51001990155,,5.79509926,69118.0
2013.0,DMA,100.0,100.0,DMA,DMA,100.0,100.0,7822.21797211398,,5.34749842,69715.0
2014.0,DMA,100.0,100.0,DMA,DMA,100.0,100.0,8131.74876096735,,5.26141691,70373.0
2015.0,DMA,100.0,100.0,DMA,DMA,100.0,100.0,8282.59874702141,,5.15941811,70410.0
2016.0,DMA,100.0,100.0,DMA,DMA,100.0,100.0,8802.56172041363,,5.12308073,69606.0
2017.0,DMA,100.0,100.0,DMA,DMA,100.0,100.0,8224.64896571414,,5.46245432,68496.0
2018.0,DMA,100.0,100.0,DMA,DMA,100.0,100.0,9215.3085405645,,6.18495989,68174.0
2019.0,DMA,100.0,100.0,DMA,DMA,100.0,100.0,9491.14995962374,,5.16903925,67880.0
2020.0,DMA,100.0,100.0,DMA,DMA,100.0,100.0,7827.74842680426,,6.06806135,67573.0
2021.0,DMA,100.0,100.0,DMA,DMA,100.0,100.0,8376.40414141113,,6.31142521,67202.0
2022.0,DMA,100.0,100.0,DMA,DMA,100.0,100.0,9323.66089490562,,5.97262001,66826.0
2023.0,DMA,100.0,100.0,DMA,DMA,100.0,100.0,9912.96212766668,,5.00757647,66510.0
2024.0,DMA,100.0,100.0,DMA,DMA,100.0,100.0,10405.2787777582,,,66205.0
1990.0,VCT,100.0,100.0,VCT,VCT,100.0,100.0,2149.73944358984,,,111812.0
1991.0,VCT,100.0,100.0,VCT,VCT,100.0,100.0,2270.76357246912,,,112222.0
1992.0,VCT,100.0,100.0,VCT,VCT,100.0,100.0,2470.51840791008,,,112509.0
1993.0,VCT,100.0,100.0,VCT,VCT,100.0,100.0,2539.64968649849,,,112735.0
1994.0,VCT,100.0,100.0,VCT,VCT,100.0,100.0,2563.24976564442,,,112918.0
1995.0,VCT,100.0,100.0,VCT,VCT,100.0,100.0,2795.36305613955,,,113047.0
1996.0,VCT,100.0,100.0,VCT,VCT,100.0,100.0,2930.44394742606,,,113119.0
1997.0,VCT,100.0,100.0,VCT,VCT,100.0,100.0,3073.7784743848,,,113141.0
1998.0,VCT,100.0,100.0,VCT,VCT,100.0,100.0,3301.10018129103,,,113180.0
1999.0,VCT,100.0,100.0,VCT,VCT,100.0,100.0,3446.52293031878,,,113366.0
2000.0,VCT,100.0,100.0,VCT,VCT,100.0,100.0,3768.95536604022,,3.98284125,113545.0
2001.0,VCT,100.0,100.0,VCT,VCT,100.0,100.0,4071.08601098962,,4.01057482,113501.0
2002.0,VCT,100.0,100.0,VCT,VCT,100.0,100.0,4303.27976789727,,4.08079481,113347.0
2003.0,VCT,100.0,100.0,VCT,VCT,100.0,100.0,4499.61454193342,,3.96341038,113141.0
2004.0,VCT,100.0,100.0,VCT,VCT,100.0,100.0,4873.48947742443,,3.8710556,112835.0
2005.0,VCT,100.0,100.0,VCT,VCT,100.0,100.0,5157.39373878102,,3.83410811,112450.0
2006.0,VCT,100.0,100.0,VCT,VCT,100.0,100.0,5744.8278621257,,3.6556716,112014.0
2007.0,VCT,100.0,100.0,VCT,VCT,100.0,100.0,6398.19123532172,,3.82213306,111531.0
2008.0,VCT,100.0,100.0,VCT,VCT,100.0,100.0,6598.90531450859,,3.8878386,111028.0
2009.0,VCT,100.0,100.0,VCT,VCT,100.0,100.0,6463.78777336717,,4.09299564,110508.0
2010.0,VCT,100.0,100.0,VCT,VCT,100.0,100.0,6551.96835992405,,4.30325222,109959.0
2011.0,VCT,100.0,100.0,VCT,VCT,100.0,100.0,6527.68996854448,,4.23327732,109349.0
2012.0,VCT,100.0,100.0,VCT,VCT,100.0,100.0,6713.80768643865,,4.46855974,108736.0
2013.0,VCT,100.0,100.0,VCT,VCT,100.0,100.0,7072.46737188939,,4.23780632,108135.0
2014.0,VCT,100.0,100.0,VCT,VCT,100.0,100.0,7168.82875342911,,4.17431307,107535.0
2015.0,VCT,100.0,100.0,VCT,VCT,100.0,100.0,7353.73556054184,,4.11605787,106960.0
2016.0,VCT,100.0,100.0,VCT,VCT,100.0,100.0,7656.90042881178,,4.09760141,106349.0
2017.0,VCT,100.0,100.0,VCT,VCT,100.0,100.0,7988.04445019298,,4.23171329,105663.0
2018.0,VCT,100.0,100.0,VCT,VCT,100.0,100.0,8428.12677153069,,4.25346231,104926.0
2019.0,VCT,100.0,100.0,VCT,VCT,100.0,100.0,8740.59425232061,,4.26063251,104167.0
2020.0,VCT,100.0,100.0,VCT,VCT,100.0,100.0,8351.20324040982,,4.87071276,103526.0
2021.0,VCT,100.0,100.0,VCT,VCT,100.0,100.0,8641.27904024443,,5.26607132,102841.0
2022.0,VCT,100.0,100.0,VCT,VCT,100.0,100.0,9693.55867833025,,4.6054697,102046.0
2023.0,VCT,100.0,100.0,VCT,VCT,100.0,100.0,10582.3656725229,,4.43696308,101323.0
2024.0,VCT,100.0,100.0,VCT,VCT,100.0,100.0,11501.2265187188,,,100616.0
